{
"__comment": "Designed by Cyclopsbanana with BDcraft Cubik PRO 0.95 Beta - http://bdcraft.net",
"textures": {
    "texture": "minigames/gb/bag_base",
    "GrabBagStar": "minigames/gb/bag_star"
},
"elements": [ 
{
    "from": [ 0, 0, -2 ],
    "to": [ 8, 13, 18 ],
    "faces": {
        "down":  { "uv": [ 0, 13.5, 16, 16 ], "texture": "#texture" },
        "up":    { "uv": [ 0, 2, 16, 4.5 ], "texture": "#texture" },
        "north": { "uv": [ 0, 3, 8, 16 ], "texture": "#texture" },
        "south": { "uv": [ 0, 3, 8, 16 ], "texture": "#texture" },
        "west":  { "uv": [ 0, 3, 16, 16 ], "texture": "#texture" },
        "east":  { "uv": [ 0, 3, 16, 16 ], "texture": "#texture" }
    }
},
{
    "from": [ 0, 13, -1 ],
    "to": [ 7.5, 14, 17 ],
    "faces": {
        "down":  { "uv": [ 16, 16, 8.5, 0 ], "texture": "#texture" },
        "up":    { "uv": [ 0, 0, 7.5, 16 ], "texture": "#texture" },
        "north": { "uv": [ 8.5, 2, 16, 3 ], "texture": "#texture" },
        "south": { "uv": [ 0, 2, 7.5, 3 ], "texture": "#texture" },
        "west":  { "uv": [ 0, 2, 16, 3 ], "texture": "#texture" },
        "east":  { "uv": [ 0, 2, 16, 3 ], "texture": "#texture" }
    }
},
{
    "from": [ 0, 14, 0 ],
    "to": [ 7, 15, 16 ],
    "faces": {
        "down":  { "uv": [ 16, 16, 9, 0 ], "texture": "#texture" },
        "up":    { "uv": [ 0, 0, 7, 16 ], "texture": "#texture" },
        "north": { "uv": [ 9, 1, 16, 2 ], "texture": "#texture" },
        "south": { "uv": [ 0, 1, 7, 2 ], "texture": "#texture" },
        "west":  { "uv": [ 0, 1, 16, 2 ], "texture": "#texture" },
        "east":  { "uv": [ 0, 1, 16, 2 ], "texture": "#texture" }
    }
},
{
    "from": [ -0.5, 0.5, 0 ],
    "to": [ 0, 14.5, 16 ],
    "faces": {
        "down":  { "uv": [ 0, 15, 16, 16 ], "texture": "#texture" },
        "up":    { "uv": [ 0, 0, 0.5, 12 ], "texture": "#texture" },
        "north": { "uv": [ 0, 1.5, 0.5, 15.5 ], "texture": "#texture" },
        "south": { "uv": [ 0, 1.5, 0.5, 15.5 ], "texture": "#texture" },
        "west":  { "uv": [ 0, 1.5, 16, 15.5 ], "texture": "#texture" },
        "east":  { "uv": [ 0, 1.5, 16, 15.5 ], "texture": "#texture" }
    }
},
{
    "from": [ 6, 4.25, 1.25 ],
    "to": [ 7, 15.75, 14.625 ],
    "rotation": { "origin": [ 6, 15.75, 1.25 ], "axis": "z", "angle": 22.5 },
    "faces": {
        "down":  { "uv": [ 6, 1.25, 7, 14.625 ], "texture": "#texture" },
        "up":    { "uv": [ 1.5, 0, 15, 1 ], "rotation": 90, "texture": "#GrabBagStar" },
        "north": { "uv": [ 6, 0.25, 7, 11.75 ], "texture": "#texture" },
        "south": { "uv": [ 6, 0.25, 7, 11.75 ], "texture": "#texture" },
        "west":  { "uv": [ 1.25, 0.25, 14.625, 11.75 ], "texture": "#texture" },
        "east":  { "uv": [ 1.5, 2.5, 14.875, 14 ], "texture": "#GrabBagStar" }
    }
},
{
    "from": [ 6.5625, 4.75, 10.75 ],
    "to": [ 7.5625, 14.25, 17.25 ],
    "rotation": { "origin": [ 6.5625, 14.25, 10.75 ], "axis": "z", "angle": 22.5 },
    "faces": {
        "down":  { "uv": [ 1, 11, 0, 4.5 ], "texture": "#texture" },
        "up":    { "uv": [ 15, 4.5, 16, 11 ], "texture": "#texture" },
        "north": { "uv": [ 0, 0, 1, 9.5 ], "texture": "#texture" },
        "south": { "uv": [ 15, 0, 16, 9.5 ], "texture": "#texture" },
        "west":  { "uv": [ 4.5, 0, 11, 9.5 ], "texture": "#texture" },
        "east":  { "uv": [ 5, 0, 11.5, 9.5 ], "texture": "#texture" }
    }
},
{
    "from": [ 8, 0, -2 ],
    "to": [ 9, 11, 18 ],
    "faces": {
        "down":  { "uv": [ 8, 16, 16, 14.5 ], "texture": "#texture" },
        "up":    { "uv": [ 8, 0, 10.5, 8.5 ], "texture": "#texture" },
        "north": { "uv": [ 7, 5, 8, 16 ], "texture": "#texture" },
        "south": { "uv": [ 8, 5, 9, 16 ], "texture": "#texture" },
        "west":  { "uv": [ 0, 5, 16, 16 ], "texture": "#texture" },
        "east":  { "uv": [ 0, 5, 16, 16 ], "texture": "#texture" }
    }
},
{
    "from": [ 9, 0, -1.5 ],
    "to": [ 10, 8.5, 17.5 ],
    "faces": {
        "down":  { "uv": [ 7, 16, 16, 13.5 ], "texture": "#texture" },
        "up":    { "uv": [ 9, 0, 11, 10 ], "texture": "#texture" },
        "north": { "uv": [ 6, 7.5, 7, 16 ], "texture": "#texture" },
        "south": { "uv": [ 9, 7.5, 10, 16 ], "texture": "#texture" },
        "west":  { "uv": [ 0, 7.5, 16, 16 ], "texture": "#texture" },
        "east":  { "uv": [ 0, 7.5, 16, 16 ], "texture": "#texture" }
    }
},
{
    "from": [ 10, -0.0625, -1.5 ],
    "to": [ 11, 6.3125, 17.5 ],
    "faces": {
        "down":  { "uv": [ 6, 16, 16, 14.5 ], "texture": "#texture" },
        "up":    { "uv": [ 10, 0, 11, 10 ], "texture": "#texture" },
        "north": { "uv": [ 5, 9.6875, 6, 16 ], "texture": "#texture" },
        "south": { "uv": [ 10, 9.6875, 11, 16 ], "texture": "#texture" },
        "west":  { "uv": [ 0, 9.6875, 16, 16 ], "texture": "#texture" },
        "east":  { "uv": [ 0, 9.6875, 16, 16 ], "texture": "#texture" }
    }
},
{
    "from": [ 10.375, -0.125, -1 ],
    "to": [ 11.375, 5.5625, 17 ],
    "faces": {
        "down":  { "uv": [ 5.625, 16, 16, 13.5 ], "texture": "#texture" },
        "up":    { "uv": [ 10.375, 0, 10.875, 11 ], "texture": "#texture" },
        "north": { "uv": [ 4.625, 10.4375, 5.625, 16 ], "texture": "#texture" },
        "south": { "uv": [ 10.375, 10.4375, 11.375, 16 ], "texture": "#texture" },
        "west":  { "uv": [ 0, 10.4375, 16, 16 ], "texture": "#texture" },
        "east":  { "uv": [ 0, 10.4375, 16, 16 ], "texture": "#texture" }
    }
},
{
    "from": [ 0.125, 11.9375, 0.75 ],
    "to": [ 7.0625, 16, 1.75 ],
    "rotation": { "origin": [ 0.125, 16, 0.75 ], "axis": "x", "angle": 45 },
    "faces": {
        "down":  { "uv": [ 16, 0, 16, 0 ], "texture": "#texture" },
        "up":    { "uv": [ 0, 0, 0, 0 ], "texture": "#texture" },
        "north": { "uv": [ 16, 1.5, 16, 5.5625 ], "texture": "#texture" },
        "south": { "uv": [ 0, 1.5, 0, 5.5625 ], "texture": "#texture" },
        "west":  { "uv": [ 0, 1.5, 0, 5.5625 ], "texture": "#texture" },
        "east":  { "uv": [ 16, 1.5, 16, 5.5625 ], "texture": "#texture" }
    }
},
{
    "from": [ 0.1875, 15, 1 ],
    "to": [ 6.875, 16, 15 ],
    "faces": {
        "down":  { "uv": [ 15.8125, 15, 9.125, 1 ], "texture": "#texture" },
        "up":    { "uv": [ 1, 0, 15.5, 2 ], "rotation": 90, "texture": "#GrabBagStar" },
        "north": { "uv": [ 9.125, 0, 15.8125, 1 ], "texture": "#texture" },
        "south": { "uv": [ 0.1875, 0, 6.875, 1 ], "texture": "#texture" },
        "west":  { "uv": [ 1.5, 9.5, 15.5, 11.5 ], "texture": "#GrabBagStar" },
        "east":  { "uv": [ 1, 0, 15.5, 1 ], "texture": "#GrabBagStar" }
    }
},
{
    "from": [ 6.375, 5.3125, -1.3125 ],
    "to": [ 7.375, 14.8125, 2.0625 ],
    "rotation": { "origin": [ 6.375, 14.8125, -1.3125 ], "axis": "z", "angle": 22.5 },
    "faces": {
        "down":  { "uv": [ 8.6875, 2, 7.625, 0 ], "texture": "#texture" },
        "up":    { "uv": [ 7.3125, 0, 8.375, 2 ], "texture": "#texture" },
        "north": { "uv": [ 7.625, 0.125, 8.6875, 8.1875 ], "texture": "#texture" },
        "south": { "uv": [ 7.3125, 0.125, 8.375, 8.1875 ], "texture": "#texture" },
        "west":  { "uv": [ 0, 0.125, 2, 8.1875 ], "texture": "#texture" },
        "east":  { "uv": [ 14, 0.125, 16, 8.1875 ], "texture": "#texture" }
    }
},
{
    "from": [ 0.125, 11.25, 14.5 ],
    "to": [ 7.125, 15.25, 15.5 ],
    "rotation": { "origin": [ 0.125, 15.25, 14.5 ], "axis": "x", "angle": -45 },
    "faces": {
        "down":  { "uv": [ 16, 16, 16, 16 ], "texture": "#texture" },
        "up":    { "uv": [ 0, 16, 0, 16 ], "texture": "#texture" },
        "north": { "uv": [ 16, 0, 16, 3 ], "texture": "#texture" },
        "south": { "uv": [ 0, 0, 0, 3 ], "texture": "#texture" },
        "west":  { "uv": [ 16, 0, 16, 3 ], "texture": "#texture" },
        "east":  { "uv": [ 0, 0, 0, 3 ], "texture": "#texture" }
    }
},
{
    "from": [ 0.5, -0.5, -1 ],
    "to": [ 10.5, 0, 17 ],
    "faces": {
        "down":  { "uv": [ 0, 14.5, 16, 16 ], "texture": "#texture" },
        "up":    { "uv": [ 0, 12.5, 16, 16 ], "texture": "#texture" },
        "north": { "uv": [ 0, 13, 16, 16 ], "texture": "#texture" },
        "south": { "uv": [ 0, 13.5, 16, 16 ], "texture": "#texture" },
        "west":  { "uv": [ 0, 14, 16, 16 ], "texture": "#texture" },
        "east":  { "uv": [ 0, 12.5, 16, 16 ], "texture": "#texture" }
    }
}
],
"display": {
    "thirdperson_righthand": {
        "rotation": [ 0, -90, -80 ],
        "translation": [ -6, -11.42, 8.66 ],
        "scale": [ 0.8, 0.75, 0.6 ]
    },
	"thirdperson_lefthand": {
        "rotation": [ 0, 90, 80 ],
        "translation": [ -6, -11.42, 8.66 ],
        "scale": [ 0.8, 0.75, 0.6 ]
    },
    "head": {
        "rotation": [ 0, -90, 18 ],
        "translation": [ 0, -13.42, 12.66 ],
        "scale": [ 1.5, 1.25, 1 ]
    },
	"gui": {
        "rotation": [ 0, -120, -5 ],
		"scale": [0.6, 0.6, 0.6]
    },
	"fixed": {
        "rotation": [ 0, 90, 0 ]
    }
}
}