{
	"credit": "Made by dragonmaster95 with Blockbench",
	"textures": {
		"0": "decorations/board/general/boo/side",
		"1": "decorations/board/general/boo/front"
	},
	"elements": [
		{
			"name": "Cube",
			"from": [1, 1, -1],
			"to": [15, 15, 17],
			"faces": {
				"north": {"uv": [2, 2, 14, 14], "texture": "#0"},
				"east": {"uv": [2, 2, 14, 14], "texture": "#0"},
				"south": {"uv": [1, 0.25, 15, 14.5], "texture": "#1"},
				"west": {"uv": [2, 2, 13, 15], "texture": "#0"},
				"up": {"uv": [2, 2, 14, 14], "texture": "#0"},
				"down": {"uv": [0, 0, 16, 16], "texture": "#0"}
			}
		},
		{
			"name": "Cube",
			"from": [10, 10, 7],
			"to": [19, 13, 11],
			"rotation": {"angle": -22.5, "axis": "z", "origin": [0, 0, 0]},
			"faces": {
				"north": {"uv": [4, 4, 12, 12], "texture": "#0"},
				"east": {"uv": [4, 4, 12, 12], "texture": "#0"},
				"south": {"uv": [4, 4, 12, 12], "texture": "#0"},
				"west": {"uv": [4, 4, 12, 12], "texture": "#0"},
				"up": {"uv": [4, 4, 12, 12], "texture": "#0"},
				"down": {"uv": [4, 4, 12, 12], "texture": "#0"}
			}
		},
		{
			"name": "Cube",
			"from": [6, 0.25, -8],
			"to": [10, 2.5, 1],
			"rotation": {"angle": 45, "axis": "x", "origin": [0, 0.5, 0]},
			"faces": {
				"north": {"uv": [4, 4, 12, 12], "texture": "#0"},
				"east": {"uv": [4, 4, 12, 12], "texture": "#0"},
				"south": {"uv": [4, 4, 12, 12], "texture": "#0"},
				"west": {"uv": [4, 4, 12, 12], "texture": "#0"},
				"up": {"uv": [4, 4, 12, 12], "texture": "#0"},
				"down": {"uv": [4, 4, 12, 12], "texture": "#0"}
			}
		},
		{
			"name": "Cube",
			"from": [1, -1, 1],
			"to": [15, 17, 15],
			"faces": {
				"north": {"uv": [2, 2, 14, 14], "texture": "#0"},
				"east": {"uv": [2, 2, 14, 14], "texture": "#0"},
				"south": {"uv": [2, 2, 13, 15], "texture": "#0"},
				"west": {"uv": [2, 2, 13, 15], "texture": "#0"},
				"up": {"uv": [2, 2, 14, 14], "texture": "#0"},
				"down": {"uv": [0, 0, 16, 16], "texture": "#0"}
			}
		},
		{
			"name": "Cube",
			"from": [-1, 1, 1],
			"to": [17, 15, 15],
			"faces": {
				"north": {"uv": [2, 2, 14, 14], "texture": "#0"},
				"east": {"uv": [2, 2, 14, 14], "texture": "#0"},
				"south": {"uv": [2, 2, 13, 15], "texture": "#0"},
				"west": {"uv": [2, 2, 13, 15], "texture": "#0"},
				"up": {"uv": [2, 2, 14, 14], "texture": "#0"},
				"down": {"uv": [0, 0, 16, 16], "texture": "#0"}
			}
		},
		{
			"name": "Cube",
			"from": [6.58579, 1, -3.31371],
			"to": [9.41421, 15, 19.31371],
			"rotation": {"angle": -45, "axis": "y", "origin": [8, 8, 8]},
			"faces": {
				"north": {"uv": [2, 2, 14, 14], "texture": "#0"},
				"east": {"uv": [2, 2, 13, 15], "texture": "#0"},
				"south": {"uv": [2, 2, 13, 15], "texture": "#0"},
				"west": {"uv": [2, 2, 14, 14], "texture": "#0"},
				"up": {"uv": [2, 2, 14, 14], "rotation": 270, "texture": "#0"},
				"down": {"uv": [0, 0, 16, 16], "rotation": 90, "texture": "#0"}
			}
		},
		{
			"name": "Cube",
			"from": [-3.31371, 1, 6.58579],
			"to": [19.31371, 15, 9.41421],
			"rotation": {"angle": -45, "axis": "y", "origin": [8, 8, 8]},
			"faces": {
				"north": {"uv": [2, 2, 14, 14], "texture": "#0"},
				"east": {"uv": [2, 2, 14, 14], "texture": "#0"},
				"south": {"uv": [2, 2, 13, 15], "texture": "#0"},
				"west": {"uv": [2, 2, 13, 15], "texture": "#0"},
				"up": {"uv": [2, 2, 14, 14], "texture": "#0"},
				"down": {"uv": [0, 0, 16, 16], "texture": "#0"}
			}
		},
		{
			"name": "Cube",
			"from": [-3.31371, 6.58579, 1],
			"to": [19.31371, 9.41421, 15],
			"rotation": {"angle": -45, "axis": "z", "origin": [8, 8, 8]},
			"faces": {
				"north": {"uv": [0, 0, 16, 16], "rotation": 180, "texture": "#0"},
				"east": {"uv": [2, 2, 14, 14], "rotation": 270, "texture": "#0"},
				"south": {"uv": [2, 2, 14, 14], "texture": "#0"},
				"west": {"uv": [2, 2, 13, 15], "rotation": 90, "texture": "#0"},
				"up": {"uv": [2, 2, 14, 14], "rotation": 180, "texture": "#0"},
				"down": {"uv": [2, 2, 13, 15], "texture": "#0"}
			}
		},
		{
			"name": "Cube",
			"from": [6.58579, -3.31371, 1],
			"to": [9.41421, 19.31371, 15],
			"rotation": {"angle": -45, "axis": "z", "origin": [8, 8, 8]},
			"faces": {
				"north": {"uv": [0, 0, 16, 16], "rotation": 270, "texture": "#0"},
				"east": {"uv": [2, 2, 13, 15], "rotation": 270, "texture": "#0"},
				"south": {"uv": [2, 2, 14, 14], "rotation": 270, "texture": "#0"},
				"west": {"uv": [2, 2, 14, 14], "rotation": 90, "texture": "#0"},
				"up": {"uv": [2, 2, 14, 14], "rotation": 180, "texture": "#0"},
				"down": {"uv": [2, 2, 13, 15], "texture": "#0"}
			}
		},
		{
			"name": "Cube",
			"from": [1, 6.58579, -3.31371],
			"to": [15, 9.41421, 19.31371],
			"rotation": {"angle": 45, "axis": "x", "origin": [8, 8, 8]},
			"faces": {
				"north": {"uv": [2, 2, 13, 15], "rotation": 90, "texture": "#0"},
				"east": {"uv": [0, 0, 16, 16], "rotation": 180, "texture": "#0"},
				"south": {"uv": [2, 2, 14, 14], "rotation": 270, "texture": "#0"},
				"west": {"uv": [2, 2, 14, 14], "texture": "#0"},
				"up": {"uv": [2, 2, 14, 14], "rotation": 270, "texture": "#0"},
				"down": {"uv": [2, 2, 13, 15], "rotation": 270, "texture": "#0"}
			}
		},
		{
			"name": "Cube",
			"from": [1, -3.31371, 6.58579],
			"to": [15, 19.31371, 9.41421],
			"rotation": {"angle": 45, "axis": "x", "origin": [8, 8, 8]},
			"faces": {
				"north": {"uv": [2, 2, 14, 14], "rotation": 90, "texture": "#0"},
				"east": {"uv": [0, 0, 16, 16], "rotation": 270, "texture": "#0"},
				"south": {"uv": [2, 2, 13, 15], "rotation": 270, "texture": "#0"},
				"west": {"uv": [2, 2, 14, 14], "rotation": 270, "texture": "#0"},
				"up": {"uv": [2, 2, 14, 14], "rotation": 270, "texture": "#0"},
				"down": {"uv": [2, 2, 13, 15], "rotation": 270, "texture": "#0"}
			}
		},
		{
			"name": "Cube",
			"from": [9.90118, -10.01791, 7],
			"to": [12.90118, -1.01791, 11],
			"rotation": {"angle": 45, "axis": "z", "origin": [-0.09882, 8.98209, 0]},
			"faces": {
				"north": {"uv": [4, 4, 12, 12], "rotation": 270, "texture": "#0"},
				"east": {"uv": [4, 4, 12, 12], "rotation": 270, "texture": "#0"},
				"south": {"uv": [4, 4, 12, 12], "rotation": 90, "texture": "#0"},
				"west": {"uv": [4, 4, 12, 12], "rotation": 270, "texture": "#0"},
				"up": {"uv": [4, 4, 12, 12], "rotation": 90, "texture": "#0"},
				"down": {"uv": [4, 4, 12, 12], "rotation": 270, "texture": "#0"}
			}
		},
		{
			"name": "Cube",
			"from": [3.09882, -10.01791, 7],
			"to": [6.09882, -1.01791, 11],
			"rotation": {"angle": -45, "axis": "z", "origin": [16.09882, 8.98209, 0]},
			"faces": {
				"north": {"uv": [4, 12, 12, 4], "rotation": 270, "texture": "#0"},
				"east": {"uv": [4, 12, 12, 4], "rotation": 270, "texture": "#0"},
				"south": {"uv": [4, 12, 12, 4], "rotation": 90, "texture": "#0"},
				"west": {"uv": [4, 12, 12, 4], "rotation": 270, "texture": "#0"},
				"up": {"uv": [4, 12, 12, 4], "rotation": 90, "texture": "#0"},
				"down": {"uv": [4, 12, 12, 4], "rotation": 270, "texture": "#0"}
			}
		},
		{
			"name": "Cube",
			"from": [-3, 10, 7],
			"to": [6, 13, 11],
			"rotation": {"angle": 22.5, "axis": "z", "origin": [16, 0, 0]},
			"faces": {
				"north": {"uv": [12, 4, 4, 12], "texture": "#0"},
				"east": {"uv": [12, 4, 4, 12], "texture": "#0"},
				"south": {"uv": [12, 4, 4, 12], "texture": "#0"},
				"west": {"uv": [12, 4, 4, 12], "texture": "#0"},
				"up": {"uv": [12, 4, 4, 12], "texture": "#0"},
				"down": {"uv": [12, 4, 4, 12], "texture": "#0"}
			}
		},
		{
			"name": "Cube",
			"from": [6, 3.00923, -6.62567],
			"to": [10, 5.40923, 2.37433],
			"rotation": {"angle": 22.5, "axis": "x", "origin": [0, 0.5, 0]},
			"faces": {
				"north": {"uv": [4, 4, 12, 12], "texture": "#0"},
				"east": {"uv": [4, 4, 12, 12], "texture": "#0"},
				"south": {"uv": [4, 4, 12, 12], "texture": "#0"},
				"west": {"uv": [4, 4, 12, 12], "texture": "#0"},
				"up": {"uv": [4, 4, 12, 12], "texture": "#0"},
				"down": {"uv": [4, 4, 12, 12], "texture": "#0"}
			}
		}
	],
	"display": {
		"head": {
			"rotation": [0, 180, 0],
			"scale": [1.3, 1.3, 1.3]
		},
		"fixed": {
			"rotation": [0, 180, 0]
		}
	}
}