{
    "textures": {
        "particle": "decorations/board/general/dice_speed"
    }, 
	"elements": [
		{
			"name": "Cube",
			"from": [0, 0, 0],
			"to": [16, 16, 16],
			"faces": {
				"north": {"uv": [0, 0, 16, 16], "texture": "#particle"},
				"east": {"uv": [0, 0, 16, 16], "texture": "#particle"},
				"south": {"uv": [0, 0, 16, 16], "texture": "#particle"},
				"west": {"uv": [0, 0, 16, 16], "texture": "#particle"},
				"up": {"uv": [0, 0, 16, 16], "texture": "#particle", "rotation": 180},
				"down": {"uv": [0, 0, 16, 16], "texture": "#particle", "rotation": 180}
			}
		}
	],
	"display": {
		"thirdperson_righthand": {
			"scale": [0.8, 0.8, 0.8],
			"rotation": [90, 0, 0],
			"translation": [-6, -2, 15.5]
		},
		"fixed": {
			"scale": [0.5, 0.5, 0.5],
			"rotation": [0, 0, 0],
			"translation": [0, 0, 0]
		},
		"gui": {
			"scale": [0.625, 0.625, 0.625],
			"rotation": [30, 225, 0],
			"translation": [0, 0, 0]
		},
		"ground": {
			"scale": [0.25, 0.25, 0.25],
			"rotation": [0, 0, 0],
			"translation": [0, 3, 0]
		},
		"firstperson_lefthand": {
			"scale": [0.4, 0.4, 0.4],
			"rotation": [0, 225, 0],
			"translation": [0, 0, 0]
		},
		"firstperson_righthand": {
			"scale": [0.4, 0.4, 0.4],
			"rotation": [0, 45, 0],
			"translation": [0, 0, 0]
		},
		"thirdperson_lefthand": {
			"rotation": [90, 0, 0],
			"translation": [-6, -2, 15.5]
		}
	}
}