{
    "__comment": "Model generated using MrCrayfish's Model Creator (http://mrcrayfish.com/modelcreator/)",
    "textures": {
        "0": "decorations/board/general/koopa/koopa-shoes",
        "1": "decorations/board/general/koopa/koopa",
        "2": "decorations/board/general/koopa/koopa-shell",
        "3": "decorations/board/general/boo/side",
        "4": "decorations/board/general/koopa/koopa-nose",
        "5": "decorations/board/general/koopa/koopa-eyes",
        "6": "block/acacia_planks",
        "7": "decorations/board/general/koopa/koopa-flags"
    },
	"display": {
		"firstperson_righthand": {
			"translation": [ -9, 12, 0 ],
			"rotation": [ 15, 0, 0],
			"scale": [0.2, 0.2, 0.2]},
		"thirdperson_righthand": {
			"translation": [ 0, 5, 3 ],
			"scale": [ 0.5, 0.5, 0.5 ],
			"rotation": [ 0, 180, 0]},
		"head": {
			"scale": [ 1.75, 2.0, 2.0]},
		"gui": {
            "rotation": [ 0, 30, 0 ],
			"scale": [ 0.7, 0.7, 0.7],
			"translation": [ -2, -2, 0]},
		"fixed": {
            "rotation": [ 0, 180, 0 ]}
	},
    "elements": [
        {
            "name": "ShoeR",
            "from": [ 5.0, 0.0, 8.0 ], 
            "to": [ 7.0, 2.0, 12.0 ], 
            "faces": {
                "north": { "texture": "#0", "uv": [ 0.0, 0.0, 1.0, 16.0 ] },
                "east": { "texture": "#0", "uv": [ 0.0, 0.0, 1.0, 16.0 ] },
                "south": { "texture": "#0", "uv": [ 0.0, 0.0, 1.0, 16.0 ] },
                "west": { "texture": "#0", "uv": [ 0.0, 0.0, 1.0, 16.0 ] },
                "up": { "texture": "#0", "uv": [ 0.0, 0.0, 1.0, 1.0 ] },
                "down": { "texture": "#0", "uv": [ 0.0, 14.0, 16.0, 16.0 ] }
            }
        },
        {
            "name": "FootR",
            "from": [ 5.2, 2.0, 8.2 ], 
            "to": [ 6.800000000000001, 5.0, 9.799999999999999 ], 
            "faces": {
                "north": { "texture": "#1", "uv": [ 0.0, 4.0, 16.0, 5.0 ] },
                "east": { "texture": "#1", "uv": [ 0.0, 4.0, 16.0, 5.0 ] },
                "south": { "texture": "#1", "uv": [ 0.0, 4.0, 16.0, 5.0 ] },
                "west": { "texture": "#1", "uv": [ 0.0, 4.0, 16.0, 5.0 ] },
                "up": { "texture": "#1", "uv": [ 0.0, 4.0, 16.0, 5.0 ] },
                "down": { "texture": "#1", "uv": [ 0.0, 4.0, 12.0, 5.0 ] }
            }
        },
        {
            "name": "ShoeL",
            "from": [ 9.0, 0.0, 8.0 ], 
            "to": [ 11.0, 2.0, 12.0 ], 
            "faces": {
                "north": { "texture": "#0", "uv": [ 0.0, 0.0, 1.0, 16.0 ] },
                "east": { "texture": "#0", "uv": [ 0.0, 0.0, 1.0, 16.0 ] },
                "south": { "texture": "#0", "uv": [ 0.0, 0.0, 1.0, 16.0 ] },
                "west": { "texture": "#0", "uv": [ 0.0, 0.0, 1.0, 16.0 ] },
                "up": { "texture": "#0", "uv": [ 0.0, 0.0, 1.0, 1.0 ] },
                "down": { "texture": "#0", "uv": [ 0.0, 14.0, 16.0, 16.0 ] }
            }
        },
        {
            "name": "FootL",
            "from": [ 9.2, 2.0, 8.2 ], 
            "to": [ 10.799999999999999, 5.0, 9.799999999999999 ], 
            "faces": {
                "north": { "texture": "#1", "uv": [ 0.0, 4.0, 16.0, 5.0 ] },
                "east": { "texture": "#1", "uv": [ 0.0, 4.0, 16.0, 5.0 ] },
                "south": { "texture": "#1", "uv": [ 0.0, 4.0, 16.0, 5.0 ] },
                "west": { "texture": "#1", "uv": [ 0.0, 4.0, 16.0, 5.0 ] },
                "up": { "texture": "#1", "uv": [ 0.0, 4.0, 16.0, 5.0 ] },
                "down": { "texture": "#1", "uv": [ 0.0, 4.0, 12.0, 5.0 ] }
            }
        },
        {
            "name": "Shell",
            "from": [ 4.0, 3.5, 1.5 ], 
            "to": [ 12.0, 11.5, 7.5 ], 
            "rotation": { "origin": [ 8.0, 2.0, 8.0 ], "axis": "x", "angle": 45.0 },
            "faces": {
                "north": { "texture": "#2", "uv": [ 0.0, 0.0, 16.0, 12.0 ] },
                "east": { "texture": "#2", "uv": [ 0.0, 0.0, 16.0, 16.0 ], "rotation": 90 },
                "south": { "texture": "#1", "uv": [ 0.0, 0.0, 16.0, 16.0 ] },
                "west": { "texture": "#2", "uv": [ 0.0, 0.0, 16.0, 16.0 ], "rotation": 270 },
                "up": { "texture": "#2", "uv": [ 0.0, 0.0, 16.0, 16.0 ] },
                "down": { "texture": "#2", "uv": [ 0.0, 0.0, 16.0, 16.0 ], "rotation": 180 }
            }
        },
        {
            "name": "ArmL",
            "from": [ 14.0, 3.2, 11.2 ], 
            "to": [ 15.6, 6.2, 12.799999999999999 ], 
            "rotation": { "origin": [ 10.0, 4.0, 11.0 ], "axis": "z", "angle": 45.0, "rescale": true },
            "faces": {
                "north": { "texture": "#1", "uv": [ 0.0, 4.0, 16.0, 5.0 ] },
                "east": { "texture": "#1", "uv": [ 0.0, 4.0, 16.0, 5.0 ] },
                "south": { "texture": "#1", "uv": [ 0.0, 4.0, 16.0, 5.0 ] },
                "west": { "texture": "#1", "uv": [ 0.0, 4.0, 16.0, 5.0 ] },
                "up": { "texture": "#1", "uv": [ 0.0, 4.0, 16.0, 5.0 ] },
                "down": { "texture": "#1", "uv": [ 0.0, 4.0, 12.0, 5.0 ] }
            }
        },
        {
            "name": "HandL",
            "from": [ 13.5, 2.8, 11.2 ], 
            "to": [ 15.5, 4.8, 13.2 ], 
            "rotation": { "origin": [ 10.0, 5.0, 9.0 ], "axis": "x", "angle": -45.0, "rescale": true },
            "faces": {
                "north": { "texture": "#1", "uv": [ 0.0, 4.0, 16.0, 5.0 ] },
                "east": { "texture": "#1", "uv": [ 0.0, 4.0, 16.0, 5.0 ] },
                "south": { "texture": "#1", "uv": [ 0.0, 4.0, 16.0, 5.0 ] },
                "west": { "texture": "#1", "uv": [ 0.0, 4.0, 16.0, 5.0 ] },
                "up": { "texture": "#1", "uv": [ 0.0, 4.0, 16.0, 5.0 ] },
                "down": { "texture": "#1", "uv": [ 0.0, 4.0, 12.0, 5.0 ] }
            }
        },
        {
            "name": "ArmR",
            "from": [ 0.5, 3.2, 11.2 ], 
            "to": [ 2.1, 6.2, 12.799999999999999 ], 
            "rotation": { "origin": [ 6.0, 4.0, 11.0 ], "axis": "z", "angle": -45.0, "rescale": true },
            "faces": {
                "north": { "texture": "#1", "uv": [ 0.0, 4.0, 16.0, 5.0 ] },
                "east": { "texture": "#1", "uv": [ 0.0, 4.0, 16.0, 5.0 ] },
                "south": { "texture": "#1", "uv": [ 0.0, 4.0, 16.0, 5.0 ] },
                "west": { "texture": "#1", "uv": [ 0.0, 4.0, 16.0, 5.0 ] },
                "up": { "texture": "#1", "uv": [ 0.0, 4.0, 16.0, 5.0 ] },
                "down": { "texture": "#1", "uv": [ 0.0, 4.0, 12.0, 5.0 ] }
            }
        },
        {
            "name": "HandR",
            "from": [ 0.5, 2.8, 11.2 ], 
            "to": [ 2.5, 4.8, 13.2 ], 
            "rotation": { "origin": [ 10.0, 5.0, 9.0 ], "axis": "x", "angle": -45.0, "rescale": true },
            "faces": {
                "north": { "texture": "#1", "uv": [ 0.0, 4.0, 16.0, 5.0 ] },
                "east": { "texture": "#1", "uv": [ 0.0, 4.0, 16.0, 5.0 ] },
                "south": { "texture": "#1", "uv": [ 0.0, 4.0, 16.0, 5.0 ] },
                "west": { "texture": "#1", "uv": [ 0.0, 4.0, 16.0, 5.0 ] },
                "up": { "texture": "#1", "uv": [ 0.0, 4.0, 16.0, 5.0 ] },
                "down": { "texture": "#1", "uv": [ 0.0, 4.0, 12.0, 5.0 ] }
            }
        },
        {
            "name": "ShellWhite",
            "from": [ 3.9000000000000004, 3.4000000000000004, 5.0 ], 
            "to": [ 12.1, 11.6, 6.6 ], 
            "rotation": { "origin": [ 8.0, 2.0, 8.0 ], "axis": "x", "angle": 45.0 },
            "faces": {
                "north": { "texture": "#3", "uv": [ 8.0, 8.0, 9.0, 9.0 ] },
                "east": { "texture": "#3", "uv": [ 8.0, 8.0, 9.0, 9.0 ] },
                "south": { "texture": "#3", "uv": [ 8.0, 8.0, 9.0, 9.0 ] },
                "west": { "texture": "#3", "uv": [ 8.0, 8.0, 9.0, 9.0 ] },
                "up": { "texture": "#3", "uv": [ 8.0, 8.0, 9.0, 9.0 ] },
                "down": { "texture": "#3", "uv": [ 8.0, 8.0, 9.0, 9.0 ] }
            }
        },
        {
            "name": "Nose",
            "from": [ 5.0, 10.0, 12.0 ], 
            "to": [ 11.0, 14.0, 18.0 ], 
            "faces": {
                "north": { "texture": "#1", "uv": [ 0.0, 4.0, 16.0, 5.0 ] },
                "east": { "texture": "#1", "uv": [ 0.0, 4.0, 16.0, 5.0 ] },
                "south": { "texture": "#4", "uv": [ 0.0, 0.0, 16.0, 16.0 ] },
                "west": { "texture": "#1", "uv": [ 0.0, 4.0, 16.0, 5.0 ] },
                "up": { "texture": "#1", "uv": [ 0.0, 4.0, 16.0, 5.0 ] },
                "down": { "texture": "#1", "uv": [ 0.0, 4.0, 12.0, 5.0 ] }
            }
        },
        {
            "name": "EyeR",
            "from": [ 5.5, 13.5, 14.0 ], 
            "to": [ 7.7, 17.5, 16.0 ], 
            "rotation": { "origin": [ 8.0, 8.0, 8.0 ], "axis": "z", "angle": -22.5 },
            "faces": {
                "north": { "texture": "#3", "uv": [ 8.0, 8.0, 9.0, 9.0 ] },
                "east": { "texture": "#3", "uv": [ 8.0, 8.0, 9.0, 9.0 ] },
                "south": { "texture": "#5", "uv": [ 4.0, 3.0, 13.0, 11.0 ] },
                "west": { "texture": "#3", "uv": [ 8.0, 8.0, 8.0, 9.0 ] },
                "up": { "texture": "#3", "uv": [ 8.0, 8.0, 9.0, 9.0 ] },
                "down": { "texture": "#3", "uv": [ 8.0, 8.0, 9.0, 9.0 ] }
            }
        },
        {
            "name": "EyeL",
            "from": [ 8.5, 13.5, 14.0 ], 
            "to": [ 10.7, 17.5, 16.0 ], 
            "rotation": { "origin": [ 8.0, 8.0, 8.0 ], "axis": "z", "angle": 22.5 },
            "faces": {
                "north": { "texture": "#3", "uv": [ 8.0, 8.0, 9.0, 9.0 ] },
                "east": { "texture": "#3", "uv": [ 8.0, 8.0, 9.0, 9.0 ] },
                "south": { "texture": "#5", "uv": [ 3.0, 3.0, 12.0, 11.0 ] },
                "west": { "texture": "#3", "uv": [ 8.0, 8.0, 9.0, 9.0 ] },
                "up": { "texture": "#3", "uv": [ 8.0, 8.0, 9.0, 9.0 ] },
                "down": { "texture": "#3", "uv": [ 8.0, 8.0, 9.0, 9.0 ] }
            }
        },
        {
            "name": "Cube",
            "from": [ 6.5, 13.8, 15.1 ], 
            "to": [ 6.7, 14.0, 15.1 ], 
            "rotation": { "origin": [ 8.0, 8.0, 8.0 ], "axis": "z", "angle": -22.5 },
            "faces": {
                "north": { "texture": "#3", "uv": [ 8.0, 8.0, 9.0, 9.0 ] },
                "east": { "texture": "#3", "uv": [ 8.0, 8.0, 10.0, 7.0 ] },
                "south": { "texture": "#5", "uv": [ 0.0, 0.0, 1.0, 1.0 ] },
                "west": { "texture": "#3", "uv": [ 8.0, 8.0, 8.0, 9.0 ] },
                "up": { "texture": "#3", "uv": [ 8.0, 8.0, 9.0, 9.0 ] },
                "down": { "texture": "#3", "uv": [ 8.0, 8.0, 9.0, 9.0 ] }
            }
        },
        {
            "name": "Cube",
            "from": [ 9.8, 13.6, 15.100000000000001 ], 
            "to": [ 10.0, 13.799999999999999, 15.100000000000001 ], 
            "rotation": { "origin": [ 8.0, 8.0, 8.0 ], "axis": "z", "angle": 22.5 },
            "faces": {
                "north": { "texture": "#3", "uv": [ 8.0, 8.0, 9.0, 9.0 ] },
                "east": { "texture": "#3", "uv": [ 8.0, 8.0, 9.0, 9.0 ] },
                "south": { "texture": "#5", "uv": [ 0.0, 0.0, 1.0, 1.0 ] },
                "west": { "texture": "#3", "uv": [ 8.0, 8.0, 9.0, 9.0 ] },
                "up": { "texture": "#3", "uv": [ 8.0, 8.0, 9.0, 9.0 ] },
                "down": { "texture": "#3", "uv": [ 8.0, 8.0, 9.0, 9.0 ] }
            }
        },
        {
            "name": "Stick",
            "from": [ 1.0, 3.3, 12.2 ], 
            "to": [ 2.0, 4.3, 22.2 ], 
            "rotation": { "origin": [ 10.0, 5.0, 9.0 ], "axis": "x", "angle": -45.0, "rescale": true },
            "faces": {
                "north": { "texture": "#6", "uv": [ 0.0, 3.0, 16.0, 4.0 ] },
                "east": { "texture": "#6", "uv": [ 0.0, 3.0, 16.0, 4.0 ] },
                "south": { "texture": "#6", "uv": [ 0.0, 3.0, 16.0, 4.0 ] },
                "west": { "texture": "#6", "uv": [ 0.0, 3.0, 16.0, 4.0 ] },
                "up": { "texture": "#6", "uv": [ 0.0, 3.0, 16.0, 4.0 ] },
                "down": { "texture": "#6", "uv": [ 0.0, 3.0, 16.0, 4.0 ] }
            }
        },
        {
            "name": "Flag",
            "from": [ 1.5, 4.3, 17.2 ], 
            "to": [ 1.51, 14.3, 22.2 ], 
            "rotation": { "origin": [ 10.0, 5.0, 9.0 ], "axis": "x", "angle": -45.0, "rescale": true },
            "faces": {
                "north": { "texture": "#6", "uv": [ 0.0, 3.0, 16.0, 4.0 ] },
                "east": { "texture": "#7", "uv": [ 0.0, 8.0, 16.0, 16.0 ], "rotation": 270 },
                "south": { "texture": "#6", "uv": [ 0.0, 3.0, 16.0, 4.0 ] },
                "west": { "texture": "#7", "uv": [ 0.0, 8.0, 16.0, 16.0 ], "rotation": 90 },
                "up": { "texture": "#6", "uv": [ 0.0, 3.0, 16.0, 6.0 ] },
                "down": { "texture": "#6", "uv": [ 0.0, 3.0, 16.0, 4.0 ] }
            }
        }
    ]
}