{
	"credit": "Made by dragonmaster95 with Blockbench",
	"textures": {
		"0": "decorations/board/general/red_arrow",
		"particle": "decorations/board/general/red_arrow"
	},
	"elements": [
		{
			"from": [5, 0, 1],
			"to": [11, 3, 11.6524],
			"faces": {
				"north": {"uv": [0, 0, 1, 1], "texture": "#0"},
				"east": {"uv": [0.065, 7.5, 11.065, 8], "rotation": 180, "texture": "#0"},
				"west": {"uv": [0.065, 7.5, 11.065, 8], "texture": "#0"},
				"up": {"uv": [0, 0, 1, 1], "texture": "#0"},
				"down": {"uv": [0, 0, 1, 1], "texture": "#0"}
			}
		},
		{
			"from": [16.99311, 0, 5.68069],
			"to": [17.24627, 3, 13.42752],
			"rotation": {"angle": -45, "axis": "y", "origin": [11.02676, 1.5, 3.17752]},
			"faces": {
				"north": {"uv": [0, 0, 1, 1], "texture": "#0"},
				"east": {"uv": [0, 0, 1, 1], "texture": "#0"},
				"south": {"uv": [0, 0, 1, 1], "texture": "#0"},
				"up": {"uv": [0, 0, 1, 1], "texture": "#0"},
				"down": {"uv": [0, 0, 1, 1], "texture": "#0"}
			}
		},
		{
			"from": [-1.24627, 0, 5.67752],
			"to": [-0.99627, 3, 13.67752],
			"rotation": {"angle": 45, "axis": "y", "origin": [4.97324, 1.5, 3.17752]},
			"faces": {
				"north": {"uv": [1, 0, 0, 1], "texture": "#0"},
				"south": {"uv": [1, 0, 0, 1], "texture": "#0"},
				"west": {"uv": [1, 0, 0, 1], "texture": "#0"},
				"up": {"uv": [1, 0, 0, 1], "texture": "#0"},
				"down": {"uv": [1, 0, 0, 1], "texture": "#0"}
			}
		},
		{
			"from": [11, 0, 9.16637],
			"to": [13.4756, 3, 11.64197],
			"faces": {
				"north": {"uv": [0, 0, 1, 1], "texture": "#0"},
				"up": {"uv": [0, 0, 16, 16], "texture": "#0"},
				"down": {"uv": [0, 0, 16, 16], "rotation": 270, "texture": "#0"}
			}
		},
		{
			"from": [8, 0, 11.6524],
			"to": [10.9801, 3, 14.65689],
			"faces": {
				"up": {"uv": [0, 0, 16, 16], "texture": "#0"},
				"down": {"uv": [0, 0, 16, 16], "rotation": 270, "texture": "#0"}
			}
		},
		{
			"from": [5.0199, 0, 11.6524],
			"to": [8, 3, 14.65689],
			"faces": {
				"up": {"uv": [16, 0, 0, 16], "texture": "#0"},
				"down": {"uv": [16, 0, 0, 16], "rotation": 90, "texture": "#0"}
			}
		},
		{
			"from": [2.5244, 0, 9.16637],
			"to": [5, 3, 11.64197],
			"faces": {
				"north": {"uv": [1, 0, 0, 1], "texture": "#0"},
				"up": {"uv": [16, 0, 0, 16], "texture": "#0"},
				"down": {"uv": [16, 0, 0, 16], "rotation": 90, "texture": "#0"}
			}
		}
	]
}