{
	"credit": "Made with Blockbench by dragonmaster95",
	"textures": {
		"0": "minigames/hh/handcar",
		"particle": "minigames/hh/handcar"
	},
	"elements": [
		{
			"from": [7.5, 10.5, 0.5],
			"to": [8.5, 11.5, 15.5],
			"faces": {
				"north": {"uv": [6.5, 7.5, 7, 7.75], "texture": "#0"},
				"east": {"uv": [0, 7.5, 7, 7.75], "texture": "#0"},
				"south": {"uv": [0, 7.5, 0.5, 7.75], "texture": "#0"},
				"west": {"uv": [0, 7.5, 7, 7.75], "rotation": 180, "texture": "#0"},
				"up": {"uv": [0, 7.5, 7, 7.75], "rotation": 270, "texture": "#0"},
				"down": {"uv": [0, 7.5, 7, 7.75], "rotation": 90, "texture": "#0"}
			}
		},
		{
			"from": [4.5, 10.5, 15.2],
			"to": [11.5, 11.5, 16.2],
			"rotation": {"angle": -45, "axis": "x", "origin": [8, 11, 15.7]},
			"faces": {
				"north": {"uv": [0, 7.5, 0.5, 7.75], "rotation": 270, "texture": "#0"},
				"east": {"uv": [0, 7.5, 0.5, 7.75], "rotation": 270, "texture": "#0"},
				"south": {"uv": [0, 7.5, 0.5, 7.75], "rotation": 270, "texture": "#0"},
				"west": {"uv": [0, 7.5, 0.5, 7.75], "rotation": 270, "texture": "#0"},
				"up": {"uv": [0, 7.5, 0.5, 7.75], "rotation": 270, "texture": "#0"},
				"down": {"uv": [0, 7.5, 0.5, 7.75], "rotation": 270, "texture": "#0"}
			}
		},
		{
			"from": [4.5, 10.5, -0.2],
			"to": [11.5, 11.5, 0.8],
			"rotation": {"angle": 45, "axis": "x", "origin": [8, 11, 0.3]},
			"faces": {
				"north": {"uv": [0, 7.75, 0.5, 7.5], "rotation": 270, "texture": "#0"},
				"east": {"uv": [0, 7.75, 0.5, 7.5], "rotation": 270, "texture": "#0"},
				"south": {"uv": [0, 7.75, 0.5, 7.5], "rotation": 270, "texture": "#0"},
				"west": {"uv": [0, 7.75, 0.5, 7.5], "rotation": 270, "texture": "#0"},
				"up": {"uv": [0.5, 7.5, 0, 7.75], "rotation": 270, "texture": "#0"},
				"down": {"uv": [0.5, 7.5, 0, 7.75], "rotation": 270, "texture": "#0"}
			}
		}
	],
	"display": {
		"head": {
			"translation": [0, -15, 0],
			"scale": [3.5, 3.5, 3.5]
		}
	}
}