{
	"credit": "Made with Blockbench by dragonmaster95",
	"textures": {
		"1": "minigames/hh/handcar_wheels"
	},
	"elements": [
		{
			"from": [-0.25, 6.5, -1],
			"to": [2.25, 9.5, 2],
			"rotation": {"angle": 45, "axis": "x", "origin": [22.25, 8, 0.5]},
			"faces": {
				"north": {"uv": [15.6, 0, 15.9, 12], "texture": "#1"},
				"south": {"uv": [15.6, 0, 15.9, 12], "rotation": 180, "texture": "#1"},
				"up": {"uv": [15.6, 0, 15.9, 12], "rotation": 180, "texture": "#1"},
				"down": {"uv": [15.6, 0, 15.9, 12], "rotation": 180, "texture": "#1"}
			}
		},
		{
			"from": [13.75, 5, -2.5],
			"to": [16.25, 11, 3.5],
			"faces": {
				"east": {"uv": [0, 0, 12, 12], "texture": "#1"},
				"west": {"uv": [0, 0, 12, 12], "texture": "#1"}
			}
		},
		{
			"from": [-0.25, 5, -2.5],
			"to": [2.25, 11, 3.5],
			"faces": {
				"east": {"uv": [0, 0, 12, 12], "texture": "#1"},
				"west": {"uv": [0, 0, 12, 12], "texture": "#1"}
			}
		},
		{
			"from": [6.485, 7.2425, -0.2575],
			"to": [9.515, 8.7575, 1.2575],
			"rotation": {"angle": 45, "axis": "x", "origin": [13.3025, 8, 0.5]},
			"faces": {
				"north": {"uv": [9.5, 12, 16, 16], "texture": "#1"},
				"south": {"uv": [9.5, 12, 16, 16], "texture": "#1"},
				"up": {"uv": [9.5, 12, 16, 16], "texture": "#1"},
				"down": {"uv": [9.5, 12, 16, 16], "texture": "#1"}
			}
		},
		{
			"from": [13.75, 6.5, -1],
			"to": [16.25, 9.5, 2],
			"rotation": {"angle": 45, "axis": "x", "origin": [35.75, 8, 0.5]},
			"faces": {
				"north": {"uv": [15.6, 0, 15.9, 12], "texture": "#1"},
				"south": {"uv": [15.6, 0, 15.9, 12], "rotation": 180, "texture": "#1"},
				"up": {"uv": [15.6, 0, 15.9, 12], "rotation": 180, "texture": "#1"},
				"down": {"uv": [15.6, 0, 15.9, 12], "rotation": 180, "texture": "#1"}
			}
		},
		{
			"from": [2.23515, 7.25008, -0.24993],
			"to": [13.76485, 8.74993, 1.24993],
			"rotation": {"angle": 45, "axis": "x", "origin": [13.24948, 8, 0.5]},
			"faces": {
				"north": {"uv": [15, 0, 15.5, 12], "texture": "#1"},
				"south": {"uv": [15, 0, 15.5, 12], "texture": "#1"},
				"up": {"uv": [15, 0, 15.5, 12], "texture": "#1"},
				"down": {"uv": [15, 0, 15.5, 12], "texture": "#1"}
			}
		},
		{
			"from": [-0.25, 6.5, 15.5],
			"to": [2.25, 9.5, 18.5],
			"rotation": {"angle": 45, "axis": "x", "origin": [22.25, 8, 17]},
			"faces": {
				"north": {"uv": [15.6, 0, 15.9, 12], "texture": "#1"},
				"south": {"uv": [15.6, 0, 15.9, 12], "rotation": 180, "texture": "#1"},
				"up": {"uv": [15.6, 0, 15.9, 12], "rotation": 180, "texture": "#1"},
				"down": {"uv": [15.6, 0, 15.9, 12], "rotation": 180, "texture": "#1"}
			}
		},
		{
			"from": [13.75, 5, 14],
			"to": [16.25, 11, 20],
			"faces": {
				"east": {"uv": [0, 0, 12, 12], "texture": "#1"},
				"west": {"uv": [0, 0, 12, 12], "texture": "#1"}
			}
		},
		{
			"from": [-0.25, 5, 14],
			"to": [2.25, 11, 20],
			"faces": {
				"east": {"uv": [0, 0, 12, 12], "texture": "#1"},
				"west": {"uv": [0, 0, 12, 12], "texture": "#1"}
			}
		},
		{
			"from": [6.485, 7.2425, 16.2425],
			"to": [9.515, 8.7575, 17.7575],
			"rotation": {"angle": 45, "axis": "x", "origin": [13.3025, 8, 17]},
			"faces": {
				"north": {"uv": [9.5, 12, 16, 16], "texture": "#1"},
				"south": {"uv": [9.5, 12, 16, 16], "texture": "#1"},
				"up": {"uv": [9.5, 12, 16, 16], "texture": "#1"},
				"down": {"uv": [9.5, 12, 16, 16], "texture": "#1"}
			}
		},
		{
			"from": [13.75, 6.5, 15.5],
			"to": [16.25, 9.5, 18.5],
			"rotation": {"angle": 45, "axis": "x", "origin": [35.75, 8, 17]},
			"faces": {
				"north": {"uv": [15.6, 0, 15.9, 12], "texture": "#1"},
				"south": {"uv": [15.6, 0, 15.9, 12], "rotation": 180, "texture": "#1"},
				"up": {"uv": [15.6, 0, 15.9, 12], "rotation": 180, "texture": "#1"},
				"down": {"uv": [15.6, 0, 15.9, 12], "rotation": 180, "texture": "#1"}
			}
		},
		{
			"from": [2.23515, 7.25008, 16.25008],
			"to": [13.76485, 8.74993, 17.74993],
			"rotation": {"angle": 45, "axis": "x", "origin": [13.24948, 8, 17]},
			"faces": {
				"north": {"uv": [15, 0, 15.5, 12], "texture": "#1"},
				"south": {"uv": [15, 0, 15.5, 12], "texture": "#1"},
				"up": {"uv": [15, 0, 15.5, 12], "texture": "#1"},
				"down": {"uv": [15, 0, 15.5, 12], "texture": "#1"}
			}
		}
	],
	"display": {
		"head": {
			"translation": [0, 3.5, 0],
			"scale": [3.5, 3.5, 3.5]
		}
	},
	"groups": [
		{
			"name": "group",
			"children": [0, 1, 2, 3, 4, 5]
		},
		{
			"name": "group",
			"children": [6, 7, 8, 9, 10, 11]
		}
	]
}