{
	"credit": "Made with Blockbench by dragonmaster95",
	"textures": {
		"0": "minigames/hh/handcar",
		"particle": "minigames/hh/handcar"
	},
	"elements": [
		{
			"from": [7.25, -4, -10.0075],
			"to": [19.25, -2.5, 25.9925],
			"rotation": {"angle": 45, "axis": "z", "origin": [8, -3.25, -3.25]},
			"faces": {
				"north": {"uv": [7, 1, 8, 1.75], "rotation": 90, "texture": "#0"},
				"south": {"uv": [7, 1, 8, 1.75], "rotation": 90, "texture": "#0"},
				"down": {"uv": [8, 1, 16, 8], "rotation": 90, "texture": "#0"}
			}
		},
		{
			"from": [7.25, -4, -10.015],
			"to": [8.75, 8, 25.985],
			"rotation": {"angle": 45, "axis": "z", "origin": [8, -3.25, -3.25]},
			"faces": {
				"north": {"uv": [7, 1, 8, 1.75], "texture": "#0"},
				"south": {"uv": [7, 1, 8, 1.75], "rotation": 180, "texture": "#0"},
				"west": {"uv": [8, 1, 16, 8], "texture": "#0"}
			}
		},
		{
			"from": [-0.48528, 4.17463, -10],
			"to": [16.48528, 5.67463, 26],
			"faces": {
				"north": {"uv": [7, 1, 8, 1.75], "rotation": 270, "texture": "#0"},
				"east": {"uv": [8, 0, 16, 1], "texture": "#0"},
				"south": {"uv": [7, 1, 8, 1.75], "rotation": 270, "texture": "#0"},
				"west": {"uv": [8, 0, 16, 1], "texture": "#0"},
				"up": {"uv": [8, 0, 16, 8], "texture": "#0"}
			}
		},
		{
			"from": [-0.4375, -2.875, -10.0375],
			"to": [16.475, 5.6, 26.0075],
			"faces": {
				"north": {"uv": [0, 0, 6.75, 7.5], "texture": "#0"},
				"south": {"uv": [9.5, 8.25, 16, 16], "texture": "#0"}
			}
		},
		{
			"from": [5.51473, 9.87463, 5],
			"to": [10.48528, 19.99963, 6.0125],
			"rotation": {"angle": 22.5, "axis": "x", "origin": [5.23528, 10.92463, -6.25]},
			"faces": {
				"north": {"uv": [0, 8, 6.5, 8.25], "rotation": 270, "texture": "#0"},
				"east": {"uv": [7, 7.75, 0, 8.25], "rotation": 90, "texture": "#0"},
				"west": {"uv": [0, 7.75, 7, 8.25], "rotation": 270, "texture": "#0"}
			}
		},
		{
			"from": [5.51473, 9.87463, 9.9875],
			"to": [10.48528, 19.99963, 11],
			"rotation": {"angle": -22.5, "axis": "x", "origin": [5.23528, 10.92463, 22.25]},
			"faces": {
				"east": {"uv": [0, 7.75, 7, 8.25], "rotation": 270, "texture": "#0"},
				"south": {"uv": [0, 8, 6.5, 8.25], "rotation": 270, "texture": "#0"},
				"west": {"uv": [7, 7.75, 0, 8.25], "rotation": 90, "texture": "#0"}
			}
		},
		{
			"from": [5.51473, 25.81072, 5.9741],
			"to": [10.48528, 26.35307, 6.51646],
			"rotation": {"angle": 45, "axis": "x", "origin": [5.23528, 18.42463, -6.25]},
			"faces": {
				"north": {"uv": [6.8, 7.8, 6.9, 7.9], "texture": "#0"},
				"east": {"uv": [6.8, 7.8, 6.9, 7.9], "texture": "#0"},
				"west": {"uv": [6.8, 7.8, 6.9, 7.9], "texture": "#0"},
				"up": {"uv": [6.8, 7.8, 6.9, 7.9], "texture": "#0"}
			}
		},
		{
			"from": [5.5523, 5.56213, 4.7003],
			"to": [10.4843, 15.15935, 11.2622],
			"faces": {
				"east": {"uv": [6.5, 9.25, 9.25, 16], "texture": "#0"},
				"west": {"uv": [6.5, 9.25, 9.25, 16], "texture": "#0"}
			}
		}
	],
	"display": {
		"head": {
			"translation": [0, 39, 0],
			"scale": [4, 3.8, 2.59]
		}
	},
	"groups": [
		{
			"name": "group",
			"children": [0, 1, 2, 3, 4, 5, 6, 7]
		}
	]
}