{
	"credit": "Made with Blockbench by dragonmaster95",
	"textures": {
		"0": "decorations/board/yoshi/bowser_tube"
	},
	"elements": [
		{
			"name": "Check",
			"from": [5.5, 3, 2],
			"to": [10.5, 4, 3],
			"faces": {
				"north": {"uv": [0.032, 0.032, 0.968, 7.968], "texture": "#0"},
				"east": {"uv": [0.032, 0.032, 0.968, 7.968], "texture": "#0"},
				"west": {"uv": [0.032, 0.032, 0.968, 7.968], "texture": "#0"},
				"up": {"uv": [0.032, 0.032, 0.968, 0.968], "texture": "#0"},
				"down": {"uv": [0.032, 7.032, 0.968, 7.968], "texture": "#0"}
			}
		},
		{
			"name": "Cube",
			"from": [-2.38, 3, 4.93],
			"to": [2.62, 4, 5.93],
			"rotation": {"angle": 45, "axis": "y", "origin": [0.5, 0, 0]},
			"faces": {
				"north": {"uv": [0.032, 0.032, 0.968, 7.968], "texture": "#0"},
				"east": {"uv": [0.032, 0.032, 0.968, 7.968], "texture": "#0"},
				"up": {"uv": [0.032, 0.032, 0.968, 0.968], "texture": "#0"},
				"down": {"uv": [0.032, 7.032, 0.968, 7.968], "texture": "#0"}
			}
		},
		{
			"name": "Check",
			"from": [5.5, 3, 13],
			"to": [10.5, 4, 14],
			"faces": {
				"east": {"uv": [0.032, 0.032, 0.968, 7.968], "texture": "#0"},
				"south": {"uv": [0.032, 0.032, 0.968, 7.968], "texture": "#0"},
				"west": {"uv": [0.032, 0.032, 0.968, 7.968], "texture": "#0"},
				"up": {"uv": [0.032, 0.032, 0.968, 0.968], "texture": "#0"},
				"down": {"uv": [0.032, 7.032, 0.968, 7.968], "texture": "#0"}
			}
		},
		{
			"name": "Cube",
			"from": [-2.3, 3, 16],
			"to": [2.7, 4, 17],
			"rotation": {"angle": 45, "axis": "y", "origin": [0.5, 0, 0]},
			"faces": {
				"south": {"uv": [0.032, 0.032, 0.968, 7.968], "texture": "#0"},
				"west": {"uv": [0.032, 0.032, 0.968, 7.968], "texture": "#0"},
				"up": {"uv": [0.032, 0.032, 0.968, 0.968], "texture": "#0"},
				"down": {"uv": [0.032, 7.032, 0.968, 7.968], "texture": "#0"}
			}
		},
		{
			"name": "Check",
			"from": [1.94, 3, 5.5],
			"to": [2.94, 4, 10.5],
			"faces": {
				"north": {"uv": [0.032, 0.032, 0.968, 7.968], "texture": "#0"},
				"south": {"uv": [0.032, 0.032, 0.968, 7.968], "texture": "#0"},
				"west": {"uv": [0.032, 0.032, 0.968, 7.968], "texture": "#0"},
				"up": {"uv": [0.032, 0.032, 0.968, 0.968], "texture": "#0"},
				"down": {"uv": [0.032, 7.032, 0.968, 7.968], "texture": "#0"}
			}
		},
		{
			"name": "Cube",
			"from": [9, 3, -5.7],
			"to": [14, 4, -4.7],
			"rotation": {"angle": -45, "axis": "y", "origin": [0.5, 0, 0]},
			"faces": {
				"north": {"uv": [0.032, 0.032, 0.968, 7.968], "texture": "#0"},
				"west": {"uv": [0.032, 0.032, 0.968, 7.968], "texture": "#0"},
				"up": {"uv": [0.032, 0.032, 0.968, 0.968], "texture": "#0"},
				"down": {"uv": [0.032, 7.032, 0.968, 7.968], "texture": "#0"}
			}
		},
		{
			"name": "Check",
			"from": [13.08, 3, 5.5],
			"to": [14.08, 4, 10.5],
			"faces": {
				"north": {"uv": [0.032, 0.032, 0.968, 7.968], "texture": "#0"},
				"east": {"uv": [0.032, 0.032, 0.968, 7.968], "texture": "#0"},
				"south": {"uv": [0.032, 0.032, 0.968, 7.968], "texture": "#0"},
				"up": {"uv": [0.032, 0.032, 0.968, 0.968], "texture": "#0"},
				"down": {"uv": [0.032, 7.032, 0.968, 7.968], "texture": "#0"}
			}
		},
		{
			"name": "Cube",
			"from": [8.9, 3, 5.4],
			"to": [13.9, 4, 6.4],
			"rotation": {"angle": -45, "axis": "y", "origin": [0.5, 0, 0]},
			"faces": {
				"east": {"uv": [0.032, 0.032, 0.968, 7.968], "texture": "#0"},
				"south": {"uv": [0.032, 0.032, 0.968, 7.968], "texture": "#0"},
				"west": {"uv": [0.032, 0.032, 0.968, 7.968], "texture": "#0"},
				"up": {"uv": [0.032, 0.032, 0.968, 0.968], "texture": "#0"},
				"down": {"uv": [0.032, 7.032, 0.968, 7.968], "texture": "#0"}
			}
		},
		{
			"name": "Cube",
			"from": [-2.22449, 2.5, 5.55619],
			"to": [2.3717, 4.5, 6.45013],
			"rotation": {"angle": 45, "axis": "y", "origin": [0.3717, 0, -0.04987]},
			"faces": {
				"north": {"uv": [0.032, 0.032, 0.968, 7.968], "texture": "#0"},
				"south": {"uv": [0.032, 0.032, 0.968, 7.968], "texture": "#0"},
				"up": {"uv": [0.032, 0.032, 0.968, 0.968], "texture": "#0"},
				"down": {"uv": [0.032, 7.032, 0.968, 7.968], "texture": "#0"}
			}
		},
		{
			"name": "Cube",
			"from": [-2.14343, 2.5, 15.47962],
			"to": [2.55657, 4.5, 16.47962],
			"rotation": {"angle": 45, "axis": "y", "origin": [0.45657, 0, 0.02962]},
			"faces": {
				"north": {"uv": [0.032, 0.032, 0.968, 7.968], "texture": "#0"},
				"east": {"uv": [0.032, 0.032, 0.968, 7.968], "texture": "#0"},
				"south": {"uv": [0.032, 0.032, 0.968, 7.968], "texture": "#0"},
				"up": {"uv": [0.032, 0.032, 0.968, 0.968], "texture": "#0"},
				"down": {"uv": [0.032, 7.032, 0.968, 7.968], "texture": "#0"}
			}
		},
		{
			"name": "Cube",
			"from": [9.19312, 2.5, -5.20152],
			"to": [13.78932, 4.5, -4.225],
			"rotation": {"angle": -45, "axis": "y", "origin": [0.425, 0, -0.075]},
			"faces": {
				"north": {"uv": [0.032, 0.032, 0.968, 7.968], "texture": "#0"},
				"south": {"uv": [0.032, 0.032, 0.968, 7.968], "texture": "#0"},
				"up": {"uv": [0.032, 0.032, 0.968, 0.968], "texture": "#0"},
				"down": {"uv": [0.032, 7.032, 0.968, 7.968], "texture": "#0"}
			}
		},
		{
			"name": "Cube",
			"from": [9.2201, 2.5, 4.82624],
			"to": [13.8163, 4.5, 5.82624],
			"rotation": {"angle": -45, "axis": "y", "origin": [0.5201, 0, -0.07376]},
			"faces": {
				"north": {"uv": [0.032, 0.032, 0.968, 7.968], "texture": "#0"},
				"south": {"uv": [0.032, 0.032, 0.968, 7.968], "texture": "#0"},
				"up": {"uv": [0.032, 0.032, 0.968, 0.968], "texture": "#0"},
				"down": {"uv": [0.032, 7.032, 0.968, 7.968], "texture": "#0"}
			}
		},
		{
			"name": "Cube",
			"from": [5.75, 2.525, 3.5],
			"to": [10.25, 4.475, 5.5],
			"faces": {
				"east": {"uv": [8.032, 9.032, 14.968, 14.968], "texture": "#0"},
				"south": {"uv": [8.032, 9.032, 14.968, 14.968], "texture": "#0"},
				"west": {"uv": [8.032, 9.032, 14.968, 14.968], "texture": "#0"},
				"up": {"uv": [8.032, 9.032, 14.968, 14.968], "texture": "#0"},
				"down": {"uv": [8.032, 9.032, 14.968, 14.968], "texture": "#0"}
			}
		},
		{
			"name": "Cube",
			"from": [5.75, 2.525, 10.5],
			"to": [10.25, 4.475, 12.5],
			"faces": {
				"north": {"uv": [8.032, 9.032, 14.968, 14.968], "texture": "#0"},
				"east": {"uv": [8.032, 9.032, 14.968, 14.968], "texture": "#0"},
				"west": {"uv": [8.032, 9.032, 14.968, 14.968], "texture": "#0"},
				"up": {"uv": [8.032, 9.032, 14.968, 14.968], "texture": "#0"},
				"down": {"uv": [8.032, 9.032, 14.968, 14.968], "texture": "#0"}
			}
		},
		{
			"name": "Cube",
			"from": [3.5, 2.525, 5.75],
			"to": [5.5, 4.475, 10.25],
			"faces": {
				"north": {"uv": [8.032, 9.032, 14.968, 14.968], "texture": "#0"},
				"east": {"uv": [8.032, 9.032, 14.968, 14.968], "texture": "#0"},
				"south": {"uv": [8.032, 9.032, 14.968, 14.968], "texture": "#0"},
				"up": {"uv": [8.032, 9.032, 14.968, 14.968], "texture": "#0"},
				"down": {"uv": [8.032, 9.032, 14.968, 14.968], "texture": "#0"}
			}
		},
		{
			"name": "Cube",
			"from": [10.5, 2.525, 5.75],
			"to": [12.5, 4.475, 10.25],
			"faces": {
				"north": {"uv": [8.032, 9.032, 14.968, 14.968], "texture": "#0"},
				"south": {"uv": [8.032, 9.032, 14.968, 14.968], "texture": "#0"},
				"west": {"uv": [8.032, 9.032, 14.968, 14.968], "texture": "#0"},
				"up": {"uv": [8.032, 9.032, 14.968, 14.968], "texture": "#0"},
				"down": {"uv": [8.032, 9.032, 14.968, 14.968], "texture": "#0"}
			}
		},
		{
			"name": "Cube",
			"from": [5.5, 0.7, 3.6],
			"to": [6, 1.3, 4.2],
			"rotation": {"angle": -45, "axis": "x", "origin": [0.5, 0, 0]},
			"faces": {
				"north": {"uv": [15.032, 0.032, 15.5, 0.6], "texture": "#0"},
				"east": {"uv": [15.032, 0.032, 15.6, 0.6], "texture": "#0"},
				"west": {"uv": [15.032, 0.032, 15.6, 0.6], "texture": "#0"},
				"up": {"uv": [15.032, 0.032, 15.5, 0.6], "texture": "#0"}
			}
		},
		{
			"name": "Cube",
			"from": [10.1, 0.7, 3.6],
			"to": [10.6, 1.3, 4.2],
			"rotation": {"angle": -45, "axis": "x", "origin": [0.5, 0, 0]},
			"faces": {
				"north": {"uv": [15.032, 0.032, 15.5, 0.6], "texture": "#0"},
				"east": {"uv": [15.032, 0.032, 15.6, 0.6], "texture": "#0"},
				"south": {"uv": [15.032, 0.032, 15.5, 0.6], "texture": "#0"},
				"west": {"uv": [15.032, 0.032, 15.6, 0.6], "texture": "#0"},
				"up": {"uv": [15.032, 0.032, 15.5, 0.6], "texture": "#0"},
				"down": {"uv": [15.032, 0.032, 15.5, 0.6], "texture": "#0"}
			}
		},
		{
			"name": "Cube",
			"from": [5.5, -7.7, 12.1],
			"to": [6, -7.1, 12.7],
			"rotation": {"angle": -45, "axis": "x", "origin": [0.5, 0, 0]},
			"faces": {
				"north": {"uv": [15.032, 0.032, 15.5, 0.6], "texture": "#0"},
				"east": {"uv": [15.032, 0.032, 15.6, 0.6], "texture": "#0"},
				"south": {"uv": [15.032, 0.032, 15.5, 0.6], "texture": "#0"},
				"west": {"uv": [15.032, 0.032, 15.6, 0.6], "texture": "#0"},
				"up": {"uv": [15.032, 0.032, 15.5, 0.6], "texture": "#0"},
				"down": {"uv": [15.032, 0.032, 15.5, 0.6], "texture": "#0"}
			}
		},
		{
			"name": "Cube",
			"from": [10.05, -7.7, 12.1],
			"to": [10.55, -7.1, 12.7],
			"rotation": {"angle": -45, "axis": "x", "origin": [0.5, 0, 0]},
			"faces": {
				"north": {"uv": [15.032, 0.032, 15.5, 0.6], "texture": "#0"},
				"east": {"uv": [15.032, 0.032, 15.6, 0.6], "texture": "#0"},
				"south": {"uv": [15.032, 0.032, 15.5, 0.6], "texture": "#0"},
				"west": {"uv": [15.032, 0.032, 15.6, 0.6], "texture": "#0"},
				"up": {"uv": [15.032, 0.032, 15.5, 0.6], "texture": "#0"},
				"down": {"uv": [15.032, 0.032, 15.5, 0.6], "texture": "#0"}
			}
		},
		{
			"name": "Cube",
			"from": [7.3, 11.8, 9.95],
			"to": [7.9, 12.4, 10.45],
			"rotation": {"angle": -45, "axis": "z", "origin": [0.5, 0, 0]},
			"faces": {
				"north": {"uv": [15.032, 0.032, 15.6, 0.6], "texture": "#0"},
				"east": {"uv": [15.032, 0.032, 15.5, 0.6], "texture": "#0"},
				"south": {"uv": [15.032, 0.032, 15.6, 0.6], "texture": "#0"},
				"up": {"uv": [15.032, 0.032, 15.6, 0.5], "texture": "#0"}
			}
		},
		{
			"name": "Cube",
			"from": [7.3, 11.8, 5.55],
			"to": [7.9, 12.4, 6.05],
			"rotation": {"angle": -45, "axis": "z", "origin": [0.5, 0, 0]},
			"faces": {
				"north": {"uv": [15.032, 0.032, 15.6, 0.6], "texture": "#0"},
				"east": {"uv": [15.032, 0.032, 15.5, 0.6], "texture": "#0"},
				"south": {"uv": [15.032, 0.032, 15.6, 0.6], "texture": "#0"},
				"up": {"uv": [15.032, 0.032, 15.6, 0.5], "texture": "#0"}
			}
		},
		{
			"name": "Cube",
			"from": [-1.2, 3.22, 5.55],
			"to": [-0.6, 3.82, 6.05],
			"rotation": {"angle": -45, "axis": "z", "origin": [0.5, 0, 0]},
			"faces": {
				"north": {"uv": [15.032, 0.032, 15.6, 0.6], "texture": "#0"},
				"south": {"uv": [15.032, 0.032, 15.6, 0.6], "texture": "#0"},
				"west": {"uv": [15.032, 0.032, 15.5, 0.6], "texture": "#0"},
				"down": {"uv": [15.032, 0.032, 15.6, 0.5], "texture": "#0"}
			}
		},
		{
			"name": "Cube",
			"from": [-1.2, 3.22, 9.95],
			"to": [-0.6, 3.82, 10.45],
			"rotation": {"angle": -45, "axis": "z", "origin": [0.5, 0, 0]},
			"faces": {
				"north": {"uv": [15.032, 0.032, 15.6, 0.6], "texture": "#0"},
				"south": {"uv": [15.032, 0.032, 15.6, 0.6], "texture": "#0"},
				"west": {"uv": [15.032, 0.032, 15.5, 0.6], "texture": "#0"},
				"down": {"uv": [15.032, 0.032, 15.6, 0.5], "texture": "#0"}
			}
		},
		{
			"name": "Cube",
			"from": [5.9, 3.2, 1.8],
			"to": [10.2, 3.7, 1.9],
			"faces": {
				"north": {"uv": [4.032, 3.032, 13.968, 5.968], "texture": "#0"},
				"east": {"uv": [4.032, 3.032, 4.968, 5.968], "texture": "#0"},
				"south": {"uv": [4.032, 3.032, 13.968, 5.968], "texture": "#0"},
				"west": {"uv": [4.032, 3.032, 4.968, 5.968], "texture": "#0"},
				"up": {"uv": [4.032, 3.032, 13.968, 3.968], "rotation": 180, "texture": "#0"},
				"down": {"uv": [4.032, 5.032, 13.968, 5.968], "rotation": 180, "texture": "#0"}
			}
		},
		{
			"name": "Cube",
			"from": [5.9, 3.28, 14.15],
			"to": [10.2, 3.78, 14.25],
			"faces": {
				"north": {"uv": [4.032, 3.032, 13.968, 5.968], "texture": "#0"},
				"east": {"uv": [4.032, 3.032, 4.968, 5.968], "texture": "#0"},
				"south": {"uv": [4.032, 3.032, 13.968, 5.968], "texture": "#0"},
				"west": {"uv": [4.032, 3.032, 4.968, 5.968], "texture": "#0"},
				"up": {"uv": [4.032, 3.032, 13.968, 3.968], "texture": "#0"},
				"down": {"uv": [4.032, 5.032, 13.968, 5.968], "texture": "#0"}
			}
		},
		{
			"name": "Cube",
			"from": [5.5, 3.28, 13.75],
			"to": [11.05, 3.78, 13.85],
			"rotation": {"angle": 45, "axis": "y", "origin": [8.5, 8, 8]},
			"faces": {
				"north": {"uv": [4.032, 3.032, 13.968, 5.968], "texture": "#0"},
				"east": {"uv": [4.032, 3.032, 4.968, 5.968], "texture": "#0"},
				"south": {"uv": [4.032, 3.032, 13.968, 5.968], "texture": "#0"},
				"west": {"uv": [4.032, 3.032, 4.968, 5.968], "texture": "#0"},
				"up": {"uv": [4.032, 3.032, 13.968, 3.968], "texture": "#0"},
				"down": {"uv": [4.032, 5.032, 13.968, 5.968], "texture": "#0"}
			}
		},
		{
			"name": "Cube",
			"from": [5.3, 3.2, 1.45],
			"to": [10.85, 3.7, 1.55],
			"rotation": {"angle": 45, "axis": "y", "origin": [8.5, 8, 8]},
			"faces": {
				"north": {"uv": [4.032, 3.032, 13.968, 5.968], "texture": "#0"},
				"east": {"uv": [4.032, 3.032, 4.968, 5.968], "texture": "#0"},
				"south": {"uv": [4.032, 3.032, 13.968, 5.968], "texture": "#0"},
				"west": {"uv": [4.032, 3.032, 4.968, 5.968], "texture": "#0"},
				"up": {"uv": [4.032, 3.032, 13.968, 3.968], "rotation": 180, "texture": "#0"},
				"down": {"uv": [4.032, 5.032, 13.968, 5.968], "rotation": 180, "texture": "#0"}
			}
		},
		{
			"name": "Cube",
			"from": [5.5, 3.25, 2.1],
			"to": [11.05, 3.75, 2.2],
			"rotation": {"angle": -45, "axis": "y", "origin": [8.5, 8, 8]},
			"faces": {
				"north": {"uv": [4.032, 3.032, 13.968, 5.968], "texture": "#0"},
				"east": {"uv": [4.032, 3.032, 4.968, 5.968], "texture": "#0"},
				"south": {"uv": [4.032, 3.032, 13.968, 5.968], "texture": "#0"},
				"west": {"uv": [4.032, 3.032, 4.968, 5.968], "texture": "#0"},
				"up": {"uv": [4.032, 3.032, 13.968, 3.968], "rotation": 180, "texture": "#0"},
				"down": {"uv": [4.032, 5.032, 13.968, 5.968], "rotation": 180, "texture": "#0"}
			}
		},
		{
			"name": "Cube",
			"from": [5.3, 3.25, 14.45],
			"to": [10.85, 3.75, 14.55],
			"rotation": {"angle": -45, "axis": "y", "origin": [8.5, 8, 8]},
			"faces": {
				"north": {"uv": [4.032, 3.032, 13.968, 5.968], "texture": "#0"},
				"east": {"uv": [4.032, 3.032, 4.968, 5.968], "texture": "#0"},
				"south": {"uv": [4.032, 3.032, 13.968, 5.968], "texture": "#0"},
				"west": {"uv": [4.032, 3.032, 4.968, 5.968], "texture": "#0"},
				"up": {"uv": [4.032, 3.032, 13.968, 3.968], "texture": "#0"},
				"down": {"uv": [4.032, 5.032, 13.968, 5.968], "texture": "#0"}
			}
		},
		{
			"name": "Cube",
			"from": [1.65, 3.2, 5.85],
			"to": [1.75, 3.7, 10.15],
			"faces": {
				"north": {"uv": [4.032, 3.032, 4.968, 5.968], "texture": "#0"},
				"east": {"uv": [4.032, 3.032, 13.968, 5.968], "texture": "#0"},
				"south": {"uv": [13.032, 3.032, 13.968, 5.968], "texture": "#0"},
				"west": {"uv": [4.032, 3.032, 13.968, 5.968], "texture": "#0"},
				"up": {"uv": [4.032, 3.032, 13.968, 3.968], "rotation": 90, "texture": "#0"},
				"down": {"uv": [4.032, 5.032, 13.968, 5.968], "rotation": 270, "texture": "#0"}
			}
		},
		{
			"name": "Cube",
			"from": [14.35, 3.25, 5.85],
			"to": [14.45, 3.75, 10.15],
			"faces": {
				"north": {"uv": [4.032, 3.032, 4.968, 5.968], "texture": "#0"},
				"east": {"uv": [4.032, 3.032, 13.968, 5.968], "texture": "#0"},
				"south": {"uv": [13.032, 3.032, 13.968, 5.968], "texture": "#0"},
				"west": {"uv": [4.032, 3.032, 13.968, 5.968], "texture": "#0"},
				"up": {"uv": [4.032, 3.032, 13.968, 3.968], "rotation": 270, "texture": "#0"},
				"down": {"uv": [4.032, 5.032, 13.968, 5.968], "rotation": 90, "texture": "#0"}
			}
		},
		{
			"name": "Check",
			"from": [5.75, 2.5, 12.5],
			"to": [10.25, 4.5, 13.5],
			"faces": {
				"north": {"uv": [0.032, 0.032, 0.968, 7.968], "texture": "#0"},
				"south": {"uv": [0.032, 0.032, 0.968, 7.968], "texture": "#0"},
				"up": {"uv": [0.032, 0.032, 0.968, 0.968], "texture": "#0"},
				"down": {"uv": [0.032, 7.032, 0.968, 7.968], "texture": "#0"}
			}
		},
		{
			"name": "Check",
			"from": [12.5, 2.5, 5.75],
			"to": [13.5, 4.5, 10.25],
			"faces": {
				"east": {"uv": [0.032, 0.032, 0.968, 7.968], "texture": "#0"},
				"west": {"uv": [0.032, 0.032, 0.968, 7.968], "texture": "#0"},
				"up": {"uv": [0.032, 0.032, 0.968, 0.968], "rotation": 270, "texture": "#0"},
				"down": {"uv": [0.032, 7.032, 0.968, 7.968], "rotation": 90, "texture": "#0"}
			}
		},
		{
			"name": "Check",
			"from": [5.75, 2.5, 2.5],
			"to": [10.25, 4.5, 3.5],
			"faces": {
				"north": {"uv": [0.032, 0.032, 0.968, 7.968], "texture": "#0"},
				"south": {"uv": [0.032, 0.032, 0.968, 7.968], "texture": "#0"},
				"up": {"uv": [0.032, 0.032, 0.968, 0.968], "rotation": 180, "texture": "#0"},
				"down": {"uv": [0.032, 7.032, 0.968, 7.968], "rotation": 180, "texture": "#0"}
			}
		},
		{
			"name": "Check",
			"from": [2.5, 2.5, 5.75],
			"to": [3.5, 4.5, 10.25],
			"faces": {
				"east": {"uv": [0.032, 0.032, 0.968, 7.968], "texture": "#0"},
				"west": {"uv": [0.032, 0.032, 0.968, 7.968], "texture": "#0"},
				"up": {"uv": [0.032, 0.032, 0.968, 0.968], "rotation": 90, "texture": "#0"},
				"down": {"uv": [0.032, 7.032, 0.968, 7.968], "rotation": 270, "texture": "#0"}
			}
		},
		{
			"name": "Cube3",
			"from": [5.75, 2.55, 9.725],
			"to": [10.25, 4.35, 11.225],
			"rotation": {"angle": -45, "axis": "y", "origin": [8, 0, 8], "rescale": true},
			"faces": {
				"north": {"uv": [8.032, 9.032, 14.968, 14.968], "texture": "#0"},
				"south": {"uv": [8.032, 9.032, 14.968, 14.968], "texture": "#0"},
				"up": {"uv": [8.032, 9.032, 14.968, 14.968], "rotation": 90, "texture": "#0"},
				"down": {"uv": [8.032, 9.032, 14.968, 14.968], "rotation": 270, "texture": "#0"}
			}
		},
		{
			"name": "Cube4",
			"from": [4.775, 2.55, 5.75],
			"to": [6.275, 4.35, 10.25],
			"rotation": {"angle": -45, "axis": "y", "origin": [8, 0, 8], "rescale": true},
			"faces": {
				"east": {"uv": [8.032, 9.032, 14.968, 14.968], "texture": "#0"},
				"west": {"uv": [8.032, 9.032, 14.968, 14.968], "texture": "#0"},
				"up": {"uv": [8.032, 9.032, 14.968, 14.968], "rotation": 180, "texture": "#0"},
				"down": {"uv": [8.032, 9.032, 14.968, 14.968], "rotation": 180, "texture": "#0"}
			}
		},
		{
			"name": "Cube5",
			"from": [5.75, 2.55, 4.775],
			"to": [10.25, 4.35, 6.275],
			"rotation": {"angle": -45, "axis": "y", "origin": [8, 0, 8], "rescale": true},
			"faces": {
				"north": {"uv": [8.032, 9.032, 14.968, 14.968], "texture": "#0"},
				"south": {"uv": [8.032, 9.032, 14.968, 14.968], "texture": "#0"},
				"up": {"uv": [8.032, 9.032, 14.968, 14.968], "rotation": 270, "texture": "#0"},
				"down": {"uv": [8.032, 9.032, 14.968, 14.968], "rotation": 90, "texture": "#0"}
			}
		},
		{
			"name": "Cube5",
			"from": [9.725, 2.55, 5.75],
			"to": [11.225, 4.35, 10.25],
			"rotation": {"angle": -45, "axis": "y", "origin": [8, 0, 8], "rescale": true},
			"faces": {
				"east": {"uv": [8.032, 9.032, 14.968, 14.968], "texture": "#0"},
				"west": {"uv": [8.032, 9.032, 14.968, 14.968], "texture": "#0"},
				"up": {"uv": [8.032, 9.032, 14.968, 14.968], "texture": "#0"},
				"down": {"uv": [8.032, 9.032, 14.968, 14.968], "texture": "#0"}
			}
		}
	],
	"display": {
		"thirdperson_righthand": {
			"rotation": [90, 0, 0],
			"translation": [0, 3, 5]
		},
		"firstperson_righthand": {
			"rotation": [30, 0, 0]
		},
		"ground": {
			"rotation": [90, 0, 0],
			"translation": [0, 3, 4.5]
		},
		"gui": {
			"rotation": [90, 0, 0],
			"translation": [1, 0, 0]
		},
		"head": {
			"translation": [0.5, -10, 0.5],
			"scale": [3, 3, 3]
		}
	}
}