{
	"credit": "Made with Blockbench",
	"textures": {
		"0": "decorations/board/yoshi/yoshi_island_flowers",
		"particle": "decorations/board/yoshi/yoshi_island_flowers"
	},
	"elements": [
		{
			"from": [7.5, 1, 6.35],
			"to": [8.5, 2, 7.1],
			"rotation": {"angle": -22.5, "axis": "y", "origin": [8, 2.21455, 8]},
			"faces": {
				"north": {"uv": [15.032, 4.032, 15.968, 4.968], "texture": "#0"},
				"east": {"uv": [15.032, 4.032, 15.968, 4.968], "texture": "#0"},
				"south": {"uv": [15.032, 4.032, 15.968, 4.968], "texture": "#0"},
				"west": {"uv": [15.032, 4.032, 15.968, 4.968], "texture": "#0"},
				"up": {"uv": [15.032, 4.032, 15.968, 4.968], "texture": "#0"},
				"down": {"uv": [15.032, 4.032, 15.968, 4.968], "rotation": 270, "texture": "#0"}
			}
		},
		{
			"from": [7, 0, 7.5],
			"to": [9, 1, 8.5],
			"rotation": {"angle": -22.5, "axis": "y", "origin": [8, 2.21455, 8]},
			"faces": {
				"north": {"uv": [15.032, 4.032, 15.968, 4.968], "texture": "#0"},
				"east": {"uv": [15.032, 4.032, 15.968, 4.968], "texture": "#0"},
				"south": {"uv": [15.032, 4.032, 15.968, 4.968], "texture": "#0"},
				"west": {"uv": [15.032, 4.032, 15.968, 4.968], "texture": "#0"},
				"up": {"uv": [15.032, 4.032, 15.968, 4.968], "texture": "#0"},
				"down": {"uv": [15.032, 4.032, 15.968, 4.968], "texture": "#0"}
			}
		},
		{
			"from": [6.6, 0.5, 6.6],
			"to": [7.35, 1.5, 7.35],
			"rotation": {"angle": -22.5, "axis": "y", "origin": [8, 2.21455, 8]},
			"faces": {
				"north": {"uv": [15.032, 4.032, 15.968, 4.968], "texture": "#0"},
				"east": {"uv": [15.032, 4.032, 15.968, 4.968], "texture": "#0"},
				"south": {"uv": [15.032, 4.032, 15.968, 4.968], "texture": "#0"},
				"west": {"uv": [15.032, 4.032, 15.968, 4.968], "texture": "#0"},
				"up": {"uv": [15.032, 4.032, 15.968, 4.968], "texture": "#0"},
				"down": {"uv": [15.032, 4.032, 15.968, 4.968], "rotation": 270, "texture": "#0"}
			}
		},
		{
			"from": [7.5, 0, 7],
			"to": [8.5, 0.8, 9],
			"rotation": {"angle": -22.5, "axis": "y", "origin": [8, 2.21455, 8]},
			"faces": {
				"north": {"uv": [15.032, 4.032, 15.968, 4.968], "texture": "#0"},
				"east": {"uv": [15.032, 4.032, 15.968, 4.968], "texture": "#0"},
				"south": {"uv": [15.032, 4.032, 15.968, 4.968], "texture": "#0"},
				"west": {"uv": [15.032, 4.032, 15.968, 4.968], "texture": "#0"},
				"up": {"uv": [14.5, 0.5, 15.5, 1.5], "texture": "#0"},
				"down": {"uv": [15.032, 4.032, 15.968, 4.968], "texture": "#0"}
			}
		},
		{
			"from": [7.25, 0, 7.25],
			"to": [8.75, 0.8, 8.75],
			"rotation": {"angle": -22.5, "axis": "y", "origin": [8, 2.21455, 8]},
			"faces": {
				"north": {"uv": [15.032, 4.032, 15.968, 4.968], "texture": "#0"},
				"east": {"uv": [15.032, 4.032, 15.968, 4.968], "texture": "#0"},
				"south": {"uv": [15.032, 4.032, 15.968, 4.968], "texture": "#0"},
				"west": {"uv": [15.032, 4.032, 15.968, 4.968], "texture": "#0"},
				"up": {"uv": [14.5, 0.5, 15.5, 1.5], "texture": "#0"},
				"down": {"uv": [15.032, 4.032, 15.968, 4.968], "texture": "#0"}
			}
		},
		{
			"from": [7.4, 2.25, 5.25],
			"to": [8.6, 3, 6.25],
			"rotation": {"angle": -22.5, "axis": "y", "origin": [8, 2.21455, 8]},
			"faces": {
				"north": {"uv": [14.5, 0.5, 15.5, 1.5], "texture": "#0"},
				"east": {"uv": [11.032, 1.032, 15.968, 4.968], "rotation": 90, "texture": "#0"},
				"south": {"uv": [15.032, 4.032, 15.968, 4.968], "texture": "#0"},
				"west": {"uv": [11.032, 1.032, 15.968, 4.968], "rotation": 270, "texture": "#0"},
				"up": {"uv": [11.032, 1.032, 15.968, 4.968], "texture": "#0"},
				"down": {"uv": [11.032, 1.032, 15.968, 4.968], "rotation": 180, "texture": "#0"}
			}
		},
		{
			"from": [7.4, 3, 3.75],
			"to": [8.6, 3.5, 4.75],
			"rotation": {"angle": -22.5, "axis": "y", "origin": [8, 2.21455, 8]},
			"faces": {
				"north": {"uv": [14.5, 0.5, 15.5, 1.5], "texture": "#0"},
				"east": {"uv": [14.5, 0.5, 15.5, 1.5], "texture": "#0"},
				"south": {"uv": [14.5, 0.5, 15.5, 1.5], "texture": "#0"},
				"west": {"uv": [14.5, 0.5, 15.5, 1.5], "texture": "#0"},
				"up": {"uv": [14.5, 0.5, 15.5, 1.5], "rotation": 90, "texture": "#0"},
				"down": {"uv": [14.5, 0.5, 15.5, 1.5], "rotation": 270, "texture": "#0"}
			}
		},
		{
			"from": [7.35, 2.5, 4.5],
			"to": [8.65, 3.25, 5.5],
			"rotation": {"angle": -22.5, "axis": "y", "origin": [8, 2.21455, 8]},
			"faces": {
				"north": {"uv": [14.5, 0.5, 15.5, 1.5], "texture": "#0"},
				"east": {"uv": [14.5, 0.5, 15.5, 1.5], "texture": "#0"},
				"south": {"uv": [14.5, 0.5, 15.5, 1.5], "texture": "#0"},
				"west": {"uv": [14.5, 0.5, 15.5, 1.5], "texture": "#0"},
				"up": {"uv": [14.5, 0.5, 15.5, 1.5], "rotation": 90, "texture": "#0"},
				"down": {"uv": [14.5, 0.5, 15.5, 1.5], "rotation": 270, "texture": "#0"}
			}
		},
		{
			"from": [7.45, 1.75, 6],
			"to": [8.55, 2.5, 6.75],
			"rotation": {"angle": -22.5, "axis": "y", "origin": [8, 2.21455, 8]},
			"faces": {
				"north": {"uv": [15.032, 4.032, 15.968, 4.968], "texture": "#0"},
				"east": {"uv": [15.032, 4.032, 15.968, 4.968], "texture": "#0"},
				"south": {"uv": [15.032, 4.032, 15.968, 4.968], "texture": "#0"},
				"west": {"uv": [15.032, 4.032, 15.968, 4.968], "texture": "#0"},
				"up": {"uv": [15.032, 4.032, 15.968, 4.968], "texture": "#0"},
				"down": {"uv": [15.032, 4.032, 15.968, 4.968], "rotation": 270, "texture": "#0"}
			}
		},
		{
			"from": [7.55, 0.5, 6.75],
			"to": [8.45, 1.5, 7.5],
			"rotation": {"angle": -22.5, "axis": "y", "origin": [8, 2.21455, 8]},
			"faces": {
				"north": {"uv": [15.032, 4.032, 15.968, 4.968], "texture": "#0"},
				"east": {"uv": [15.032, 4.032, 15.968, 4.968], "texture": "#0"},
				"south": {"uv": [15.032, 4.032, 15.968, 4.968], "texture": "#0"},
				"west": {"uv": [15.032, 4.032, 15.968, 4.968], "texture": "#0"},
				"up": {"uv": [15.032, 4.032, 15.968, 4.968], "texture": "#0"},
				"down": {"uv": [15.032, 4.032, 15.968, 4.968], "rotation": 270, "texture": "#0"}
			}
		},
		{
			"from": [6.35, 1, 6.35],
			"to": [6.85, 2, 6.85],
			"rotation": {"angle": -22.5, "axis": "y", "origin": [8, 2.21455, 8]},
			"faces": {
				"north": {"uv": [15.032, 4.032, 15.968, 4.968], "texture": "#0"},
				"east": {"uv": [15.032, 4.032, 15.968, 4.968], "texture": "#0"},
				"south": {"uv": [15.032, 4.032, 15.968, 4.968], "texture": "#0"},
				"west": {"uv": [15.032, 4.032, 15.968, 4.968], "texture": "#0"},
				"up": {"uv": [15.032, 4.032, 15.968, 4.968], "texture": "#0"},
				"down": {"uv": [15.032, 4.032, 15.968, 4.968], "rotation": 270, "texture": "#0"}
			}
		},
		{
			"from": [5.85, 1.75, 5.85],
			"to": [6.6, 2.5, 6.6],
			"rotation": {"angle": -22.5, "axis": "y", "origin": [8, 2.21455, 8]},
			"faces": {
				"north": {"uv": [12.032, 1.032, 14.968, 3.968], "rotation": 270, "texture": "#0"},
				"east": {"uv": [11.032, 4.032, 13.968, 4.968], "texture": "#0"},
				"south": {"uv": [11.032, 2.032, 11.968, 4.968], "rotation": 270, "texture": "#0"},
				"west": {"uv": [12.032, 1.032, 14.968, 3.968], "rotation": 90, "texture": "#0"},
				"up": {"uv": [11.032, 2.032, 13.968, 4.968], "rotation": 270, "texture": "#0"},
				"down": {"uv": [11.032, 2.032, 13.968, 4.968], "rotation": 180, "texture": "#0"}
			}
		},
		{
			"from": [5.35, 2.25, 5.35],
			"to": [6.1, 3, 6.1],
			"rotation": {"angle": -22.5, "axis": "y", "origin": [8, 2.21455, 8]},
			"faces": {
				"north": {"uv": [14.5, 0.5, 15.5, 1.5], "texture": "#0"},
				"east": {"uv": [14.5, 0.5, 15.5, 1.5], "texture": "#0"},
				"south": {"uv": [14.5, 0.5, 15.5, 1.5], "texture": "#0"},
				"west": {"uv": [14.5, 0.5, 15.5, 1.5], "texture": "#0"},
				"up": {"uv": [14.5, 0.5, 15.5, 1.5], "rotation": 90, "texture": "#0"},
				"down": {"uv": [14.5, 0.5, 15.5, 1.5], "rotation": 270, "texture": "#0"}
			}
		},
		{
			"from": [4.85, 2.5, 4.85],
			"to": [5.6, 3.25, 5.6],
			"rotation": {"angle": -22.5, "axis": "y", "origin": [8, 2.21455, 8]},
			"faces": {
				"north": {"uv": [14.5, 0.5, 15.5, 1.5], "texture": "#0"},
				"east": {"uv": [14.5, 0.5, 15.5, 1.5], "texture": "#0"},
				"south": {"uv": [14.5, 0.5, 15.5, 1.5], "texture": "#0"},
				"west": {"uv": [14.5, 0.5, 15.5, 1.5], "texture": "#0"},
				"up": {"uv": [14.5, 0.5, 15.5, 1.5], "rotation": 90, "texture": "#0"},
				"down": {"uv": [14.5, 0.5, 15.5, 1.5], "rotation": 270, "texture": "#0"}
			}
		},
		{
			"from": [4.1, 2.75, 4.1],
			"to": [5.1, 3.5, 5.1],
			"rotation": {"angle": -22.5, "axis": "y", "origin": [8, 2.21455, 8]},
			"faces": {
				"north": {"uv": [14.5, 0.5, 15.5, 1.5], "texture": "#0"},
				"east": {"uv": [14.5, 0.5, 15.5, 1.5], "texture": "#0"},
				"south": {"uv": [14.5, 0.5, 15.5, 1.5], "texture": "#0"},
				"west": {"uv": [14.5, 0.5, 15.5, 1.5], "texture": "#0"},
				"up": {"uv": [14.5, 0.5, 15.5, 1.5], "rotation": 90, "texture": "#0"},
				"down": {"uv": [14.5, 0.5, 15.5, 1.5], "rotation": 270, "texture": "#0"}
			}
		},
		{
			"from": [6.35, 1, 7.5],
			"to": [7.1, 2, 8.5],
			"rotation": {"angle": -22.5, "axis": "y", "origin": [8, 2.21455, 8]},
			"faces": {
				"north": {"uv": [15.032, 4.032, 15.968, 4.968], "texture": "#0"},
				"east": {"uv": [15.032, 4.032, 15.968, 4.968], "texture": "#0"},
				"south": {"uv": [15.032, 4.032, 15.968, 4.968], "texture": "#0"},
				"west": {"uv": [15.032, 4.032, 15.968, 4.968], "texture": "#0"},
				"up": {"uv": [15.032, 4.032, 15.968, 4.968], "texture": "#0"},
				"down": {"uv": [15.032, 4.032, 15.968, 4.968], "texture": "#0"}
			}
		},
		{
			"from": [4.1, 2.75, 10.9],
			"to": [5.1, 3.5, 11.9],
			"rotation": {"angle": -22.5, "axis": "y", "origin": [8, 2.21455, 8]},
			"faces": {
				"north": {"uv": [14.5, 0.5, 15.5, 1.5], "texture": "#0"},
				"east": {"uv": [14.5, 0.5, 15.5, 1.5], "texture": "#0"},
				"south": {"uv": [14.5, 0.5, 15.5, 1.5], "texture": "#0"},
				"west": {"uv": [14.5, 0.5, 15.5, 1.5], "texture": "#0"},
				"up": {"uv": [14.5, 0.5, 15.5, 1.5], "texture": "#0"},
				"down": {"uv": [14.5, 0.5, 15.5, 1.5], "texture": "#0"}
			}
		},
		{
			"from": [4.85, 2.5, 10.4],
			"to": [5.6, 3.25, 11.15],
			"rotation": {"angle": -22.5, "axis": "y", "origin": [8, 2.21455, 8]},
			"faces": {
				"north": {"uv": [14.5, 0.5, 15.5, 1.5], "texture": "#0"},
				"east": {"uv": [14.5, 0.5, 15.5, 1.5], "texture": "#0"},
				"south": {"uv": [14.5, 0.5, 15.5, 1.5], "texture": "#0"},
				"west": {"uv": [14.5, 0.5, 15.5, 1.5], "texture": "#0"},
				"up": {"uv": [14.5, 0.5, 15.5, 1.5], "texture": "#0"},
				"down": {"uv": [14.5, 0.5, 15.5, 1.5], "texture": "#0"}
			}
		},
		{
			"from": [5.35, 2.25, 9.9],
			"to": [6.1, 3, 10.65],
			"rotation": {"angle": -22.5, "axis": "y", "origin": [8, 2.21455, 8]},
			"faces": {
				"north": {"uv": [14.5, 0.5, 15.5, 1.5], "texture": "#0"},
				"east": {"uv": [14.5, 0.5, 15.5, 1.5], "texture": "#0"},
				"south": {"uv": [14.5, 0.5, 15.5, 1.5], "texture": "#0"},
				"west": {"uv": [14.5, 0.5, 15.5, 1.5], "texture": "#0"},
				"up": {"uv": [14.5, 0.5, 15.5, 1.5], "texture": "#0"},
				"down": {"uv": [14.5, 0.5, 15.5, 1.5], "texture": "#0"}
			}
		},
		{
			"from": [5.85, 1.75, 9.4],
			"to": [6.6, 2.5, 10.15],
			"rotation": {"angle": -22.5, "axis": "y", "origin": [8, 2.21455, 8]},
			"faces": {
				"north": {"uv": [11.032, 4.032, 13.968, 4.968], "texture": "#0"},
				"east": {"uv": [11.032, 2.032, 11.968, 4.968], "rotation": 270, "texture": "#0"},
				"south": {"uv": [12.032, 1.032, 14.968, 3.968], "rotation": 90, "texture": "#0"},
				"west": {"uv": [12.032, 1.032, 14.968, 3.968], "rotation": 270, "texture": "#0"},
				"up": {"uv": [11.032, 2.032, 13.968, 4.968], "rotation": 180, "texture": "#0"},
				"down": {"uv": [11.032, 2.032, 13.968, 4.968], "rotation": 270, "texture": "#0"}
			}
		},
		{
			"from": [6.35, 1, 9.15],
			"to": [6.85, 2, 9.65],
			"rotation": {"angle": -22.5, "axis": "y", "origin": [8, 2.21455, 8]},
			"faces": {
				"north": {"uv": [15.032, 4.032, 15.968, 4.968], "texture": "#0"},
				"east": {"uv": [15.032, 4.032, 15.968, 4.968], "texture": "#0"},
				"south": {"uv": [15.032, 4.032, 15.968, 4.968], "texture": "#0"},
				"west": {"uv": [15.032, 4.032, 15.968, 4.968], "texture": "#0"},
				"up": {"uv": [15.032, 4.032, 15.968, 4.968], "texture": "#0"},
				"down": {"uv": [15.032, 4.032, 15.968, 4.968], "texture": "#0"}
			}
		},
		{
			"from": [6.6, 0.5, 8.65],
			"to": [7.35, 1.5, 9.4],
			"rotation": {"angle": -22.5, "axis": "y", "origin": [8, 2.21455, 8]},
			"faces": {
				"north": {"uv": [15.032, 4.032, 15.968, 4.968], "texture": "#0"},
				"east": {"uv": [15.032, 4.032, 15.968, 4.968], "texture": "#0"},
				"south": {"uv": [15.032, 4.032, 15.968, 4.968], "texture": "#0"},
				"west": {"uv": [15.032, 4.032, 15.968, 4.968], "texture": "#0"},
				"up": {"uv": [15.032, 4.032, 15.968, 4.968], "texture": "#0"},
				"down": {"uv": [15.032, 4.032, 15.968, 4.968], "texture": "#0"}
			}
		},
		{
			"from": [6, 1.75, 7.45],
			"to": [6.75, 2.5, 8.55],
			"rotation": {"angle": -22.5, "axis": "y", "origin": [8, 2.21455, 8]},
			"faces": {
				"north": {"uv": [15.032, 4.032, 15.968, 4.968], "texture": "#0"},
				"east": {"uv": [15.032, 4.032, 15.968, 4.968], "texture": "#0"},
				"south": {"uv": [15.032, 4.032, 15.968, 4.968], "texture": "#0"},
				"west": {"uv": [15.032, 4.032, 15.968, 4.968], "texture": "#0"},
				"up": {"uv": [15.032, 4.032, 15.968, 4.968], "texture": "#0"},
				"down": {"uv": [15.032, 4.032, 15.968, 4.968], "texture": "#0"}
			}
		},
		{
			"from": [4.5, 2.5, 7.35],
			"to": [5.5, 3.25, 8.65],
			"rotation": {"angle": -22.5, "axis": "y", "origin": [8, 2.21455, 8]},
			"faces": {
				"north": {"uv": [14.5, 0.5, 15.5, 1.5], "texture": "#0"},
				"east": {"uv": [14.5, 0.5, 15.5, 1.5], "texture": "#0"},
				"south": {"uv": [14.5, 0.5, 15.5, 1.5], "texture": "#0"},
				"west": {"uv": [14.5, 0.5, 15.5, 1.5], "texture": "#0"},
				"up": {"uv": [14.5, 0.5, 15.5, 1.5], "texture": "#0"},
				"down": {"uv": [14.5, 0.5, 15.5, 1.5], "texture": "#0"}
			}
		},
		{
			"from": [3.75, 3, 7.4],
			"to": [4.75, 3.5, 8.6],
			"rotation": {"angle": -22.5, "axis": "y", "origin": [8, 2.21455, 8]},
			"faces": {
				"north": {"uv": [14.5, 0.5, 15.5, 1.5], "texture": "#0"},
				"east": {"uv": [14.5, 0.5, 15.5, 1.5], "texture": "#0"},
				"south": {"uv": [14.5, 0.5, 15.5, 1.5], "texture": "#0"},
				"west": {"uv": [14.5, 0.5, 15.5, 1.5], "texture": "#0"},
				"up": {"uv": [14.5, 0.5, 15.5, 1.5], "texture": "#0"},
				"down": {"uv": [14.5, 0.5, 15.5, 1.5], "texture": "#0"}
			}
		},
		{
			"from": [5.25, 2.25, 7.4],
			"to": [6.25, 3, 8.6],
			"rotation": {"angle": -22.5, "axis": "y", "origin": [8, 2.21455, 8]},
			"faces": {
				"north": {"uv": [11.032, 1.032, 15.968, 4.968], "rotation": 90, "texture": "#0"},
				"east": {"uv": [15.032, 4.032, 15.968, 4.968], "texture": "#0"},
				"south": {"uv": [11.032, 1.032, 15.968, 4.968], "rotation": 270, "texture": "#0"},
				"west": {"uv": [14.5, 0.5, 15.5, 1.5], "texture": "#0"},
				"up": {"uv": [11.032, 1.032, 15.968, 4.968], "rotation": 270, "texture": "#0"},
				"down": {"uv": [11.032, 1.032, 15.968, 4.968], "rotation": 270, "texture": "#0"}
			}
		},
		{
			"from": [6.75, 0.5, 7.55],
			"to": [7.5, 1.5, 8.45],
			"rotation": {"angle": -22.5, "axis": "y", "origin": [8, 2.21455, 8]},
			"faces": {
				"north": {"uv": [15.032, 4.032, 15.968, 4.968], "texture": "#0"},
				"east": {"uv": [15.032, 4.032, 15.968, 4.968], "texture": "#0"},
				"south": {"uv": [15.032, 4.032, 15.968, 4.968], "texture": "#0"},
				"west": {"uv": [15.032, 4.032, 15.968, 4.968], "texture": "#0"},
				"up": {"uv": [15.032, 4.032, 15.968, 4.968], "texture": "#0"},
				"down": {"uv": [15.032, 4.032, 15.968, 4.968], "texture": "#0"}
			}
		},
		{
			"from": [7.5, 1, 8.9],
			"to": [8.5, 2, 9.65],
			"rotation": {"angle": -22.5, "axis": "y", "origin": [8, 2.21455, 8]},
			"faces": {
				"north": {"uv": [15.032, 4.032, 15.968, 4.968], "texture": "#0"},
				"east": {"uv": [15.032, 4.032, 15.968, 4.968], "texture": "#0"},
				"south": {"uv": [15.032, 4.032, 15.968, 4.968], "texture": "#0"},
				"west": {"uv": [15.032, 4.032, 15.968, 4.968], "texture": "#0"},
				"up": {"uv": [15.032, 4.032, 15.968, 4.968], "texture": "#0"},
				"down": {"uv": [15.032, 4.032, 15.968, 4.968], "rotation": 90, "texture": "#0"}
			}
		},
		{
			"from": [10.9, 2.75, 10.9],
			"to": [11.9, 3.5, 11.9],
			"rotation": {"angle": -22.5, "axis": "y", "origin": [8, 2.21455, 8]},
			"faces": {
				"north": {"uv": [14.5, 0.5, 15.5, 1.5], "texture": "#0"},
				"east": {"uv": [14.5, 0.5, 15.5, 1.5], "texture": "#0"},
				"south": {"uv": [14.5, 0.5, 15.5, 1.5], "texture": "#0"},
				"west": {"uv": [14.5, 0.5, 15.5, 1.5], "texture": "#0"},
				"up": {"uv": [14.5, 0.5, 15.5, 1.5], "rotation": 270, "texture": "#0"},
				"down": {"uv": [14.5, 0.5, 15.5, 1.5], "rotation": 90, "texture": "#0"}
			}
		},
		{
			"from": [10.4, 2.5, 10.4],
			"to": [11.15, 3.25, 11.15],
			"rotation": {"angle": -22.5, "axis": "y", "origin": [8, 2.21455, 8]},
			"faces": {
				"north": {"uv": [14.5, 0.5, 15.5, 1.5], "texture": "#0"},
				"east": {"uv": [14.5, 0.5, 15.5, 1.5], "texture": "#0"},
				"south": {"uv": [14.5, 0.5, 15.5, 1.5], "texture": "#0"},
				"west": {"uv": [14.5, 0.5, 15.5, 1.5], "texture": "#0"},
				"up": {"uv": [14.5, 0.5, 15.5, 1.5], "rotation": 270, "texture": "#0"},
				"down": {"uv": [14.5, 0.5, 15.5, 1.5], "rotation": 90, "texture": "#0"}
			}
		},
		{
			"from": [9.9, 2.25, 9.9],
			"to": [10.65, 3, 10.65],
			"rotation": {"angle": -22.5, "axis": "y", "origin": [8, 2.21455, 8]},
			"faces": {
				"north": {"uv": [14.5, 0.5, 15.5, 1.5], "texture": "#0"},
				"east": {"uv": [14.5, 0.5, 15.5, 1.5], "texture": "#0"},
				"south": {"uv": [14.5, 0.5, 15.5, 1.5], "texture": "#0"},
				"west": {"uv": [14.5, 0.5, 15.5, 1.5], "texture": "#0"},
				"up": {"uv": [14.5, 0.5, 15.5, 1.5], "rotation": 270, "texture": "#0"},
				"down": {"uv": [14.5, 0.5, 15.5, 1.5], "rotation": 90, "texture": "#0"}
			}
		},
		{
			"from": [9.4, 1.75, 9.4],
			"to": [10.15, 2.5, 10.15],
			"rotation": {"angle": -22.5, "axis": "y", "origin": [8, 2.21455, 8]},
			"faces": {
				"north": {"uv": [11.032, 2.032, 11.968, 4.968], "rotation": 270, "texture": "#0"},
				"east": {"uv": [12.032, 1.032, 14.968, 3.968], "rotation": 270, "texture": "#0"},
				"south": {"uv": [12.032, 1.032, 14.968, 3.968], "rotation": 90, "texture": "#0"},
				"west": {"uv": [11.032, 4.032, 13.968, 4.968], "texture": "#0"},
				"up": {"uv": [11.032, 2.032, 13.968, 4.968], "rotation": 90, "texture": "#0"},
				"down": {"uv": [11.032, 2.032, 13.968, 4.968], "texture": "#0"}
			}
		},
		{
			"from": [9.15, 1, 9.15],
			"to": [9.65, 2, 9.65],
			"rotation": {"angle": -22.5, "axis": "y", "origin": [8, 2.21455, 8]},
			"faces": {
				"north": {"uv": [15.032, 4.032, 15.968, 4.968], "texture": "#0"},
				"east": {"uv": [15.032, 4.032, 15.968, 4.968], "texture": "#0"},
				"south": {"uv": [15.032, 4.032, 15.968, 4.968], "texture": "#0"},
				"west": {"uv": [15.032, 4.032, 15.968, 4.968], "texture": "#0"},
				"up": {"uv": [15.032, 4.032, 15.968, 4.968], "texture": "#0"},
				"down": {"uv": [15.032, 4.032, 15.968, 4.968], "rotation": 90, "texture": "#0"}
			}
		},
		{
			"from": [8.65, 0.5, 8.65],
			"to": [9.4, 1.5, 9.4],
			"rotation": {"angle": -22.5, "axis": "y", "origin": [8, 2.21455, 8]},
			"faces": {
				"north": {"uv": [15.032, 4.032, 15.968, 4.968], "texture": "#0"},
				"east": {"uv": [15.032, 4.032, 15.968, 4.968], "texture": "#0"},
				"south": {"uv": [15.032, 4.032, 15.968, 4.968], "texture": "#0"},
				"west": {"uv": [15.032, 4.032, 15.968, 4.968], "texture": "#0"},
				"up": {"uv": [15.032, 4.032, 15.968, 4.968], "texture": "#0"},
				"down": {"uv": [15.032, 4.032, 15.968, 4.968], "rotation": 90, "texture": "#0"}
			}
		},
		{
			"from": [7.45, 1.75, 9.25],
			"to": [8.55, 2.5, 10],
			"rotation": {"angle": -22.5, "axis": "y", "origin": [8, 2.21455, 8]},
			"faces": {
				"north": {"uv": [15.032, 4.032, 15.968, 4.968], "texture": "#0"},
				"east": {"uv": [15.032, 4.032, 15.968, 4.968], "texture": "#0"},
				"south": {"uv": [15.032, 4.032, 15.968, 4.968], "texture": "#0"},
				"west": {"uv": [15.032, 4.032, 15.968, 4.968], "texture": "#0"},
				"up": {"uv": [15.032, 4.032, 15.968, 4.968], "texture": "#0"},
				"down": {"uv": [15.032, 4.032, 15.968, 4.968], "rotation": 90, "texture": "#0"}
			}
		},
		{
			"from": [7.35, 2.5, 10.5],
			"to": [8.65, 3.25, 11.5],
			"rotation": {"angle": -22.5, "axis": "y", "origin": [8, 2.21455, 8]},
			"faces": {
				"north": {"uv": [14.5, 0.5, 15.5, 1.5], "texture": "#0"},
				"east": {"uv": [14.5, 0.5, 15.5, 1.5], "texture": "#0"},
				"south": {"uv": [14.5, 0.5, 15.5, 1.5], "texture": "#0"},
				"west": {"uv": [14.5, 0.5, 15.5, 1.5], "texture": "#0"},
				"up": {"uv": [14.5, 0.5, 15.5, 1.5], "rotation": 270, "texture": "#0"},
				"down": {"uv": [14.5, 0.5, 15.5, 1.5], "rotation": 90, "texture": "#0"}
			}
		},
		{
			"from": [7.4, 3, 11.25],
			"to": [8.6, 3.5, 12.25],
			"rotation": {"angle": -22.5, "axis": "y", "origin": [8, 2.21455, 8]},
			"faces": {
				"north": {"uv": [14.5, 0.5, 15.5, 1.5], "texture": "#0"},
				"east": {"uv": [14.5, 0.5, 15.5, 1.5], "texture": "#0"},
				"south": {"uv": [14.5, 0.5, 15.5, 1.5], "texture": "#0"},
				"west": {"uv": [14.5, 0.5, 15.5, 1.5], "texture": "#0"},
				"up": {"uv": [14.5, 0.5, 15.5, 1.5], "rotation": 270, "texture": "#0"},
				"down": {"uv": [14.5, 0.5, 15.5, 1.5], "rotation": 90, "texture": "#0"}
			}
		},
		{
			"from": [7.4, 2.25, 9.75],
			"to": [8.6, 3, 10.75],
			"rotation": {"angle": -22.5, "axis": "y", "origin": [8, 2.21455, 8]},
			"faces": {
				"north": {"uv": [15.032, 4.032, 15.968, 4.968], "texture": "#0"},
				"east": {"uv": [11.032, 1.032, 15.968, 4.968], "rotation": 270, "texture": "#0"},
				"south": {"uv": [14.5, 0.5, 15.5, 1.5], "texture": "#0"},
				"west": {"uv": [11.032, 1.032, 15.968, 4.968], "rotation": 90, "texture": "#0"},
				"up": {"uv": [11.032, 1.032, 15.968, 4.968], "rotation": 180, "texture": "#0"},
				"down": {"uv": [11.032, 1.032, 15.968, 4.968], "texture": "#0"}
			}
		},
		{
			"from": [7.55, 0.5, 8.5],
			"to": [8.45, 1.5, 9.25],
			"rotation": {"angle": -22.5, "axis": "y", "origin": [8, 2.21455, 8]},
			"faces": {
				"north": {"uv": [15.032, 4.032, 15.968, 4.968], "texture": "#0"},
				"east": {"uv": [15.032, 4.032, 15.968, 4.968], "texture": "#0"},
				"south": {"uv": [15.032, 4.032, 15.968, 4.968], "texture": "#0"},
				"west": {"uv": [15.032, 4.032, 15.968, 4.968], "texture": "#0"},
				"up": {"uv": [15.032, 4.032, 15.968, 4.968], "texture": "#0"},
				"down": {"uv": [15.032, 4.032, 15.968, 4.968], "rotation": 90, "texture": "#0"}
			}
		},
		{
			"from": [8.9, 1, 7.5],
			"to": [9.65, 2, 8.5],
			"rotation": {"angle": -22.5, "axis": "y", "origin": [8, 2.21455, 8]},
			"faces": {
				"north": {"uv": [15.032, 4.032, 15.968, 4.968], "texture": "#0"},
				"east": {"uv": [15.032, 4.032, 15.968, 4.968], "texture": "#0"},
				"south": {"uv": [15.032, 4.032, 15.968, 4.968], "texture": "#0"},
				"west": {"uv": [15.032, 4.032, 15.968, 4.968], "texture": "#0"},
				"up": {"uv": [15.032, 4.032, 15.968, 4.968], "texture": "#0"},
				"down": {"uv": [15.032, 4.032, 15.968, 4.968], "texture": "#0"}
			}
		},
		{
			"from": [10.9, 2.75, 4.1],
			"to": [11.9, 3.5, 5.1],
			"rotation": {"angle": -22.5, "axis": "y", "origin": [8, 2.21455, 8]},
			"faces": {
				"north": {"uv": [14.5, 0.5, 15.5, 1.5], "texture": "#0"},
				"east": {"uv": [14.5, 0.5, 15.5, 1.5], "texture": "#0"},
				"south": {"uv": [14.5, 0.5, 15.5, 1.5], "texture": "#0"},
				"west": {"uv": [14.5, 0.5, 15.5, 1.5], "texture": "#0"},
				"up": {"uv": [14.5, 0.5, 15.5, 1.5], "rotation": 180, "texture": "#0"},
				"down": {"uv": [14.5, 0.5, 15.5, 1.5], "rotation": 180, "texture": "#0"}
			}
		},
		{
			"from": [10.4, 2.5, 4.85],
			"to": [11.15, 3.25, 5.6],
			"rotation": {"angle": -22.5, "axis": "y", "origin": [8, 2.21455, 8]},
			"faces": {
				"north": {"uv": [14.5, 0.5, 15.5, 1.5], "texture": "#0"},
				"east": {"uv": [14.5, 0.5, 15.5, 1.5], "texture": "#0"},
				"south": {"uv": [14.5, 0.5, 15.5, 1.5], "texture": "#0"},
				"west": {"uv": [14.5, 0.5, 15.5, 1.5], "texture": "#0"},
				"up": {"uv": [14.5, 0.5, 15.5, 1.5], "rotation": 180, "texture": "#0"},
				"down": {"uv": [14.5, 0.5, 15.5, 1.5], "rotation": 180, "texture": "#0"}
			}
		},
		{
			"from": [9.9, 2.25, 5.35],
			"to": [10.65, 3, 6.1],
			"rotation": {"angle": -22.5, "axis": "y", "origin": [8, 2.21455, 8]},
			"faces": {
				"north": {"uv": [14.5, 0.5, 15.5, 1.5], "texture": "#0"},
				"east": {"uv": [14.5, 0.5, 15.5, 1.5], "texture": "#0"},
				"south": {"uv": [14.5, 0.5, 15.5, 1.5], "texture": "#0"},
				"west": {"uv": [14.5, 0.5, 15.5, 1.5], "texture": "#0"},
				"up": {"uv": [14.5, 0.5, 15.5, 1.5], "rotation": 180, "texture": "#0"},
				"down": {"uv": [14.5, 0.5, 15.5, 1.5], "rotation": 180, "texture": "#0"}
			}
		},
		{
			"from": [9.4, 1.75, 5.85],
			"to": [10.15, 2.5, 6.6],
			"rotation": {"angle": -22.5, "axis": "y", "origin": [8, 2.21455, 8]},
			"faces": {
				"north": {"uv": [12.032, 1.032, 14.968, 3.968], "rotation": 90, "texture": "#0"},
				"east": {"uv": [12.032, 1.032, 14.968, 3.968], "rotation": 270, "texture": "#0"},
				"south": {"uv": [11.032, 4.032, 13.968, 4.968], "texture": "#0"},
				"west": {"uv": [11.032, 2.032, 11.968, 4.968], "rotation": 270, "texture": "#0"},
				"up": {"uv": [11.032, 2.032, 13.968, 4.968], "texture": "#0"},
				"down": {"uv": [11.032, 2.032, 13.968, 4.968], "rotation": 90, "texture": "#0"}
			}
		},
		{
			"from": [9.15, 1, 6.35],
			"to": [9.65, 2, 6.85],
			"rotation": {"angle": -22.5, "axis": "y", "origin": [8, 2.21455, 8]},
			"faces": {
				"north": {"uv": [15.032, 4.032, 15.968, 4.968], "texture": "#0"},
				"east": {"uv": [15.032, 4.032, 15.968, 4.968], "texture": "#0"},
				"south": {"uv": [15.032, 4.032, 15.968, 4.968], "texture": "#0"},
				"west": {"uv": [15.032, 4.032, 15.968, 4.968], "texture": "#0"},
				"up": {"uv": [15.032, 4.032, 15.968, 4.968], "texture": "#0"},
				"down": {"uv": [15.032, 4.032, 15.968, 4.968], "rotation": 180, "texture": "#0"}
			}
		},
		{
			"from": [8.65, 0.5, 6.6],
			"to": [9.4, 1.5, 7.35],
			"rotation": {"angle": -22.5, "axis": "y", "origin": [8, 2.21455, 8]},
			"faces": {
				"north": {"uv": [15.032, 4.032, 15.968, 4.968], "texture": "#0"},
				"east": {"uv": [15.032, 4.032, 15.968, 4.968], "texture": "#0"},
				"south": {"uv": [15.032, 4.032, 15.968, 4.968], "texture": "#0"},
				"west": {"uv": [15.032, 4.032, 15.968, 4.968], "texture": "#0"},
				"up": {"uv": [15.032, 4.032, 15.968, 4.968], "texture": "#0"},
				"down": {"uv": [15.032, 4.032, 15.968, 4.968], "rotation": 180, "texture": "#0"}
			}
		},
		{
			"from": [9.25, 1.75, 7.45],
			"to": [10, 2.5, 8.55],
			"rotation": {"angle": -22.5, "axis": "y", "origin": [8, 2.21455, 8]},
			"faces": {
				"north": {"uv": [15.032, 4.032, 15.968, 4.968], "texture": "#0"},
				"east": {"uv": [15.032, 4.032, 15.968, 4.968], "texture": "#0"},
				"south": {"uv": [15.032, 4.032, 15.968, 4.968], "texture": "#0"},
				"west": {"uv": [15.032, 4.032, 15.968, 4.968], "texture": "#0"},
				"up": {"uv": [15.032, 4.032, 15.968, 4.968], "texture": "#0"},
				"down": {"uv": [15.032, 4.032, 15.968, 4.968], "texture": "#0"}
			}
		},
		{
			"from": [10.5, 2.5, 7.35],
			"to": [11.5, 3.25, 8.65],
			"rotation": {"angle": -22.5, "axis": "y", "origin": [8, 2.21455, 8]},
			"faces": {
				"north": {"uv": [14.5, 0.5, 15.5, 1.5], "texture": "#0"},
				"east": {"uv": [14.5, 0.5, 15.5, 1.5], "texture": "#0"},
				"south": {"uv": [14.5, 0.5, 15.5, 1.5], "texture": "#0"},
				"west": {"uv": [14.5, 0.5, 15.5, 1.5], "rotation": 180, "texture": "#0"},
				"up": {"uv": [14.5, 0.5, 15.5, 1.5], "rotation": 180, "texture": "#0"},
				"down": {"uv": [14.5, 0.5, 15.5, 1.5], "rotation": 180, "texture": "#0"}
			}
		},
		{
			"from": [11.25, 3, 7.4],
			"to": [12.25, 3.5, 8.6],
			"rotation": {"angle": -22.5, "axis": "y", "origin": [8, 2.21455, 8]},
			"faces": {
				"north": {"uv": [14.5, 0.5, 15.5, 1.5], "texture": "#0"},
				"east": {"uv": [14.5, 0.5, 15.5, 1.5], "texture": "#0"},
				"south": {"uv": [14.5, 0.5, 15.5, 1.5], "texture": "#0"},
				"west": {"uv": [14.5, 0.5, 15.5, 1.5], "texture": "#0"},
				"up": {"uv": [14.5, 0.5, 15.5, 1.5], "rotation": 180, "texture": "#0"},
				"down": {"uv": [14.5, 0.5, 15.5, 1.5], "rotation": 180, "texture": "#0"}
			}
		},
		{
			"from": [9.75, 2.25, 7.4],
			"to": [10.75, 3, 8.6],
			"rotation": {"angle": -22.5, "axis": "y", "origin": [8, 2.21455, 8]},
			"faces": {
				"north": {"uv": [11.032, 1.032, 15.968, 4.968], "rotation": 270, "texture": "#0"},
				"east": {"uv": [14.5, 0.5, 15.5, 1.5], "texture": "#0"},
				"south": {"uv": [11.032, 1.032, 15.968, 4.968], "rotation": 90, "texture": "#0"},
				"west": {"uv": [15.032, 4.032, 15.968, 4.968], "texture": "#0"},
				"up": {"uv": [11.032, 1.032, 15.968, 4.968], "rotation": 90, "texture": "#0"},
				"down": {"uv": [11.032, 1.032, 15.968, 4.968], "rotation": 90, "texture": "#0"}
			}
		},
		{
			"from": [8.5, 0.5, 7.55],
			"to": [9.25, 1.5, 8.45],
			"rotation": {"angle": -22.5, "axis": "y", "origin": [8, 2.21455, 8]},
			"faces": {
				"north": {"uv": [15.032, 4.032, 15.968, 4.968], "texture": "#0"},
				"east": {"uv": [15.032, 4.032, 15.968, 4.968], "texture": "#0"},
				"south": {"uv": [15.032, 4.032, 15.968, 4.968], "texture": "#0"},
				"west": {"uv": [15.032, 4.032, 15.968, 4.968], "texture": "#0"},
				"up": {"uv": [15.032, 4.032, 15.968, 4.968], "texture": "#0"},
				"down": {"uv": [15.032, 4.032, 15.968, 4.968], "texture": "#0"}
			}
		},
		{
			"from": [7.5, 3.25, 12],
			"to": [8.5, 3.75, 13],
			"rotation": {"angle": -22.5, "axis": "y", "origin": [8, 2.21455, 8]},
			"faces": {
				"north": {"uv": [14.5, 0.5, 15.5, 1.5], "texture": "#0"},
				"east": {"uv": [14.5, 0.5, 15.5, 1.5], "texture": "#0"},
				"south": {"uv": [14.5, 0.5, 15.5, 1.5], "texture": "#0"},
				"west": {"uv": [14.5, 0.5, 15.5, 1.5], "texture": "#0"},
				"up": {"uv": [14.5, 0.5, 15.5, 1.5], "rotation": 270, "texture": "#0"},
				"down": {"uv": [14.5, 0.5, 15.5, 1.5], "rotation": 90, "texture": "#0"}
			}
		},
		{
			"from": [3, 3.25, 7.5],
			"to": [4, 3.75, 8.5],
			"rotation": {"angle": -22.5, "axis": "y", "origin": [8, 2.21455, 8]},
			"faces": {
				"north": {"uv": [14.5, 0.5, 15.5, 1.5], "texture": "#0"},
				"east": {"uv": [14.5, 0.5, 15.5, 1.5], "texture": "#0"},
				"south": {"uv": [14.5, 0.5, 15.5, 1.5], "texture": "#0"},
				"west": {"uv": [14.5, 0.5, 15.5, 1.5], "texture": "#0"},
				"up": {"uv": [14.5, 0.5, 15.5, 1.5], "texture": "#0"},
				"down": {"uv": [14.5, 0.5, 15.5, 1.5], "texture": "#0"}
			}
		},
		{
			"from": [7.5, 3.25, 3],
			"to": [8.5, 3.75, 4],
			"rotation": {"angle": -22.5, "axis": "y", "origin": [8, 2.21455, 8]},
			"faces": {
				"north": {"uv": [14.5, 0.5, 15.5, 1.5], "texture": "#0"},
				"east": {"uv": [14.5, 0.5, 15.5, 1.5], "texture": "#0"},
				"south": {"uv": [14.5, 0.5, 15.5, 1.5], "texture": "#0"},
				"west": {"uv": [14.5, 0.5, 15.5, 1.5], "texture": "#0"},
				"up": {"uv": [14.5, 0.5, 15.5, 1.5], "rotation": 90, "texture": "#0"},
				"down": {"uv": [14.5, 0.5, 15.5, 1.5], "rotation": 270, "texture": "#0"}
			}
		},
		{
			"from": [12, 3.25, 7.5],
			"to": [13, 3.75, 8.5],
			"rotation": {"angle": -22.5, "axis": "y", "origin": [8, 2.21455, 8]},
			"faces": {
				"north": {"uv": [14.5, 0.5, 15.5, 1.5], "texture": "#0"},
				"east": {"uv": [14.5, 0.5, 15.5, 1.5], "texture": "#0"},
				"south": {"uv": [14.5, 0.5, 15.5, 1.5], "texture": "#0"},
				"west": {"uv": [14.5, 0.5, 15.5, 1.5], "texture": "#0"},
				"up": {"uv": [14.5, 0.5, 15.5, 1.5], "rotation": 180, "texture": "#0"},
				"down": {"uv": [14.5, 0.5, 15.5, 1.5], "rotation": 180, "texture": "#0"}
			}
		}
	]
}