{
	"credit": "Model made by dragonmaster95 with Blockbench, a free, modern block model editor by JannisX11",
	"textures": {
		"0": "decorations/board/yoshi/thwomp/front",
		"1": "decorations/board/yoshi/thwomp/side"
	},
	"elements": [
		{
			"name": "Cube",
			"from": [2, 2, 0],
			"to": [14, 14, 16],
			"faces": {
				"north": {"uv": [0, 0, 16, 16], "texture": "#0"},
				"south": {"uv": [2, 0, 14, 12], "texture": "#1"}
			}
		},
		{
			"name": "Cube",
			"from": [0, 2, 2],
			"to": [16, 14, 14],
			"faces": {
				"east": {"uv": [2, 0, 14, 12], "texture": "#1"},
				"west": {"uv": [2, 0, 14, 12], "texture": "#1"}
			}
		},
		{
			"name": "Cube",
			"from": [2, 0, 2],
			"to": [14, 16, 14],
			"faces": {
				"up": {"uv": [1.75, 0, 13.75, 12], "texture": "#1"},
				"down": {"uv": [2, 4, 14, 16], "texture": "#1"}
			}
		},
		{
			"name": "Cube",
			"from": [1.4003, 2, -1.40904],
			"to": [21.19929, 14, 1.41939],
			"rotation": {"angle": -45, "axis": "y", "origin": [-0.00071, 0, 0.01939]},
			"faces": {
				"north": {"uv": [0, 0, 2, 12], "texture": "#1"},
				"east": {"uv": [13, 0, 15.8, 12], "texture": "#1"},
				"south": {"uv": [0, 0, 2, 12], "texture": "#1"},
				"west": {"uv": [0, 0, 2.8, 12], "texture": "#1"},
				"up": {"uv": [0, 0, 2, 2.8], "texture": "#1"},
				"down": {"uv": [0, 0, 2, 2.8], "texture": "#1"}
			}
		},
		{
			"name": "Cube",
			"from": [9.82096, 2, -9.90889],
			"to": [12.64939, 14, 9.8901],
			"rotation": {"angle": -45, "axis": "y", "origin": [-0.05061, 0, 0.0901]},
			"faces": {
				"north": {"uv": [0, 0, 2.8, 12], "texture": "#1"},
				"east": {"uv": [0, 0, 2, 12], "texture": "#1"},
				"south": {"uv": [13, 0, 15.8, 12], "texture": "#1"},
				"west": {"uv": [0, 0, 2, 12], "texture": "#1"},
				"up": {"uv": [0, 0, 2.8, 2], "texture": "#1"},
				"down": {"uv": [0, 0, 2.8, 2], "texture": "#1"}
			}
		},
		{
			"name": "Cube",
			"from": [2, 1.4204, -1.40071],
			"to": [14, 21.21939, 1.42771],
			"rotation": {"angle": 45, "axis": "x", "origin": [0, 0.01939, -0.00071]},
			"faces": {
				"east": {"uv": [2.8, 0, 0, 16], "texture": "#1"},
				"west": {"uv": [2.8, 0, 0, 16], "texture": "#1"},
				"up": {"uv": [0, 0, 12, 2.8], "texture": "#1"},
				"down": {"uv": [0, 15.8, 12, 13], "texture": "#1", "rotation": 180}
			}
		},
		{
			"name": "Cube",
			"from": [-9.86161, 9.97429, 2.00594],
			"to": [9.92855, 12.80971, 14],
			"rotation": {"angle": -45, "axis": "z", "origin": [-0.0842, 0.07596, 0]},
			"faces": {
				"north": {"uv": [2.8, 0, 0, 16], "texture": "#1", "rotation": 90},
				"east": {"uv": [0, 15.8, 12, 13], "texture": "#1", "rotation": 180},
				"south": {"uv": [2.8, 0, 0, 16], "texture": "#1", "rotation": 90},
				"west": {"uv": [0, 0, 12, 2.8], "texture": "#1"}
			}
		},
		{
			"name": "Cube",
			"from": [6.07145, 9.97429, 1.99406],
			"to": [25.86161, 12.80971, 14],
			"rotation": {"angle": 45, "axis": "z", "origin": [16.0842, 0.07596, 0]},
			"faces": {
				"north": {"uv": [2.8, 0, 0, 16], "texture": "#1", "rotation": 90},
				"east": {"uv": [12, 0, 0, 2.8], "texture": "#1"},
				"south": {"uv": [2.8, 0, 0, 16], "texture": "#1", "rotation": 90},
				"west": {"uv": [0, 15.8, 12, 13], "texture": "#1", "rotation": 180}
			}
		},
		{
			"name": "Cube",
			"from": [2, 1.4204, 14.57229],
			"to": [14, 21.21939, 17.40071],
			"rotation": {"angle": -45, "axis": "x", "origin": [0, 0.01939, 16.00071]},
			"faces": {
				"east": {"uv": [2.8, 0, 0, 16], "texture": "#1"},
				"west": {"uv": [2.8, 0, 0, 16], "texture": "#1"},
				"up": {"uv": [0, 2.8, 12, 0], "texture": "#1"},
				"down": {"uv": [0, 15.8, 12, 13], "texture": "#1", "rotation": 180}
			}
		}
	],
	"display": {
		"head": {
			"scale": [3.2, 3.2, 3.2],
			"translation": [0, -17.5, 0]
		},
		"gui": {
			"rotation": [10, 150, 0],
			"scale": [0.75, 0.75, 0.75]
		},
		"firstperson_righthand": {
			"rotation": [10, 180, 0],
			"scale": [0.25, 0.25, 0.25],
			"translation": [-9, 12, 0]
		},
		"thirdperson_righthand": {
			"rotation": [90, 0, 0],
			"scale": [0.5, 0.5, 0.5]
		},
		"thirdperson_lefthand": {
			"rotation": [90, 0, 0],
			"translation": [-6, -2, -4]
		}
	}
}