{
	"credit": "Made with Blockbench, a free, modern block model editor by JannisX11",
	"textures": {
		"0": "decorations/board/yoshi/letters",
		"1": "block/lime_terracotta",
		"particle": "decorations/board/yoshi/letters"
	},
	"elements": [
		{
			"name": "green",
			"from": [6.25, 0, 0],
			"to": [9.75, 3, 9.5],
			"faces": {
				"north": {"uv": [0, 0, 16, 16], "texture": "#1"},
				"east": {"uv": [0, 0, 16, 16], "texture": "#1"},
				"south": {"uv": [0, 0, 16, 16], "texture": "#1"},
				"west": {"uv": [0, 0, 16, 16], "texture": "#1"},
				"up": {"uv": [0, 0, 16, 16], "texture": "#1"},
				"down": {"uv": [0, 0, 16, 16], "texture": "#1"}
			}
		},
		{
			"name": "top",
			"from": [6.75, 0.2999999999999996, 0.5],
			"to": [9.25, 3.3, 9.25],
			"faces": {
				"north": {"uv": [0, 0, 3, 13.6], "texture": "#0"},
				"east": {"uv": [0, 0, 3, 13.6], "texture": "#0"},
				"south": {"uv": [0, 0, 3, 13.6], "texture": "#0"},
				"west": {"uv": [0, 0, 3, 13.6], "texture": "#0"},
				"up": {"uv": [6, 0, 9, 13.6], "texture": "#0"}
			}
		},
		{
			"name": "green",
			"from": [6.5, 0, 7.75],
			"to": [10, 3, 16.5],
			"faces": {
				"north": {"uv": [0, 0, 16, 16], "texture": "#1"},
				"east": {"uv": [0, 0, 16, 16], "texture": "#1"},
				"south": {"uv": [0, 0, 16, 16], "texture": "#1"},
				"west": {"uv": [0, 0, 16, 16], "texture": "#1"},
				"up": {"uv": [0, 0, 16, 16], "texture": "#1"},
				"down": {"uv": [0, 0, 16, 16], "texture": "#1"}
			},
			"rotation": {"origin": [8, 8, 8], "axis": "y", "angle": 22.5}
		},
		{
			"name": "top",
			"from": [7, 0.2999999999999996, 7.65],
			"to": [9.5, 3.2799999999999994, 16],
			"faces": {
				"north": {"uv": [0, 0, 3, 13.6], "texture": "#0"},
				"east": {"uv": [0, 0, 3, 13.6], "texture": "#0"},
				"south": {"uv": [0, 0, 3, 13.6], "texture": "#0"},
				"west": {"uv": [0, 0, 3, 13.6], "texture": "#0"},
				"up": {"uv": [6, 0, 9, 13.6], "texture": "#0"}
			},
			"rotation": {"origin": [8, 8, 8], "axis": "y", "angle": 22.5}
		},
		{
			"name": "green",
			"from": [6, 0, 7.75],
			"to": [9.5, 3, 16.5],
			"faces": {
				"north": {"uv": [0, 0, 16, 16], "texture": "#1"},
				"east": {"uv": [0, 0, 16, 16], "texture": "#1"},
				"south": {"uv": [0, 0, 16, 16], "texture": "#1"},
				"west": {"uv": [0, 0, 16, 16], "texture": "#1"},
				"up": {"uv": [0, 0, 16, 16], "texture": "#1"},
				"down": {"uv": [0, 0, 16, 16], "texture": "#1"}
			},
			"rotation": {"origin": [8, 8, 8], "axis": "y", "angle": -22.5}
		},
		{
			"name": "top",
			"from": [6.5, 0.2999999999999996, 7.65],
			"to": [9, 3.29, 16],
			"faces": {
				"north": {"uv": [0, 0, 3, 13.6], "texture": "#0"},
				"east": {"uv": [0, 0, 3, 13.6], "texture": "#0"},
				"south": {"uv": [0, 0, 3, 13.6], "texture": "#0"},
				"west": {"uv": [0, 0, 3, 13.6], "texture": "#0"},
				"up": {"uv": [6, 0, 9, 13.6], "texture": "#0"}
			},
			"rotation": {"origin": [8, 8, 8], "axis": "y", "angle": -22.5}
		}
	],
	"display": {
		"thirdperson_righthand": {"scale": [1, 1, 1]},
		"head": {"scale": [4, 4, 4], "translation": [0, -11.25, 0]}
	}
}