{
    "__comment": "Model generated using MrCrayfish's Model Creator (http://mrcrayfish.com/modelcreator/)",
    "textures": {
        "0": "decorations/board/luigi/ler_pipes"
    },
    "display":{
        "head":{
            "translation":[0,-28,0],
			"rotation": [0,180,0],
			"scale": [2,2,2]
        }
	},
    "elements": [
        {
            "name": "Cube",
            "from": [ -16.0, 7.0, 5.0 ], 
            "to": [ 22.0, 13.0, 11.0 ], 
            "faces": {
                "north": { "texture": "#0", "uv": [ 0.0, 0.0, 16.0, 3.0 ] },
                "east": { "texture": "#0", "uv": [ 0.0, 0.0, 3.0, 3.0 ] },
                "south": { "texture": "#0", "uv": [ 0.0, 0.0, 16.0, 5.0 ], "rotation": 180 },
                "up": { "texture": "#0", "uv": [ 0.0, 0.0, 16.0, 5.0 ] },
                "down": { "texture": "#0", "uv": [ 0.0, 0.0, 16.0, 3.0 ] }
            }
        },
        {
            "name": "Cube",
            "from": [ 26.0, 0.0, 5.0 ], 
            "to": [ 32.0, 8.85, 11.0 ], 
            "faces": {
                "north": { "texture": "#0", "uv": [ 0.0, 0.0, 16.0, 3.0 ] },
                "east": { "texture": "#0", "uv": [ 0.0, 0.0, 6.0, 3.0 ] },
                "south": { "texture": "#0", "uv": [ 0.0, 0.0, 16.0, 3.0 ] },
                "west": { "texture": "#0", "uv": [ 0.0, 0.0, 6.0, 3.0 ] },
                "up": { "texture": "#0", "uv": [ 0.0, 0.0, 6.0, 3.0 ] }
            }
        },
        {
            "name": "Cube",
            "from": [ 20.0, 7.0, 5.01 ], 
            "to": [ 30.82, 13.0, 10.99 ], 
            "rotation": { "origin": [ 21.0, 8.0, 8.0 ], "axis": "z", "angle": -22.5 },
            "faces": {
                "north": { "texture": "#0", "uv": [ 0.0, 0.0, 16.0, 3.0 ] },
                "south": { "texture": "#0", "uv": [ 0.0, 0.0, 16.0, 3.0 ] },
                "west": { "texture": "#0", "uv": [ 0.0, 0.0, 6.0, 3.0 ] },
                "up": { "texture": "#0", "uv": [ 0.0, 0.0, 16.0, 3.0 ] },
                "down": { "texture": "#0", "uv": [ 0.0, 0.0, 16.0, 3.0 ] }
            }
        }
    ]
}