{
    "__comment": "Model generated using MrCrayfish's Model Creator (http://mrcrayfish.com/modelcreator/)",
    "textures": {
        "0": "decorations/board/luigi/screw"
    },
	"display": {
		"head":{
			"scale": [ 3.0, 3.0, 3.0]
			
		}
	},
    "elements": [
        {
            "name": "Cube",
            "from": [ 4.699999995529652, 0.0, 6.0 ], 
            "to": [ 11.300000004470348, 4.0, 10.0 ], 
            "rotation": { "origin": [ 8.0, 8.0, 8.0 ], "axis": "z", "angle": -45.0 },
            "faces": {
                "north": { "texture": "#0", "uv": [ 0.0, 0.0, 1.0, 1.0 ] },
                "east": { "texture": "#0", "uv": [ 12.0, 12.0, 13.0, 13.0 ] },
                "south": { "texture": "#0", "uv": [ 0.0, 0.0, 1.0, 1.0  ] },
                "west": { "texture": "#0", "uv": [ 12.0, 12.0, 13.0, 13.0 ] },
                "up": { "texture": "#0", "uv": [ 12.0, 12.0, 13.0, 13.0 ] },
                "down": { "texture": "#0", "uv": [ 12.0, 12.0, 13.0, 13.0 ] }
            }
        },
        {
            "name": "Cube",
            "from": [ 4.699999995529652, 0.0, 6.0 ], 
            "to": [ 11.300000004470348, 4.0, 10.0 ], 
            "faces": {
                "north": { "texture": "#0", "uv": [ 0.0, 0.0, 1.0, 1.0 ] },
                "east": { "texture": "#0", "uv": [ 12.0, 12.0, 13.0, 13.0 ] },
                "south": { "texture": "#0", "uv": [ 0.0, 0.0, 1.0, 1.0  ] },
                "west": { "texture": "#0", "uv": [ 12.0, 12.0, 13.0, 13.0 ] },
                "up": { "texture": "#0", "uv": [ 12.0, 12.0, 13.0, 13.0 ] },
                "down": { "texture": "#0", "uv": [ 12.0, 12.0, 13.0, 13.0 ] }
            }
        },
        {
            "name": "Cube",
            "from": [ 0.0, 4.7, 6.0 ], 
            "to": [ 4.0, 11.3, 10.0 ], 
            "faces": {
                "north": { "texture": "#0", "uv": [ 0.0, 0.0, 1.0, 1.0 ] },
                "east": { "texture": "#0", "uv": [ 12.0, 12.0, 13.0, 13.0 ] },
                "south": { "texture": "#0", "uv": [ 0.0, 0.0, 1.0, 1.0  ] },
                "west": { "texture": "#0", "uv": [ 12.0, 12.0, 13.0, 13.0 ] },
                "up": { "texture": "#0", "uv": [ 12.0, 12.0, 13.0, 13.0 ] },
                "down": { "texture": "#0", "uv": [ 12.0, 12.0, 13.0, 13.0 ] }
            }
        },
        {
            "name": "Cube",
            "from": [ 12.0, 4.7, 6.0 ], 
            "to": [ 16.0, 11.3, 10.0 ], 
            "faces": {
                "north": { "texture": "#0", "uv": [ 0.0, 0.0, 1.0, 1.0 ] },
                "east": { "texture": "#0", "uv": [ 12.0, 12.0, 13.0, 13.0 ] },
                "south": { "texture": "#0", "uv": [ 0.0, 0.0, 1.0, 1.0  ] },
                "west": { "texture": "#0", "uv": [ 12.0, 12.0, 13.0, 13.0 ] },
                "up": { "texture": "#0", "uv": [ 12.0, 12.0, 13.0, 13.0 ] },
                "down": { "texture": "#0", "uv": [ 12.0, 12.0, 13.0, 13.0 ] }
            }
        },
        {
            "name": "Cube",
            "from": [ 4.699999995529652, 12.0, 6.0 ], 
            "to": [ 11.300000004470348, 16.0, 10.0 ], 
            "faces": {
                "north": { "texture": "#0", "uv": [ 0.0, 0.0, 1.0, 1.0 ] },
                "east": { "texture": "#0", "uv": [ 12.0, 12.0, 13.0, 13.0 ] },
                "south": { "texture": "#0", "uv": [ 0.0, 0.0, 1.0, 1.0  ] },
                "west": { "texture": "#0", "uv": [ 12.0, 12.0, 13.0, 13.0 ] },
                "up": { "texture": "#0", "uv": [ 12.0, 12.0, 13.0, 13.0 ] },
                "down": { "texture": "#0", "uv": [ 12.0, 12.0, 13.0, 13.0 ] }
            }
        },
        {
            "name": "Cube",
            "from": [ 4.699999995529652, 12.0, 6.0 ], 
            "to": [ 11.300000004470348, 16.0, 10.0 ], 
            "rotation": { "origin": [ 8.0, 8.0, 8.0 ], "axis": "z", "angle": 45.0 },
            "faces": {
                "north": { "texture": "#0", "uv": [ 0.0, 0.0, 1.0, 1.0 ] },
                "east": { "texture": "#0", "uv": [ 12.0, 12.0, 13.0, 13.0 ] },
                "south": { "texture": "#0", "uv": [ 0.0, 0.0, 1.0, 1.0  ] },
                "west": { "texture": "#0", "uv": [ 12.0, 12.0, 13.0, 13.0 ] },
                "up": { "texture": "#0", "uv": [ 12.0, 12.0, 13.0, 13.0 ] },
                "down": { "texture": "#0", "uv": [ 12.0, 12.0, 13.0, 13.0 ] }
            }
        },
        {
            "name": "Cube",
            "from": [ 4.699999995529652, 12.0, 6.0 ], 
            "to": [ 11.300000004470348, 16.0, 10.0 ], 
            "rotation": { "origin": [ 8.0, 8.0, 8.0 ], "axis": "z", "angle": -45.0 },
            "faces": {
                "north": { "texture": "#0", "uv": [ 0.0, 0.0, 1.0, 1.0 ] },
                "east": { "texture": "#0", "uv": [ 12.0, 12.0, 13.0, 13.0 ] },
                "south": { "texture": "#0", "uv": [ 0.0, 0.0, 1.0, 1.0  ] },
                "west": { "texture": "#0", "uv": [ 12.0, 12.0, 13.0, 13.0 ] },
                "up": { "texture": "#0", "uv": [ 12.0, 12.0, 13.0, 13.0 ] },
                "down": { "texture": "#0", "uv": [ 12.0, 12.0, 13.0, 13.0 ] }
            }
        },
        {
            "name": "Cube",
            "from": [ 4.699999995529652, 0.0, 6.0 ], 
            "to": [ 11.300000004470348, 4.0, 10.0 ], 
            "rotation": { "origin": [ 8.0, 8.0, 8.0 ], "axis": "z", "angle": 45.0 },
            "faces": {
                "north": { "texture": "#0", "uv": [ 0.0, 0.0, 1.0, 1.0 ] },
                "east": { "texture": "#0", "uv": [ 12.0, 12.0, 13.0, 13.0 ] },
                "south": { "texture": "#0", "uv": [ 0.0, 0.0, 1.0, 1.0  ] },
                "west": { "texture": "#0", "uv": [ 12.0, 12.0, 13.0, 13.0 ] },
                "up": { "texture": "#0", "uv": [ 12.0, 12.0, 13.0, 13.0 ] },
                "down": { "texture": "#0", "uv": [ 12.0, 12.0, 13.0, 13.0 ] }
            }
        }
    ]
}