{
	"credit": "Model made by dragonmaster95 with Blockbench, a free, modern block model editor by JannisX11",
	"textures": {
		"0": "decorations/board/luigi/robot_moving",
		"1": "decorations/board/luigi/robot_static",
		"particle": "decorations/board/luigi/robot_moving"
	},
	"elements": [
		{
			"name": "Cube",
			"from": [-0.47434, 0, 5.1883],
			"to": [16.49622, 2.001, 10.84515],
			"rotation": {"angle": -45, "axis": "y", "origin": [8.02566, 8, 7.99515]},
			"faces": {
				"east": {"uv": [0, 5, 8, 7.75], "texture": "#1"},
				"west": {"uv": [0, 5, 8, 7.75], "texture": "#1"},
				"up": {"uv": [0, 5, 8, 10], "texture": "#1", "rotation": 180}
			}
		},
		{
			"name": "Cube",
			"from": [1.63334, 4, 5.88256],
			"to": [14.36126, 6.001, 10.1252],
			"rotation": {"angle": -45, "axis": "y", "origin": [8.00334, 8, 8.0052]},
			"faces": {
				"east": {"uv": [0, 5, 8, 7.75], "texture": "#1"},
				"west": {"uv": [0, 5, 8, 7.75], "texture": "#1"},
				"up": {"uv": [0, 5, 8, 10], "texture": "#1", "rotation": 180}
			}
		},
		{
			"name": "Cube",
			"from": [5, 4, 2],
			"to": [11, 6, 14],
			"faces": {
				"north": {"uv": [0, 5, 8, 7.75], "texture": "#1"},
				"south": {"uv": [0, 5, 8, 7.75], "texture": "#1"},
				"up": {"uv": [0, 5, 8, 10], "texture": "#1", "rotation": 90}
			}
		},
		{
			"name": "Cube",
			"from": [4, 2, 1],
			"to": [12, 4, 15],
			"faces": {
				"north": {"uv": [0, 5, 8, 7.75], "texture": "#1"},
				"south": {"uv": [0, 5, 8, 7.75], "texture": "#1"},
				"up": {"uv": [0, 5, 8, 10], "texture": "#1", "rotation": 90}
			}
		},
		{
			"name": "Cube",
			"from": [4, 0, 0],
			"to": [12, 2, 16],
			"faces": {
				"north": {"uv": [0, 5, 8, 7.75], "texture": "#1"},
				"south": {"uv": [0, 5, 8, 7.75], "texture": "#1"},
				"up": {"uv": [0, 5, 8, 10], "texture": "#1", "rotation": 90}
			}
		},
		{
			"name": "Cube",
			"from": [-0.47434, 0, 5.15485],
			"to": [16.49622, 2.001, 10.8117],
			"rotation": {"angle": 45, "axis": "y", "origin": [8.02566, 8, 8.00485]},
			"faces": {
				"east": {"uv": [0, 5, 8, 7.75], "texture": "#1"},
				"west": {"uv": [0, 5, 8, 7.75], "texture": "#1"},
				"up": {"uv": [0, 5, 8, 10], "texture": "#1", "rotation": 180}
			}
		},
		{
			"name": "Cube",
			"from": [0.20036, 2, 5.86949],
			"to": [15.75671, 4.001, 10.11213],
			"rotation": {"angle": 45, "axis": "y", "origin": [8.00036, 8, 7.96949]},
			"faces": {
				"east": {"uv": [0, 5, 8, 7.75], "texture": "#1"},
				"west": {"uv": [0, 5, 8, 7.75], "texture": "#1"},
				"up": {"uv": [0, 5, 8, 10], "texture": "#1", "rotation": 180}
			}
		},
		{
			"name": "Cube",
			"from": [1.63334, 4, 5.8748],
			"to": [14.36126, 6.001, 10.11744],
			"rotation": {"angle": 45, "axis": "y", "origin": [8.00334, 8, 7.9948]},
			"faces": {
				"east": {"uv": [0, 5, 8, 7.75], "texture": "#1"},
				"west": {"uv": [0, 5, 8, 7.75], "texture": "#1"},
				"up": {"uv": [0, 5, 8, 10], "texture": "#1", "rotation": 180}
			}
		},
		{
			"name": "Cube",
			"from": [0, 0, 4],
			"to": [16, 2, 12],
			"faces": {
				"east": {"uv": [0, 5, 8, 7.75], "texture": "#1"},
				"west": {"uv": [0, 5, 8, 7.75], "texture": "#1"},
				"up": {"uv": [0, 5, 8, 10], "texture": "#1"}
			}
		},
		{
			"name": "Cube",
			"from": [2, 4, 5],
			"to": [14, 6, 11],
			"faces": {
				"east": {"uv": [0, 5, 8, 7.75], "texture": "#1"},
				"west": {"uv": [0, 5, 8, 7.75], "texture": "#1"},
				"up": {"uv": [0, 5, 8, 10], "texture": "#1"}
			}
		},
		{
			"name": "Cube",
			"from": [0.20036, 2, 5.88787],
			"to": [15.75671, 4.001, 10.13051],
			"rotation": {"angle": -45, "axis": "y", "origin": [8.00036, 8, 8.03051]},
			"faces": {
				"east": {"uv": [0, 5, 8, 7.75], "texture": "#1"},
				"west": {"uv": [0, 5, 8, 7.75], "texture": "#1"},
				"up": {"uv": [0, 5, 8, 10], "texture": "#1", "rotation": 180}
			}
		},
		{
			"name": "Cube",
			"from": [1, 2, 4],
			"to": [15, 4, 12],
			"faces": {
				"east": {"uv": [0, 5, 8, 7.75], "texture": "#1"},
				"west": {"uv": [0, 5, 8, 7.75], "texture": "#1"},
				"up": {"uv": [0, 5, 8, 10], "texture": "#1"}
			}
		},
		{
			"name": "Cube",
			"from": [4.5, 2, 15.05],
			"to": [11.5, 4, 15.05],
			"faces": {
				"south": {"uv": [6, 10.5, 14.375, 13.8125], "texture": "#1"}
			}
		},
		{
			"name": "Cube",
			"from": [1.98959, 6, 6.23223],
			"to": [14.01041, 22.01, 9.76777],
			"rotation": {"angle": 45, "axis": "y", "origin": [8, 8, 8]},
			"faces": {
				"east": {"uv": [13, 0, 15.875, 8], "texture": "#1"},
				"west": {"uv": [13, 0, 15.875, 8], "texture": "#1"},
				"up": {"uv": [13, 0, 15.875, 8], "texture": "#1"}
			}
		},
		{
			"name": "Cube",
			"from": [5, 6, 2.5],
			"to": [11, 22, 13.5],
			"faces": {
				"north": {"uv": [13, 0, 15.875, 8], "texture": "#1"},
				"south": {"uv": [13, 0, 15.875, 8], "texture": "#1"},
				"up": {"uv": [13, 0, 15.875, 8], "texture": "#1"}
			}
		},
		{
			"name": "Cube",
			"from": [2.5, 6, 5],
			"to": [13.5, 22, 11],
			"faces": {
				"east": {"uv": [13, 0, 15.875, 8], "texture": "#1"},
				"west": {"uv": [13, 0, 15.875, 8], "texture": "#1"},
				"up": {"uv": [13, 0, 15.875, 8], "texture": "#1"}
			}
		},
		{
			"name": "Cube",
			"from": [1.98959, 6, 6.23223],
			"to": [14.01041, 22.01, 9.76777],
			"rotation": {"angle": -45, "axis": "y", "origin": [8, 8, 8]},
			"faces": {
				"east": {"uv": [13, 0, 15.875, 8], "texture": "#1"},
				"west": {"uv": [13, 0, 15.875, 8], "texture": "#1"},
				"up": {"uv": [13, 0, 15.875, 8], "texture": "#1"}
			}
		},
		{
			"name": "Cube",
			"from": [8.8, 10.8716, 13.5],
			"to": [10.8, 13.7, 16.5],
			"faces": {
				"south": {"uv": [1.5625, 0.125, 1.625, 0.8125], "texture": "#1"},
				"west": {"uv": [12.5, 1, 13, 6.5], "texture": "#1"},
				"up": {"uv": [12.5, 1, 13, 1.5], "texture": "#1"},
				"down": {"uv": [12.5, 6, 13, 6.5], "texture": "#1", "rotation": 180}
			}
		},
		{
			"name": "Cube",
			"from": [8.80244, 16.04315, 10.01472],
			"to": [10.80004, 18.04315, 12.01472],
			"rotation": {"angle": 45, "axis": "x", "origin": [8, 8.04315, 8.01472]},
			"faces": {
				"east": {"uv": [12.5, 1, 13, 6.5], "texture": "#1"},
				"south": {"uv": [12.5, 1, 13, 6.5], "texture": "#1"},
				"west": {"uv": [12.5, 1, 13, 6.5], "texture": "#1"},
				"up": {"uv": [12.5, 1, 13, 1.5], "texture": "#1"}
			}
		},
		{
			"name": "Cube",
			"from": [5.97157, 12.04315, 13.5],
			"to": [7.97157, 14.04315, 16.5],
			"rotation": {"angle": -45, "axis": "z", "origin": [7.97157, 8.04315, 8]},
			"faces": {
				"east": {"uv": [12.5, 1, 13, 6.5], "texture": "#1"},
				"south": {"uv": [12.5, 1, 13, 6.5], "texture": "#1"},
				"up": {"uv": [12.5, 1, 13, 1.5], "texture": "#1"}
			}
		},
		{
			"name": "Cube",
			"from": [5.15, 16.04315, 10.01472],
			"to": [7.1476, 18.04315, 12.01472],
			"rotation": {"angle": 45, "axis": "x", "origin": [8, 8.04315, 8.01472]},
			"faces": {
				"east": {"uv": [12.5, 1, 13, 6.5], "texture": "#1"},
				"south": {"uv": [12.5, 1, 13, 6.5], "texture": "#1"},
				"west": {"uv": [12.5, 1, 13, 6.5], "texture": "#1"},
				"up": {"uv": [12.5, 1, 13, 1.5], "texture": "#1"}
			}
		},
		{
			"name": "Cube",
			"from": [7.97843, 12.04315, 13.5],
			"to": [9.97843, 14.04315, 16.5],
			"rotation": {"angle": 45, "axis": "z", "origin": [7.97843, 8.04315, 8]},
			"faces": {
				"south": {"uv": [12.5, 1, 13, 6.5], "texture": "#1"},
				"west": {"uv": [12.5, 1, 13, 6.5], "texture": "#1"},
				"up": {"uv": [12.5, 1, 13, 1.5], "texture": "#1"}
			}
		},
		{
			"name": "Cube",
			"from": [5.15, 10.8716, 13.5],
			"to": [7.15, 13.7, 16.5],
			"faces": {
				"east": {"uv": [12.5, 1, 13, 6.5], "texture": "#1"},
				"south": {"uv": [1.5625, 0.125, 1.625, 0.8125], "texture": "#1"},
				"up": {"uv": [12.5, 1, 13, 1.5], "texture": "#1"},
				"down": {"uv": [12.5, 6, 13, 6.5], "texture": "#1", "rotation": 180}
			}
		},
		{
			"name": "Cube",
			"from": [5, 16, 14.05],
			"to": [11, 21, 14.05],
			"faces": {
				"south": {"uv": [0.25, 10, 6.25, 15], "texture": "#1"}
			}
		},
		{
			"name": "head",
			"from": [5.5, 22, 3.5],
			"to": [10.5, 30, 12.5],
			"faces": {
				"north": {"uv": [0, 11, 9, 12], "texture": "#0"},
				"south": {"uv": [0, 11, 9, 12], "texture": "#0"},
				"up": {"uv": [4, 11, 5, 12], "texture": "#0"}
			}
		},
		{
			"name": "head",
			"from": [6.59473, 22, 3.04916],
			"to": [9.42316, 30, 12.94866],
			"rotation": {"angle": -45, "axis": "y", "origin": [8.00316, 8, 7.98866]},
			"faces": {
				"north": {"uv": [0, 11, 9, 12], "texture": "#0"},
				"south": {"uv": [0, 11, 9, 12], "texture": "#0"},
				"up": {"uv": [4, 11, 5, 12], "texture": "#0"}
			}
		},
		{
			"name": "head",
			"from": [6.58579, 22, 3.05025],
			"to": [9.41421, 30, 12.94975],
			"rotation": {"angle": 45, "axis": "y", "origin": [8, 8, 8]},
			"faces": {
				"north": {"uv": [0, 11, 9, 12], "texture": "#0"},
				"south": {"uv": [0, 11, 9, 12], "texture": "#0"},
				"up": {"uv": [4, 11, 5, 12], "texture": "#0"}
			}
		},
		{
			"name": "head",
			"from": [3.5, 22, 5.5],
			"to": [12.5, 30, 10.5],
			"faces": {
				"east": {"uv": [0, 11, 9, 12], "texture": "#0"},
				"west": {"uv": [0, 11, 9, 12], "texture": "#0"},
				"up": {"uv": [4, 11, 5, 12], "texture": "#0"}
			}
		},
		{
			"name": "head",
			"from": [1.5, 28.00244, 4.5],
			"to": [4.5, 30.00244, 11.5],
			"faces": {
				"west": {"uv": [0, 0, 16, 10], "texture": "#0"},
				"up": {"uv": [0, 0, 16, 10], "texture": "#0", "rotation": 270},
				"down": {"uv": [0, 0, 16, 10], "texture": "#0", "rotation": 90}
			}
		},
		{
			"name": "head",
			"from": [5.87868, 28.00144, 0.92893],
			"to": [10.12132, 30.00344, 3.935],
			"rotation": {"angle": 45, "axis": "y", "origin": [8, 7.85144, 8]},
			"faces": {
				"north": {"uv": [0, 0, 16, 10], "texture": "#0"},
				"up": {"uv": [0, 0, 16, 10], "texture": "#0"},
				"down": {"uv": [0, 0, 16, 10], "texture": "#0"}
			}
		},
		{
			"name": "head",
			"from": [4.5, 28.00244, 1.5],
			"to": [11.5, 30.00244, 4.5],
			"faces": {
				"north": {"uv": [0, 0, 16, 10], "texture": "#0"},
				"up": {"uv": [0, 0, 16, 10], "texture": "#0"},
				"down": {"uv": [0, 0, 16, 10], "texture": "#0"}
			}
		},
		{
			"name": "head",
			"from": [5.87868, 28.00144, 0.92893],
			"to": [10.12132, 30.00344, 3.935],
			"rotation": {"angle": -45, "axis": "y", "origin": [8, 7.85144, 8]},
			"faces": {
				"north": {"uv": [0, 0, 16, 10], "texture": "#0"},
				"up": {"uv": [0, 0, 16, 10], "texture": "#0"},
				"down": {"uv": [0, 0, 16, 10], "texture": "#0"}
			}
		},
		{
			"name": "head",
			"from": [11.5, 28.00244, 4.5],
			"to": [14.5, 30.00244, 11.5],
			"faces": {
				"east": {"uv": [0, 0, 16, 10], "texture": "#0"},
				"up": {"uv": [0, 0, 16, 10], "texture": "#0", "rotation": 90},
				"down": {"uv": [0, 0, 16, 10], "texture": "#0", "rotation": 270}
			}
		},
		{
			"name": "head",
			"from": [5.87868, 28.00144, 12.07],
			"to": [10.12132, 30.00344, 15.07107],
			"rotation": {"angle": 45, "axis": "y", "origin": [8, 7.85144, 8]},
			"faces": {
				"south": {"uv": [0, 0, 16, 10], "texture": "#0"},
				"up": {"uv": [0, 0, 16, 10], "texture": "#0", "rotation": 180},
				"down": {"uv": [0, 0, 16, 10], "texture": "#0"}
			}
		},
		{
			"name": "head",
			"from": [4.5, 28.00244, 11.5],
			"to": [11.5, 30.00244, 14.5],
			"faces": {
				"south": {"uv": [0, 0, 16, 10], "texture": "#0"},
				"up": {"uv": [0, 0, 16, 10], "texture": "#0", "rotation": 180},
				"down": {"uv": [0, 0, 16, 10], "texture": "#0"}
			}
		},
		{
			"name": "head",
			"from": [5.87868, 28.00144, 12.07],
			"to": [10.12132, 30.00344, 15.07107],
			"rotation": {"angle": -45, "axis": "y", "origin": [8, 7.85144, 8]},
			"faces": {
				"south": {"uv": [0, 0, 16, 10], "texture": "#0"},
				"up": {"uv": [0, 0, 16, 10], "texture": "#0", "rotation": 180},
				"down": {"uv": [0, 0, 16, 10], "texture": "#0"}
			}
		}
	],
	"display": {
		"head": {
			"scale": [2.5, 1.75, 2.5],
			"rotation": [0, 180, 0],
			"translation": [0, -30, 0]
		},
		"fixed": {
			"rotation": [0, 180, 0]
		}
	},
	"groups": [
		{
			"name": "floor",
			"isOpen": false,
			"shade": true,
			"display": {
				"visibility": true,
				"autouv": false
			},
			"children": [0, 1, 2, 3, 4, 5, 6, 7, 8, 9, 10, 11, 12]
		},
		{
			"name": "body",
			"isOpen": false,
			"shade": true,
			"display": {
				"visibility": true,
				"autouv": false
			},
			"children": [13, 14, 15, 16]
		},
		{
			"name": "hands",
			"isOpen": false,
			"shade": true,
			"display": {
				"visibility": true,
				"autouv": false
			},
			"children": [17, 18, 19, 20, 21, 22]
		},
		{
			"name": "face",
			"isOpen": false,
			"shade": true,
			"display": {
				"visibility": true,
				"autouv": false
			},
			"children": [23]
		},
		{
			"name": "group",
			"isOpen": true,
			"shade": true,
			"display": {
				"visibility": true,
				"autouv": false
			},
			"children": [24, 25, 26, 27]
		},
		{
			"name": "group",
			"isOpen": true,
			"shade": true,
			"display": {
				"visibility": true,
				"autouv": false
			},
			"children": [28, 29, 30, 31, 32, 33, 34, 35]
		}
	]
}