{
    "credit": "Model made by dragonmaster95 with Blockbench,  a free,  modern block model editor by JannisX11", 
    "textures": {
        "main": "decorations/board/luigi/robot_moving",
		"1": "decorations/board/luigi/robot_static"
    }, 
    "elements": [
		{
			"name": "Cube",
			"from": [-0.47434, 0, 5.1883],
			"to": [16.49622, 2.001, 10.84515],
			"rotation": {"angle": -45, "axis": "y", "origin": [8.02566, 8, 7.99515]},
			"faces": {
				"east": {"uv": [0, 5, 8, 7.75], "texture": "#1"},
				"west": {"uv": [0, 5, 8, 7.75], "texture": "#1"},
				"up": {"uv": [0, 5, 8, 10], "texture": "#1", "rotation": 180}
			}
		},
		{
			"name": "Cube",
			"from": [1.63334, 4, 5.88256],
			"to": [14.36126, 6.001, 10.1252],
			"rotation": {"angle": -45, "axis": "y", "origin": [8.00334, 8, 8.0052]},
			"faces": {
				"east": {"uv": [0, 5, 8, 7.75], "texture": "#1"},
				"west": {"uv": [0, 5, 8, 7.75], "texture": "#1"},
				"up": {"uv": [0, 5, 8, 10], "texture": "#1", "rotation": 180}
			}
		},
		{
			"name": "Cube",
			"from": [5, 4, 2],
			"to": [11, 6, 14],
			"faces": {
				"north": {"uv": [0, 5, 8, 7.75], "texture": "#1"},
				"south": {"uv": [0, 5, 8, 7.75], "texture": "#1"},
				"up": {"uv": [0, 5, 8, 10], "texture": "#1", "rotation": 90}
			}
		},
		{
			"name": "Cube",
			"from": [4, 2, 1],
			"to": [12, 4, 15],
			"faces": {
				"north": {"uv": [0, 5, 8, 7.75], "texture": "#1"},
				"south": {"uv": [0, 5, 8, 7.75], "texture": "#1"},
				"up": {"uv": [0, 5, 8, 10], "texture": "#1", "rotation": 90}
			}
		},
		{
			"name": "Cube",
			"from": [4, 0, 0],
			"to": [12, 2, 16],
			"faces": {
				"north": {"uv": [0, 5, 8, 7.75], "texture": "#1"},
				"south": {"uv": [0, 5, 8, 7.75], "texture": "#1"},
				"up": {"uv": [0, 5, 8, 10], "texture": "#1", "rotation": 90}
			}
		},
		{
			"name": "Cube",
			"from": [-0.47434, 0, 5.15485],
			"to": [16.49622, 2.001, 10.8117],
			"rotation": {"angle": 45, "axis": "y", "origin": [8.02566, 8, 8.00485]},
			"faces": {
				"east": {"uv": [0, 5, 8, 7.75], "texture": "#1"},
				"west": {"uv": [0, 5, 8, 7.75], "texture": "#1"},
				"up": {"uv": [0, 5, 8, 10], "texture": "#1", "rotation": 180}
			}
		},
		{
			"name": "Cube",
			"from": [0.20036, 2, 5.86949],
			"to": [15.75671, 4.001, 10.11213],
			"rotation": {"angle": 45, "axis": "y", "origin": [8.00036, 8, 7.96949]},
			"faces": {
				"east": {"uv": [0, 5, 8, 7.75], "texture": "#1"},
				"west": {"uv": [0, 5, 8, 7.75], "texture": "#1"},
				"up": {"uv": [0, 5, 8, 10], "texture": "#1", "rotation": 180}
			}
		},
		{
			"name": "Cube",
			"from": [1.63334, 4, 5.8748],
			"to": [14.36126, 6.001, 10.11744],
			"rotation": {"angle": 45, "axis": "y", "origin": [8.00334, 8, 7.9948]},
			"faces": {
				"east": {"uv": [0, 5, 8, 7.75], "texture": "#1"},
				"west": {"uv": [0, 5, 8, 7.75], "texture": "#1"},
				"up": {"uv": [0, 5, 8, 10], "texture": "#1", "rotation": 180}
			}
		},
		{
			"name": "Cube",
			"from": [0, 0, 4],
			"to": [16, 2, 12],
			"faces": {
				"east": {"uv": [0, 5, 8, 7.75], "texture": "#1"},
				"west": {"uv": [0, 5, 8, 7.75], "texture": "#1"},
				"up": {"uv": [0, 5, 8, 10], "texture": "#1"}
			}
		},
		{
			"name": "Cube",
			"from": [2, 4, 5],
			"to": [14, 6, 11],
			"faces": {
				"east": {"uv": [0, 5, 8, 7.75], "texture": "#1"},
				"west": {"uv": [0, 5, 8, 7.75], "texture": "#1"},
				"up": {"uv": [0, 5, 8, 10], "texture": "#1"}
			}
		},
		{
			"name": "Cube",
			"from": [0.20036, 2, 5.88787],
			"to": [15.75671, 4.001, 10.13051],
			"rotation": {"angle": -45, "axis": "y", "origin": [8.00036, 8, 8.03051]},
			"faces": {
				"east": {"uv": [0, 5, 8, 7.75], "texture": "#1"},
				"west": {"uv": [0, 5, 8, 7.75], "texture": "#1"},
				"up": {"uv": [0, 5, 8, 10], "texture": "#1", "rotation": 180}
			}
		},
		{
			"name": "Cube",
			"from": [1, 2, 4],
			"to": [15, 4, 12],
			"faces": {
				"east": {"uv": [0, 5, 8, 7.75], "texture": "#1"},
				"west": {"uv": [0, 5, 8, 7.75], "texture": "#1"},
				"up": {"uv": [0, 5, 8, 10], "texture": "#1"}
			}
		},
		{
			"name": "Cube",
			"from": [4.5, 2, 15.05],
			"to": [11.5, 4, 15.05],
			"faces": {
				"south": {"uv": [6, 10.5, 14.375, 13.8125], "texture": "#1"}
			}
		},
		{
			"name": "Cube",
			"from": [1.98959, 6, 6.23223],
			"to": [14.01041, 22.01, 9.76777],
			"rotation": {"angle": 45, "axis": "y", "origin": [8, 8, 8]},
			"faces": {
				"east": {"uv": [13, 0, 15.875, 8], "texture": "#1"},
				"west": {"uv": [13, 0, 15.875, 8], "texture": "#1"},
				"up": {"uv": [13, 0, 15.875, 8], "texture": "#1"}
			}
		},
		{
			"name": "Cube",
			"from": [5, 6, 2.5],
			"to": [11, 22, 13.5],
			"faces": {
				"north": {"uv": [13, 0, 15.875, 8], "texture": "#1"},
				"south": {"uv": [13, 0, 15.875, 8], "texture": "#1"},
				"up": {"uv": [13, 0, 15.875, 8], "texture": "#1"}
			}
		},
		{
			"name": "Cube",
			"from": [2.5, 6, 5],
			"to": [13.5, 22, 11],
			"faces": {
				"east": {"uv": [13, 0, 15.875, 8], "texture": "#1"},
				"west": {"uv": [13, 0, 15.875, 8], "texture": "#1"},
				"up": {"uv": [13, 0, 15.875, 8], "texture": "#1"}
			}
		},
		{
			"name": "Cube",
			"from": [1.98959, 6, 6.23223],
			"to": [14.01041, 22.01, 9.76777],
			"rotation": {"angle": -45, "axis": "y", "origin": [8, 8, 8]},
			"faces": {
				"east": {"uv": [13, 0, 15.875, 8], "texture": "#1"},
				"west": {"uv": [13, 0, 15.875, 8], "texture": "#1"},
				"up": {"uv": [13, 0, 15.875, 8], "texture": "#1"}
			}
		},
		{
			"name": "Cube",
			"from": [8.8, 10.8716, 13.5],
			"to": [10.8, 13.7, 16.5],
			"faces": {
				"south": {"uv": [1.5625, 0.125, 1.625, 0.8125], "texture": "#1"},
				"west": {"uv": [12.5, 1, 13, 6.5], "texture": "#1"},
				"up": {"uv": [12.5, 1, 13, 1.5], "texture": "#1"},
				"down": {"uv": [12.5, 6, 13, 6.5], "texture": "#1", "rotation": 180}
			}
		},
		{
			"name": "Cube",
			"from": [8.80244, 16.04315, 10.01472],
			"to": [10.80004, 18.04315, 12.01472],
			"rotation": {"angle": 45, "axis": "x", "origin": [8, 8.04315, 8.01472]},
			"faces": {
				"east": {"uv": [12.5, 1, 13, 6.5], "texture": "#1"},
				"south": {"uv": [12.5, 1, 13, 6.5], "texture": "#1"},
				"west": {"uv": [12.5, 1, 13, 6.5], "texture": "#1"},
				"up": {"uv": [12.5, 1, 13, 1.5], "texture": "#1"}
			}
		},
		{
			"name": "Cube",
			"from": [5.97157, 12.04315, 13.5],
			"to": [7.97157, 14.04315, 16.5],
			"rotation": {"angle": -45, "axis": "z", "origin": [7.97157, 8.04315, 8]},
			"faces": {
				"east": {"uv": [12.5, 1, 13, 6.5], "texture": "#1"},
				"south": {"uv": [12.5, 1, 13, 6.5], "texture": "#1"},
				"up": {"uv": [12.5, 1, 13, 1.5], "texture": "#1"}
			}
		},
		{
			"name": "Cube",
			"from": [5.15, 16.04315, 10.01472],
			"to": [7.1476, 18.04315, 12.01472],
			"rotation": {"angle": 45, "axis": "x", "origin": [8, 8.04315, 8.01472]},
			"faces": {
				"east": {"uv": [12.5, 1, 13, 6.5], "texture": "#1"},
				"south": {"uv": [12.5, 1, 13, 6.5], "texture": "#1"},
				"west": {"uv": [12.5, 1, 13, 6.5], "texture": "#1"},
				"up": {"uv": [12.5, 1, 13, 1.5], "texture": "#1"}
			}
		},
		{
			"name": "Cube",
			"from": [7.97843, 12.04315, 13.5],
			"to": [9.97843, 14.04315, 16.5],
			"rotation": {"angle": 45, "axis": "z", "origin": [7.97843, 8.04315, 8]},
			"faces": {
				"south": {"uv": [12.5, 1, 13, 6.5], "texture": "#1"},
				"west": {"uv": [12.5, 1, 13, 6.5], "texture": "#1"},
				"up": {"uv": [12.5, 1, 13, 1.5], "texture": "#1"}
			}
		},
		{
			"name": "Cube",
			"from": [5.15, 10.8716, 13.5],
			"to": [7.15, 13.7, 16.5],
			"faces": {
				"east": {"uv": [12.5, 1, 13, 6.5], "texture": "#1"},
				"south": {"uv": [1.5625, 0.125, 1.625, 0.8125], "texture": "#1"},
				"up": {"uv": [12.5, 1, 13, 1.5], "texture": "#1"},
				"down": {"uv": [12.5, 6, 13, 6.5], "texture": "#1", "rotation": 180}
			}
		},
		{
			"name": "Cube",
			"from": [5, 16, 14.05],
			"to": [11, 21, 14.05],
			"faces": {
				"south": {"uv": [0.25, 10, 6.25, 15], "texture": "#1"}
			}
		},
        {
            "name": "Cube", 
            "from": [ 5.5, 21.5, 3.5 ], 
            "to":   [ 10.5, 29.5, 12.5 ], 
            "faces": {
                "north": { "uv": [ 0, 2.75, 2.25, 3 ], "texture": "#main" }, 
                "south": { "uv": [ 0, 2.75, 2.25, 3 ], "texture": "#main" }, 
                "up":    { "uv": [ 1, 2.75, 1.25, 3 ], "texture": "#main" }
            }
        }, 
        {
            "name": "Cube", 
            "from": [ 6.59473, 21.5, 3.04916 ], 
            "to":   [ 9.42316, 29.5, 12.94866 ], 
            "rotation": { "angle": -45, "axis": "y", "origin": [8.00316, 7.5, 7.98866] }, 
            "faces": {
                "north": { "uv": [ 0, 2.75, 2.25, 3 ], "texture": "#main" }, 
                "south": { "uv": [ 0, 2.75, 2.25, 3 ], "texture": "#main" }, 
                "up":    { "uv": [ 1, 2.75, 1.25, 3 ], "texture": "#main" }
            }
        }, 
        {
            "name": "Cube", 
            "from": [ 6.58579, 21.5, 3.05025 ], 
            "to":   [ 9.41421, 29.5, 12.94975 ], 
            "rotation": { "angle": 45, "axis": "y", "origin": [8, 7.5, 8] }, 
            "faces": {
                "north": { "uv": [ 0, 2.75, 2.25, 3 ], "texture": "#main" }, 
                "south": { "uv": [ 0, 2.75, 2.25, 3 ], "texture": "#main" }, 
                "up":    { "uv": [ 1, 2.75, 1.25, 3 ], "texture": "#main" }
            }
        }, 
        {
            "name": "Cube", 
            "from": [ 3.5, 21.5, 5.5 ], 
            "to":   [ 12.5, 29.5, 10.5 ], 
            "faces": {
                "east":  { "uv": [ 0, 2.75, 2.25, 3 ], "texture": "#main" }, 
                "west":  { "uv": [ 0, 2.75, 2.25, 3 ], "texture": "#main" }, 
                "up":    { "uv": [ 1, 2.75, 1.25, 3 ], "texture": "#main" }
            }
        }, 
        {
            "name": "Cube", 
            "from": [ 1.5, 27.50244, 4.5 ], 
            "to":   [ 4.5, 29.50244, 11.5 ], 
            "faces": {
                "west":  { "uv": [ 0, 0, 4, 2.5 ], "texture": "#main" }, 
                "up":    { "uv": [ 0, 0, 4, 2.5 ], "texture": "#main", "rotation":270 }, 
                "down":  { "uv": [ 0, 0, 4, 2.5 ], "texture": "#main", "rotation":90 }
            }
        }, 
        {
            "name": "Cube", 
            "from": [ 5.87868, 27.50144, 0.92893 ], 
            "to":   [ 10.12132, 29.50344, 3.935 ], 
            "rotation": { "angle": 45, "axis": "y", "origin": [8, 7.35144, 8] }, 
            "faces": {
                "north": { "uv": [ 0, 0, 4, 2.5 ], "texture": "#main" }, 
                "up":    { "uv": [ 0, 0, 4, 2.5 ], "texture": "#main" }, 
                "down":  { "uv": [ 0, 0, 4, 2.5 ], "texture": "#main" }
            }
        }, 
        {
            "name": "Cube", 
            "from": [ 4.5, 27.50244, 1.5 ], 
            "to":   [ 11.5, 29.50244, 4.5 ], 
            "faces": {
                "north": { "uv": [ 0, 0, 4, 2.5 ], "texture": "#main" }, 
                "up":    { "uv": [ 0, 0, 4, 2.5 ], "texture": "#main" }, 
                "down":  { "uv": [ 0, 0, 4, 2.5 ], "texture": "#main" }
            }
        }, 
        {
            "name": "Cube", 
            "from": [ 5.87868, 27.50144, 0.92893 ], 
            "to":   [ 10.12132, 29.50344, 3.935 ], 
            "rotation": { "angle": -45, "axis": "y", "origin": [8, 7.35144, 8] }, 
            "faces": {
                "north": { "uv": [ 0, 0, 4, 2.5 ], "texture": "#main" }, 
                "up":    { "uv": [ 0, 0, 4, 2.5 ], "texture": "#main" }, 
                "down":  { "uv": [ 0, 0, 4, 2.5 ], "texture": "#main" }
            }
        }, 
        {
            "name": "Cube", 
            "from": [ 11.5, 27.50244, 4.5 ], 
            "to":   [ 14.5, 29.50244, 11.5 ], 
            "faces": {
                "east":  { "uv": [ 0, 0, 4, 2.5 ], "texture": "#main" }, 
                "up":    { "uv": [ 0, 0, 4, 2.5 ], "texture": "#main", "rotation":90 }, 
                "down":  { "uv": [ 0, 0, 4, 2.5 ], "texture": "#main", "rotation":270 }
            }
        }, 
        {
            "name": "Cube", 
            "from": [ 5.87868, 27.50144, 12.07 ], 
            "to":   [ 10.12132, 29.50344, 15.07107 ], 
            "rotation": { "angle": 45, "axis": "y", "origin": [8, 7.35144, 8] }, 
            "faces": {
                "south": { "uv": [ 0, 0, 4, 2.5 ], "texture": "#main" }, 
                "up":    { "uv": [ 0, 0, 4, 2.5 ], "texture": "#main", "rotation":180 }, 
                "down":  { "uv": [ 0, 0, 4, 2.5 ], "texture": "#main" }
            }
        }, 
        {
            "name": "Cube", 
            "from": [ 4.5, 27.50244, 11.5 ], 
            "to":   [ 11.5, 29.50244, 14.5 ], 
            "faces": {
                "south": { "uv": [ 0, 0, 4, 2.5 ], "texture": "#main" }, 
                "up":    { "uv": [ 0, 0, 4, 2.5 ], "texture": "#main", "rotation":180 }, 
                "down":  { "uv": [ 0, 0, 4, 2.5 ], "texture": "#main" }
            }
        }, 
        {
            "name": "Cube", 
            "from": [ 5.87868, 27.50144, 12.07 ], 
            "to":   [ 10.12132, 29.50344, 15.07107 ], 
            "rotation": { "angle": -45, "axis": "y", "origin": [8, 7.35144, 8] }, 
            "faces": {
                "south": { "uv": [ 0, 0, 4, 2.5 ], "texture": "#main" }, 
                "up":    { "uv": [ 0, 0, 4, 2.5 ], "texture": "#main", "rotation":180 }, 
                "down":  { "uv": [ 0, 0, 4, 2.5 ], "texture": "#main" }
            }
        }, 
        {
            "name": "Cube", 
            "from": [ 5.5, 21, 3.5 ], 
            "to":   [ 10.5, 29, 12.5 ], 
            "faces": {
                "north": { "uv": [ 4, 2.75, 6.25, 3 ], "texture": "#main" }, 
                "south": { "uv": [ 4, 2.75, 6.25, 3 ], "texture": "#main" }, 
                "up":    { "uv": [ 5, 2.75, 5.25, 3 ], "texture": "#main" }
            }
        }, 
        {
            "name": "Cube", 
            "from": [ 6.59473, 21, 3.04916 ], 
            "to":   [ 9.42316, 29, 12.94866 ], 
            "rotation": { "angle": -45, "axis": "y", "origin": [8.00316, 7, 7.98866] }, 
            "faces": {
                "north": { "uv": [ 4, 2.75, 6.25, 3 ], "texture": "#main" }, 
                "south": { "uv": [ 4, 2.75, 6.25, 3 ], "texture": "#main" }, 
                "up":    { "uv": [ 5, 2.75, 5.25, 3 ], "texture": "#main" }
            }
        }, 
        {
            "name": "Cube", 
            "from": [ 6.58579, 21, 3.05025 ], 
            "to":   [ 9.41421, 29, 12.94975 ], 
            "rotation": { "angle": 45, "axis": "y", "origin": [8, 7, 8] }, 
            "faces": {
                "north": { "uv": [ 4, 2.75, 6.25, 3 ], "texture": "#main" }, 
                "south": { "uv": [ 4, 2.75, 6.25, 3 ], "texture": "#main" }, 
                "up":    { "uv": [ 5, 2.75, 5.25, 3 ], "texture": "#main" }
            }
        }, 
        {
            "name": "Cube", 
            "from": [ 3.5, 21, 5.5 ], 
            "to":   [ 12.5, 29, 10.5 ], 
            "faces": {
                "east":  { "uv": [ 4, 2.75, 6.25, 3 ], "texture": "#main" }, 
                "west":  { "uv": [ 4, 2.75, 6.25, 3 ], "texture": "#main" }, 
                "up":    { "uv": [ 5, 2.75, 5.25, 3 ], "texture": "#main" }
            }
        }, 
        {
            "name": "Cube", 
            "from": [ 1.5, 27.00244, 4.5 ], 
            "to":   [ 4.5, 29.00244, 11.5 ], 
            "faces": {
                "west":  { "uv": [ 4, 0, 8, 2.5 ], "texture": "#main" }, 
                "up":    { "uv": [ 4, 0, 8, 2.5 ], "texture": "#main", "rotation":270 }, 
                "down":  { "uv": [ 4, 0, 8, 2.5 ], "texture": "#main", "rotation":90 }
            }
        }, 
        {
            "name": "Cube", 
            "from": [ 5.87868, 27.00144, 0.92893 ], 
            "to":   [ 10.12132, 29.00344, 3.935 ], 
            "rotation": { "angle": 45, "axis": "y", "origin": [8, 6.85144, 8] }, 
            "faces": {
                "north": { "uv": [ 4, 0, 8, 2.5 ], "texture": "#main" }, 
                "up":    { "uv": [ 4, 0, 8, 2.5 ], "texture": "#main" }, 
                "down":  { "uv": [ 4, 0, 8, 2.5 ], "texture": "#main" }
            }
        }, 
        {
            "name": "Cube", 
            "from": [ 4.5, 27.00244, 1.5 ], 
            "to":   [ 11.5, 29.00244, 4.5 ], 
            "faces": {
                "north": { "uv": [ 4, 0, 8, 2.5 ], "texture": "#main" }, 
                "up":    { "uv": [ 4, 0, 8, 2.5 ], "texture": "#main" }, 
                "down":  { "uv": [ 4, 0, 8, 2.5 ], "texture": "#main" }
            }
        }, 
        {
            "name": "Cube", 
            "from": [ 5.87868, 27.00144, 0.92893 ], 
            "to":   [ 10.12132, 29.00344, 3.935 ], 
            "rotation": { "angle": -45, "axis": "y", "origin": [8, 6.85144, 8] }, 
            "faces": {
                "north": { "uv": [ 4, 0, 8, 2.5 ], "texture": "#main" }, 
                "up":    { "uv": [ 4, 0, 8, 2.5 ], "texture": "#main" }, 
                "down":  { "uv": [ 4, 0, 8, 2.5 ], "texture": "#main" }
            }
        }, 
        {
            "name": "Cube", 
            "from": [ 11.5, 27.00244, 4.5 ], 
            "to":   [ 14.5, 29.00244, 11.5 ], 
            "faces": {
                "east":  { "uv": [ 4, 0, 8, 2.5 ], "texture": "#main" }, 
                "up":    { "uv": [ 4, 0, 8, 2.5 ], "texture": "#main", "rotation":90 }, 
                "down":  { "uv": [ 4, 0, 8, 2.5 ], "texture": "#main", "rotation":270 }
            }
        }, 
        {
            "name": "Cube", 
            "from": [ 5.87868, 27.00144, 12.07 ], 
            "to":   [ 10.12132, 29.00344, 15.07107 ], 
            "rotation": { "angle": 45, "axis": "y", "origin": [8, 6.85144, 8] }, 
            "faces": {
                "south": { "uv": [ 4, 0, 8, 2.5 ], "texture": "#main" }, 
                "up":    { "uv": [ 4, 0, 8, 2.5 ], "texture": "#main", "rotation":180 }, 
                "down":  { "uv": [ 4, 0, 8, 2.5 ], "texture": "#main" }
            }
        }, 
        {
            "name": "Cube", 
            "from": [ 4.5, 27.00244, 11.5 ], 
            "to":   [ 11.5, 29.00244, 14.5 ], 
            "faces": {
                "south": { "uv": [ 4, 0, 8, 2.5 ], "texture": "#main" }, 
                "up":    { "uv": [ 4, 0, 8, 2.5 ], "texture": "#main", "rotation":180 }, 
                "down":  { "uv": [ 4, 0, 8, 2.5 ], "texture": "#main" }
            }
        }, 
        {
            "name": "Cube", 
            "from": [ 5.87868, 27.00144, 12.07 ], 
            "to":   [ 10.12132, 29.00344, 15.07107 ], 
            "rotation": { "angle": -45, "axis": "y", "origin": [8, 6.85144, 8] }, 
            "faces": {
                "south": { "uv": [ 4, 0, 8, 2.5 ], "texture": "#main" }, 
                "up":    { "uv": [ 4, 0, 8, 2.5 ], "texture": "#main", "rotation":180 }, 
                "down":  { "uv": [ 4, 0, 8, 2.5 ], "texture": "#main" }
            }
        }, 
        {
            "name": "Cube", 
            "from": [ 5.5, 20.5, 3.5 ], 
            "to":   [ 10.5, 28.5, 12.5 ], 
            "faces": {
                "north": { "uv": [ 8, 2.75, 10.25, 3 ], "texture": "#main" }, 
                "south": { "uv": [ 8, 2.75, 10.25, 3 ], "texture": "#main" }, 
                "up":    { "uv": [ 9, 2.75, 9.25, 3 ], "texture": "#main" }
            }
        }, 
        {
            "name": "Cube", 
            "from": [ 6.59473, 20.5, 3.04916 ], 
            "to":   [ 9.42316, 28.5, 12.94866 ], 
            "rotation": { "angle": -45, "axis": "y", "origin": [8.00316, 6.5, 7.98866] }, 
            "faces": {
                "north": { "uv": [ 8, 2.75, 10.25, 3 ], "texture": "#main" }, 
                "south": { "uv": [ 8, 2.75, 10.25, 3 ], "texture": "#main" }, 
                "up":    { "uv": [ 9, 2.75, 9.25, 3 ], "texture": "#main" }
            }
        }, 
        {
            "name": "Cube", 
            "from": [ 6.58579, 20.5, 3.05025 ], 
            "to":   [ 9.41421, 28.5, 12.94975 ], 
            "rotation": { "angle": 45, "axis": "y", "origin": [8, 6.5, 8] }, 
            "faces": {
                "north": { "uv": [ 8, 2.75, 10.25, 3 ], "texture": "#main" }, 
                "south": { "uv": [ 8, 2.75, 10.25, 3 ], "texture": "#main" }, 
                "up":    { "uv": [ 9, 2.75, 9.25, 3 ], "texture": "#main" }
            }
        }, 
        {
            "name": "Cube", 
            "from": [ 3.5, 20.5, 5.5 ], 
            "to":   [ 12.5, 28.5, 10.5 ], 
            "faces": {
                "east":  { "uv": [ 8, 2.75, 10.25, 3 ], "texture": "#main" }, 
                "west":  { "uv": [ 8, 2.75, 10.25, 3 ], "texture": "#main" }, 
                "up":    { "uv": [ 9, 2.75, 9.25, 3 ], "texture": "#main" }
            }
        }, 
        {
            "name": "Cube", 
            "from": [ 1.5, 26.50244, 4.5 ], 
            "to":   [ 4.5, 28.50244, 11.5 ], 
            "faces": {
                "west":  { "uv": [ 8, 0, 12, 2.5 ], "texture": "#main" }, 
                "up":    { "uv": [ 8, 0, 12, 2.5 ], "texture": "#main", "rotation":270 }, 
                "down":  { "uv": [ 8, 0, 12, 2.5 ], "texture": "#main", "rotation":90 }
            }
        }, 
        {
            "name": "Cube", 
            "from": [ 5.87868, 26.50144, 0.92893 ], 
            "to":   [ 10.12132, 28.50344, 3.935 ], 
            "rotation": { "angle": 45, "axis": "y", "origin": [8, 6.35144, 8] }, 
            "faces": {
                "north": { "uv": [ 8, 0, 12, 2.5 ], "texture": "#main" }, 
                "up":    { "uv": [ 8, 0, 12, 2.5 ], "texture": "#main" }, 
                "down":  { "uv": [ 8, 0, 12, 2.5 ], "texture": "#main" }
            }
        }, 
        {
            "name": "Cube", 
            "from": [ 4.5, 26.50244, 1.5 ], 
            "to":   [ 11.5, 28.50244, 4.5 ], 
            "faces": {
                "north": { "uv": [ 8, 0, 12, 2.5 ], "texture": "#main" }, 
                "up":    { "uv": [ 8, 0, 12, 2.5 ], "texture": "#main" }, 
                "down":  { "uv": [ 8, 0, 12, 2.5 ], "texture": "#main" }
            }
        }, 
        {
            "name": "Cube", 
            "from": [ 5.87868, 26.50144, 0.92893 ], 
            "to":   [ 10.12132, 28.50344, 3.935 ], 
            "rotation": { "angle": -45, "axis": "y", "origin": [8, 6.35144, 8] }, 
            "faces": {
                "north": { "uv": [ 8, 0, 12, 2.5 ], "texture": "#main" }, 
                "up":    { "uv": [ 8, 0, 12, 2.5 ], "texture": "#main" }, 
                "down":  { "uv": [ 8, 0, 12, 2.5 ], "texture": "#main" }
            }
        }, 
        {
            "name": "Cube", 
            "from": [ 11.5, 26.50244, 4.5 ], 
            "to":   [ 14.5, 28.50244, 11.5 ], 
            "faces": {
                "east":  { "uv": [ 8, 0, 12, 2.5 ], "texture": "#main" }, 
                "up":    { "uv": [ 8, 0, 12, 2.5 ], "texture": "#main", "rotation":90 }, 
                "down":  { "uv": [ 8, 0, 12, 2.5 ], "texture": "#main", "rotation":270 }
            }
        }, 
        {
            "name": "Cube", 
            "from": [ 5.87868, 26.50144, 12.07 ], 
            "to":   [ 10.12132, 28.50344, 15.07107 ], 
            "rotation": { "angle": 45, "axis": "y", "origin": [8, 6.35144, 8] }, 
            "faces": {
                "south": { "uv": [ 8, 0, 12, 2.5 ], "texture": "#main" }, 
                "up":    { "uv": [ 8, 0, 12, 2.5 ], "texture": "#main", "rotation":180 }, 
                "down":  { "uv": [ 8, 0, 12, 2.5 ], "texture": "#main" }
            }
        }, 
        {
            "name": "Cube", 
            "from": [ 4.5, 26.50244, 11.5 ], 
            "to":   [ 11.5, 28.50244, 14.5 ], 
            "faces": {
                "south": { "uv": [ 8, 0, 12, 2.5 ], "texture": "#main" }, 
                "up":    { "uv": [ 8, 0, 12, 2.5 ], "texture": "#main", "rotation":180 }, 
                "down":  { "uv": [ 8, 0, 12, 2.5 ], "texture": "#main" }
            }
        }, 
        {
            "name": "Cube", 
            "from": [ 5.87868, 26.50144, 12.07 ], 
            "to":   [ 10.12132, 28.50344, 15.07107 ], 
            "rotation": { "angle": -45, "axis": "y", "origin": [8, 6.35144, 8] }, 
            "faces": {
                "south": { "uv": [ 8, 0, 12, 2.5 ], "texture": "#main" }, 
                "up":    { "uv": [ 8, 0, 12, 2.5 ], "texture": "#main", "rotation":180 }, 
                "down":  { "uv": [ 8, 0, 12, 2.5 ], "texture": "#main" }
            }
        }, 
        {
            "name": "Cube", 
            "from": [ 5.5, 20, 3.5 ], 
            "to":   [ 10.5, 28, 12.5 ], 
            "faces": {
                "north": { "uv": [ 12, 2.75, 14.25, 3 ], "texture": "#main" }, 
                "south": { "uv": [ 12, 2.75, 14.25, 3 ], "texture": "#main" }, 
                "up":    { "uv": [ 13, 2.75, 13.25, 3 ], "texture": "#main" }
            }
        }, 
        {
            "name": "Cube", 
            "from": [ 6.59473, 20, 3.04916 ], 
            "to":   [ 9.42316, 28, 12.94866 ], 
            "rotation": { "angle": -45, "axis": "y", "origin": [8.00316, 6, 7.98866] }, 
            "faces": {
                "north": { "uv": [ 12, 2.75, 14.25, 3 ], "texture": "#main" }, 
                "south": { "uv": [ 12, 2.75, 14.25, 3 ], "texture": "#main" }, 
                "up":    { "uv": [ 13, 2.75, 13.25, 3 ], "texture": "#main" }
            }
        }, 
        {
            "name": "Cube", 
            "from": [ 6.58579, 20, 3.05025 ], 
            "to":   [ 9.41421, 28, 12.94975 ], 
            "rotation": { "angle": 45, "axis": "y", "origin": [8, 6, 8] }, 
            "faces": {
                "north": { "uv": [ 12, 2.75, 14.25, 3 ], "texture": "#main" }, 
                "south": { "uv": [ 12, 2.75, 14.25, 3 ], "texture": "#main" }, 
                "up":    { "uv": [ 13, 2.75, 13.25, 3 ], "texture": "#main" }
            }
        }, 
        {
            "name": "Cube", 
            "from": [ 3.5, 20, 5.5 ], 
            "to":   [ 12.5, 28, 10.5 ], 
            "faces": {
                "east":  { "uv": [ 12, 2.75, 14.25, 3 ], "texture": "#main" }, 
                "west":  { "uv": [ 12, 2.75, 14.25, 3 ], "texture": "#main" }, 
                "up":    { "uv": [ 13, 2.75, 13.25, 3 ], "texture": "#main" }
            }
        }, 
        {
            "name": "Cube", 
            "from": [ 1.5, 26.00244, 4.5 ], 
            "to":   [ 4.5, 28.00244, 11.5 ], 
            "faces": {
                "west":  { "uv": [ 12, 0, 16, 2.5 ], "texture": "#main" }, 
                "up":    { "uv": [ 12, 0, 16, 2.5 ], "texture": "#main", "rotation":270 }, 
                "down":  { "uv": [ 12, 0, 16, 2.5 ], "texture": "#main", "rotation":90 }
            }
        }, 
        {
            "name": "Cube", 
            "from": [ 5.87868, 26.00144, 0.92893 ], 
            "to":   [ 10.12132, 28.00344, 3.935 ], 
            "rotation": { "angle": 45, "axis": "y", "origin": [8, 5.85144, 8] }, 
            "faces": {
                "north": { "uv": [ 12, 0, 16, 2.5 ], "texture": "#main" }, 
                "up":    { "uv": [ 12, 0, 16, 2.5 ], "texture": "#main" }, 
                "down":  { "uv": [ 12, 0, 16, 2.5 ], "texture": "#main" }
            }
        }, 
        {
            "name": "Cube", 
            "from": [ 4.5, 26.00244, 1.5 ], 
            "to":   [ 11.5, 28.00244, 4.5 ], 
            "faces": {
                "north": { "uv": [ 12, 0, 16, 2.5 ], "texture": "#main" }, 
                "up":    { "uv": [ 12, 0, 16, 2.5 ], "texture": "#main" }, 
                "down":  { "uv": [ 12, 0, 16, 2.5 ], "texture": "#main" }
            }
        }, 
        {
            "name": "Cube", 
            "from": [ 5.87868, 26.00144, 0.92893 ], 
            "to":   [ 10.12132, 28.00344, 3.935 ], 
            "rotation": { "angle": -45, "axis": "y", "origin": [8, 5.85144, 8] }, 
            "faces": {
                "north": { "uv": [ 12, 0, 16, 2.5 ], "texture": "#main" }, 
                "up":    { "uv": [ 12, 0, 16, 2.5 ], "texture": "#main" }, 
                "down":  { "uv": [ 12, 0, 16, 2.5 ], "texture": "#main" }
            }
        }, 
        {
            "name": "Cube", 
            "from": [ 11.5, 26.00244, 4.5 ], 
            "to":   [ 14.5, 28.00244, 11.5 ], 
            "faces": {
                "east":  { "uv": [ 12, 0, 16, 2.5 ], "texture": "#main" }, 
                "up":    { "uv": [ 12, 0, 16, 2.5 ], "texture": "#main", "rotation":90 }, 
                "down":  { "uv": [ 12, 0, 16, 2.5 ], "texture": "#main", "rotation":270 }
            }
        }, 
        {
            "name": "Cube", 
            "from": [ 5.87868, 26.00144, 12.07 ], 
            "to":   [ 10.12132, 28.00344, 15.07107 ], 
            "rotation": { "angle": 45, "axis": "y", "origin": [8, 5.85144, 8] }, 
            "faces": {
                "south": { "uv": [ 12, 0, 16, 2.5 ], "texture": "#main" }, 
                "up":    { "uv": [ 12, 0, 16, 2.5 ], "texture": "#main", "rotation":180 }, 
                "down":  { "uv": [ 12, 0, 16, 2.5 ], "texture": "#main" }
            }
        }, 
        {
            "name": "Cube", 
            "from": [ 4.5, 26.00244, 11.5 ], 
            "to":   [ 11.5, 28.00244, 14.5 ], 
            "faces": {
                "south": { "uv": [ 12, 0, 16, 2.5 ], "texture": "#main" }, 
                "up":    { "uv": [ 12, 0, 16, 2.5 ], "texture": "#main", "rotation":180 }, 
                "down":  { "uv": [ 12, 0, 16, 2.5 ], "texture": "#main" }
            }
        }, 
        {
            "name": "Cube", 
            "from": [ 5.87868, 26.00144, 12.07 ], 
            "to":   [ 10.12132, 28.00344, 15.07107 ], 
            "rotation": { "angle": -45, "axis": "y", "origin": [8, 5.85144, 8] }, 
            "faces": {
                "south": { "uv": [ 12, 0, 16, 2.5 ], "texture": "#main" }, 
                "up":    { "uv": [ 12, 0, 16, 2.5 ], "texture": "#main", "rotation":180 }, 
                "down":  { "uv": [ 12, 0, 16, 2.5 ], "texture": "#main" }
            }
        }, 
        {
            "name": "Cube", 
            "from": [ 5.5, 19.5, 3.5 ], 
            "to":   [ 10.5, 27.5, 12.5 ], 
            "faces": {
                "north": { "uv": [ 0, 6.75, 2.25, 7 ], "texture": "#main" }, 
                "south": { "uv": [ 0, 6.75, 2.25, 7 ], "texture": "#main" }, 
                "up":    { "uv": [ 1, 6.75, 1.25, 7 ], "texture": "#main" }
            }
        }, 
        {
            "name": "Cube", 
            "from": [ 6.59473, 19.5, 3.04916 ], 
            "to":   [ 9.42316, 27.5, 12.94866 ], 
            "rotation": { "angle": -45, "axis": "y", "origin": [8.00316, 5.5, 7.98866] }, 
            "faces": {
                "north": { "uv": [ 0, 6.75, 2.25, 7 ], "texture": "#main" }, 
                "south": { "uv": [ 0, 6.75, 2.25, 7 ], "texture": "#main" }, 
                "up":    { "uv": [ 1, 6.75, 1.25, 7 ], "texture": "#main" }
            }
        }, 
        {
            "name": "Cube", 
            "from": [ 6.58579, 19.5, 3.05025 ], 
            "to":   [ 9.41421, 27.5, 12.94975 ], 
            "rotation": { "angle": 45, "axis": "y", "origin": [8, 5.5, 8] }, 
            "faces": {
                "north": { "uv": [ 0, 6.75, 2.25, 7 ], "texture": "#main" }, 
                "south": { "uv": [ 0, 6.75, 2.25, 7 ], "texture": "#main" }, 
                "up":    { "uv": [ 1, 6.75, 1.25, 7 ], "texture": "#main" }
            }
        }, 
        {
            "name": "Cube", 
            "from": [ 3.5, 19.5, 5.5 ], 
            "to":   [ 12.5, 27.5, 10.5 ], 
            "faces": {
                "east":  { "uv": [ 0, 6.75, 2.25, 7 ], "texture": "#main" }, 
                "west":  { "uv": [ 0, 6.75, 2.25, 7 ], "texture": "#main" }, 
                "up":    { "uv": [ 1, 6.75, 1.25, 7 ], "texture": "#main" }
            }
        }, 
        {
            "name": "Cube", 
            "from": [ 1.5, 25.50244, 4.5 ], 
            "to":   [ 4.5, 27.50244, 11.5 ], 
            "faces": {
                "west":  { "uv": [ 0, 4, 4, 6.5 ], "texture": "#main" }, 
                "up":    { "uv": [ 0, 4, 4, 6.5 ], "texture": "#main", "rotation":270 }, 
                "down":  { "uv": [ 0, 4, 4, 6.5 ], "texture": "#main", "rotation":90 }
            }
        }, 
        {
            "name": "Cube", 
            "from": [ 5.87868, 25.50144, 0.92893 ], 
            "to":   [ 10.12132, 27.50344, 3.935 ], 
            "rotation": { "angle": 45, "axis": "y", "origin": [8, 5.35144, 8] }, 
            "faces": {
                "north": { "uv": [ 0, 4, 4, 6.5 ], "texture": "#main" }, 
                "up":    { "uv": [ 0, 4, 4, 6.5 ], "texture": "#main" }, 
                "down":  { "uv": [ 0, 4, 4, 6.5 ], "texture": "#main" }
            }
        }, 
        {
            "name": "Cube", 
            "from": [ 4.5, 25.50244, 1.5 ], 
            "to":   [ 11.5, 27.50244, 4.5 ], 
            "faces": {
                "north": { "uv": [ 0, 4, 4, 6.5 ], "texture": "#main" }, 
                "up":    { "uv": [ 0, 4, 4, 6.5 ], "texture": "#main" }, 
                "down":  { "uv": [ 0, 4, 4, 6.5 ], "texture": "#main" }
            }
        }, 
        {
            "name": "Cube", 
            "from": [ 5.87868, 25.50144, 0.92893 ], 
            "to":   [ 10.12132, 27.50344, 3.935 ], 
            "rotation": { "angle": -45, "axis": "y", "origin": [8, 5.35144, 8] }, 
            "faces": {
                "north": { "uv": [ 0, 4, 4, 6.5 ], "texture": "#main" }, 
                "up":    { "uv": [ 0, 4, 4, 6.5 ], "texture": "#main" }, 
                "down":  { "uv": [ 0, 4, 4, 6.5 ], "texture": "#main" }
            }
        }, 
        {
            "name": "Cube", 
            "from": [ 11.5, 25.50244, 4.5 ], 
            "to":   [ 14.5, 27.50244, 11.5 ], 
            "faces": {
                "east":  { "uv": [ 0, 4, 4, 6.5 ], "texture": "#main" }, 
                "up":    { "uv": [ 0, 4, 4, 6.5 ], "texture": "#main", "rotation":90 }, 
                "down":  { "uv": [ 0, 4, 4, 6.5 ], "texture": "#main", "rotation":270 }
            }
        }, 
        {
            "name": "Cube", 
            "from": [ 5.87868, 25.50144, 12.07 ], 
            "to":   [ 10.12132, 27.50344, 15.07107 ], 
            "rotation": { "angle": 45, "axis": "y", "origin": [8, 5.35144, 8] }, 
            "faces": {
                "south": { "uv": [ 0, 4, 4, 6.5 ], "texture": "#main" }, 
                "up":    { "uv": [ 0, 4, 4, 6.5 ], "texture": "#main", "rotation":180 }, 
                "down":  { "uv": [ 0, 4, 4, 6.5 ], "texture": "#main" }
            }
        }, 
        {
            "name": "Cube", 
            "from": [ 4.5, 25.50244, 11.5 ], 
            "to":   [ 11.5, 27.50244, 14.5 ], 
            "faces": {
                "south": { "uv": [ 0, 4, 4, 6.5 ], "texture": "#main" }, 
                "up":    { "uv": [ 0, 4, 4, 6.5 ], "texture": "#main", "rotation":180 }, 
                "down":  { "uv": [ 0, 4, 4, 6.5 ], "texture": "#main" }
            }
        }, 
        {
            "name": "Cube", 
            "from": [ 5.87868, 25.50144, 12.07 ], 
            "to":   [ 10.12132, 27.50344, 15.07107 ], 
            "rotation": { "angle": -45, "axis": "y", "origin": [8, 5.35144, 8] }, 
            "faces": {
                "south": { "uv": [ 0, 4, 4, 6.5 ], "texture": "#main" }, 
                "up":    { "uv": [ 0, 4, 4, 6.5 ], "texture": "#main", "rotation":180 }, 
                "down":  { "uv": [ 0, 4, 4, 6.5 ], "texture": "#main" }
            }
        }, 
        {
            "name": "Cube", 
            "from": [ 5.5, 19, 3.5 ], 
            "to":   [ 10.5, 27, 12.5 ], 
            "faces": {
                "north": { "uv": [ 4, 6.75, 6.25, 7 ], "texture": "#main" }, 
                "south": { "uv": [ 4, 6.75, 6.25, 7 ], "texture": "#main" }, 
                "up":    { "uv": [ 5, 6.75, 5.25, 7 ], "texture": "#main" }
            }
        }, 
        {
            "name": "Cube", 
            "from": [ 6.59473, 19, 3.04916 ], 
            "to":   [ 9.42316, 27, 12.94866 ], 
            "rotation": { "angle": -45, "axis": "y", "origin": [8.00316, 5, 7.98866] }, 
            "faces": {
                "north": { "uv": [ 4, 6.75, 6.25, 7 ], "texture": "#main" }, 
                "south": { "uv": [ 4, 6.75, 6.25, 7 ], "texture": "#main" }, 
                "up":    { "uv": [ 5, 6.75, 5.25, 7 ], "texture": "#main" }
            }
        }, 
        {
            "name": "Cube", 
            "from": [ 6.58579, 19, 3.05025 ], 
            "to":   [ 9.41421, 27, 12.94975 ], 
            "rotation": { "angle": 45, "axis": "y", "origin": [8, 5, 8] }, 
            "faces": {
                "north": { "uv": [ 4, 6.75, 6.25, 7 ], "texture": "#main" }, 
                "south": { "uv": [ 4, 6.75, 6.25, 7 ], "texture": "#main" }, 
                "up":    { "uv": [ 5, 6.75, 5.25, 7 ], "texture": "#main" }
            }
        }, 
        {
            "name": "Cube", 
            "from": [ 3.5, 19, 5.5 ], 
            "to":   [ 12.5, 27, 10.5 ], 
            "faces": {
                "east":  { "uv": [ 4, 6.75, 6.25, 7 ], "texture": "#main" }, 
                "west":  { "uv": [ 4, 6.75, 6.25, 7 ], "texture": "#main" }, 
                "up":    { "uv": [ 5, 6.75, 5.25, 7 ], "texture": "#main" }
            }
        }, 
        {
            "name": "Cube", 
            "from": [ 1.5, 25.00244, 4.5 ], 
            "to":   [ 4.5, 27.00244, 11.5 ], 
            "faces": {
                "west":  { "uv": [ 4, 4, 8, 6.5 ], "texture": "#main" }, 
                "up":    { "uv": [ 4, 4, 8, 6.5 ], "texture": "#main", "rotation":270 }, 
                "down":  { "uv": [ 4, 4, 8, 6.5 ], "texture": "#main", "rotation":90 }
            }
        }, 
        {
            "name": "Cube", 
            "from": [ 5.87868, 25.00144, 0.92893 ], 
            "to":   [ 10.12132, 27.00344, 3.935 ], 
            "rotation": { "angle": 45, "axis": "y", "origin": [8, 4.85144, 8] }, 
            "faces": {
                "north": { "uv": [ 4, 4, 8, 6.5 ], "texture": "#main" }, 
                "up":    { "uv": [ 4, 4, 8, 6.5 ], "texture": "#main" }, 
                "down":  { "uv": [ 4, 4, 8, 6.5 ], "texture": "#main" }
            }
        }, 
        {
            "name": "Cube", 
            "from": [ 4.5, 25.00244, 1.5 ], 
            "to":   [ 11.5, 27.00244, 4.5 ], 
            "faces": {
                "north": { "uv": [ 4, 4, 8, 6.5 ], "texture": "#main" }, 
                "up":    { "uv": [ 4, 4, 8, 6.5 ], "texture": "#main" }, 
                "down":  { "uv": [ 4, 4, 8, 6.5 ], "texture": "#main" }
            }
        }, 
        {
            "name": "Cube", 
            "from": [ 5.87868, 25.00144, 0.92893 ], 
            "to":   [ 10.12132, 27.00344, 3.935 ], 
            "rotation": { "angle": -45, "axis": "y", "origin": [8, 4.85144, 8] }, 
            "faces": {
                "north": { "uv": [ 4, 4, 8, 6.5 ], "texture": "#main" }, 
                "up":    { "uv": [ 4, 4, 8, 6.5 ], "texture": "#main" }, 
                "down":  { "uv": [ 4, 4, 8, 6.5 ], "texture": "#main" }
            }
        }, 
        {
            "name": "Cube", 
            "from": [ 11.5, 25.00244, 4.5 ], 
            "to":   [ 14.5, 27.00244, 11.5 ], 
            "faces": {
                "east":  { "uv": [ 4, 4, 8, 6.5 ], "texture": "#main" }, 
                "up":    { "uv": [ 4, 4, 8, 6.5 ], "texture": "#main", "rotation":90 }, 
                "down":  { "uv": [ 4, 4, 8, 6.5 ], "texture": "#main", "rotation":270 }
            }
        }, 
        {
            "name": "Cube", 
            "from": [ 5.87868, 25.00144, 12.07 ], 
            "to":   [ 10.12132, 27.00344, 15.07107 ], 
            "rotation": { "angle": 45, "axis": "y", "origin": [8, 4.85144, 8] }, 
            "faces": {
                "south": { "uv": [ 4, 4, 8, 6.5 ], "texture": "#main" }, 
                "up":    { "uv": [ 4, 4, 8, 6.5 ], "texture": "#main", "rotation":180 }, 
                "down":  { "uv": [ 4, 4, 8, 6.5 ], "texture": "#main" }
            }
        }, 
        {
            "name": "Cube", 
            "from": [ 4.5, 25.00244, 11.5 ], 
            "to":   [ 11.5, 27.00244, 14.5 ], 
            "faces": {
                "south": { "uv": [ 4, 4, 8, 6.5 ], "texture": "#main" }, 
                "up":    { "uv": [ 4, 4, 8, 6.5 ], "texture": "#main", "rotation":180 }, 
                "down":  { "uv": [ 4, 4, 8, 6.5 ], "texture": "#main" }
            }
        }, 
        {
            "name": "Cube", 
            "from": [ 5.87868, 25.00144, 12.07 ], 
            "to":   [ 10.12132, 27.00344, 15.07107 ], 
            "rotation": { "angle": -45, "axis": "y", "origin": [8, 4.85144, 8] }, 
            "faces": {
                "south": { "uv": [ 4, 4, 8, 6.5 ], "texture": "#main" }, 
                "up":    { "uv": [ 4, 4, 8, 6.5 ], "texture": "#main", "rotation":180 }, 
                "down":  { "uv": [ 4, 4, 8, 6.5 ], "texture": "#main" }
            }
        }, 
        {
            "name": "Cube", 
            "from": [ 5.5, 18.5, 3.5 ], 
            "to":   [ 10.5, 26.5, 12.5 ], 
            "faces": {
                "north": { "uv": [ 8, 6.75, 10.25, 7 ], "texture": "#main" }, 
                "south": { "uv": [ 8, 6.75, 10.25, 7 ], "texture": "#main" }, 
                "up":    { "uv": [ 9, 6.75, 9.25, 7 ], "texture": "#main" }
            }
        }, 
        {
            "name": "Cube", 
            "from": [ 6.59473, 18.5, 3.04916 ], 
            "to":   [ 9.42316, 26.5, 12.94866 ], 
            "rotation": { "angle": -45, "axis": "y", "origin": [8.00316, 4.5, 7.98866] }, 
            "faces": {
                "north": { "uv": [ 8, 6.75, 10.25, 7 ], "texture": "#main" }, 
                "south": { "uv": [ 8, 6.75, 10.25, 7 ], "texture": "#main" }, 
                "up":    { "uv": [ 9, 6.75, 9.25, 7 ], "texture": "#main" }
            }
        }, 
        {
            "name": "Cube", 
            "from": [ 6.58579, 18.5, 3.05025 ], 
            "to":   [ 9.41421, 26.5, 12.94975 ], 
            "rotation": { "angle": 45, "axis": "y", "origin": [8, 4.5, 8] }, 
            "faces": {
                "north": { "uv": [ 8, 6.75, 10.25, 7 ], "texture": "#main" }, 
                "south": { "uv": [ 8, 6.75, 10.25, 7 ], "texture": "#main" }, 
                "up":    { "uv": [ 9, 6.75, 9.25, 7 ], "texture": "#main" }
            }
        }, 
        {
            "name": "Cube", 
            "from": [ 3.5, 18.5, 5.5 ], 
            "to":   [ 12.5, 26.5, 10.5 ], 
            "faces": {
                "east":  { "uv": [ 8, 6.75, 10.25, 7 ], "texture": "#main" }, 
                "west":  { "uv": [ 8, 6.75, 10.25, 7 ], "texture": "#main" }, 
                "up":    { "uv": [ 9, 6.75, 9.25, 7 ], "texture": "#main" }
            }
        }, 
        {
            "name": "Cube", 
            "from": [ 1.5, 24.50244, 4.5 ], 
            "to":   [ 4.5, 26.50244, 11.5 ], 
            "faces": {
                "west":  { "uv": [ 8, 4, 12, 6.5 ], "texture": "#main" }, 
                "up":    { "uv": [ 8, 4, 12, 6.5 ], "texture": "#main", "rotation":270 }, 
                "down":  { "uv": [ 8, 4, 12, 6.5 ], "texture": "#main", "rotation":90 }
            }
        }, 
        {
            "name": "Cube", 
            "from": [ 5.87868, 24.50144, 0.92893 ], 
            "to":   [ 10.12132, 26.50344, 3.935 ], 
            "rotation": { "angle": 45, "axis": "y", "origin": [8, 4.35144, 8] }, 
            "faces": {
                "north": { "uv": [ 8, 4, 12, 6.5 ], "texture": "#main" }, 
                "up":    { "uv": [ 8, 4, 12, 6.5 ], "texture": "#main" }, 
                "down":  { "uv": [ 8, 4, 12, 6.5 ], "texture": "#main" }
            }
        }, 
        {
            "name": "Cube", 
            "from": [ 4.5, 24.50244, 1.5 ], 
            "to":   [ 11.5, 26.50244, 4.5 ], 
            "faces": {
                "north": { "uv": [ 8, 4, 12, 6.5 ], "texture": "#main" }, 
                "up":    { "uv": [ 8, 4, 12, 6.5 ], "texture": "#main" }, 
                "down":  { "uv": [ 8, 4, 12, 6.5 ], "texture": "#main" }
            }
        }, 
        {
            "name": "Cube", 
            "from": [ 5.87868, 24.50144, 0.92893 ], 
            "to":   [ 10.12132, 26.50344, 3.935 ], 
            "rotation": { "angle": -45, "axis": "y", "origin": [8, 4.35144, 8] }, 
            "faces": {
                "north": { "uv": [ 8, 4, 12, 6.5 ], "texture": "#main" }, 
                "up":    { "uv": [ 8, 4, 12, 6.5 ], "texture": "#main" }, 
                "down":  { "uv": [ 8, 4, 12, 6.5 ], "texture": "#main" }
            }
        }, 
        {
            "name": "Cube", 
            "from": [ 11.5, 24.50244, 4.5 ], 
            "to":   [ 14.5, 26.50244, 11.5 ], 
            "faces": {
                "east":  { "uv": [ 8, 4, 12, 6.5 ], "texture": "#main" }, 
                "up":    { "uv": [ 8, 4, 12, 6.5 ], "texture": "#main", "rotation":90 }, 
                "down":  { "uv": [ 8, 4, 12, 6.5 ], "texture": "#main", "rotation":270 }
            }
        }, 
        {
            "name": "Cube", 
            "from": [ 5.87868, 24.50144, 12.07 ], 
            "to":   [ 10.12132, 26.50344, 15.07107 ], 
            "rotation": { "angle": 45, "axis": "y", "origin": [8, 4.35144, 8] }, 
            "faces": {
                "south": { "uv": [ 8, 4, 12, 6.5 ], "texture": "#main" }, 
                "up":    { "uv": [ 8, 4, 12, 6.5 ], "texture": "#main", "rotation":180 }, 
                "down":  { "uv": [ 8, 4, 12, 6.5 ], "texture": "#main" }
            }
        }, 
        {
            "name": "Cube", 
            "from": [ 4.5, 24.50244, 11.5 ], 
            "to":   [ 11.5, 26.50244, 14.5 ], 
            "faces": {
                "south": { "uv": [ 8, 4, 12, 6.5 ], "texture": "#main" }, 
                "up":    { "uv": [ 8, 4, 12, 6.5 ], "texture": "#main", "rotation":180 }, 
                "down":  { "uv": [ 8, 4, 12, 6.5 ], "texture": "#main" }
            }
        }, 
        {
            "name": "Cube", 
            "from": [ 5.87868, 24.50144, 12.07 ], 
            "to":   [ 10.12132, 26.50344, 15.07107 ], 
            "rotation": { "angle": -45, "axis": "y", "origin": [8, 4.35144, 8] }, 
            "faces": {
                "south": { "uv": [ 8, 4, 12, 6.5 ], "texture": "#main" }, 
                "up":    { "uv": [ 8, 4, 12, 6.5 ], "texture": "#main", "rotation":180 }, 
                "down":  { "uv": [ 8, 4, 12, 6.5 ], "texture": "#main" }
            }
        }, 
        {
            "name": "Cube", 
            "from": [ 5.5, 18, 3.5 ], 
            "to":   [ 10.5, 26, 12.5 ], 
            "faces": {
                "north": { "uv": [ 12, 6.75, 14.25, 7 ], "texture": "#main" }, 
                "south": { "uv": [ 12, 6.75, 14.25, 7 ], "texture": "#main" }, 
                "up":    { "uv": [ 13, 6.75, 13.25, 7 ], "texture": "#main" }
            }
        }, 
        {
            "name": "Cube", 
            "from": [ 6.59473, 18, 3.04916 ], 
            "to":   [ 9.42316, 26, 12.94866 ], 
            "rotation": { "angle": -45, "axis": "y", "origin": [8.00316, 4, 7.98866] }, 
            "faces": {
                "north": { "uv": [ 12, 6.75, 14.25, 7 ], "texture": "#main" }, 
                "south": { "uv": [ 12, 6.75, 14.25, 7 ], "texture": "#main" }, 
                "up":    { "uv": [ 13, 6.75, 13.25, 7 ], "texture": "#main" }
            }
        }, 
        {
            "name": "Cube", 
            "from": [ 6.58579, 18, 3.05025 ], 
            "to":   [ 9.41421, 26, 12.94975 ], 
            "rotation": { "angle": 45, "axis": "y", "origin": [8, 4, 8] }, 
            "faces": {
                "north": { "uv": [ 12, 6.75, 14.25, 7 ], "texture": "#main" }, 
                "south": { "uv": [ 12, 6.75, 14.25, 7 ], "texture": "#main" }, 
                "up":    { "uv": [ 13, 6.75, 13.25, 7 ], "texture": "#main" }
            }
        }, 
        {
            "name": "Cube", 
            "from": [ 3.5, 18, 5.5 ], 
            "to":   [ 12.5, 26, 10.5 ], 
            "faces": {
                "east":  { "uv": [ 12, 6.75, 14.25, 7 ], "texture": "#main" }, 
                "west":  { "uv": [ 12, 6.75, 14.25, 7 ], "texture": "#main" }, 
                "up":    { "uv": [ 13, 6.75, 13.25, 7 ], "texture": "#main" }
            }
        }, 
        {
            "name": "Cube", 
            "from": [ 1.5, 24.00244, 4.5 ], 
            "to":   [ 4.5, 26.00244, 11.5 ], 
            "faces": {
                "west":  { "uv": [ 12, 4, 16, 6.5 ], "texture": "#main" }, 
                "up":    { "uv": [ 12, 4, 16, 6.5 ], "texture": "#main", "rotation":270 }, 
                "down":  { "uv": [ 12, 4, 16, 6.5 ], "texture": "#main", "rotation":90 }
            }
        }, 
        {
            "name": "Cube", 
            "from": [ 5.87868, 24.00144, 0.92893 ], 
            "to":   [ 10.12132, 26.00344, 3.935 ], 
            "rotation": { "angle": 45, "axis": "y", "origin": [8, 3.85144, 8] }, 
            "faces": {
                "north": { "uv": [ 12, 4, 16, 6.5 ], "texture": "#main" }, 
                "up":    { "uv": [ 12, 4, 16, 6.5 ], "texture": "#main" }, 
                "down":  { "uv": [ 12, 4, 16, 6.5 ], "texture": "#main" }
            }
        }, 
        {
            "name": "Cube", 
            "from": [ 4.5, 24.00244, 1.5 ], 
            "to":   [ 11.5, 26.00244, 4.5 ], 
            "faces": {
                "north": { "uv": [ 12, 4, 16, 6.5 ], "texture": "#main" }, 
                "up":    { "uv": [ 12, 4, 16, 6.5 ], "texture": "#main" }, 
                "down":  { "uv": [ 12, 4, 16, 6.5 ], "texture": "#main" }
            }
        }, 
        {
            "name": "Cube", 
            "from": [ 5.87868, 24.00144, 0.92893 ], 
            "to":   [ 10.12132, 26.00344, 3.935 ], 
            "rotation": { "angle": -45, "axis": "y", "origin": [8, 3.85144, 8] }, 
            "faces": {
                "north": { "uv": [ 12, 4, 16, 6.5 ], "texture": "#main" }, 
                "up":    { "uv": [ 12, 4, 16, 6.5 ], "texture": "#main" }, 
                "down":  { "uv": [ 12, 4, 16, 6.5 ], "texture": "#main" }
            }
        }, 
        {
            "name": "Cube", 
            "from": [ 11.5, 24.00244, 4.5 ], 
            "to":   [ 14.5, 26.00244, 11.5 ], 
            "faces": {
                "east":  { "uv": [ 12, 4, 16, 6.5 ], "texture": "#main" }, 
                "up":    { "uv": [ 12, 4, 16, 6.5 ], "texture": "#main", "rotation":90 }, 
                "down":  { "uv": [ 12, 4, 16, 6.5 ], "texture": "#main", "rotation":270 }
            }
        }, 
        {
            "name": "Cube", 
            "from": [ 5.87868, 24.00144, 12.07 ], 
            "to":   [ 10.12132, 26.00344, 15.07107 ], 
            "rotation": { "angle": 45, "axis": "y", "origin": [8, 3.85144, 8] }, 
            "faces": {
                "south": { "uv": [ 12, 4, 16, 6.5 ], "texture": "#main" }, 
                "up":    { "uv": [ 12, 4, 16, 6.5 ], "texture": "#main", "rotation":180 }, 
                "down":  { "uv": [ 12, 4, 16, 6.5 ], "texture": "#main" }
            }
        }, 
        {
            "name": "Cube", 
            "from": [ 4.5, 24.00244, 11.5 ], 
            "to":   [ 11.5, 26.00244, 14.5 ], 
            "faces": {
                "south": { "uv": [ 12, 4, 16, 6.5 ], "texture": "#main" }, 
                "up":    { "uv": [ 12, 4, 16, 6.5 ], "texture": "#main", "rotation":180 }, 
                "down":  { "uv": [ 12, 4, 16, 6.5 ], "texture": "#main" }
            }
        }, 
        {
            "name": "Cube", 
            "from": [ 5.87868, 24.00144, 12.07 ], 
            "to":   [ 10.12132, 26.00344, 15.07107 ], 
            "rotation": { "angle": -45, "axis": "y", "origin": [8, 3.85144, 8] }, 
            "faces": {
                "south": { "uv": [ 12, 4, 16, 6.5 ], "texture": "#main" }, 
                "up":    { "uv": [ 12, 4, 16, 6.5 ], "texture": "#main", "rotation":180 }, 
                "down":  { "uv": [ 12, 4, 16, 6.5 ], "texture": "#main" }
            }
        }, 
        {
            "name": "Cube", 
            "from": [ 5.5, 17.5, 3.5 ], 
            "to":   [ 10.5, 25.5, 12.5 ], 
            "faces": {
                "north": { "uv": [ 0, 10.75, 2.25, 11 ], "texture": "#main" }, 
                "south": { "uv": [ 0, 10.75, 2.25, 11 ], "texture": "#main" }, 
                "up":    { "uv": [ 1, 10.75, 1.25, 11 ], "texture": "#main" }
            }
        }, 
        {
            "name": "Cube", 
            "from": [ 6.59473, 17.5, 3.04916 ], 
            "to":   [ 9.42316, 25.5, 12.94866 ], 
            "rotation": { "angle": -45, "axis": "y", "origin": [8.00316, 3.5, 7.98866] }, 
            "faces": {
                "north": { "uv": [ 0, 10.75, 2.25, 11 ], "texture": "#main" }, 
                "south": { "uv": [ 0, 10.75, 2.25, 11 ], "texture": "#main" }, 
                "up":    { "uv": [ 1, 10.75, 1.25, 11 ], "texture": "#main" }
            }
        }, 
        {
            "name": "Cube", 
            "from": [ 6.58579, 17.5, 3.05025 ], 
            "to":   [ 9.41421, 25.5, 12.94975 ], 
            "rotation": { "angle": 45, "axis": "y", "origin": [8, 3.5, 8] }, 
            "faces": {
                "north": { "uv": [ 0, 10.75, 2.25, 11 ], "texture": "#main" }, 
                "south": { "uv": [ 0, 10.75, 2.25, 11 ], "texture": "#main" }, 
                "up":    { "uv": [ 1, 10.75, 1.25, 11 ], "texture": "#main" }
            }
        }, 
        {
            "name": "Cube", 
            "from": [ 3.5, 17.5, 5.5 ], 
            "to":   [ 12.5, 25.5, 10.5 ], 
            "faces": {
                "east":  { "uv": [ 0, 10.75, 2.25, 11 ], "texture": "#main" }, 
                "west":  { "uv": [ 0, 10.75, 2.25, 11 ], "texture": "#main" }, 
                "up":    { "uv": [ 1, 10.75, 1.25, 11 ], "texture": "#main" }
            }
        }, 
        {
            "name": "Cube", 
            "from": [ 1.5, 23.50244, 4.5 ], 
            "to":   [ 4.5, 25.50244, 11.5 ], 
            "faces": {
                "west":  { "uv": [ 0, 8, 4, 10.5 ], "texture": "#main" }, 
                "up":    { "uv": [ 0, 8, 4, 10.5 ], "texture": "#main", "rotation":270 }, 
                "down":  { "uv": [ 0, 8, 4, 10.5 ], "texture": "#main", "rotation":90 }
            }
        }, 
        {
            "name": "Cube", 
            "from": [ 5.87868, 23.50144, 0.92893 ], 
            "to":   [ 10.12132, 25.50344, 3.935 ], 
            "rotation": { "angle": 45, "axis": "y", "origin": [8, 3.35144, 8] }, 
            "faces": {
                "north": { "uv": [ 0, 8, 4, 10.5 ], "texture": "#main" }, 
                "up":    { "uv": [ 0, 8, 4, 10.5 ], "texture": "#main" }, 
                "down":  { "uv": [ 0, 8, 4, 10.5 ], "texture": "#main" }
            }
        }, 
        {
            "name": "Cube", 
            "from": [ 4.5, 23.50244, 1.5 ], 
            "to":   [ 11.5, 25.50244, 4.5 ], 
            "faces": {
                "north": { "uv": [ 0, 8, 4, 10.5 ], "texture": "#main" }, 
                "up":    { "uv": [ 0, 8, 4, 10.5 ], "texture": "#main" }, 
                "down":  { "uv": [ 0, 8, 4, 10.5 ], "texture": "#main" }
            }
        }, 
        {
            "name": "Cube", 
            "from": [ 5.87868, 23.50144, 0.92893 ], 
            "to":   [ 10.12132, 25.50344, 3.935 ], 
            "rotation": { "angle": -45, "axis": "y", "origin": [8, 3.35144, 8] }, 
            "faces": {
                "north": { "uv": [ 0, 8, 4, 10.5 ], "texture": "#main" }, 
                "up":    { "uv": [ 0, 8, 4, 10.5 ], "texture": "#main" }, 
                "down":  { "uv": [ 0, 8, 4, 10.5 ], "texture": "#main" }
            }
        }, 
        {
            "name": "Cube", 
            "from": [ 11.5, 23.50244, 4.5 ], 
            "to":   [ 14.5, 25.50244, 11.5 ], 
            "faces": {
                "east":  { "uv": [ 0, 8, 4, 10.5 ], "texture": "#main" }, 
                "up":    { "uv": [ 0, 8, 4, 10.5 ], "texture": "#main", "rotation":90 }, 
                "down":  { "uv": [ 0, 8, 4, 10.5 ], "texture": "#main", "rotation":270 }
            }
        }, 
        {
            "name": "Cube", 
            "from": [ 5.87868, 23.50144, 12.07 ], 
            "to":   [ 10.12132, 25.50344, 15.07107 ], 
            "rotation": { "angle": 45, "axis": "y", "origin": [8, 3.35144, 8] }, 
            "faces": {
                "south": { "uv": [ 0, 8, 4, 10.5 ], "texture": "#main" }, 
                "up":    { "uv": [ 0, 8, 4, 10.5 ], "texture": "#main", "rotation":180 }, 
                "down":  { "uv": [ 0, 8, 4, 10.5 ], "texture": "#main" }
            }
        }, 
        {
            "name": "Cube", 
            "from": [ 4.5, 23.50244, 11.5 ], 
            "to":   [ 11.5, 25.50244, 14.5 ], 
            "faces": {
                "south": { "uv": [ 0, 8, 4, 10.5 ], "texture": "#main" }, 
                "up":    { "uv": [ 0, 8, 4, 10.5 ], "texture": "#main", "rotation":180 }, 
                "down":  { "uv": [ 0, 8, 4, 10.5 ], "texture": "#main" }
            }
        }, 
        {
            "name": "Cube", 
            "from": [ 5.87868, 23.50144, 12.07 ], 
            "to":   [ 10.12132, 25.50344, 15.07107 ], 
            "rotation": { "angle": -45, "axis": "y", "origin": [8, 3.35144, 8] }, 
            "faces": {
                "south": { "uv": [ 0, 8, 4, 10.5 ], "texture": "#main" }, 
                "up":    { "uv": [ 0, 8, 4, 10.5 ], "texture": "#main", "rotation":180 }, 
                "down":  { "uv": [ 0, 8, 4, 10.5 ], "texture": "#main" }
            }
        }, 
        {
            "name": "Cube", 
            "from": [ 5.5, 17, 3.5 ], 
            "to":   [ 10.5, 25, 12.5 ], 
            "faces": {
                "north": { "uv": [ 4, 10.75, 6.25, 11 ], "texture": "#main" }, 
                "south": { "uv": [ 4, 10.75, 6.25, 11 ], "texture": "#main" }, 
                "up":    { "uv": [ 5, 10.75, 5.25, 11 ], "texture": "#main" }
            }
        }, 
        {
            "name": "Cube", 
            "from": [ 6.59473, 17, 3.04916 ], 
            "to":   [ 9.42316, 25, 12.94866 ], 
            "rotation": { "angle": -45, "axis": "y", "origin": [8.00316, 3, 7.98866] }, 
            "faces": {
                "north": { "uv": [ 4, 10.75, 6.25, 11 ], "texture": "#main" }, 
                "south": { "uv": [ 4, 10.75, 6.25, 11 ], "texture": "#main" }, 
                "up":    { "uv": [ 5, 10.75, 5.25, 11 ], "texture": "#main" }
            }
        }, 
        {
            "name": "Cube", 
            "from": [ 6.58579, 17, 3.05025 ], 
            "to":   [ 9.41421, 25, 12.94975 ], 
            "rotation": { "angle": 45, "axis": "y", "origin": [8, 3, 8] }, 
            "faces": {
                "north": { "uv": [ 4, 10.75, 6.25, 11 ], "texture": "#main" }, 
                "south": { "uv": [ 4, 10.75, 6.25, 11 ], "texture": "#main" }, 
                "up":    { "uv": [ 5, 10.75, 5.25, 11 ], "texture": "#main" }
            }
        }, 
        {
            "name": "Cube", 
            "from": [ 3.5, 17, 5.5 ], 
            "to":   [ 12.5, 25, 10.5 ], 
            "faces": {
                "east":  { "uv": [ 4, 10.75, 6.25, 11 ], "texture": "#main" }, 
                "west":  { "uv": [ 4, 10.75, 6.25, 11 ], "texture": "#main" }, 
                "up":    { "uv": [ 5, 10.75, 5.25, 11 ], "texture": "#main" }
            }
        }, 
        {
            "name": "Cube", 
            "from": [ 1.5, 23.00244, 4.5 ], 
            "to":   [ 4.5, 25.00244, 11.5 ], 
            "faces": {
                "west":  { "uv": [ 4, 8, 8, 10.5 ], "texture": "#main" }, 
                "up":    { "uv": [ 4, 8, 8, 10.5 ], "texture": "#main", "rotation":270 }, 
                "down":  { "uv": [ 4, 8, 8, 10.5 ], "texture": "#main", "rotation":90 }
            }
        }, 
        {
            "name": "Cube", 
            "from": [ 5.87868, 23.00144, 0.92893 ], 
            "to":   [ 10.12132, 25.00344, 3.935 ], 
            "rotation": { "angle": 45, "axis": "y", "origin": [8, 2.85144, 8] }, 
            "faces": {
                "north": { "uv": [ 4, 8, 8, 10.5 ], "texture": "#main" }, 
                "up":    { "uv": [ 4, 8, 8, 10.5 ], "texture": "#main" }, 
                "down":  { "uv": [ 4, 8, 8, 10.5 ], "texture": "#main" }
            }
        }, 
        {
            "name": "Cube", 
            "from": [ 4.5, 23.00244, 1.5 ], 
            "to":   [ 11.5, 25.00244, 4.5 ], 
            "faces": {
                "north": { "uv": [ 4, 8, 8, 10.5 ], "texture": "#main" }, 
                "up":    { "uv": [ 4, 8, 8, 10.5 ], "texture": "#main" }, 
                "down":  { "uv": [ 4, 8, 8, 10.5 ], "texture": "#main" }
            }
        }, 
        {
            "name": "Cube", 
            "from": [ 5.87868, 23.00144, 0.92893 ], 
            "to":   [ 10.12132, 25.00344, 3.935 ], 
            "rotation": { "angle": -45, "axis": "y", "origin": [8, 2.85144, 8] }, 
            "faces": {
                "north": { "uv": [ 4, 8, 8, 10.5 ], "texture": "#main" }, 
                "up":    { "uv": [ 4, 8, 8, 10.5 ], "texture": "#main" }, 
                "down":  { "uv": [ 4, 8, 8, 10.5 ], "texture": "#main" }
            }
        }, 
        {
            "name": "Cube", 
            "from": [ 11.5, 23.00244, 4.5 ], 
            "to":   [ 14.5, 25.00244, 11.5 ], 
            "faces": {
                "east":  { "uv": [ 4, 8, 8, 10.5 ], "texture": "#main" }, 
                "up":    { "uv": [ 4, 8, 8, 10.5 ], "texture": "#main", "rotation":90 }, 
                "down":  { "uv": [ 4, 8, 8, 10.5 ], "texture": "#main", "rotation":270 }
            }
        }, 
        {
            "name": "Cube", 
            "from": [ 5.87868, 23.00144, 12.07 ], 
            "to":   [ 10.12132, 25.00344, 15.07107 ], 
            "rotation": { "angle": 45, "axis": "y", "origin": [8, 2.85144, 8] }, 
            "faces": {
                "south": { "uv": [ 4, 8, 8, 10.5 ], "texture": "#main" }, 
                "up":    { "uv": [ 4, 8, 8, 10.5 ], "texture": "#main", "rotation":180 }, 
                "down":  { "uv": [ 4, 8, 8, 10.5 ], "texture": "#main" }
            }
        }, 
        {
            "name": "Cube", 
            "from": [ 4.5, 23.00244, 11.5 ], 
            "to":   [ 11.5, 25.00244, 14.5 ], 
            "faces": {
                "south": { "uv": [ 4, 8, 8, 10.5 ], "texture": "#main" }, 
                "up":    { "uv": [ 4, 8, 8, 10.5 ], "texture": "#main", "rotation":180 }, 
                "down":  { "uv": [ 4, 8, 8, 10.5 ], "texture": "#main" }
            }
        }, 
        {
            "name": "Cube", 
            "from": [ 5.87868, 23.00144, 12.07 ], 
            "to":   [ 10.12132, 25.00344, 15.07107 ], 
            "rotation": { "angle": -45, "axis": "y", "origin": [8, 2.85144, 8] }, 
            "faces": {
                "south": { "uv": [ 4, 8, 8, 10.5 ], "texture": "#main" }, 
                "up":    { "uv": [ 4, 8, 8, 10.5 ], "texture": "#main", "rotation":180 }, 
                "down":  { "uv": [ 4, 8, 8, 10.5 ], "texture": "#main" }
            }
        }, 
        {
            "name": "Cube", 
            "from": [ 5.5, 16.5, 3.5 ], 
            "to":   [ 10.5, 24.5, 12.5 ], 
            "faces": {
                "north": { "uv": [ 8, 10.75, 10.25, 11 ], "texture": "#main" }, 
                "south": { "uv": [ 8, 10.75, 10.25, 11 ], "texture": "#main" }, 
                "up":    { "uv": [ 9, 10.75, 9.25, 11 ], "texture": "#main" }
            }
        }, 
        {
            "name": "Cube", 
            "from": [ 6.59473, 16.5, 3.04916 ], 
            "to":   [ 9.42316, 24.5, 12.94866 ], 
            "rotation": { "angle": -45, "axis": "y", "origin": [8.00316, 2.5, 7.98866] }, 
            "faces": {
                "north": { "uv": [ 8, 10.75, 10.25, 11 ], "texture": "#main" }, 
                "south": { "uv": [ 8, 10.75, 10.25, 11 ], "texture": "#main" }, 
                "up":    { "uv": [ 9, 10.75, 9.25, 11 ], "texture": "#main" }
            }
        }, 
        {
            "name": "Cube", 
            "from": [ 6.58579, 16.5, 3.05025 ], 
            "to":   [ 9.41421, 24.5, 12.94975 ], 
            "rotation": { "angle": 45, "axis": "y", "origin": [8, 2.5, 8] }, 
            "faces": {
                "north": { "uv": [ 8, 10.75, 10.25, 11 ], "texture": "#main" }, 
                "south": { "uv": [ 8, 10.75, 10.25, 11 ], "texture": "#main" }, 
                "up":    { "uv": [ 9, 10.75, 9.25, 11 ], "texture": "#main" }
            }
        }, 
        {
            "name": "Cube", 
            "from": [ 3.5, 16.5, 5.5 ], 
            "to":   [ 12.5, 24.5, 10.5 ], 
            "faces": {
                "east":  { "uv": [ 8, 10.75, 10.25, 11 ], "texture": "#main" }, 
                "west":  { "uv": [ 8, 10.75, 10.25, 11 ], "texture": "#main" }, 
                "up":    { "uv": [ 9, 10.75, 9.25, 11 ], "texture": "#main" }
            }
        }, 
        {
            "name": "Cube", 
            "from": [ 1.5, 22.50244, 4.5 ], 
            "to":   [ 4.5, 24.50244, 11.5 ], 
            "faces": {
                "west":  { "uv": [ 8, 8, 12, 10.5 ], "texture": "#main" }, 
                "up":    { "uv": [ 8, 8, 12, 10.5 ], "texture": "#main", "rotation":270 }, 
                "down":  { "uv": [ 8, 8, 12, 10.5 ], "texture": "#main", "rotation":90 }
            }
        }, 
        {
            "name": "Cube", 
            "from": [ 5.87868, 22.50144, 0.92893 ], 
            "to":   [ 10.12132, 24.50344, 3.935 ], 
            "rotation": { "angle": 45, "axis": "y", "origin": [8, 2.35144, 8] }, 
            "faces": {
                "north": { "uv": [ 8, 8, 12, 10.5 ], "texture": "#main" }, 
                "up":    { "uv": [ 8, 8, 12, 10.5 ], "texture": "#main" }, 
                "down":  { "uv": [ 8, 8, 12, 10.5 ], "texture": "#main" }
            }
        }, 
        {
            "name": "Cube", 
            "from": [ 4.5, 22.50244, 1.5 ], 
            "to":   [ 11.5, 24.50244, 4.5 ], 
            "faces": {
                "north": { "uv": [ 8, 8, 12, 10.5 ], "texture": "#main" }, 
                "up":    { "uv": [ 8, 8, 12, 10.5 ], "texture": "#main" }, 
                "down":  { "uv": [ 8, 8, 12, 10.5 ], "texture": "#main" }
            }
        }, 
        {
            "name": "Cube", 
            "from": [ 5.87868, 22.50144, 0.92893 ], 
            "to":   [ 10.12132, 24.50344, 3.935 ], 
            "rotation": { "angle": -45, "axis": "y", "origin": [8, 2.35144, 8] }, 
            "faces": {
                "north": { "uv": [ 8, 8, 12, 10.5 ], "texture": "#main" }, 
                "up":    { "uv": [ 8, 8, 12, 10.5 ], "texture": "#main" }, 
                "down":  { "uv": [ 8, 8, 12, 10.5 ], "texture": "#main" }
            }
        }, 
        {
            "name": "Cube", 
            "from": [ 11.5, 22.50244, 4.5 ], 
            "to":   [ 14.5, 24.50244, 11.5 ], 
            "faces": {
                "east":  { "uv": [ 8, 8, 12, 10.5 ], "texture": "#main" }, 
                "up":    { "uv": [ 8, 8, 12, 10.5 ], "texture": "#main", "rotation":90 }, 
                "down":  { "uv": [ 8, 8, 12, 10.5 ], "texture": "#main", "rotation":270 }
            }
        }, 
        {
            "name": "Cube", 
            "from": [ 5.87868, 22.50144, 12.07 ], 
            "to":   [ 10.12132, 24.50344, 15.07107 ], 
            "rotation": { "angle": 45, "axis": "y", "origin": [8, 2.35144, 8] }, 
            "faces": {
                "south": { "uv": [ 8, 8, 12, 10.5 ], "texture": "#main" }, 
                "up":    { "uv": [ 8, 8, 12, 10.5 ], "texture": "#main", "rotation":180 }, 
                "down":  { "uv": [ 8, 8, 12, 10.5 ], "texture": "#main" }
            }
        }, 
        {
            "name": "Cube", 
            "from": [ 4.5, 22.50244, 11.5 ], 
            "to":   [ 11.5, 24.50244, 14.5 ], 
            "faces": {
                "south": { "uv": [ 8, 8, 12, 10.5 ], "texture": "#main" }, 
                "up":    { "uv": [ 8, 8, 12, 10.5 ], "texture": "#main", "rotation":180 }, 
                "down":  { "uv": [ 8, 8, 12, 10.5 ], "texture": "#main" }
            }
        }, 
        {
            "name": "Cube", 
            "from": [ 5.87868, 22.50144, 12.07 ], 
            "to":   [ 10.12132, 24.50344, 15.07107 ], 
            "rotation": { "angle": -45, "axis": "y", "origin": [8, 2.35144, 8] }, 
            "faces": {
                "south": { "uv": [ 8, 8, 12, 10.5 ], "texture": "#main" }, 
                "up":    { "uv": [ 8, 8, 12, 10.5 ], "texture": "#main", "rotation":180 }, 
                "down":  { "uv": [ 8, 8, 12, 10.5 ], "texture": "#main" }
            }
        }, 
        {
            "name": "Cube", 
            "from": [ 5.5, 16, 3.5 ], 
            "to":   [ 10.5, 24, 12.5 ], 
            "faces": {
                "north": { "uv": [ 12, 10.75, 14.25, 11 ], "texture": "#main" }, 
                "south": { "uv": [ 12, 10.75, 14.25, 11 ], "texture": "#main" }, 
                "up":    { "uv": [ 13, 10.75, 13.25, 11 ], "texture": "#main" }
            }
        }, 
        {
            "name": "Cube", 
            "from": [ 6.59473, 16, 3.04916 ], 
            "to":   [ 9.42316, 24, 12.94866 ], 
            "rotation": { "angle": -45, "axis": "y", "origin": [8.00316, 2, 7.98866] }, 
            "faces": {
                "north": { "uv": [ 12, 10.75, 14.25, 11 ], "texture": "#main" }, 
                "south": { "uv": [ 12, 10.75, 14.25, 11 ], "texture": "#main" }, 
                "up":    { "uv": [ 13, 10.75, 13.25, 11 ], "texture": "#main" }
            }
        }, 
        {
            "name": "Cube", 
            "from": [ 6.58579, 16, 3.05025 ], 
            "to":   [ 9.41421, 24, 12.94975 ], 
            "rotation": { "angle": 45, "axis": "y", "origin": [8, 2, 8] }, 
            "faces": {
                "north": { "uv": [ 12, 10.75, 14.25, 11 ], "texture": "#main" }, 
                "south": { "uv": [ 12, 10.75, 14.25, 11 ], "texture": "#main" }, 
                "up":    { "uv": [ 13, 10.75, 13.25, 11 ], "texture": "#main" }
            }
        }, 
        {
            "name": "Cube", 
            "from": [ 3.5, 16, 5.5 ], 
            "to":   [ 12.5, 24, 10.5 ], 
            "faces": {
                "east":  { "uv": [ 12, 10.75, 14.25, 11 ], "texture": "#main" }, 
                "west":  { "uv": [ 12, 10.75, 14.25, 11 ], "texture": "#main" }, 
                "up":    { "uv": [ 13, 10.75, 13.25, 11 ], "texture": "#main" }
            }
        }, 
        {
            "name": "Cube", 
            "from": [ 1.5, 22.00244, 4.5 ], 
            "to":   [ 4.5, 24.00244, 11.5 ], 
            "faces": {
                "west":  { "uv": [ 12, 8, 16, 10.5 ], "texture": "#main" }, 
                "up":    { "uv": [ 12, 8, 16, 10.5 ], "texture": "#main", "rotation":270 }, 
                "down":  { "uv": [ 12, 8, 16, 10.5 ], "texture": "#main", "rotation":90 }
            }
        }, 
        {
            "name": "Cube", 
            "from": [ 5.87868, 22.00144, 0.92893 ], 
            "to":   [ 10.12132, 24.00344, 3.935 ], 
            "rotation": { "angle": 45, "axis": "y", "origin": [8, 1.85144, 8] }, 
            "faces": {
                "north": { "uv": [ 12, 8, 16, 10.5 ], "texture": "#main" }, 
                "up":    { "uv": [ 12, 8, 16, 10.5 ], "texture": "#main" }, 
                "down":  { "uv": [ 12, 8, 16, 10.5 ], "texture": "#main" }
            }
        }, 
        {
            "name": "Cube", 
            "from": [ 4.5, 22.00244, 1.5 ], 
            "to":   [ 11.5, 24.00244, 4.5 ], 
            "faces": {
                "north": { "uv": [ 12, 8, 16, 10.5 ], "texture": "#main" }, 
                "up":    { "uv": [ 12, 8, 16, 10.5 ], "texture": "#main" }, 
                "down":  { "uv": [ 12, 8, 16, 10.5 ], "texture": "#main" }
            }
        }, 
        {
            "name": "Cube", 
            "from": [ 5.87868, 22.00144, 0.92893 ], 
            "to":   [ 10.12132, 24.00344, 3.935 ], 
            "rotation": { "angle": -45, "axis": "y", "origin": [8, 1.85144, 8] }, 
            "faces": {
                "north": { "uv": [ 12, 8, 16, 10.5 ], "texture": "#main" }, 
                "up":    { "uv": [ 12, 8, 16, 10.5 ], "texture": "#main" }, 
                "down":  { "uv": [ 12, 8, 16, 10.5 ], "texture": "#main" }
            }
        }, 
        {
            "name": "Cube", 
            "from": [ 11.5, 22.00244, 4.5 ], 
            "to":   [ 14.5, 24.00244, 11.5 ], 
            "faces": {
                "east":  { "uv": [ 12, 8, 16, 10.5 ], "texture": "#main" }, 
                "up":    { "uv": [ 12, 8, 16, 10.5 ], "texture": "#main", "rotation":90 }, 
                "down":  { "uv": [ 12, 8, 16, 10.5 ], "texture": "#main", "rotation":270 }
            }
        }, 
        {
            "name": "Cube", 
            "from": [ 5.87868, 22.00144, 12.07 ], 
            "to":   [ 10.12132, 24.00344, 15.07107 ], 
            "rotation": { "angle": 45, "axis": "y", "origin": [8, 1.85144, 8] }, 
            "faces": {
                "south": { "uv": [ 12, 8, 16, 10.5 ], "texture": "#main" }, 
                "up":    { "uv": [ 12, 8, 16, 10.5 ], "texture": "#main", "rotation":180 }, 
                "down":  { "uv": [ 12, 8, 16, 10.5 ], "texture": "#main" }
            }
        }, 
        {
            "name": "Cube", 
            "from": [ 4.5, 22.00244, 11.5 ], 
            "to":   [ 11.5, 24.00244, 14.5 ], 
            "faces": {
                "south": { "uv": [ 12, 8, 16, 10.5 ], "texture": "#main" }, 
                "up":    { "uv": [ 12, 8, 16, 10.5 ], "texture": "#main", "rotation":180 }, 
                "down":  { "uv": [ 12, 8, 16, 10.5 ], "texture": "#main" }
            }
        }, 
        {
            "name": "Cube", 
            "from": [ 5.87868, 22.00144, 12.07 ], 
            "to":   [ 10.12132, 24.00344, 15.07107 ], 
            "rotation": { "angle": -45, "axis": "y", "origin": [8, 1.85144, 8] }, 
            "faces": {
                "south": { "uv": [ 12, 8, 16, 10.5 ], "texture": "#main" }, 
                "up":    { "uv": [ 12, 8, 16, 10.5 ], "texture": "#main", "rotation":180 }, 
                "down":  { "uv": [ 12, 8, 16, 10.5 ], "texture": "#main" }
            }
        }
    ], 
    "display": {
        "head": {
            "scale": [ 2.5, 1.75, 2.5 ], 
            "rotation": [ 0, 180, 0 ], 
            "translation": [ 0, -30, 0 ]
        }, 
        "fixed": {
            "rotation": [ 0, 180, 0 ]
        }
    }, 
    "groups": [
        {
            "name": "group", 
            "isOpen": true, 
            "shade": true, 
            "display": {
                "visibility": true, 
                "autouv": false
            }, 
            "children": [
                0, 
                1, 
                2, 
                3
            ]
        }, 
        {
            "name": "group", 
            "isOpen": true, 
            "shade": true, 
            "display": {
                "visibility": true, 
                "autouv": false
            }, 
            "children": [
                4, 
                5, 
                6, 
                7, 
                8, 
                9, 
                10, 
                11
            ]
        }
    ], 
    "__comment": "Model animated using Fizzy's model animator - http://fizzy81.github.io/animated-models/"
}