{
    "__comment": "Model generated using MrCrayfish's Model Creator (http://mrcrayfish.com/modelcreator/)",
    "textures": {
        "0": "decorations/board/luigi/screw_green",
		"1": "decorations/board/luigi/screws_edge" 
    },
    "display":{
        "head":{
            "translation":[0,-27,0],
			"rotation": [0,0,0],
			"scale": [1.5,2,1.5]
        }
	},
    "elements": [
        {
            "name": "Straight Middle",
            "from": [ -7.0, 0.0, -0.5 ], 
            "to": [ 7.0, 2.5, 0.5 ], 
            "faces": {
                "east": { "texture": "#0", "uv": [ 2.0, 2.0, 5.0, 5.499999992549419 ] },
                "west": { "texture": "#0", "uv": [ 2.0, 2.0, 5.0, 5.499999992549419 ] },
                "up": { "texture": "#0", "uv": [ 10.0, 2.0, 14.0, 6.0 ] }
            }
        },
        {
            "name": "Straight Middle N",
            "from": [ -7.0, 0.0, -1.5 ], 
            "to": [ 7.0, 4.0, -0.5 ], 
            "faces": {
                "north": { "texture": "#0", "uv": [ 2.0, 3.0, 7.0, 7.0 ] },
                "east": { "texture": "#0", "uv": [ 0.0, 0.0, 1.0, 4.0 ] },
                "south": { "texture": "#0", "uv": [ 0.0, 6.0, 8.0, 15.0 ] },
                "west": { "texture": "#0", "uv": [ 0.0, 0.0, 1.0, 4.0 ] },
                "up": { "texture": "#0", "uv": [ 2.0, 2.0, 6.0, 6.0 ] }
            }
        },
        {
            "name": "Straight Middle S",
            "from": [ -7.0, 0.0, 0.5 ], 
            "to": [ 7.0, 4.0, 1.5 ], 
            "faces": {
                "north": { "texture": "#0", "uv": [ 0.0, 6.0, 8.0, 15.0 ] },
                "east": { "texture": "#0", "uv": [ 0.0, 0.0, 1.0, 4.0 ] },
                "south": { "texture": "#0", "uv": [ 2.0, 1.0, 6.0, 5.0 ] },
                "west": { "texture": "#0", "uv": [ 3.0, 1.0, 4.0, 5.0 ] },
                "up": { "texture": "#0", "uv": [ 2.0, 2.0, 6.0, 6.0 ] }
            }
        },
        {
            "name": "22.5 S",
            "from": [ -7.0, 0.0, 1.5 ], 
            "to": [ -4.6000000000000005, 4.0, 6.7 ], 
            "rotation": { "origin": [ -7.0, 0.0, 1.5 ], "axis": "y", "angle": 22.5 },
            "faces": {
                "north": { "texture": "#0", "uv": [ 2.0, 2.0, 5.4000000059604645, 6.0 ] },
                "east": { "texture": "#0", "uv": [ 1.0, 2.0, 6.2, 6.0 ] },
                "south": { "texture": "#0", "uv": [ 3.0, 2.0, 5.4000000059604645, 6.0 ] },
                "west": { "texture": "#0", "uv": [ 1.0, 2.0, 6.2, 6.0 ] },
                "up": { "texture": "#0", "uv": [ 2.0, 1.0, 4.4000000059604645, 6.2 ] }
            }
        },
        {
            "name": "Straight S",
            "from": [ -5.0, 0.0, 1.0 ], 
            "to": [ 5.0, 4.0, 6.3 ], 
            "faces": {
                "north": { "texture": "#0", "uv": [ 0.0, 0.0, 5.0, 4.0 ] },
                "east": { "texture": "#0", "uv": [ 0.0, 0.0, 5.299999989569187, 4.0 ] },
                "south": { "texture": "#0", "uv": [ 0.0, 0.0, 7.0, 4.0 ] },
                "west": { "texture": "#0", "uv": [ 0.0, 0.0, 5.299999989569187, 4.0 ] },
                "up": { "texture": "#0", "uv": [ 0.0, 0.0, 7.0, 5.299999989569187 ] }
            }
        },
        {
            "name": "-22.5 S",
            "from": [ 4.6000000000000005, 0.0, 1.5 ], 
            "to": [ 7.0, 4.0, 6.7 ], 
            "rotation": { "origin": [ 7.0, 0.0, 1.5 ], "axis": "y", "angle": -22.5 },
            "faces": {
                "north": { "texture": "#0", "uv": [ 0.0, 0.0, 2.4000000059604645, 4.0 ] },
                "east": { "texture": "#0", "uv": [ 0.0, 0.0, 5.2, 4.0 ] },
                "south": { "texture": "#0", "uv": [ 0.0, 0.0, 2.4000000059604645, 4.0 ] },
                "west": { "texture": "#0", "uv": [ 0.0, 0.0, 5.2, 4.0 ] },
                "up": { "texture": "#0", "uv": [ 0.0, 0.0, 2.4000000059604645, 5.2 ] }
            }
        },
        {
            "name": "StraightN",
            "from": [ -5.0, 0.0, -6.3 ], 
            "to": [ 5.0, 4.0, -1.0 ], 
            "faces": {
                "north": { "texture": "#0", "uv": [ 0.0, 0.0, 6.0, 4.0 ] },
                "east": { "texture": "#0", "uv": [ 0.0, 0.0, 5.299999989569187, 4.0 ] },
                "south": { "texture": "#0", "uv": [ 0.0, 0.0, 7.0, 4.0 ] },
                "west": { "texture": "#0", "uv": [ 0.0, 0.0, 5.299999989569187, 4.0 ] },
                "up": { "texture": "#0", "uv": [ 0.0, 0.0, 7.0, 5.299999989569187 ] }
            }
        },
        {
            "name": "-22.5 N",
            "from": [ -5.0, 0.0, -6.3 ], 
            "to": [ -2.6, 4.0, -1.1000000000000005 ], 
            "rotation": { "origin": [ -5.0, 0.0, -6.3 ], "axis": "y", "angle": -22.5 },
            "faces": {
                "north": { "texture": "#0", "uv": [ 0.0, 0.0, 2.4000000059604645, 4.0 ] },
                "east": { "texture": "#0", "uv": [ 0.0, 0.0, 5.2, 4.0 ] },
                "south": { "texture": "#0", "uv": [ 0.0, 0.0, 2.4000000059604645, 4.0 ] },
                "west": { "texture": "#0", "uv": [ 0.0, 0.0, 5.2, 4.0 ] },
                "up": { "texture": "#0", "uv": [ 0.0, 0.0, 2.4000000059604645, 5.2 ] }
            }
        },
        {
            "name": "22.5 N",
            "from": [ 2.6, 0.0, -6.3 ], 
            "to": [ 5.0, 4.0, -1.1000000000000005 ], 
            "rotation": { "origin": [ 5.0, 0.0, -6.3 ], "axis": "y", "angle": 22.5 },
            "faces": {
                "north": { "texture": "#0", "uv": [ 0.0, 0.0, 2.4000000059604645, 4.0 ] },
                "east": { "texture": "#0", "uv": [ 0.0, 0.0, 5.2, 4.0 ] },
                "south": { "texture": "#0", "uv": [ 0.0, 0.0, 2.4000000059604645, 4.0 ] },
                "west": { "texture": "#0", "uv": [ 0.0, 0.0, 5.2, 4.0 ] },
                "up": { "texture": "#0", "uv": [ 0.0, 0.0, 2.4000000059604645, 5.2 ] }
            }
        },
        {
            "name": "Rim N 22.5",
            "from": [ 5.0, 0.0, -6.55 ], 
            "to": [ 5.4, 0.4, -0.8499999999999996 ], 
            "rotation": { "origin": [ 5.0, 0.0, -6.3 ], "axis": "y", "angle": 22.5 },
            "faces": {
                "north": { "texture": "#0", "uv": [ 9.0, 10.0, 9.399999991059303, 10.399999991059303 ] },
                "east": { "texture": "#0", "uv": [ 9.0, 11.0, 14.70000000745058, 11.399999991059303 ] },
                "south": { "texture": "#0", "uv": [ 11.0, 12.0, 11.399999991059303, 12.399999991059303 ] },
                "up": { "texture": "#0", "uv": [ 12.0, 9.0, 12.399999991059303, 14.70000000745058 ] }
            }
        },
        {
            "name": "Rim N",
            "from": [ -5.25, 0.0, -6.7 ], 
            "to": [ 5.289999999999999, 0.4, -6.3 ], 
            "faces": {
                "north": { "texture": "#0", "uv": [ 10.0, 10.0, 14.54, 11.400000005960464 ] },
                "east": { "texture": "#0", "uv": [ 11.0, 10.0, 11.399999991059303, 10.400000005960464 ] },
                "west": { "texture": "#0", "uv": [ 13.0, 14.0, 13.399999991059303, 14.400000005960464 ] },
                "up": { "texture": "#0", "uv": [ 10.0, 10.0, 14.54, 15.399999991059303 ] }
            }
        },
        {
            "name": "Rim S",
            "from": [ -5.25, 0.0, 6.3 ], 
            "to": [ 5.289999999999999, 0.4, 6.7 ], 
            "faces": {
                "east": { "texture": "#0", "uv": [ 10.0, 9.0, 10.399999991059303, 9.400000005960464 ] },
                "south": { "texture": "#0", "uv": [ 9.0, 10.0, 13.54, 14.400000005960464 ] },
                "west": { "texture": "#0", "uv": [ 11.0, 11.0, 11.399999991059303, 11.400000005960464 ] },
                "up": { "texture": "#0", "uv": [ 9.0, 9.0, 14.54, 14.399999991059303 ] }
            }
        },
        {
            "name": "Rim -22.5 S",
            "from": [ 7.0, 0.0, 1.25 ], 
            "to": [ 7.4, 0.4, 6.95 ], 
            "rotation": { "origin": [ 7.0, 0.0, 1.5 ], "axis": "y", "angle": -22.5 },
            "faces": {
                "north": { "texture": "#0", "uv": [ 10.0, 10.0, 10.400000005960464, 10.400000005960464 ] },
                "east": { "texture": "#0", "uv": [ 9.0, 12.0, 14.70000000745058, 12.400000005960464 ] },
                "south": { "texture": "#0", "uv": [ 11.0, 11.0, 11.400000005960464, 11.400000005960464 ] },
                "up": { "texture": "#0", "uv": [ 11.0, 9.0, 11.400000005960464, 14.70000000745058 ] }
            }
        },
        {
            "name": "Rim E",
            "from": [ 7.01, 0.0, -1.45 ], 
            "to": [ 7.46, 0.4, 1.45 ], 
            "faces": {
                "north": { "texture": "#0", "uv": [ 10.0, 10.0, 10.45, 10.399999991059303 ] },
                "east": { "texture": "#0", "uv": [ 9.0, 12.0, 11.899999998509884, 12.399999991059303 ] },
                "south": { "texture": "#0", "uv": [ 12.0, 11.0, 12.45, 11.399999991059303 ] },
                "up": { "texture": "#0", "uv": [ 10.0, 10.0, 10.45, 12.899999998509884 ] }
            }
        },
        {
            "name": "Rim W",
            "from": [ -7.44, 0.0, -1.45 ], 
            "to": [ -6.98, 0.4, 1.45 ], 
            "faces": {
                "north": { "texture": "#0", "uv": [ 11.0, 11.0, 11.45, 11.399999991059303 ] },
                "south": { "texture": "#0", "uv": [ 9.0, 9.0, 9.45, 9.399999991059303 ] },
                "west": { "texture": "#0", "uv": [ 10.0, 12.0, 12.899999998509884, 12.399999991059303 ] },
                "up": { "texture": "#0", "uv": [ 11.0, 11.0, 11.45, 13.899999998509884 ] }
            }
        },
        {
            "name": "Rim N 22.5",
            "from": [ -7.38, 0.0, 1.27 ], 
            "to": [ -6.98, 0.4, 6.969999999999999 ], 
            "rotation": { "origin": [ -7.0, 0.0, 1.5 ], "axis": "y", "angle": 22.5 },
            "faces": {
                "north": { "texture": "#0", "uv": [ 10.0, 10.0, 10.4, 10.4 ] },
                "east": { "texture": "#0", "uv": [ 9.0, 11.0, 14.70000000745058, 11.4 ] },
                "south": { "texture": "#0", "uv": [ 10.0, 11.0, 10.4, 11.4 ] },
                "west": { "texture": "#0", "uv": [ 10.0, 12.0, 15.70000000745058, 12.4 ] },
                "up": { "texture": "#0", "uv": [ 12.0, 9.0, 12.4, 14.70000000745058 ] }
            }
        },
        {
            "name": "Rim N 22.5",
            "from": [ -5.39, 0.0, -6.57 ], 
            "to": [ -4.99, 0.4, -0.8700000000000001 ], 
            "rotation": { "origin": [ -5.0, 0.0, -6.3 ], "axis": "y", "angle": -22.5 },
            "faces": {
                "north": { "texture": "#0", "uv": [ 11.0, 11.0, 11.400000005960464, 11.400000005960464 ] },
                "east": { "texture": "#0", "uv": [ 10.0, 12.0, 15.70000000745058, 12.400000005960464 ] },
                "south": { "texture": "#0", "uv": [ 13.0, 12.0, 13.400000005960464, 12.400000005960464 ] },
                "west": { "texture": "#0", "uv": [ 9.0, 13.0, 14.70000000745058, 13.400000005960464 ] },
                "up": { "texture": "#0", "uv": [ 11.0, 9.0, 11.400000005960464, 14.70000000745058 ] }
            }
        },
        {
            "name": "Straight Middle",
            "from": [ 9.0, 0.0, -0.5 ], 
            "to": [ 23.0, 2.5, 0.5 ], 
            "faces": {
                "east": { "texture": "#0", "uv": [ 2.0, 2.0, 5.0, 5.499999992549419 ] },
                "west": { "texture": "#0", "uv": [ 2.0, 2.0, 5.0, 5.499999992549419 ] },
                "up": { "texture": "#0", "uv": [ 10.0, 2.0, 14.0, 6.0 ] }
            }
        },
        {
            "name": "Straight Middle N",
            "from": [ 9.0, 0.0, -1.5 ], 
            "to": [ 23.0, 4.0, -0.5 ], 
            "faces": {
                "north": { "texture": "#0", "uv": [ 2.0, 3.0, 7.0, 7.0 ] },
                "east": { "texture": "#0", "uv": [ 0.0, 0.0, 1.0, 4.0 ] },
                "south": { "texture": "#0", "uv": [ 0.0, 6.0, 8.0, 15.0 ] },
                "west": { "texture": "#0", "uv": [ 0.0, 0.0, 1.0, 4.0 ] },
                "up": { "texture": "#0", "uv": [ 2.0, 2.0, 6.0, 6.0 ] }
            }
        },
        {
            "name": "Straight Middle S",
            "from": [ 9.0, 0.0, 0.5 ], 
            "to": [ 23.0, 4.0, 1.5 ], 
            "faces": {
                "north": { "texture": "#0", "uv": [ 0.0, 6.0, 8.0, 15.0 ] },
                "east": { "texture": "#0", "uv": [ 0.0, 0.0, 1.0, 4.0 ] },
                "south": { "texture": "#0", "uv": [ 2.0, 1.0, 6.0, 5.0 ] },
                "west": { "texture": "#0", "uv": [ 3.0, 1.0, 4.0, 5.0 ] },
                "up": { "texture": "#0", "uv": [ 2.0, 2.0, 6.0, 6.0 ] }
            }
        },
        {
            "name": "22.5 S",
            "from": [ 9.0, 0.0, 1.5 ], 
            "to": [ 11.4, 4.0, 6.7 ], 
            "rotation": { "origin": [ 9.0, 0.0, 1.5 ], "axis": "y", "angle": 22.5 },
            "faces": {
                "north": { "texture": "#0", "uv": [ 2.0, 2.0, 5.4000000059604645, 6.0 ] },
                "east": { "texture": "#0", "uv": [ 1.0, 2.0, 6.2, 6.0 ] },
                "south": { "texture": "#0", "uv": [ 3.0, 2.0, 5.4000000059604645, 6.0 ] },
                "west": { "texture": "#0", "uv": [ 1.0, 2.0, 6.2, 6.0 ] },
                "up": { "texture": "#0", "uv": [ 2.0, 1.0, 4.4000000059604645, 6.2 ] }
            }
        },
        {
            "name": "Straight S",
            "from": [ 11.0, 0.0, 1.0 ], 
            "to": [ 21.0, 4.0, 6.3 ], 
            "faces": {
                "north": { "texture": "#0", "uv": [ 0.0, 0.0, 5.0, 4.0 ] },
                "east": { "texture": "#0", "uv": [ 0.0, 0.0, 5.299999989569187, 4.0 ] },
                "south": { "texture": "#0", "uv": [ 0.0, 0.0, 7.0, 4.0 ] },
                "west": { "texture": "#0", "uv": [ 0.0, 0.0, 5.299999989569187, 4.0 ] },
                "up": { "texture": "#0", "uv": [ 0.0, 0.0, 7.0, 5.299999989569187 ] }
            }
        },
        {
            "name": "-22.5 S",
            "from": [ 20.6, 0.0, 1.5 ], 
            "to": [ 23.0, 4.0, 6.7 ], 
            "rotation": { "origin": [ 23.0, 0.0, 1.5 ], "axis": "y", "angle": -22.5 },
            "faces": {
                "north": { "texture": "#0", "uv": [ 0.0, 0.0, 2.4000000059604645, 4.0 ] },
                "east": { "texture": "#0", "uv": [ 0.0, 0.0, 5.2, 4.0 ] },
                "south": { "texture": "#0", "uv": [ 0.0, 0.0, 2.4000000059604645, 4.0 ] },
                "west": { "texture": "#0", "uv": [ 0.0, 0.0, 5.2, 4.0 ] },
                "up": { "texture": "#0", "uv": [ 0.0, 0.0, 2.4000000059604645, 5.2 ] }
            }
        },
        {
            "name": "StraightN",
            "from": [ 11.0, 0.0, -6.3 ], 
            "to": [ 21.0, 4.0, -1.0 ], 
            "faces": {
                "north": { "texture": "#0", "uv": [ 0.0, 0.0, 6.0, 4.0 ] },
                "east": { "texture": "#0", "uv": [ 0.0, 0.0, 5.299999989569187, 4.0 ] },
                "south": { "texture": "#0", "uv": [ 0.0, 0.0, 7.0, 4.0 ] },
                "west": { "texture": "#0", "uv": [ 0.0, 0.0, 5.299999989569187, 4.0 ] },
                "up": { "texture": "#0", "uv": [ 0.0, 0.0, 7.0, 5.299999989569187 ] }
            }
        },
        {
            "name": "-22.5 N",
            "from": [ 11.0, 0.0, -6.3 ], 
            "to": [ 13.4, 4.0, -1.1000000000000005 ], 
            "rotation": { "origin": [ 11.0, 0.0, -6.3 ], "axis": "y", "angle": -22.5 },
            "faces": {
                "north": { "texture": "#0", "uv": [ 0.0, 0.0, 2.4000000059604645, 4.0 ] },
                "east": { "texture": "#0", "uv": [ 0.0, 0.0, 5.2, 4.0 ] },
                "south": { "texture": "#0", "uv": [ 0.0, 0.0, 2.4000000059604645, 4.0 ] },
                "west": { "texture": "#0", "uv": [ 0.0, 0.0, 5.2, 4.0 ] },
                "up": { "texture": "#0", "uv": [ 0.0, 0.0, 2.4000000059604645, 5.2 ] }
            }
        },
        {
            "name": "22.5 N",
            "from": [ 18.6, 0.0, -6.3 ], 
            "to": [ 21.0, 4.0, -1.1000000000000005 ], 
            "rotation": { "origin": [ 21.0, 0.0, -6.3 ], "axis": "y", "angle": 22.5 },
            "faces": {
                "north": { "texture": "#0", "uv": [ 0.0, 0.0, 2.4000000059604645, 4.0 ] },
                "east": { "texture": "#0", "uv": [ 0.0, 0.0, 5.2, 4.0 ] },
                "south": { "texture": "#0", "uv": [ 0.0, 0.0, 2.4000000059604645, 4.0 ] },
                "west": { "texture": "#0", "uv": [ 0.0, 0.0, 5.2, 4.0 ] },
                "up": { "texture": "#0", "uv": [ 0.0, 0.0, 2.4000000059604645, 5.2 ] }
            }
        },
        {
            "name": "Rim N 22.5",
            "from": [ 21.0, 0.0, -6.55 ], 
            "to": [ 21.400000000000002, 0.4, -0.8499999999999996 ], 
            "rotation": { "origin": [ 21.0, 0.0, -6.3 ], "axis": "y", "angle": 22.5 },
            "faces": {
                "north": { "texture": "#0", "uv": [ 9.0, 10.0, 9.399999991059303, 10.399999991059303 ] },
                "east": { "texture": "#0", "uv": [ 9.0, 11.0, 14.70000000745058, 11.399999991059303 ] },
                "south": { "texture": "#0", "uv": [ 11.0, 12.0, 11.399999991059303, 12.399999991059303 ] },
                "up": { "texture": "#0", "uv": [ 12.0, 9.0, 12.399999991059303, 14.70000000745058 ] }
            }
        },
        {
            "name": "Rim N",
            "from": [ 10.75, 0.0, -6.7 ], 
            "to": [ 21.29, 0.4, -6.3 ], 
            "faces": {
                "north": { "texture": "#0", "uv": [ 10.0, 10.0, 14.54, 11.400000005960464 ] },
                "east": { "texture": "#0", "uv": [ 11.0, 10.0, 11.399999991059303, 10.400000005960464 ] },
                "west": { "texture": "#0", "uv": [ 13.0, 14.0, 13.399999991059303, 14.400000005960464 ] },
                "up": { "texture": "#0", "uv": [ 10.0, 10.0, 14.54, 15.399999991059303 ] }
            }
        },
        {
            "name": "Rim S",
            "from": [ 10.75, 0.0, 6.3 ], 
            "to": [ 21.29, 0.4, 6.7 ], 
            "faces": {
                "east": { "texture": "#0", "uv": [ 10.0, 9.0, 10.399999991059303, 9.400000005960464 ] },
                "south": { "texture": "#0", "uv": [ 9.0, 10.0, 13.54, 14.400000005960464 ] },
                "west": { "texture": "#0", "uv": [ 11.0, 11.0, 11.399999991059303, 11.400000005960464 ] },
                "up": { "texture": "#0", "uv": [ 9.0, 9.0, 14.54, 14.399999991059303 ] }
            }
        },
        {
            "name": "Rim -22.5 S",
            "from": [ 23.0, 0.0, 1.25 ], 
            "to": [ 23.400000000000002, 0.4, 6.95 ], 
            "rotation": { "origin": [ 23.0, 0.0, 1.5 ], "axis": "y", "angle": -22.5 },
            "faces": {
                "north": { "texture": "#0", "uv": [ 10.0, 10.0, 10.400000005960464, 10.400000005960464 ] },
                "east": { "texture": "#0", "uv": [ 9.0, 12.0, 14.70000000745058, 12.400000005960464 ] },
                "south": { "texture": "#0", "uv": [ 11.0, 11.0, 11.400000005960464, 11.400000005960464 ] },
                "up": { "texture": "#0", "uv": [ 11.0, 9.0, 11.400000005960464, 14.70000000745058 ] }
            }
        },
        {
            "name": "Rim E",
            "from": [ 23.01, 0.0, -1.45 ], 
            "to": [ 23.46, 0.4, 1.45 ], 
            "faces": {
                "north": { "texture": "#0", "uv": [ 10.0, 10.0, 10.45, 10.399999991059303 ] },
                "east": { "texture": "#0", "uv": [ 9.0, 12.0, 11.899999998509884, 12.399999991059303 ] },
                "south": { "texture": "#0", "uv": [ 12.0, 11.0, 12.45, 11.399999991059303 ] },
                "up": { "texture": "#0", "uv": [ 10.0, 10.0, 10.45, 12.899999998509884 ] }
            }
        },
        {
            "name": "Rim W",
            "from": [ 8.57, 0.0, -1.45 ], 
            "to": [ 9.02, 0.4, 1.45 ], 
            "faces": {
                "north": { "texture": "#0", "uv": [ 11.0, 11.0, 11.45, 11.399999991059303 ] },
                "south": { "texture": "#0", "uv": [ 9.0, 9.0, 9.45, 9.399999991059303 ] },
                "west": { "texture": "#0", "uv": [ 10.0, 12.0, 12.899999998509884, 12.399999991059303 ] },
                "up": { "texture": "#0", "uv": [ 11.0, 11.0, 11.45, 13.899999998509884 ] }
            }
        },
        {
            "name": "Rim N 22.5",
            "from": [ 8.620000000000001, 0.0, 1.27 ], 
            "to": [ 9.02, 0.4, 6.969999999999999 ], 
            "rotation": { "origin": [ 9.0, 0.0, 1.5 ], "axis": "y", "angle": 22.5 },
            "faces": {
                "north": { "texture": "#0", "uv": [ 10.0, 10.0, 10.4, 10.4 ] },
                "east": { "texture": "#0", "uv": [ 9.0, 11.0, 14.70000000745058, 11.4 ] },
                "south": { "texture": "#0", "uv": [ 10.0, 11.0, 10.4, 11.4 ] },
                "west": { "texture": "#0", "uv": [ 10.0, 12.0, 15.70000000745058, 12.4 ] },
                "up": { "texture": "#0", "uv": [ 12.0, 9.0, 12.4, 14.70000000745058 ] }
            }
        },
        {
            "name": "Rim N 22.5",
            "from": [ 10.61, 0.0, -6.57 ], 
            "to": [ 11.01, 0.4, -0.8700000000000001 ], 
            "rotation": { "origin": [ 11.0, 0.0, -6.3 ], "axis": "y", "angle": -22.5 },
            "faces": {
                "north": { "texture": "#0", "uv": [ 11.0, 11.0, 11.400000005960464, 11.400000005960464 ] },
                "east": { "texture": "#0", "uv": [ 10.0, 12.0, 15.70000000745058, 12.400000005960464 ] },
                "south": { "texture": "#0", "uv": [ 13.0, 12.0, 13.400000005960464, 12.400000005960464 ] },
                "west": { "texture": "#0", "uv": [ 9.0, 13.0, 14.70000000745058, 13.400000005960464 ] },
                "up": { "texture": "#0", "uv": [ 11.0, 9.0, 11.400000005960464, 14.70000000745058 ] }
            }
        },
        {
            "name": "Straight Middle",
            "from": [ 1.0, 0.0, 15.5 ], 
            "to": [ 15.0, 2.5, 16.5 ], 
            "faces": {
                "east": { "texture": "#0", "uv": [ 2.0, 2.0, 5.0, 5.499999992549419 ] },
                "west": { "texture": "#0", "uv": [ 2.0, 2.0, 5.0, 5.499999992549419 ] },
                "up": { "texture": "#0", "uv": [ 10.0, 2.0, 14.0, 6.0 ] }
            }
        },
        {
            "name": "Straight Middle N",
            "from": [ 1.0, 0.0, 14.5 ], 
            "to": [ 15.0, 4.0, 15.5 ], 
            "faces": {
                "north": { "texture": "#0", "uv": [ 2.0, 3.0, 7.0, 7.0 ] },
                "east": { "texture": "#0", "uv": [ 0.0, 0.0, 1.0, 4.0 ] },
                "south": { "texture": "#0", "uv": [ 0.0, 6.0, 8.0, 15.0 ] },
                "west": { "texture": "#0", "uv": [ 0.0, 0.0, 1.0, 4.0 ] },
                "up": { "texture": "#0", "uv": [ 2.0, 2.0, 6.0, 6.0 ] }
            }
        },
        {
            "name": "Straight Middle S",
            "from": [ 1.0, 0.0, 16.5 ], 
            "to": [ 15.0, 4.0, 17.5 ], 
            "faces": {
                "north": { "texture": "#0", "uv": [ 0.0, 6.0, 8.0, 15.0 ] },
                "east": { "texture": "#0", "uv": [ 0.0, 0.0, 1.0, 4.0 ] },
                "south": { "texture": "#0", "uv": [ 2.0, 1.0, 6.0, 5.0 ] },
                "west": { "texture": "#0", "uv": [ 3.0, 1.0, 4.0, 5.0 ] },
                "up": { "texture": "#0", "uv": [ 2.0, 2.0, 6.0, 6.0 ] }
            }
        },
        {
            "name": "22.5 S",
            "from": [ 1.0, 0.0, 17.5 ], 
            "to": [ 3.4, 4.0, 22.7 ], 
            "rotation": { "origin": [ 1.0, 0.0, 17.5 ], "axis": "y", "angle": 22.5 },
            "faces": {
                "north": { "texture": "#0", "uv": [ 2.0, 2.0, 5.4000000059604645, 6.0 ] },
                "east": { "texture": "#0", "uv": [ 1.0, 2.0, 6.2, 6.0 ] },
                "south": { "texture": "#0", "uv": [ 3.0, 2.0, 5.4000000059604645, 6.0 ] },
                "west": { "texture": "#0", "uv": [ 1.0, 2.0, 6.2, 6.0 ] },
                "up": { "texture": "#0", "uv": [ 2.0, 1.0, 4.4000000059604645, 6.2 ] }
            }
        },
        {
            "name": "Straight S",
            "from": [ 3.0, 0.0, 17.0 ], 
            "to": [ 13.0, 4.0, 22.3 ], 
            "faces": {
                "north": { "texture": "#0", "uv": [ 0.0, 0.0, 5.0, 4.0 ] },
                "east": { "texture": "#0", "uv": [ 0.0, 0.0, 5.299999989569187, 4.0 ] },
                "south": { "texture": "#0", "uv": [ 0.0, 0.0, 7.0, 4.0 ] },
                "west": { "texture": "#0", "uv": [ 0.0, 0.0, 5.299999989569187, 4.0 ] },
                "up": { "texture": "#0", "uv": [ 0.0, 0.0, 7.0, 5.299999989569187 ] }
            }
        },
        {
            "name": "-22.5 S",
            "from": [ 12.6, 0.0, 17.5 ], 
            "to": [ 15.0, 4.0, 22.7 ], 
            "rotation": { "origin": [ 15.0, 0.0, 17.5 ], "axis": "y", "angle": -22.5 },
            "faces": {
                "north": { "texture": "#0", "uv": [ 0.0, 0.0, 2.4000000059604645, 4.0 ] },
                "east": { "texture": "#0", "uv": [ 0.0, 0.0, 5.2, 4.0 ] },
                "south": { "texture": "#0", "uv": [ 0.0, 0.0, 2.4000000059604645, 4.0 ] },
                "west": { "texture": "#0", "uv": [ 0.0, 0.0, 5.2, 4.0 ] },
                "up": { "texture": "#0", "uv": [ 0.0, 0.0, 2.4000000059604645, 5.2 ] }
            }
        },
        {
            "name": "StraightN",
            "from": [ 3.0, 0.0, 9.700000000000001 ], 
            "to": [ 13.0, 4.0, 15.0 ], 
            "faces": {
                "north": { "texture": "#0", "uv": [ 0.0, 0.0, 6.0, 4.0 ] },
                "east": { "texture": "#0", "uv": [ 0.0, 0.0, 5.299999989569187, 4.0 ] },
                "south": { "texture": "#0", "uv": [ 0.0, 0.0, 7.0, 4.0 ] },
                "west": { "texture": "#0", "uv": [ 0.0, 0.0, 5.299999989569187, 4.0 ] },
                "up": { "texture": "#0", "uv": [ 0.0, 0.0, 7.0, 5.299999989569187 ] }
            }
        },
        {
            "name": "-22.5 N",
            "from": [ 3.0, 0.0, 9.700000000000001 ], 
            "to": [ 5.4, 4.0, 14.9 ], 
            "rotation": { "origin": [ 3.0, 0.0, 9.700000000000001 ], "axis": "y", "angle": -22.5 },
            "faces": {
                "north": { "texture": "#0", "uv": [ 0.0, 0.0, 2.4000000059604645, 4.0 ] },
                "east": { "texture": "#0", "uv": [ 0.0, 0.0, 5.2, 4.0 ] },
                "south": { "texture": "#0", "uv": [ 0.0, 0.0, 2.4000000059604645, 4.0 ] },
                "west": { "texture": "#0", "uv": [ 0.0, 0.0, 5.2, 4.0 ] },
                "up": { "texture": "#0", "uv": [ 0.0, 0.0, 2.4000000059604645, 5.2 ] }
            }
        },
        {
            "name": "22.5 N",
            "from": [ 10.6, 0.0, 9.700000000000001 ], 
            "to": [ 13.0, 4.0, 14.9 ], 
            "rotation": { "origin": [ 13.0, 0.0, 9.700000000000001 ], "axis": "y", "angle": 22.5 },
            "faces": {
                "north": { "texture": "#0", "uv": [ 0.0, 0.0, 2.4000000059604645, 4.0 ] },
                "east": { "texture": "#0", "uv": [ 0.0, 0.0, 5.2, 4.0 ] },
                "south": { "texture": "#0", "uv": [ 0.0, 0.0, 2.4000000059604645, 4.0 ] },
                "west": { "texture": "#0", "uv": [ 0.0, 0.0, 5.2, 4.0 ] },
                "up": { "texture": "#0", "uv": [ 0.0, 0.0, 2.4000000059604645, 5.2 ] }
            }
        },
        {
            "name": "Rim N 22.5",
            "from": [ 13.0, 0.0, 9.450000000000001 ], 
            "to": [ 13.4, 0.4, 15.15 ], 
            "rotation": { "origin": [ 13.0, 0.0, 9.700000000000001 ], "axis": "y", "angle": 22.5 },
            "faces": {
                "north": { "texture": "#0", "uv": [ 9.0, 10.0, 9.399999991059303, 10.399999991059303 ] },
                "east": { "texture": "#0", "uv": [ 9.0, 11.0, 14.70000000745058, 11.399999991059303 ] },
                "south": { "texture": "#0", "uv": [ 11.0, 12.0, 11.399999991059303, 12.399999991059303 ] },
                "up": { "texture": "#0", "uv": [ 12.0, 9.0, 12.399999991059303, 14.70000000745058 ] }
            }
        },
        {
            "name": "Rim N",
            "from": [ 2.75, 0.0, 9.3 ], 
            "to": [ 13.290000000000001, 0.4, 9.700000000000001 ], 
            "faces": {
                "north": { "texture": "#0", "uv": [ 10.0, 10.0, 14.54, 11.400000005960464 ] },
                "east": { "texture": "#0", "uv": [ 11.0, 10.0, 11.399999991059303, 10.400000005960464 ] },
                "west": { "texture": "#0", "uv": [ 13.0, 14.0, 13.399999991059303, 14.400000005960464 ] },
                "up": { "texture": "#0", "uv": [ 10.0, 10.0, 14.54, 15.399999991059303 ] }
            }
        },
        {
            "name": "Rim S",
            "from": [ 2.75, 0.0, 22.3 ], 
            "to": [ 13.290000000000001, 0.4, 22.7 ], 
            "faces": {
                "east": { "texture": "#0", "uv": [ 10.0, 9.0, 10.399999991059303, 9.400000005960464 ] },
                "south": { "texture": "#0", "uv": [ 9.0, 10.0, 13.54, 14.400000005960464 ] },
                "west": { "texture": "#0", "uv": [ 11.0, 11.0, 11.399999991059303, 11.400000005960464 ] },
                "up": { "texture": "#0", "uv": [ 9.0, 9.0, 14.54, 14.399999991059303 ] }
            }
        },
        {
            "name": "Rim -22.5 S",
            "from": [ 15.0, 0.0, 17.25 ], 
            "to": [ 15.4, 0.4, 22.95 ], 
            "rotation": { "origin": [ 15.0, 0.0, 17.5 ], "axis": "y", "angle": -22.5 },
            "faces": {
                "north": { "texture": "#0", "uv": [ 10.0, 10.0, 10.400000005960464, 10.400000005960464 ] },
                "east": { "texture": "#0", "uv": [ 9.0, 12.0, 14.70000000745058, 12.400000005960464 ] },
                "south": { "texture": "#0", "uv": [ 11.0, 11.0, 11.400000005960464, 11.400000005960464 ] },
                "up": { "texture": "#0", "uv": [ 11.0, 9.0, 11.400000005960464, 14.70000000745058 ] }
            }
        },
        {
            "name": "Rim E",
            "from": [ 15.01, 0.0, 14.55 ], 
            "to": [ 15.46, 0.4, 17.45 ], 
            "faces": {
                "north": { "texture": "#0", "uv": [ 10.0, 10.0, 10.45, 10.399999991059303 ] },
                "east": { "texture": "#0", "uv": [ 9.0, 12.0, 11.899999998509884, 12.399999991059303 ] },
                "south": { "texture": "#0", "uv": [ 12.0, 11.0, 12.45, 11.399999991059303 ] },
                "up": { "texture": "#0", "uv": [ 10.0, 10.0, 10.45, 12.899999998509884 ] }
            }
        },
        {
            "name": "Rim W",
            "from": [ 0.5700000000000001, 0.0, 14.55 ], 
            "to": [ 1.02, 0.4, 17.45 ], 
            "faces": {
                "north": { "texture": "#0", "uv": [ 11.0, 11.0, 11.45, 11.399999991059303 ] },
                "south": { "texture": "#0", "uv": [ 9.0, 9.0, 9.45, 9.399999991059303 ] },
                "west": { "texture": "#0", "uv": [ 10.0, 12.0, 12.899999998509884, 12.399999991059303 ] },
                "up": { "texture": "#0", "uv": [ 11.0, 11.0, 11.45, 13.899999998509884 ] }
            }
        },
        {
            "name": "Rim N 22.5",
            "from": [ 0.62, 0.0, 17.27 ], 
            "to": [ 1.02, 0.4, 22.97 ], 
            "rotation": { "origin": [ 1.0, 0.0, 17.5 ], "axis": "y", "angle": 22.5 },
            "faces": {
                "north": { "texture": "#0", "uv": [ 10.0, 10.0, 10.4, 10.4 ] },
                "east": { "texture": "#0", "uv": [ 9.0, 11.0, 14.70000000745058, 11.4 ] },
                "south": { "texture": "#0", "uv": [ 10.0, 11.0, 10.4, 11.4 ] },
                "west": { "texture": "#0", "uv": [ 10.0, 12.0, 15.70000000745058, 12.4 ] },
                "up": { "texture": "#0", "uv": [ 12.0, 9.0, 12.4, 14.70000000745058 ] }
            }
        },
        {
            "name": "Rim N 22.5",
            "from": [ 2.61, 0.0, 9.43 ], 
            "to": [ 3.0100000000000002, 0.4, 15.13 ], 
            "rotation": { "origin": [ 3.0, 0.0, 9.700000000000001 ], "axis": "y", "angle": -22.5 },
            "faces": {
                "north": { "texture": "#0", "uv": [ 11.0, 11.0, 11.400000005960464, 11.400000005960464 ] },
                "east": { "texture": "#0", "uv": [ 10.0, 12.0, 15.70000000745058, 12.400000005960464 ] },
                "south": { "texture": "#0", "uv": [ 13.0, 12.0, 13.400000005960464, 12.400000005960464 ] },
                "west": { "texture": "#0", "uv": [ 9.0, 13.0, 14.70000000745058, 13.400000005960464 ] },
                "up": { "texture": "#0", "uv": [ 11.0, 9.0, 11.400000005960464, 14.70000000745058 ] }
            }
        },
        {
            "name": "Cube",
            "from": [ -6.0, 0.0, -8.0 ], 
            "to": [ 22.0, 1.0, -7.0 ], 
            "faces": {
                "north": { "texture": "#1", "uv": [ 0.0, 0.0, 4.0, 1.0 ] },
                "east": { "texture": "#1", "uv": [ 0.0, 0.0, 1.0, 1.0 ] },
                "south": { "texture": "#1", "uv": [ 0.0, 0.0, 4.0, 1.0 ] },
                "west": { "texture": "#1", "uv": [ 0.0, 0.0, 1.0, 1.0 ] },
                "up": { "texture": "#1", "uv": [ 0.0, 0.0, 4.0, 1.0 ] }
            }
        },
        {
            "name": "Cube",
            "from": [ -6.0, 0.0, -8.0 ], 
            "to": [ -5.0, 1.0, 2.0 ], 
            "rotation": { "origin": [ -6.0, 0.0, -8.0 ], "axis": "y", "angle": -22.5 },
            "faces": {
                "north": { "texture": "#1", "uv": [ 0.0, 0.0, 1.0, 1.0 ] },
                "east": { "texture": "#1", "uv": [ 0.0, 0.0, 10.0, 1.0 ] },
                "south": { "texture": "#1", "uv": [ 0.0, 0.0, 1.0, 1.0 ] },
                "west": { "texture": "#1", "uv": [ 0.0, 0.0, 10.0, 1.0 ] },
                "up": { "texture": "#1", "uv": [ 0.0, 0.0, 1.0, 10.0 ] }
            }
        },
        {
            "name": "Cube",
            "from": [ -9.815, 0.0, 1.21 ], 
            "to": [ -8.815, 1.0, 27.21 ], 
            "rotation": { "origin": [ -9.75, 0.0, 1.25 ], "axis": "y", "angle": 22.5 },
            "faces": {
                "north": { "texture": "#1", "uv": [ 0.0, 0.0, 1.0, 1.0 ] },
                "east": { "texture": "#1", "uv": [ 0.0, 0.0, 4.0, 1.0 ] },
                "south": { "texture": "#1", "uv": [ 0.0, 0.0, 1.0, 1.0 ] },
                "west": { "texture": "#1", "uv": [ 0.0, 0.0, 4.0, 1.0 ] },
                "up": { "texture": "#1", "uv": [ 0.0, 0.0, 1.0, 4.0 ] }
            }
        },
        {
            "name": "Cube",
            "from": [ 0.12, 0.0, 24.26 ], 
            "to": [ 15.87, 1.0, 25.26 ], 
            "faces": {
                "north": { "texture": "#1", "uv": [ 0.0, 0.0, 15.75, 1.0 ] },
                "east": { "texture": "#1", "uv": [ 0.0, 0.0, 1.0, 1.0 ] },
                "south": { "texture": "#1", "uv": [ 0.0, 0.0, 15.75, 1.0 ] },
                "west": { "texture": "#1", "uv": [ 0.0, 0.0, 1.0, 1.0 ] },
                "up": { "texture": "#1", "uv": [ 0.0, 0.0, 15.75, 1.0 ] }
            }
        },
        {
            "name": "Cube",
            "from": [ 21.0, 0.0, -8.0 ], 
            "to": [ 22.0, 1.0, 2.0 ], 
            "rotation": { "origin": [ 22.0, 0.0, -8.0 ], "axis": "y", "angle": 22.5 },
            "faces": {
                "north": { "texture": "#1", "uv": [ 0.0, 0.0, 1.0, 1.0 ] },
                "east": { "texture": "#1", "uv": [ 0.0, 0.0, 10.0, 1.0 ] },
                "south": { "texture": "#1", "uv": [ 0.0, 0.0, 1.0, 1.0 ] },
                "west": { "texture": "#1", "uv": [ 0.0, 0.0, 10.0, 1.0 ] },
                "up": { "texture": "#1", "uv": [ 0.0, 0.0, 1.0, 10.0 ] }
            }
        },
        {
            "name": "Cube",
            "from": [ 24.825, 0.0, 1.24 ], 
            "to": [ 25.825, 1.0, 27.24 ], 
            "rotation": { "origin": [ 25.82, 0.0, 1.24 ], "axis": "y", "angle": -22.5 },
            "faces": {
                "north": { "texture": "#1", "uv": [ 0.0, 0.0, 1.0, 1.0 ] },
                "east": { "texture": "#1", "uv": [ 0.0, 0.0, 4.0, 1.0 ] },
                "south": { "texture": "#1", "uv": [ 0.0, 0.0, 1.0, 1.0 ] },
                "west": { "texture": "#1", "uv": [ 0.0, 0.0, 4.0, 1.0 ] },
                "up": { "texture": "#1", "uv": [ 0.0, 0.0, 1.0, 4.0 ] }
            }
        }
    ]
}