{
    "__comment": "Model generated using MrCrayfish's Model Creator (http://mrcrayfish.com/modelcreator/)",
    "textures": {
		"0": "decorations/board/luigi/screws_edge"
    },
    "display":{
        "head":{
            "translation":[0,-35,0],
			"rotation": [0,0,0],
			"scale": [1.6,1,1.3]
        }
	},
    "elements": [
        {
            "name": "Cube",
            "from": [ -6.0, 0.0, 0.0 ], 
            "to": [ 22.0, 1.0, 1.0 ], 
            "faces": {
                "north": { "texture": "#0", "uv": [ 0.0, 0.0, 1.0, 1.0 ] },
                "east": { "texture": "#0", "uv": [ 0.0, 0.0, 1.0, 1.0 ] },
                "south": { "texture": "#0", "uv": [ 0.0, 0.0, 1.0, 1.0 ] },
                "west": { "texture": "#0", "uv": [ 0.0, 0.0, 1.0, 1.0 ] },
                "up": { "texture": "#0", "uv": [ 0.0, 0.0, 1.0, 1.0 ] },
                "down": { "texture": "#0", "uv": [ 0.0, 0.0, 1.0, 1.0 ] }
            }
        },
        {
            "name": "Cube",
            "from": [ -6.0, 0.0, 0.0 ], 
            "to": [ -5.0, 1.0, 5.200000002980232 ], 
            "rotation": { "origin": [ -6.0, 0.0, 0.0 ], "axis": "y", "angle": -22.5 },
            "faces": {
                "north": { "texture": "#0", "uv": [ 0.0, 0.0, 1.0, 1.0 ] },
                "east": { "texture": "#0", "uv": [ 0.0, 0.0, 5.200000002980232, 1.0 ] },
                "south": { "texture": "#0", "uv": [ 0.0, 0.0, 1.0, 1.0 ] },
                "west": { "texture": "#0", "uv": [ 0.0, 0.0, 5.200000002980232, 1.0 ] },
                "up": { "texture": "#0", "uv": [ 0.0, 0.0, 1.0, 5.200000002980232 ] },
                "down": { "texture": "#0", "uv": [ 0.0, 0.0, 1.0, 5.200000002980232 ] }
            }
        },
        {
            "name": "Cube",
            "from": [ -6.0, 0.0, 15.0 ], 
            "to": [ 22.0, 1.0, 16.0 ], 
            "faces": {
                "north": { "texture": "#0", "uv": [ 0.0, 0.0, 1.0, 1.0 ] },
                "east": { "texture": "#0", "uv": [ 0.0, 0.0, 1.0, 1.0 ] },
                "south": { "texture": "#0", "uv": [ 0.0, 0.0, 1.0, 1.0 ] },
                "west": { "texture": "#0", "uv": [ 0.0, 0.0, 1.0, 1.0 ] },
                "up": { "texture": "#0", "uv": [ 0.0, 0.0, 1.0, 1.0 ] },
                "down": { "texture": "#0", "uv": [ 0.0, 0.0, 1.0, 1.0 ] }
            }
        },
        {
            "name": "Cube",
            "from": [ -8.0, 0.0, 4.800000011920929 ], 
            "to": [ -7.0, 1.0, 11.200000017881393 ], 
            "faces": {
                "north": { "texture": "#0", "uv": [ 0.0, 0.0, 1.0, 1.0 ] },
                "east": { "texture": "#0", "uv": [ 0.0, 0.0, 6.4000000059604645, 1.0 ] },
                "south": { "texture": "#0", "uv": [ 0.0, 0.0, 1.0, 1.0 ] },
                "west": { "texture": "#0", "uv": [ 0.0, 0.0, 6.4000000059604645, 1.0 ] },
                "up": { "texture": "#0", "uv": [ 0.0, 0.0, 1.0, 6.4000000059604645 ] },
                "down": { "texture": "#0", "uv": [ 0.0, 0.0, 1.0, 6.4000000059604645 ] }
            }
        },
        {
            "name": "Cube",
            "from": [ 23.0, 0.0, 4.800000011920929 ], 
            "to": [ 24.0, 1.0, 11.200000001490116 ], 
            "faces": {
                "north": { "texture": "#0", "uv": [ 0.0, 0.0, 1.0, 1.0 ] },
                "east": { "texture": "#0", "uv": [ 0.0, 0.0, 6.399999989569187, 1.0 ] },
                "south": { "texture": "#0", "uv": [ 0.0, 0.0, 1.0, 1.0 ] },
                "west": { "texture": "#0", "uv": [ 0.0, 0.0, 6.399999989569187, 1.0 ] },
                "up": { "texture": "#0", "uv": [ 0.0, 0.0, 1.0, 6.399999989569187 ] },
                "down": { "texture": "#0", "uv": [ 0.0, 0.0, 1.0, 6.399999989569187 ] }
            }
        },
        {
            "name": "Cube",
            "from": [ 21.0, 0.0, 0.0 ], 
            "to": [ 22.0, 1.0, 5.2 ], 
            "rotation": { "origin": [ 22.0, 0.0, 0.0 ], "axis": "y", "angle": 22.5 },
            "faces": {
                "north": { "texture": "#0", "uv": [ 0.0, 0.0, 1.0, 1.0 ] },
                "east": { "texture": "#0", "uv": [ 0.0, 0.0, 5.2, 1.0 ] },
                "south": { "texture": "#0", "uv": [ 0.0, 0.0, 1.0, 1.0 ] },
                "west": { "texture": "#0", "uv": [ 0.0, 0.0, 5.2, 1.0 ] },
                "up": { "texture": "#0", "uv": [ 0.0, 0.0, 1.0, 5.2 ] },
                "down": { "texture": "#0", "uv": [ 0.0, 0.0, 1.0, 5.2 ] }
            }
        },
        {
            "name": "Cube",
            "from": [ 21.0, 0.0, 10.799999997019768 ], 
            "to": [ 22.0, 1.0, 15.999999997019767 ], 
            "rotation": { "origin": [ 22.0, 0.0, 16.0 ], "axis": "y", "angle": -22.5 },
            "faces": {
                "north": { "texture": "#0", "uv": [ 0.0, 0.0, 1.0, 1.0 ] },
                "east": { "texture": "#0", "uv": [ 0.0, 0.0, 5.2, 1.0 ] },
                "south": { "texture": "#0", "uv": [ 0.0, 0.0, 1.0, 1.0 ] },
                "west": { "texture": "#0", "uv": [ 0.0, 0.0, 5.2, 1.0 ] },
                "up": { "texture": "#0", "uv": [ 0.0, 0.0, 1.0, 5.2 ] },
                "down": { "texture": "#0", "uv": [ 0.0, 0.0, 1.0, 5.2 ] }
            }
        },
        {
            "name": "Cube",
            "from": [ -6.0, 0.0, 10.799999997019768 ], 
            "to": [ -5.0, 1.0, 16.0 ], 
            "rotation": { "origin": [ -6.0, 0.0, 16.0 ], "axis": "y", "angle": 22.5 },
            "faces": {
                "north": { "texture": "#0", "uv": [ 0.0, 0.0, 1.0, 1.0 ] },
                "east": { "texture": "#0", "uv": [ 0.0, 0.0, 5.200000002980232, 1.0 ] },
                "south": { "texture": "#0", "uv": [ 0.0, 0.0, 1.0, 1.0 ] },
                "west": { "texture": "#0", "uv": [ 0.0, 0.0, 5.200000002980232, 1.0 ] },
                "up": { "texture": "#0", "uv": [ 0.0, 0.0, 1.0, 5.200000002980232 ] },
                "down": { "texture": "#0", "uv": [ 0.0, 0.0, 1.0, 5.200000002980232 ] }
            }
        }
    ]
}