{
    "textures": {
        "0": "decorations/board/luigi/wall_blue"
    },
	"display": {
		"head": {
			"scale": [3,3,2],
			"translation": [0,4,0]}
			},
    "elements": [
        {
            "name": "Cube",
            "from": [ 0.0, 0.0, 3.0 ], 
            "to": [ 15.9, 3.5999999999999996, 13.0 ], 
            "faces": {
                "north": { "texture": "#0", "uv": [ 0.0, 5.0, 16.0, 16.0 ] },
                "east": { "texture": "#0", "uv": [ 0.0, 5.0, 16.0, 16.0 ] },
                "south": { "texture": "#0", "uv": [ 0.0, 5.0, 16.0, 16.0 ] },
                "west": { "texture": "#0", "uv": [ 0.0, 5.0, 16.0, 16.0 ] },
                "up": { "texture": "#0", "uv": [ 0.0, 5.0, 16.0, 16.0 ] }
            }
        },
        {
            "name": "Cube",
            "from": [ 0.1, 3.0, 4.0 ], 
            "to": [ 15.9, 6.0, 12.0 ], 
            "faces": {
                "north": { "texture": "#0", "uv": [ 0.0, 5.0, 16.0, 16.0 ] },
                "east": { "texture": "#0", "uv": [ 0.0, 5.0, 16.0, 16.0 ] },
                "south": { "texture": "#0", "uv": [ 0.0, 5.0, 16.0, 16.0 ] },
                "west": { "texture": "#0", "uv": [ 0.0, 5.0, 16.0, 16.0 ] },
                "up": { "texture": "#0", "uv": [ 0.0, 5.0, 16.0, 16.0 ] }
            }
        },
        {
            "name": "Cube",
            "from": [ -0.05, -0.6, 5.0 ], 
            "to": [ 16.05, 8.4, 8.0 ], 
            "rotation": { "origin": [ 8.0, 8.0, 8.0 ], "axis": "x", "angle": 22.5 },
            "faces": {
                "north": { "texture": "#0", "uv": [ 0.0, 5.0, 16.0, 16.0 ] },
                "east": { "texture": "#0", "uv": [ 11.0, 5.0, 16.0, 16.0 ] },
                "south": { "texture": "#0", "uv": [ 0.0, 5.0, 16.0, 16.0 ] },
                "west": { "texture": "#0", "uv": [ 0.0, 5.0, 5.0, 16.0 ] },
                "up": { "texture": "#0", "uv": [ 0.0, 5.0, 16.0, 16.0 ] },
                "down": { "texture": "#0", "uv": [ 0.0, 5.0, 16.0, 16.0 ] }
            }
        },
        {
            "name": "Cube",
            "from": [ -0.05, 0.0, 1.93 ], 
            "to": [ 16.05, 1.2000000000000002, 14.129999999999999 ], 
            "faces": {
                "north": { "texture": "#0", "uv": [ 0.0, 5.0, 16.0, 16.0 ] },
                "east": { "texture": "#0", "uv": [ 0.0, 13.0, 16.0, 16.0 ] },
                "south": { "texture": "#0", "uv": [ 0.0, 5.0, 16.0, 16.0 ] },
                "west": { "texture": "#0", "uv": [ 0.0, 13.0, 16.0, 16.0 ] },
                "up": { "texture": "#0", "uv": [ 0.0, 5.0, 16.0, 16.0 ] },
                "down": { "texture": "#0", "uv": [ 0.0, 5.0, 16.0, 16.0 ] }
            }
        },
        {
            "name": "Cube",
            "from": [ -0.05, -0.63, 8.061 ], 
            "to": [ 16.05, 8.37, 11.061 ], 
            "rotation": { "origin": [ 8.0, 8.0, 8.0 ], "axis": "x", "angle": -22.5 },
            "faces": {
                "north": { "texture": "#0", "uv": [ 0.0, 5.0, 16.0, 16.0 ] },
                "east": { "texture": "#0", "uv": [ 0.0, 5.0, 5.0, 16.0 ] },
                "south": { "texture": "#0", "uv": [ 0.0, 5.0, 16.0, 16.0 ] },
                "west": { "texture": "#0", "uv": [ 11.0, 5.0, 16.0, 16.0 ] },
                "up": { "texture": "#0", "uv": [ 0.0, 5.0, 16.0, 16.0 ] },
                "down": { "texture": "#0", "uv": [ 0.0, 5.0, 16.0, 16.0 ] }
            }
        },
        {
            "name": "Cube",
            "from": [ -0.1, 0, 5.38 ], 
            "to": [ 16.2, 9.53, 10.68 ], 
            "faces": {
                "north": { "texture": "#0", "uv": [ 0.0, 5.0, 15.7, 16.0 ] },
                "east": { "texture": "#0", "uv": [ 0.0, 5.0, 15.3, 16.0 ] },
                "south": { "texture": "#0", "uv": [ 0.0, 5.0, 15.7, 16.0 ] },
                "west": { "texture": "#0", "uv": [ 0.0, 5.0, 15.3, 16.0 ] },
                "up": { "texture": "#0", "uv": [ 0.0, 5.0, 15.9, 10.3 ] }
            }
        },
        {
            "name": "Cube",
            "from": [ 2.0, 10.0, 7.0 ], 
            "to": [ 7.0, 12.0, 8.0 ], 
            "rotation": { "origin": [ 8.0, 8.0, 8.0 ], "axis": "z", "angle": 22.5 },
            "faces": {
                "north": { "texture": "#0", "uv": [ 0.0, 0.0, 1.0, 1.0 ] },
                "east": { "texture": "#0", "uv": [ 0.0, 0.0, 1.0, 1.0 ] },
                "south": { "texture": "#0", "uv": [ 0.0, 0.0, 1.0, 1.0 ] },
                "west": { "texture": "#0", "uv": [ 0.0, 0.0, 1.0, 1.0 ] },
                "up": { "texture": "#0", "uv": [ 0.0, 0.0, 1.0, 1.0 ] },
                "down": { "texture": "#0", "uv": [ 0.0, 0.0, 1.0, 0.0 ] }
            }
        },
        {
            "name": "Cube",
            "from": [ 9.0, 9.0, 7.0 ], 
            "to": [ 14.0, 12.0, 8.0 ], 
            "rotation": { "origin": [ 8.0, 8.0, 8.0 ], "axis": "z", "angle": -22.5 },
            "faces": {
                "north": { "texture": "#0", "uv": [ 0.0, 0.0, 1.0, 1.0 ] },
                "east": { "texture": "#0", "uv": [ 0.0, 0.0, 1.0, 1.0 ] },
                "south": { "texture": "#0", "uv": [ 0.0, 0.0, 1.0, 1.0 ] },
                "west": { "texture": "#0", "uv": [ 0.0, 0.0, 1.0, 1.0 ] },
                "up": { "texture": "#0", "uv": [ 0.0, 0.0, 1.0, 1.0 ] },
                "down": { "texture": "#0", "uv": [ 0.0, 0.0, 1.0, 0.0 ] }
            }
        }
    ]
}