{
	"credit": "Made with Blockbench, a free, modern block model editor by JannisX11",
	"textures": {"0": "block/oak_planks", "1": "block/anvil", "2": "block/oak_log"},
	"elements": [
		{
			"name": "Cube",
			"from": [5, 0.98, 1],
			"to": [11, 15.02, 15],
			"faces": {
				"north": {"uv": [0, 0, 6, 14], "texture": "#2"},
				"south": {"uv": [0, 0, 6, 14], "texture": "#2"},
				"up": {"uv": [0, 0, 6, 14], "texture": "#0"},
				"down": {"uv": [0, 0, 6, 14], "texture": "#2", "cullface": "down"}
			}
		},
		{
			"name": "Cube",
			"from": [1, 0.99, 5],
			"to": [15, 15.01, 11],
			"faces": {
				"east": {"uv": [0, 0, 6, 14], "texture": "#2"},
				"west": {"uv": [0, 0, 6, 14], "texture": "#2"},
				"up": {"uv": [0, 0, 14, 6], "texture": "#0"},
				"down": {"uv": [0, 0, 14, 6], "texture": "#2", "cullface": "down"}
			}
		},
		{
			"name": "Cube",
			"from": [1, 0.96, 5],
			"to": [15, 15.03, 11],
			"faces": {
				"east": {"uv": [0, 0, 6, 14], "texture": "#2"},
				"west": {"uv": [0, 0, 6, 14], "texture": "#2"},
				"up": {"uv": [0, 0, 14, 6], "texture": "#0"},
				"down": {"uv": [0, 0, 14, 6], "texture": "#2", "cullface": "down"}
			},
			"rotation": {"origin": [8, 8, 8], "axis": "y", "angle": 45}
		},
		{
			"name": "Cube",
			"from": [1, 0.97, 5],
			"to": [15, 15, 11],
			"faces": {
				"east": {"uv": [0, 0, 6, 14], "texture": "#2"},
				"west": {"uv": [0, 0, 6, 14], "texture": "#2"},
				"up": {"uv": [0, 0, 14, 6], "texture": "#0"},
				"down": {"uv": [0, 0, 14, 6], "texture": "#2", "cullface": "down"}
			},
			"rotation": {"origin": [8, 8, 8], "axis": "y", "angle": -45}
		},
		{
			"name": "Rand gerade",
			"from": [15, 0, 5.25],
			"to": [16, 1, 10.75],
			"faces": {
				"north": {"uv": [0, 0, 1, 1], "texture": "#1"},
				"east": {"uv": [0, 0, 6, 1], "texture": "#1"},
				"south": {"uv": [0, 0, 1, 1], "texture": "#1"},
				"west": {"uv": [0, 0, 6, 1], "texture": "#1"},
				"up": {"uv": [0, 0, 1, 6], "texture": "#1"},
				"down": {"uv": [0, 0, 1, 6], "texture": "#1"}
			}
		},
		{
			"name": "Rand schrag",
			"from": [15, 0, 5.25],
			"to": [16, 1, 10.75],
			"faces": {
				"north": {"uv": [0, 0, 1, 1], "texture": "#1"},
				"east": {"uv": [0, 0, 7, 1], "texture": "#1"},
				"south": {"uv": [0, 0, 1, 1], "texture": "#1"},
				"west": {"uv": [0, 0, 7, 1], "texture": "#1"},
				"up": {"uv": [0, 0, 1, 7], "texture": "#1"},
				"down": {"uv": [0, 0, 1, 7], "texture": "#1"}
			},
			"rotation": {"origin": [8, 8, 8], "axis": "y", "angle": 45}
		},
		{
			"name": "Cube",
			"from": [0, 0, 5.25],
			"to": [1, 1, 10.75],
			"faces": {
				"north": {"uv": [0, 0, 1, 1], "texture": "#1"},
				"east": {"uv": [0, 0, 7, 1], "texture": "#1"},
				"south": {"uv": [0, 0, 1, 1], "texture": "#1"},
				"west": {"uv": [0, 0, 7, 1], "texture": "#1"},
				"up": {"uv": [0, 0, 1, 7], "texture": "#1"},
				"down": {"uv": [0, 0, 1, 7], "texture": "#1"}
			},
			"rotation": {"origin": [8, 8, 8], "axis": "y", "angle": 45}
		},
		{
			"name": "Cube",
			"from": [0, 0, 5.25],
			"to": [1, 1, 10.75],
			"faces": {
				"north": {"uv": [0, 0, 1, 1], "texture": "#1"},
				"east": {"uv": [0, 0, 6, 1], "texture": "#1"},
				"south": {"uv": [0, 0, 1, 1], "texture": "#1"},
				"west": {"uv": [0, 0, 6, 1], "texture": "#1"},
				"up": {"uv": [0, 0, 1, 6], "texture": "#1"},
				"down": {"uv": [0, 0, 1, 6], "texture": "#1"}
			}
		},
		{
			"name": "Cube",
			"from": [5.25, 0, 0],
			"to": [10.75, 1, 1],
			"faces": {
				"north": {"uv": [0, 0, 6, 1], "texture": "#1"},
				"east": {"uv": [0, 0, 1, 1], "texture": "#1"},
				"south": {"uv": [0, 0, 6, 1], "texture": "#1"},
				"west": {"uv": [0, 0, 1, 1], "texture": "#1"},
				"up": {"uv": [0, 0, 6, 1], "texture": "#1"},
				"down": {"uv": [0, 0, 6, 1], "texture": "#1"}
			}
		},
		{
			"name": "Cube",
			"from": [5.25, 0, 15],
			"to": [10.75, 1, 16],
			"faces": {
				"north": {"uv": [0, 0, 6, 1], "texture": "#1"},
				"east": {"uv": [0, 0, 1, 1], "texture": "#1"},
				"south": {"uv": [0, 0, 6, 1], "texture": "#1"},
				"west": {"uv": [0, 0, 1, 1], "texture": "#1"},
				"up": {"uv": [0, 0, 6, 1], "texture": "#1"},
				"down": {"uv": [0, 0, 6, 1], "texture": "#1"}
			}
		},
		{
			"name": "Cube",
			"from": [15, 0, 5.25],
			"to": [16, 1, 10.75],
			"faces": {
				"north": {"uv": [0, 0, 1, 1], "texture": "#1"},
				"east": {"uv": [0, 0, 7, 1], "texture": "#1"},
				"south": {"uv": [0, 0, 1, 1], "texture": "#1"},
				"west": {"uv": [0, 0, 7, 1], "texture": "#1"},
				"up": {"uv": [0, 0, 1, 7], "texture": "#1"},
				"down": {"uv": [0, 0, 1, 7], "texture": "#1"}
			},
			"rotation": {"origin": [8, 8, 8], "axis": "y", "angle": -45}
		},
		{
			"name": "Cube",
			"from": [0, 0, 5.25],
			"to": [1, 1, 10.75],
			"faces": {
				"north": {"uv": [0, 0, 1, 1], "texture": "#1"},
				"east": {"uv": [0, 0, 7, 1], "texture": "#1"},
				"south": {"uv": [0, 0, 1, 1], "texture": "#1"},
				"west": {"uv": [0, 0, 7, 1], "texture": "#1"},
				"up": {"uv": [0, 0, 1, 7], "texture": "#1"},
				"down": {"uv": [0, 0, 1, 7], "texture": "#1"}
			},
			"rotation": {"origin": [8, 8, 8], "axis": "y", "angle": -45}
		},
		{
			"name": "Cube",
			"from": [15, 15, 5.25],
			"to": [16, 16, 10.75],
			"faces": {
				"north": {"uv": [0, 0, 1, 1], "texture": "#1"},
				"east": {"uv": [0, 0, 6, 1], "texture": "#1"},
				"south": {"uv": [0, 0, 1, 1], "texture": "#1"},
				"west": {"uv": [0, 0, 6, 1], "texture": "#1"},
				"up": {"uv": [0, 0, 1, 6], "texture": "#1"},
				"down": {"uv": [0, 0, 1, 6], "texture": "#1"}
			}
		},
		{
			"name": "Cube",
			"from": [15, 15, 5.25],
			"to": [16, 15.99, 10.75],
			"faces": {
				"north": {"uv": [0, 0, 1, 1], "texture": "#1"},
				"east": {"uv": [0, 0, 7, 1], "texture": "#1"},
				"south": {"uv": [0, 0, 1, 1], "texture": "#1"},
				"west": {"uv": [0, 0, 7, 1], "texture": "#1"},
				"up": {"uv": [0, 0, 1, 7], "texture": "#1"},
				"down": {"uv": [0, 0, 1, 7], "texture": "#1"}
			},
			"rotation": {"origin": [8, 8, 8], "axis": "y", "angle": 45}
		},
		{
			"name": "Cube",
			"from": [0, 15, 5.25],
			"to": [1, 15.99, 10.75],
			"faces": {
				"north": {"uv": [0, 0, 1, 1], "texture": "#1"},
				"east": {"uv": [0, 0, 7, 1], "texture": "#1"},
				"south": {"uv": [0, 0, 1, 1], "texture": "#1"},
				"west": {"uv": [0, 0, 7, 1], "texture": "#1"},
				"up": {"uv": [0, 0, 1, 7], "texture": "#1"},
				"down": {"uv": [0, 0, 1, 7], "texture": "#1"}
			},
			"rotation": {"origin": [8, 8, 8], "axis": "y", "angle": 45}
		},
		{
			"name": "Cube",
			"from": [0, 15, 5.25],
			"to": [1, 16, 10.75],
			"faces": {
				"north": {"uv": [0, 0, 1, 1], "texture": "#1"},
				"east": {"uv": [0, 0, 6, 1], "texture": "#1"},
				"south": {"uv": [0, 0, 1, 1], "texture": "#1"},
				"west": {"uv": [0, 0, 6, 1], "texture": "#1"},
				"up": {"uv": [0, 0, 1, 6], "texture": "#1"},
				"down": {"uv": [0, 0, 1, 6], "texture": "#1"}
			}
		},
		{
			"name": "Cube",
			"from": [5.25, 15, 0],
			"to": [10.75, 16, 1],
			"faces": {
				"north": {"uv": [0, 0, 6, 1], "texture": "#1"},
				"east": {"uv": [0, 0, 1, 1], "texture": "#1"},
				"south": {"uv": [0, 0, 6, 1], "texture": "#1"},
				"west": {"uv": [0, 0, 1, 1], "texture": "#1"},
				"up": {"uv": [0, 0, 6, 1], "texture": "#1"},
				"down": {"uv": [0, 0, 6, 1], "texture": "#1"}
			}
		},
		{
			"name": "Cube",
			"from": [5.25, 15, 15],
			"to": [10.75, 16, 16],
			"faces": {
				"north": {"uv": [0, 0, 6, 1], "texture": "#1"},
				"east": {"uv": [0, 0, 1, 1], "texture": "#1"},
				"south": {"uv": [0, 0, 6, 1], "texture": "#1"},
				"west": {"uv": [0, 0, 1, 1], "texture": "#1"},
				"up": {"uv": [0, 0, 6, 1], "texture": "#1"},
				"down": {"uv": [0, 0, 6, 1], "texture": "#1"}
			}
		},
		{
			"name": "Cube",
			"from": [0, 15, 5.25],
			"to": [1, 15.99, 10.75],
			"faces": {
				"north": {"uv": [0, 0, 1, 1], "texture": "#1"},
				"east": {"uv": [0, 0, 7, 1], "texture": "#1"},
				"south": {"uv": [0, 0, 1, 1], "texture": "#1"},
				"west": {"uv": [0, 0, 7, 1], "texture": "#1"},
				"up": {"uv": [0, 0, 1, 7], "texture": "#1"},
				"down": {"uv": [0, 0, 1, 7], "texture": "#1"}
			},
			"rotation": {"origin": [8, 8, 8], "axis": "y", "angle": -45}
		},
		{
			"name": "Cube",
			"from": [15, 15, 5.25],
			"to": [16, 15.99, 10.75],
			"faces": {
				"north": {"uv": [0, 0, 1, 1], "texture": "#1"},
				"east": {"uv": [0, 0, 7, 1], "texture": "#1"},
				"south": {"uv": [0, 0, 1, 1], "texture": "#1"},
				"west": {"uv": [0, 0, 7, 1], "texture": "#1"},
				"up": {"uv": [0, 0, 1, 7], "texture": "#1"},
				"down": {"uv": [0, 0, 1, 7], "texture": "#1"}
			},
			"rotation": {"origin": [8, 8, 8], "axis": "y", "angle": -45}
		},
		{
			"name": "Cube",
			"from": [15.5, 0, 7.5],
			"to": [16.5, 16, 8.5],
			"faces": {
				"north": {"uv": [0, 0, 1, 16], "texture": "#1"},
				"east": {"uv": [0, 0, 1, 16], "texture": "#1"},
				"south": {"uv": [0, 0, 1, 16], "texture": "#1"},
				"west": {"uv": [0, 0, 1, 16], "texture": "#1"},
				"up": {"uv": [0, 0, 1, 1], "texture": "#1"},
				"down": {"uv": [0, 0, 1, 1], "texture": "#1"}
			},
			"rotation": {"origin": [8, 8, 8], "axis": "y", "angle": -22.5}
		},
		{
			"name": "Cube",
			"from": [15.5, 0, 7.5],
			"to": [16.5, 16.01, 8.5],
			"faces": {
				"north": {"uv": [0, 0, 1, 16], "texture": "#1"},
				"east": {"uv": [0, 0, 1, 16], "texture": "#1"},
				"south": {"uv": [0, 0, 1, 16], "texture": "#1"},
				"west": {"uv": [0, 0, 1, 16], "texture": "#1"},
				"up": {"uv": [0, 0, 1, 1], "texture": "#1"},
				"down": {"uv": [0, 0, 1, 1], "texture": "#1"}
			},
			"rotation": {"origin": [8, 8, 8], "axis": "y", "angle": 22.5}
		},
		{
			"name": "Cube",
			"from": [7.5, 0, 15.5],
			"to": [8.5, 16.01, 16.5],
			"faces": {
				"north": {"uv": [0, 0, 1, 16], "texture": "#1"},
				"east": {"uv": [0, 0, 1, 16], "texture": "#1"},
				"south": {"uv": [0, 0, 1, 16], "texture": "#1"},
				"west": {"uv": [0, 0, 1, 16], "texture": "#1"},
				"up": {"uv": [0, 0, 1, 1], "texture": "#1"},
				"down": {"uv": [0, 0, 1, 1], "texture": "#1"}
			},
			"rotation": {"origin": [8, 8, 8], "axis": "y", "angle": -22.5}
		},
		{
			"name": "Cube",
			"from": [7.5, 0, -0.5],
			"to": [8.5, 16.01, 0.5],
			"faces": {
				"north": {"uv": [0, 0, 1, 16], "texture": "#1"},
				"east": {"uv": [0, 0, 1, 16], "texture": "#1"},
				"south": {"uv": [0, 0, 1, 16], "texture": "#1"},
				"west": {"uv": [0, 0, 1, 16], "texture": "#1"},
				"up": {"uv": [0, 0, 1, 1], "texture": "#1"},
				"down": {"uv": [0, 0, 1, 1], "texture": "#1"}
			},
			"rotation": {"origin": [8, 8, 8], "axis": "y", "angle": 22.5}
		},
		{
			"name": "Cube",
			"from": [7.5, 0, -0.5],
			"to": [8.5, 16.01, 0.5],
			"faces": {
				"north": {"uv": [0, 0, 1, 16], "texture": "#1"},
				"east": {"uv": [0, 0, 1, 16], "texture": "#1"},
				"south": {"uv": [0, 0, 1, 16], "texture": "#1"},
				"west": {"uv": [0, 0, 1, 16], "texture": "#1"},
				"up": {"uv": [0, 0, 1, 1], "texture": "#1"},
				"down": {"uv": [0, 0, 1, 1], "texture": "#1"}
			},
			"rotation": {"origin": [8, 8, 8], "axis": "y", "angle": -22.5}
		},
		{
			"name": "Cube",
			"from": [-0.5, 0, 7.5],
			"to": [0.5, 16.01, 8.5],
			"faces": {
				"north": {"uv": [0, 0, 1, 16], "texture": "#1"},
				"east": {"uv": [0, 0, 1, 16], "texture": "#1"},
				"south": {"uv": [0, 0, 1, 16], "texture": "#1"},
				"west": {"uv": [0, 0, 1, 16], "texture": "#1"},
				"up": {"uv": [0, 0, 1, 1], "texture": "#1"},
				"down": {"uv": [0, 0, 1, 1], "texture": "#1"}
			},
			"rotation": {"origin": [8, 8, 8], "axis": "y", "angle": -22.5}
		},
		{
			"name": "Cube",
			"from": [-0.5, 0, 7.5],
			"to": [0.5, 16.01, 8.5],
			"faces": {
				"north": {"uv": [0, 0, 1, 16], "texture": "#1"},
				"east": {"uv": [0, 0, 1, 16], "texture": "#1"},
				"south": {"uv": [0, 0, 1, 16], "texture": "#1"},
				"west": {"uv": [0, 0, 1, 16], "texture": "#1"},
				"up": {"uv": [0, 0, 1, 1], "texture": "#1"},
				"down": {"uv": [0, 0, 1, 1], "texture": "#1"}
			},
			"rotation": {"origin": [8, 8, 8], "axis": "y", "angle": 22.5}
		},
		{
			"name": "Cube",
			"from": [7.5, 0, 15.5],
			"to": [8.5, 16.01, 16.5],
			"faces": {
				"north": {"uv": [0, 0, 1, 16], "texture": "#1"},
				"east": {"uv": [0, 0, 1, 16], "texture": "#1"},
				"south": {"uv": [0, 0, 1, 16], "texture": "#1"},
				"west": {"uv": [0, 0, 1, 16], "texture": "#1"},
				"up": {"uv": [0, 0, 1, 1], "texture": "#1"},
				"down": {"uv": [0, 0, 1, 1], "texture": "#1"}
			},
			"rotation": {"origin": [8, 8, 8], "axis": "y", "angle": 22.5}
		}
	],
	"display": {"thirdperson_righthand": {"scale": [1, 1, 1]}}
}