{
    "__comment": "Model generated using MrCrayfish's Model Creator (http://mrcrayfish.com/modelcreator/)",
    "textures": {
        "particle": "block/block/oak_log",
        "0": "block/oak_log",
        "1": "block/oak_planks",
        "2": "block/anvil"
    },
    "elements": [
        {
            "name": "Cube",
            "from": [ 5.0, 0.8999999999999999, 1.0 ], 
            "to": [ 11.0, 21.099999999999998, 15.0 ], 
            "faces": {
                "north": { "texture": "#0", "uv": [ 0.0, 0.0, 6.0, 16.0 ] },
                "east": { "texture": "#0", "uv": [ 0.0, 0.0, 14.0, 16.0 ] },
                "south": { "texture": "#0", "uv": [ 0.0, 0.0, 6.0, 16.0 ] },
                "west": { "texture": "#0", "uv": [ 0.0, 0.0, 14.0, 16.0 ] },
                "up": { "texture": "#1", "uv": [ 0.0, 0.0, 6.0, 16.0 ] },
                "down": { "texture": "#0", "uv": [ 0.0, 0.0, 6.0, 16.0 ], "cullface": "down" }
            }
        },
        {
            "name": "Cube",
            "from": [ 1.0, 0.95, 5.0 ], 
            "to": [ 15.0, 21.2, 11.0 ], 
            "faces": {
                "north": { "texture": "#0", "uv": [ 0.0, 0.0, 14.0, 16.0 ] },
                "east": { "texture": "#0", "uv": [ 0.0, 0.0, 6.0, 16.0 ] },
                "south": { "texture": "#0", "uv": [ 0.0, 0.0, 14.0, 16.0 ] },
                "west": { "texture": "#0", "uv": [ 0.0, 0.0, 6.0, 16.0 ] },
                "up": { "texture": "#1", "uv": [ 0.0, 0.0, 16.0, 6.0 ] },
                "down": { "texture": "#0", "uv": [ 0.0, 0.0, 16.0, 6.0 ], "cullface": "down" }
            }
        },
        {
            "name": "Cube",
            "from": [ 1.0, 0.99, 5.0 ], 
            "to": [ 15.0, 21.139999999999997, 11.0 ], 
            "rotation": { "origin": [ 8.0, 8.0, 8.0 ], "axis": "y", "angle": 45.0 },
            "faces": {
                "north": { "texture": "#0", "uv": [ 0.0, 0.0, 14.0, 16.0 ] },
                "east": { "texture": "#0", "uv": [ 0.0, 0.0, 6.0, 16.0 ] },
                "south": { "texture": "#0", "uv": [ 0.0, 0.0, 14.0, 16.0 ] },
                "west": { "texture": "#0", "uv": [ 0.0, 0.0, 6.0, 16.0 ] },
                "up": { "texture": "#1", "uv": [ 0.0, 0.0, 16.0, 6.0 ] },
                "down": { "texture": "#0", "uv": [ 0.0, 0.0, 16.0, 6.0 ], "cullface": "down" }
            }
        },
        {
            "name": "Cube",
            "from": [ 1.0, 1.0, 5.0 ], 
            "to": [ 15.0, 21.15, 11.0 ], 
            "rotation": { "origin": [ 8.0, 8.0, 8.0 ], "axis": "y", "angle": -45.0 },
            "faces": {
                "north": { "texture": "#0", "uv": [ 0.0, 0.0, 16.0, 14.0 ] },
                "east": { "texture": "#0", "uv": [ 0.0, 0.0, 6.0, 16.0 ] },
                "south": { "texture": "#0", "uv": [ 0.0, 0.0, 16.0, 14.0 ] },
                "west": { "texture": "#0", "uv": [ 0.0, 0.0, 6.0, 16.0 ] },
                "up": { "texture": "#1", "uv": [ 0.0, 0.0, 16.0, 6.0 ] },
                "down": { "texture": "#0", "uv": [ 0.0, 0.0, 16.0, 6.0 ], "cullface": "down" }
            }
        },
        {
            "name": "Rand gerade",
            "from": [ 15.0, 0.0, 5.100000001490116 ], 
            "to": [ 16.0, 1.0, 10.899999998509884 ], 
            "faces": {
                "north": { "texture": "#2", "uv": [ 0.0, 0.0, 1.0, 1.0 ] },
                "east": { "texture": "#2", "uv": [ 0.0, 0.0, 6.0, 1.0 ] },
                "south": { "texture": "#2", "uv": [ 0.0, 0.0, 1.0, 1.0 ] },
                "west": { "texture": "#2", "uv": [ 0.0, 0.0, 6.0, 1.0 ] },
                "up": { "texture": "#2", "uv": [ 0.0, 0.0, 1.0, 6.0 ] },
                "down": { "texture": "#2", "uv": [ 0.0, 0.0, 1.0, 6.0 ] }
            }
        },
        {
            "name": "Rand schrag",
            "from": [ 15.0, 0.0, 5.199999995529652 ], 
            "to": [ 16.0, 1.0, 10.899999976158142 ], 
            "rotation": { "origin": [ 8.0, 8.0, 8.0 ], "axis": "y", "angle": 45.0 },
            "faces": {
                "north": { "texture": "#2", "uv": [ 0.0, 0.0, 1.0, 1.0 ] },
                "east": { "texture": "#2", "uv": [ 0.0, 0.0, 7.0, 1.0 ] },
                "south": { "texture": "#2", "uv": [ 0.0, 0.0, 1.0, 1.0 ] },
                "west": { "texture": "#2", "uv": [ 0.0, 0.0, 7.0, 1.0 ] },
                "up": { "texture": "#2", "uv": [ 0.0, 0.0, 1.0, 7.0 ] },
                "down": { "texture": "#2", "uv": [ 0.0, 0.0, 1.0, 7.0 ] }
            }
        },
        {
            "name": "Cube",
            "from": [ 0.0, 0.0, 5.200000010430813 ], 
            "to": [ 1.0, 1.0, 10.799999989569187 ], 
            "rotation": { "origin": [ 8.0, 8.0, 8.0 ], "axis": "y", "angle": 45.0 },
            "faces": {
                "north": { "texture": "#2", "uv": [ 0.0, 0.0, 1.0, 1.0 ] },
                "east": { "texture": "#2", "uv": [ 0.0, 0.0, 7.0, 1.0 ] },
                "south": { "texture": "#2", "uv": [ 0.0, 0.0, 1.0, 1.0 ] },
                "west": { "texture": "#2", "uv": [ 0.0, 0.0, 7.0, 1.0 ] },
                "up": { "texture": "#2", "uv": [ 0.0, 0.0, 1.0, 7.0 ] },
                "down": { "texture": "#2", "uv": [ 0.0, 0.0, 1.0, 7.0 ] }
            }
        },
        {
            "name": "Cube",
            "from": [ 0.0, 0.0, 5.100000001490116 ], 
            "to": [ 1.0, 1.0, 10.799999997019768 ], 
            "faces": {
                "north": { "texture": "#2", "uv": [ 0.0, 0.0, 1.0, 1.0 ] },
                "east": { "texture": "#2", "uv": [ 0.0, 0.0, 6.0, 1.0 ] },
                "south": { "texture": "#2", "uv": [ 0.0, 0.0, 1.0, 1.0 ] },
                "west": { "texture": "#2", "uv": [ 0.0, 0.0, 6.0, 1.0 ] },
                "up": { "texture": "#2", "uv": [ 0.0, 0.0, 1.0, 6.0 ] },
                "down": { "texture": "#2", "uv": [ 0.0, 0.0, 1.0, 6.0 ] }
            }
        },
        {
            "name": "Cube",
            "from": [ 5.100000001490116, 0.0, 0.0 ], 
            "to": [ 10.899999998509884, 1.0, 1.0 ], 
            "faces": {
                "north": { "texture": "#2", "uv": [ 0.0, 0.0, 6.0, 1.0 ] },
                "east": { "texture": "#2", "uv": [ 0.0, 0.0, 1.0, 1.0 ] },
                "south": { "texture": "#2", "uv": [ 0.0, 0.0, 6.0, 1.0 ] },
                "west": { "texture": "#2", "uv": [ 0.0, 0.0, 1.0, 1.0 ] },
                "up": { "texture": "#2", "uv": [ 0.0, 0.0, 6.0, 1.0 ] },
                "down": { "texture": "#2", "uv": [ 0.0, 0.0, 6.0, 1.0 ] }
            }
        },
        {
            "name": "Cube",
            "from": [ 5.200000002980232, 0.0, 15.0 ], 
            "to": [ 11.0, 1.0, 16.0 ], 
            "faces": {
                "north": { "texture": "#2", "uv": [ 0.0, 0.0, 6.0, 1.0 ] },
                "east": { "texture": "#2", "uv": [ 0.0, 0.0, 1.0, 1.0 ] },
                "south": { "texture": "#2", "uv": [ 0.0, 0.0, 6.0, 1.0 ] },
                "west": { "texture": "#2", "uv": [ 0.0, 0.0, 1.0, 1.0 ] },
                "up": { "texture": "#2", "uv": [ 0.0, 0.0, 6.0, 1.0 ] },
                "down": { "texture": "#2", "uv": [ 0.0, 0.0, 6.0, 1.0 ] }
            }
        },
        {
            "name": "Cube",
            "from": [ 15.0, 0.0, 5.200000010430813 ], 
            "to": [ 16.0, 1.0, 10.900000005960464 ], 
            "rotation": { "origin": [ 8.0, 8.0, 8.0 ], "axis": "y", "angle": -45.0 },
            "faces": {
                "north": { "texture": "#2", "uv": [ 0.0, 0.0, 1.0, 1.0 ] },
                "east": { "texture": "#2", "uv": [ 0.0, 0.0, 7.0, 1.0 ] },
                "south": { "texture": "#2", "uv": [ 0.0, 0.0, 1.0, 1.0 ] },
                "west": { "texture": "#2", "uv": [ 0.0, 0.0, 7.0, 1.0 ] },
                "up": { "texture": "#2", "uv": [ 0.0, 0.0, 1.0, 7.0 ] },
                "down": { "texture": "#2", "uv": [ 0.0, 0.0, 1.0, 7.0 ] }
            }
        },
        {
            "name": "Cube",
            "from": [ 0.0, 0.0, 5.100000008940697 ], 
            "to": [ 1.0, 1.0, 10.799999989569187 ], 
            "rotation": { "origin": [ 8.0, 8.0, 8.0 ], "axis": "y", "angle": -45.0 },
            "faces": {
                "north": { "texture": "#2", "uv": [ 0.0, 0.0, 1.0, 1.0 ] },
                "east": { "texture": "#2", "uv": [ 0.0, 0.0, 7.0, 1.0 ] },
                "south": { "texture": "#2", "uv": [ 0.0, 0.0, 1.0, 1.0 ] },
                "west": { "texture": "#2", "uv": [ 0.0, 0.0, 7.0, 1.0 ] },
                "up": { "texture": "#2", "uv": [ 0.0, 0.0, 1.0, 7.0 ] },
                "down": { "texture": "#2", "uv": [ 0.0, 0.0, 1.0, 7.0 ] }
            }
        },
        {
            "name": "Cube",
            "from": [ 15.0, 21.0, 5.100000001490116 ], 
            "to": [ 16.0, 22.0, 10.899999998509884 ], 
            "faces": {
                "north": { "texture": "#2", "uv": [ 0.0, 0.0, 1.0, 1.0 ] },
                "east": { "texture": "#2", "uv": [ 0.0, 0.0, 6.0, 1.0 ] },
                "south": { "texture": "#2", "uv": [ 0.0, 0.0, 1.0, 1.0 ] },
                "west": { "texture": "#2", "uv": [ 0.0, 0.0, 6.0, 1.0 ] },
                "up": { "texture": "#2", "uv": [ 0.0, 0.0, 1.0, 6.0 ] },
                "down": { "texture": "#2", "uv": [ 0.0, 0.0, 1.0, 6.0 ] }
            }
        },
        {
            "name": "Cube",
            "from": [ 15.0, 21.0, 5.100000008940697 ], 
            "to": [ 16.0, 22.0, 10.800000004470348 ], 
            "rotation": { "origin": [ 8.0, 8.0, 8.0 ], "axis": "y", "angle": 45.0 },
            "faces": {
                "north": { "texture": "#2", "uv": [ 0.0, 0.0, 1.0, 1.0 ] },
                "east": { "texture": "#2", "uv": [ 0.0, 0.0, 7.0, 1.0 ] },
                "south": { "texture": "#2", "uv": [ 0.0, 0.0, 1.0, 1.0 ] },
                "west": { "texture": "#2", "uv": [ 0.0, 0.0, 7.0, 1.0 ] },
                "up": { "texture": "#2", "uv": [ 0.0, 0.0, 1.0, 7.0 ] },
                "down": { "texture": "#2", "uv": [ 0.0, 0.0, 1.0, 7.0 ] }
            }
        },
        {
            "name": "Cube",
            "from": [ 0.0, 21.0, 5.100000008940697 ], 
            "to": [ 1.0, 22.0, 10.799999989569187 ], 
            "rotation": { "origin": [ 8.0, 8.0, 8.0 ], "axis": "y", "angle": 45.0 },
            "faces": {
                "north": { "texture": "#2", "uv": [ 0.0, 0.0, 1.0, 1.0 ] },
                "east": { "texture": "#2", "uv": [ 0.0, 0.0, 7.0, 1.0 ] },
                "south": { "texture": "#2", "uv": [ 0.0, 0.0, 1.0, 1.0 ] },
                "west": { "texture": "#2", "uv": [ 0.0, 0.0, 7.0, 1.0 ] },
                "up": { "texture": "#2", "uv": [ 0.0, 0.0, 1.0, 7.0 ] },
                "down": { "texture": "#2", "uv": [ 0.0, 0.0, 1.0, 7.0 ] }
            }
        },
        {
            "name": "Cube",
            "from": [ 0.0, 21.0, 5.100000001490116 ], 
            "to": [ 1.0, 22.0, 10.899999998509884 ], 
            "faces": {
                "north": { "texture": "#2", "uv": [ 0.0, 0.0, 1.0, 1.0 ] },
                "east": { "texture": "#2", "uv": [ 0.0, 0.0, 6.0, 1.0 ] },
                "south": { "texture": "#2", "uv": [ 0.0, 0.0, 1.0, 1.0 ] },
                "west": { "texture": "#2", "uv": [ 0.0, 0.0, 6.0, 1.0 ] },
                "up": { "texture": "#2", "uv": [ 0.0, 0.0, 1.0, 6.0 ] },
                "down": { "texture": "#2", "uv": [ 0.0, 0.0, 1.0, 6.0 ] }
            }
        },
        {
            "name": "Cube",
            "from": [ 5.100000001490116, 21.0, 0.0 ], 
            "to": [ 10.899999998509884, 22.0, 1.0 ], 
            "faces": {
                "north": { "texture": "#2", "uv": [ 0.0, 0.0, 6.0, 1.0 ] },
                "east": { "texture": "#2", "uv": [ 0.0, 0.0, 1.0, 1.0 ] },
                "south": { "texture": "#2", "uv": [ 0.0, 0.0, 6.0, 1.0 ] },
                "west": { "texture": "#2", "uv": [ 0.0, 0.0, 1.0, 1.0 ] },
                "up": { "texture": "#2", "uv": [ 0.0, 0.0, 6.0, 1.0 ] },
                "down": { "texture": "#2", "uv": [ 0.0, 0.0, 6.0, 1.0 ] }
            }
        },
        {
            "name": "Cube",
            "from": [ 5.100000001490116, 21.0, 15.0 ], 
            "to": [ 10.899999998509884, 22.0, 16.0 ], 
            "faces": {
                "north": { "texture": "#2", "uv": [ 0.0, 0.0, 6.0, 1.0 ] },
                "east": { "texture": "#2", "uv": [ 0.0, 0.0, 1.0, 1.0 ] },
                "south": { "texture": "#2", "uv": [ 0.0, 0.0, 6.0, 1.0 ] },
                "west": { "texture": "#2", "uv": [ 0.0, 0.0, 1.0, 1.0 ] },
                "up": { "texture": "#2", "uv": [ 0.0, 0.0, 6.0, 1.0 ] },
                "down": { "texture": "#2", "uv": [ 0.0, 0.0, 6.0, 1.0 ] }
            }
        },
        {
            "name": "Cube",
            "from": [ 0.0, 21.0, 5.200000010430813 ], 
            "to": [ 1.0, 22.0, 10.899999991059303 ], 
            "rotation": { "origin": [ 8.0, 8.0, 8.0 ], "axis": "y", "angle": -45.0 },
            "faces": {
                "north": { "texture": "#2", "uv": [ 0.0, 0.0, 1.0, 1.0 ] },
                "east": { "texture": "#2", "uv": [ 0.0, 0.0, 7.0, 1.0 ] },
                "south": { "texture": "#2", "uv": [ 0.0, 0.0, 1.0, 1.0 ] },
                "west": { "texture": "#2", "uv": [ 0.0, 0.0, 7.0, 1.0 ] },
                "up": { "texture": "#2", "uv": [ 0.0, 0.0, 1.0, 7.0 ] },
                "down": { "texture": "#2", "uv": [ 0.0, 0.0, 1.0, 7.0 ] }
            }
        },
        {
            "name": "Cube",
            "from": [ 15.0, 21.0, 5.0999999940395355 ], 
            "to": [ 16.0, 22.0, 10.799999989569187 ], 
            "rotation": { "origin": [ 8.0, 8.0, 8.0 ], "axis": "y", "angle": -45.0 },
            "faces": {
                "north": { "texture": "#2", "uv": [ 0.0, 0.0, 1.0, 1.0 ] },
                "east": { "texture": "#2", "uv": [ 0.0, 0.0, 7.0, 1.0 ] },
                "south": { "texture": "#2", "uv": [ 0.0, 0.0, 1.0, 1.0 ] },
                "west": { "texture": "#2", "uv": [ 0.0, 0.0, 7.0, 1.0 ] },
                "up": { "texture": "#2", "uv": [ 0.0, 0.0, 1.0, 7.0 ] },
                "down": { "texture": "#2", "uv": [ 0.0, 0.0, 1.0, 7.0 ] }
            }
        },
        {
            "name": "Cube",
            "from": [ 15.5, 0.0, 7.5 ], 
            "to": [ 16.5, 22.0, 8.5 ], 
            "rotation": { "origin": [ 8.0, 8.0, 8.0 ], "axis": "y", "angle": -22.5 },
            "faces": {
                "north": { "texture": "#2", "uv": [ 0.0, 0.0, 1.0, 16.0 ] },
                "east": { "texture": "#2", "uv": [ 0.0, 0.0, 1.0, 16.0 ] },
                "south": { "texture": "#2", "uv": [ 0.0, 0.0, 1.0, 16.0 ] },
                "west": { "texture": "#2", "uv": [ 0.0, 0.0, 1.0, 16.0 ] },
                "up": { "texture": "#2", "uv": [ 0.0, 0.0, 1.0, 1.0 ] },
                "down": { "texture": "#2", "uv": [ 0.0, 0.0, 1.0, 1.0 ] }
            }
        },
        {
            "name": "Cube",
            "from": [ 15.5, 0.0, 7.5 ], 
            "to": [ 16.5, 22.0, 8.5 ], 
            "rotation": { "origin": [ 8.0, 8.0, 8.0 ], "axis": "y", "angle": 22.5 },
            "faces": {
                "north": { "texture": "#2", "uv": [ 0.0, 0.0, 1.0, 16.0 ] },
                "east": { "texture": "#2", "uv": [ 0.0, 0.0, 1.0, 16.0 ] },
                "south": { "texture": "#2", "uv": [ 0.0, 0.0, 1.0, 16.0 ] },
                "west": { "texture": "#2", "uv": [ 0.0, 0.0, 1.0, 16.0 ] },
                "up": { "texture": "#2", "uv": [ 0.0, 0.0, 1.0, 1.0 ] },
                "down": { "texture": "#2", "uv": [ 0.0, 0.0, 1.0, 1.0 ] }
            }
        },
        {
            "name": "Cube",
            "from": [ 7.5, 0.0, 15.5 ], 
            "to": [ 8.5, 22.0, 16.5 ], 
            "rotation": { "origin": [ 8.0, 8.0, 8.0 ], "axis": "y", "angle": -22.5 },
            "faces": {
                "north": { "texture": "#2", "uv": [ 0.0, 0.0, 1.0, 16.0 ] },
                "east": { "texture": "#2", "uv": [ 0.0, 0.0, 1.0, 16.0 ] },
                "south": { "texture": "#2", "uv": [ 0.0, 0.0, 1.0, 16.0 ] },
                "west": { "texture": "#2", "uv": [ 0.0, 0.0, 1.0, 16.0 ] },
                "up": { "texture": "#2", "uv": [ 0.0, 0.0, 1.0, 1.0 ] },
                "down": { "texture": "#2", "uv": [ 0.0, 0.0, 1.0, 1.0 ] }
            }
        },
        {
            "name": "Cube",
            "from": [ 7.5, 0.0, -0.5 ], 
            "to": [ 8.5, 22.0, 0.5 ], 
            "rotation": { "origin": [ 8.0, 8.0, 8.0 ], "axis": "y", "angle": 22.5 },
            "faces": {
                "north": { "texture": "#2", "uv": [ 0.0, 0.0, 1.0, 16.0 ] },
                "east": { "texture": "#2", "uv": [ 0.0, 0.0, 1.0, 16.0 ] },
                "south": { "texture": "#2", "uv": [ 0.0, 0.0, 1.0, 16.0 ] },
                "west": { "texture": "#2", "uv": [ 0.0, 0.0, 1.0, 16.0 ] },
                "up": { "texture": "#2", "uv": [ 0.0, 0.0, 1.0, 1.0 ] },
                "down": { "texture": "#2", "uv": [ 0.0, 0.0, 1.0, 1.0 ] }
            }
        },
        {
            "name": "Cube",
            "from": [ 7.5, 0.0, -0.5 ], 
            "to": [ 8.5, 22.0, 0.5 ], 
            "rotation": { "origin": [ 8.0, 8.0, 8.0 ], "axis": "y", "angle": -22.5 },
            "faces": {
                "north": { "texture": "#2", "uv": [ 0.0, 0.0, 1.0, 16.0 ] },
                "east": { "texture": "#2", "uv": [ 0.0, 0.0, 1.0, 16.0 ] },
                "south": { "texture": "#2", "uv": [ 0.0, 0.0, 1.0, 16.0 ] },
                "west": { "texture": "#2", "uv": [ 0.0, 0.0, 1.0, 16.0 ] },
                "up": { "texture": "#2", "uv": [ 0.0, 0.0, 1.0, 1.0 ] },
                "down": { "texture": "#2", "uv": [ 0.0, 0.0, 1.0, 1.0 ] }
            }
        },
        {
            "name": "Cube",
            "from": [ -0.5, 0.0, 7.5 ], 
            "to": [ 0.5, 22.0, 8.5 ], 
            "rotation": { "origin": [ 8.0, 8.0, 8.0 ], "axis": "y", "angle": -22.5 },
            "faces": {
                "north": { "texture": "#2", "uv": [ 0.0, 0.0, 1.0, 16.0 ] },
                "east": { "texture": "#2", "uv": [ 0.0, 0.0, 1.0, 16.0 ] },
                "south": { "texture": "#2", "uv": [ 0.0, 0.0, 1.0, 16.0 ] },
                "west": { "texture": "#2", "uv": [ 0.0, 0.0, 1.0, 16.0 ] },
                "up": { "texture": "#2", "uv": [ 0.0, 0.0, 1.0, 1.0 ] },
                "down": { "texture": "#2", "uv": [ 0.0, 0.0, 1.0, 1.0 ] }
            }
        },
        {
            "name": "Cube",
            "from": [ -0.5, 0.0, 7.5 ], 
            "to": [ 0.5, 22.0, 8.5 ], 
            "rotation": { "origin": [ 8.0, 8.0, 8.0 ], "axis": "y", "angle": 22.5 },
            "faces": {
                "north": { "texture": "#2", "uv": [ 0.0, 0.0, 1.0, 16.0 ] },
                "east": { "texture": "#2", "uv": [ 0.0, 0.0, 1.0, 16.0 ] },
                "south": { "texture": "#2", "uv": [ 0.0, 0.0, 1.0, 16.0 ] },
                "west": { "texture": "#2", "uv": [ 0.0, 0.0, 1.0, 16.0 ] },
                "up": { "texture": "#2", "uv": [ 0.0, 0.0, 1.0, 1.0 ] },
                "down": { "texture": "#2", "uv": [ 0.0, 0.0, 1.0, 1.0 ] }
            }
        },
        {
            "name": "Cubes",
            "from": [ 7.5, 0.0, 15.5 ], 
            "to": [ 8.5, 22.0, 16.5 ], 
            "rotation": { "origin": [ 8.0, 8.0, 8.0 ], "axis": "y", "angle": 22.5 },
            "faces": {
                "north": { "texture": "#2", "uv": [ 0.0, 0.0, 1.0, 16.0 ] },
                "east": { "texture": "#2", "uv": [ 0.0, 0.0, 1.0, 16.0 ] },
                "south": { "texture": "#2", "uv": [ 0.0, 0.0, 1.0, 16.0 ] },
                "west": { "texture": "#2", "uv": [ 0.0, 0.0, 1.0, 16.0 ] },
                "up": { "texture": "#2", "uv": [ 0.0, 0.0, 1.0, 1.0 ] },
                "down": { "texture": "#2", "uv": [ 0.0, 0.0, 1.0, 1.0 ] }
            }
        },
        {
            "name": "Cube",
            "from": [ 15.0, 11.0, 5.0999999940395355 ], 
            "to": [ 16.0, 12.0, 10.799999989569187 ], 
            "rotation": { "origin": [ 8.0, 8.0, 8.0 ], "axis": "y", "angle": -45.0 },
            "faces": {
                "north": { "texture": "#2", "uv": [ 0.0, 0.0, 1.0, 1.0 ] },
                "east": { "texture": "#2", "uv": [ 0.0, 0.0, 7.0, 1.0 ] },
                "south": { "texture": "#2", "uv": [ 0.0, 0.0, 1.0, 1.0 ] },
                "west": { "texture": "#2", "uv": [ 0.0, 0.0, 7.0, 1.0 ] },
                "up": { "texture": "#2", "uv": [ 0.0, 0.0, 1.0, 7.0 ] },
                "down": { "texture": "#2", "uv": [ 0.0, 0.0, 1.0, 7.0 ] }
            }
        },
        {
            "name": "Cube",
            "from": [ 0.0, 11.0, 5.200000010430813 ], 
            "to": [ 1.0, 12.0, 10.899999991059303 ], 
            "rotation": { "origin": [ 8.0, 8.0, 8.0 ], "axis": "y", "angle": -45.0 },
            "faces": {
                "north": { "texture": "#2", "uv": [ 0.0, 0.0, 1.0, 1.0 ] },
                "east": { "texture": "#2", "uv": [ 0.0, 0.0, 7.0, 1.0 ] },
                "south": { "texture": "#2", "uv": [ 0.0, 0.0, 1.0, 1.0 ] },
                "west": { "texture": "#2", "uv": [ 0.0, 0.0, 7.0, 1.0 ] },
                "up": { "texture": "#2", "uv": [ 0.0, 0.0, 1.0, 7.0 ] },
                "down": { "texture": "#2", "uv": [ 0.0, 0.0, 1.0, 7.0 ] }
            }
        },
        {
            "name": "Cube",
            "from": [ 5.100000001490116, 11.0, 15.0 ], 
            "to": [ 10.899999998509884, 12.0, 16.0 ], 
            "faces": {
                "north": { "texture": "#2", "uv": [ 0.0, 0.0, 6.0, 1.0 ] },
                "east": { "texture": "#2", "uv": [ 0.0, 0.0, 1.0, 1.0 ] },
                "south": { "texture": "#2", "uv": [ 0.0, 0.0, 6.0, 1.0 ] },
                "west": { "texture": "#2", "uv": [ 0.0, 0.0, 1.0, 1.0 ] },
                "up": { "texture": "#2", "uv": [ 0.0, 0.0, 6.0, 1.0 ] },
                "down": { "texture": "#2", "uv": [ 0.0, 0.0, 6.0, 1.0 ] }
            }
        },
        {
            "name": "Cube",
            "from": [ 5.100000001490116, 11.0, 0.0 ], 
            "to": [ 10.899999998509884, 12.0, 1.0 ], 
            "faces": {
                "north": { "texture": "#2", "uv": [ 0.0, 0.0, 6.0, 1.0 ] },
                "east": { "texture": "#2", "uv": [ 0.0, 0.0, 1.0, 1.0 ] },
                "south": { "texture": "#2", "uv": [ 0.0, 0.0, 6.0, 1.0 ] },
                "west": { "texture": "#2", "uv": [ 0.0, 0.0, 1.0, 1.0 ] },
                "up": { "texture": "#2", "uv": [ 0.0, 0.0, 6.0, 1.0 ] },
                "down": { "texture": "#2", "uv": [ 0.0, 0.0, 6.0, 1.0 ] }
            }
        },
        {
            "name": "Cube",
            "from": [ 0.0, 11.0, 5.100000001490116 ], 
            "to": [ 1.0, 12.0, 10.899999998509884 ], 
            "faces": {
                "north": { "texture": "#2", "uv": [ 0.0, 0.0, 1.0, 1.0 ] },
                "east": { "texture": "#2", "uv": [ 0.0, 0.0, 6.0, 1.0 ] },
                "south": { "texture": "#2", "uv": [ 0.0, 0.0, 1.0, 1.0 ] },
                "west": { "texture": "#2", "uv": [ 0.0, 0.0, 6.0, 1.0 ] },
                "up": { "texture": "#2", "uv": [ 0.0, 0.0, 1.0, 6.0 ] },
                "down": { "texture": "#2", "uv": [ 0.0, 0.0, 1.0, 6.0 ] }
            }
        },
        {
            "name": "Cube",
            "from": [ 0.0, 11.0, 5.100000008940697 ], 
            "to": [ 1.0, 12.0, 10.799999989569187 ], 
            "rotation": { "origin": [ 8.0, 8.0, 8.0 ], "axis": "y", "angle": 45.0 },
            "faces": {
                "north": { "texture": "#2", "uv": [ 0.0, 0.0, 1.0, 1.0 ] },
                "east": { "texture": "#2", "uv": [ 0.0, 0.0, 7.0, 1.0 ] },
                "south": { "texture": "#2", "uv": [ 0.0, 0.0, 1.0, 1.0 ] },
                "west": { "texture": "#2", "uv": [ 0.0, 0.0, 7.0, 1.0 ] },
                "up": { "texture": "#2", "uv": [ 0.0, 0.0, 1.0, 7.0 ] },
                "down": { "texture": "#2", "uv": [ 0.0, 0.0, 1.0, 7.0 ] }
            }
        },
        {
            "name": "Cube",
            "from": [ 15.0, 11.0, 5.100000008940697 ], 
            "to": [ 16.0, 12.0, 10.800000004470348 ], 
            "rotation": { "origin": [ 8.0, 8.0, 8.0 ], "axis": "y", "angle": 45.0 },
            "faces": {
                "north": { "texture": "#2", "uv": [ 0.0, 0.0, 1.0, 1.0 ] },
                "east": { "texture": "#2", "uv": [ 0.0, 0.0, 7.0, 1.0 ] },
                "south": { "texture": "#2", "uv": [ 0.0, 0.0, 1.0, 1.0 ] },
                "west": { "texture": "#2", "uv": [ 0.0, 0.0, 7.0, 1.0 ] },
                "up": { "texture": "#2", "uv": [ 0.0, 0.0, 1.0, 7.0 ] },
                "down": { "texture": "#2", "uv": [ 0.0, 0.0, 1.0, 7.0 ] }
            }
        },
        {
            "name": "Cube",
            "from": [ 15.0, 11.0, 5.100000001490116 ], 
            "to": [ 16.0, 12.0, 10.899999998509884 ], 
            "faces": {
                "north": { "texture": "#2", "uv": [ 0.0, 0.0, 1.0, 1.0 ] },
                "east": { "texture": "#2", "uv": [ 0.0, 0.0, 6.0, 1.0 ] },
                "south": { "texture": "#2", "uv": [ 0.0, 0.0, 1.0, 1.0 ] },
                "west": { "texture": "#2", "uv": [ 0.0, 0.0, 6.0, 1.0 ] },
                "up": { "texture": "#2", "uv": [ 0.0, 0.0, 1.0, 6.0 ] },
                "down": { "texture": "#2", "uv": [ 0.0, 0.0, 1.0, 6.0 ] }
            }
        }
    ]
}