{
	"credit": "Model made by dragonmaster95 with Blockbench, a free, modern block model editor by JannisX11",
	"textures": {
		"0": "decorations/village/minigame/table_carpet2",
		"particle": "decorations/village/minigame/table_carpet2"
	},
	"elements": [
		{
			"from": [-2, 0, 0],
			"to": [18, 0.5, 16],
			"faces": {
				"north": {"uv": [0, 15.5, 16, 16], "texture": "#0"},
				"east": {"uv": [0, 0, 0.5, 16], "texture": "#0", "rotation": 270},
				"south": {"uv": [0, 0, 16, 0.5], "texture": "#0"},
				"west": {"uv": [16, 16, 15.25, 0], "texture": "#0", "rotation": 270},
				"up": {"uv": [1, 0, 15, 16], "texture": "#0", "rotation": 180},
				"down": {"uv": [0, 0, 1, 1], "texture": "#0", "rotation": 180}
			}
		}
	],
	"display": {
		"thirdperson_righthand": {
			"scale": [0.375, 0.375, 0.375],
			"rotation": [75, 45, 0],
			"translation": [0, 2.5, 0]
		},
		"thirdperson_lefthand": {
			"scale": [0.375, 0.375, 0.375],
			"rotation": [75, 45, 0],
			"translation": [0, 2.5, 0]
		},
		"firstperson_righthand": {
			"scale": [0.4, 0.4, 0.4],
			"rotation": [0, 45, 0],
			"translation": [0, 0, 0]
		},
		"firstperson_lefthand": {
			"scale": [0.4, 0.4, 0.4],
			"rotation": [0, 225, 0],
			"translation": [0, 0, 0]
		},
		"ground": {
			"scale": [0.25, 0.25, 0.25],
			"rotation": [0, 0, 0],
			"translation": [0, 3, 0]
		},
		"fixed": {
			"scale": [0.5, 0.5, 0.5],
			"rotation": [0, 0, 0],
			"translation": [0, 0, 0]
		},
		"gui": {
			"scale": [0.625, 0.625, 0.625],
			"rotation": [30, 225, 0],
			"translation": [0, 0, 0]
		}
	}
}