{
    "parent": "block/block",
    "textures": {
        "particle": "block/dark_prismarine",
		"1": "block/prismarine_dark_top"
    },
    "elements": [
        {
            "name": "Cube",
            "from": [ 0.0, 0.0, 0.0 ], 
            "to": [ 16.0, 16.0, 16.0 ], 
            "faces": {
                "north": { "texture": "#particle", "uv": [ 0.0, 0.0, 16.0, 16.0 ] },
                "east": { "texture": "#particle", "uv": [ 0.0, 0.0, 16.0, 16.0 ] },
                "south": { "texture": "#particle", "uv": [ 0.0, 0.0, 16.0, 16.0 ] },
                "west": { "texture": "#particle", "uv": [ 0.0, 0.0, 16.0, 16.0 ] },
                "up": { "texture": "#1", "uv": [ 0.0, 0.0, 16.0, 16.0 ] },
                "down": { "texture": "#particle", "uv": [ 0.0, 0.0, 16.0, 16.0 ] }
            }
		}
    ]
}