{
    "__comment": "Model generated using MrCrayfish's Model Creator (http://mrcrayfish.com/modelcreator/)",
	"ambientocclusion": false,
    "textures": {
        "0": "block/dark_oak_planks",
        "1": "decorations/board/luigi/ler_edge"
    },
    "elements": [
        {
            "name": "Block",
            "from": [ 0.0, 0.0, 0.0 ], 
            "to": [ 16.0, 16.0, 16.0 ], 
            "faces": {
                "north": { "texture": "#0", "uv": [ 0.0, 0.0, 16.0, 16.0 ] },
                "east": { "texture": "#0", "uv": [ 0.0, 0.0, 16.0, 16.0 ] },
                "south": { "texture": "#0", "uv": [ 0.0, 0.0, 16.0, 16.0 ] },
                "west": { "texture": "#0", "uv": [ 0.0, 0.0, 16.0, 16.0 ] },
                "up": { "texture": "#0", "uv": [ 0.0, 0.0, 16.0, 16.0 ], "shade": true},
                "down": { "texture": "#0", "uv": [ 0.0, 0.0, 16.0, 16.0 ], "rotation": 270}
            }
        },
        {
            "name": "Edge",
            "from": [ 0.0, 16.0, -1.0 ], 
            "to": [ 16.0, 18.51, 1.0 ], 
            "faces": {
                "north": { "texture": "#1", "uv": [ 0.0, 0.0, 5.0, 1.0 ], "shade": false },
                "south": { "texture": "#1", "uv": [ 0.0, 0.0, 5.0, 1.0 ], "shade": false },
                "up": { "texture": "#1", "uv": [ 0.0, 3.5, 6.0, 12.5 ], "shade": false}
            }
        },
        {
            "name": "Edge",
            "from": [ 0.0, 16.01, 15.0 ], 
            "to": [ 16.0, 18.51, 17.0 ], 
            "faces": {
                "north": { "texture": "#1", "uv": [ 0.0, 0.0, 5.0, 1.0 ], "shade": false },
                "south": { "texture": "#1", "uv": [ 0.0, 0.0, 5.0, 1.0 ], "shade": false },
                "up": { "texture": "#1", "uv": [ 0.0, 3.5, 6.0, 12.5 ], "shade": false}
            }
        }
    ]
}