{
    "textures":{
        "0":"decorations/board/general/bowser_space",
        "particle":"decorations/board/general/bowser_space"
    },
    "display":{
        "firstperson_righthand":{
            "translation":[5,0,-5],
            "rotation":[30,0,0]
        },
        "gui":{
            "rotation":[90,0,0]
        },
        "fixed":{
            "translation":[0,0,-7],
            "rotation":[90,0,180]
        }
    },
    "elements":[
        {
            "name":"Cube1",
            "from":[7,0.1,0.75],
            "to":[9,0.15,15.75],
            "faces":{
                "up":{"texture":"#0","uv":[7,0.75,9,15.75]}
            }
        },
        {
            "name":"Cube2",
            "from":[5.75,0.1,1],
            "to":[10.25,0.15,15.75],
            "faces":{
                "up":{"texture":"#0","uv":[5.75,1,10.25,15.75]}
            }
        },
        {
            "name":"Cube3",
            "from":[5.25,0.1,1.5],
            "to":[10.75,0.15,1.75],
            "faces":{
                "up":{"texture":"#0","uv":[5.25,1.5,10.75,1.75]}
            }
        },
        {
            "name":"Cube4",
            "from":[5.5,0.1,1.25],
            "to":[10.5,0.15,1.5],
            "faces":{
                "up":{"texture":"#0","uv":[5.5,1.25,10.5,1.5]}
            }
        },
        {
            "name":"Cube5",
            "from":[5,0.1,1.75],
            "to":[11,0.15,15.5],
            "faces":{
                "up":{"texture":"#0","uv":[5,1.75,11,15.5]}
            }
        },
        {
            "name":"Cube6",
            "from":[4.75,0.1,2],
            "to":[11.25,0.15,15.25],
            "faces":{
                "up":{"texture":"#0","uv":[4.75,2,11.25,15.25]}
            }
        },
        {
            "name":"Cube7",
            "from":[4.5,0.1,2.25],
            "to":[11.5,0.15,15],
            "faces":{
                "up":{"texture":"#0","uv":[4.5,2.25,11.5,15]}
            }
        },
        {
            "name":"Cube8",
            "from":[4.25,0.1,2.5],
            "to":[11.75,0.15,15],
            "faces":{
                "up":{"texture":"#0","uv":[4.25,2.5,11.75,15]}
            }
        },
        {
            "name":"Cube9",
            "from":[4,0.1,2.75],
            "to":[12,0.15,14.75],
            "faces":{
                "up":{"texture":"#0","uv":[4,2.75,12,14.75]}
            }
        },
        {
            "name":"Cube10",
            "from":[3.75,0.1,2.75],
            "to":[12.25,0.15,14.5],
            "faces":{
                "up":{"texture":"#0","uv":[3.75,2.75,12.25,14.5]}
            }
        },
        {
            "name":"Cube11a",
            "from":[3.5,0.1,1],
            "to":[3.75,0.15,14.25],
            "faces":{
                "up":{"texture":"#0","uv":[3.5,1,3.75,14.25]}
            }
        },
        {
            "name":"Cube11b",
            "from":[12.25,0.1,1],
            "to":[12.5,0.15,14.25],
            "faces":{
                "up":{"texture":"#0","uv":[12.25,1,12.5,14.25]}
            }
        },
        {
            "name":"Cube12a",
            "from":[3.25,0.1,0.75],
            "to":[3.5,0.15,13],
            "faces":{
                "up":{"texture":"#0","uv":[3.25,0.75,3.5,13]}
            }
        },
        {
            "name":"Cube12b",
            "from":[12.5,0.1,0.75],
            "to":[12.75,0.15,13],
            "faces":{
                "up":{"texture":"#0","uv":[12.5,0.75,12.75,13]}
            }
        },
        {
            "name":"Cube13a",
            "from":[3,0.1,0.5],
            "to":[3.25,0.15,12.5],
            "faces":{
                "up":{"texture":"#0","uv":[3,0.5,3.25,12.5]}
            }
        },
        {
            "name":"Cube13b",
            "from":[12.75,0.1,0.5],
            "to":[13,0.15,12.5],
            "faces":{
                "up":{"texture":"#0","uv":[12.75,0.5,13,12.5]}
            }
        },
        {
            "name":"Cube14a",
            "from":[2.75,0.1,0.25],
            "to":[3,0.15,12.5],
            "faces":{
                "up":{"texture":"#0","uv":[2.75,0.25,3,12.5]}
            }
        },
        {
            "name":"Cube14b",
            "from":[13,0.1,0.25],
            "to":[13.25,0.15,12.5],
            "faces":{
                "up":{"texture":"#0","uv":[13,0.25,13.25,12.5]}
            }
        },
        {
            "name":"Cube15a",
            "from":[2.5,0.1,0.25],
            "to":[2.75,0.15,12.25],
            "faces":{
                "up":{"texture":"#0","uv":[2.5,0.25,2.75,12.25]}
            }
        },
        {
            "name":"Cube15b",
            "from":[13.25,0.1,0.25],
            "to":[13.5,0.15,12.25],
            "faces":{
                "up":{"texture":"#0","uv":[13.25,0.25,13.5,12.25]}
            }
        },
        {
            "name":"Cube16a",
            "from":[2.25,0.1,0.25],
            "to":[2.5,0.15,12],
            "faces":{
                "up":{"texture":"#0","uv":[2.25,0.25,2.5,12]}
            }
        },
        {
            "name":"Cube16b",
            "from":[13.5,0.1,0.25],
            "to":[13.75,0.15,12],
            "faces":{
                "up":{"texture":"#0","uv":[13.5,0.25,13.75,12]}
            }
        },
        {
            "name":"Cube17a",
            "from":[2,0.1,0.5],
            "to":[2.25,0.15,12],
            "faces":{
                "up":{"texture":"#0","uv":[2,0.5,2.25,12]}
            }
        },
        {
            "name":"Cube17b",
            "from":[13.75,0.1,0.5],
            "to":[14,0.15,12],
            "faces":{
                "up":{"texture":"#0","uv":[13.75,0.5,14,12]}
            }
        },
        {
            "name":"Cube18a",
            "from":[1.75,0.1,0.75],
            "to":[2,0.15,11.75],
            "faces":{
                "up":{"texture":"#0","uv":[1.75,0.75,2,11.75]}
            }
        },
        {
            "name":"Cube18b",
            "from":[14,0.1,0.75],
            "to":[14.25,0.15,11.75],
            "faces":{
                "up":{"texture":"#0","uv":[14,0.75,14.25,11.75]}
            }
        },
        {
            "name":"Cube19a",
            "from":[1.5,0.1,0.75],
            "to":[1.75,0.15,6.5],
            "faces":{
                "up":{"texture":"#0","uv":[1.5,0.75,1.75,6.5]}
            }
        },
        {
            "name":"Cube19b",
            "from":[14.25,0.1,0.75],
            "to":[14.5,0.15,6.5],
            "faces":{
                "up":{"texture":"#0","uv":[14.25,0.75,14.5,6.5]}
            }
        },
        {
            "name":"Cube20a",
            "from":[1.25,0.1,1],
            "to":[1.5,0.15,6.25],
            "faces":{
                "up":{"texture":"#0","uv":[1.25,1,1.5,6.25]}
            }
        },
        {
            "name":"Cube20b",
            "from":[14.5,0.1,1],
            "to":[14.75,0.15,6.25],
            "faces":{
                "up":{"texture":"#0","uv":[14.5,1,14.75,6.25]}
            }
        },
        {
            "name":"Cube21a",
            "from":[1,0.1,1.25],
            "to":[1.25,0.15,6],
            "faces":{
                "up":{"texture":"#0","uv":[1,1.25,1.25,6]}
            }
        },
        {
            "name":"Cube21b",
            "from":[14.75,0.1,1.25],
            "to":[15,0.15,6],
            "faces":{
                "up":{"texture":"#0","uv":[14.75,1.25,15,6]}
            }
        },
        {
            "name":"Cube22a",
            "from":[0.75,0.1,1.5],
            "to":[1,0.15,5.75],
            "faces":{
                "up":{"texture":"#0","uv":[0.75,1.5,1,5.75]}
            }
        },
        {
            "name":"Cube22b",
            "from":[15,0.1,1.5],
            "to":[15.25,0.15,5.75],
            "faces":{
                "up":{"texture":"#0","uv":[15,1.5,15.25,5.75]}
            }
        },
        {
            "name":"Cube23a",
            "from":[0.5,0.1,2.5],
            "to":[0.75,0.15,5.25],
            "faces":{
                "up":{"texture":"#0","uv":[0.5,2.5,0.75,5.25]}
            }
        },
        {
            "name":"Cube23b",
            "from":[15.25,0.1,2.5],
            "to":[15.5,0.15,5.25],
            "faces":{
                "up":{"texture":"#0","uv":[15.25,2.5,15.5,5.25]}
            }
        },
        {
            "name":"Cube24a",
            "from":[1.5,0.1,6.75],
            "to":[1.75,0.15,11.75],
            "faces":{
                "up":{"texture":"#0","uv":[1.5,6.75,1.75,11.75]}
            }
        },
        {
            "name":"Cube24b",
            "from":[14.25,0.1,6.75],
            "to":[14.5,0.15,11.75],
            "faces":{
                "up":{"texture":"#0","uv":[14.25,6.75,14.5,11.75]}
            }
        },
        {
            "name":"Cube25a",
            "from":[1.25,0.1,7],
            "to":[1.5,0.15,11.5],
            "faces":{
                "up":{"texture":"#0","uv":[1.25,7,1.5,11.5]}
            }
        },
        {
            "name":"Cube25b",
            "from":[14.5,0.1,7],
            "to":[14.75,0.15,11.5],
            "faces":{
                "up":{"texture":"#0","uv":[14.5,7,14.75,11.5]}
            }
        },
        {
            "name":"Cube26a",
            "from":[1,0.1,7.25],
            "to":[1.25,0.15,11.25],
            "faces":{
                "up":{"texture":"#0","uv":[1,7.25,1.25,11.25]}
            }
        },
        {
            "name":"Cube26b",
            "from":[14.75,0.1,7.25],
            "to":[15,0.15,11.25],
            "faces":{
                "up":{"texture":"#0","uv":[14.75,7.25,15,11.25]}
            }
        },
        {
            "name":"Cube27a",
            "from":[0.75,0.1,8],
            "to":[1,0.15,11],
            "faces":{
                "up":{"texture":"#0","uv":[0.75,8,1,11]}
            }
        },
        {
            "name":"Cube27b",
            "from":[15,0.1,8],
            "to":[15.25,0.15,11],
            "faces":{
                "up":{"texture":"#0","uv":[15,8,15.25,11]}
            }
        },
        {
            "name":"Cube28a",
            "from":[0.5,0.1,8.25],
            "to":[0.75,0.15,10.5],
            "faces":{
                "up":{"texture":"#0","uv":[0.5,8.25,0.75,10.5]}
            }
        },
        {
            "name":"Cube28b",
            "from":[15.25,0.1,8.25],
            "to":[15.5,0.15,10.5],
            "faces":{
                "up":{"texture":"#0","uv":[15.25,8.25,15.5,10.5]}
            }
        }
    ]
}