{
    "__comment": "Model generated using MrCrayfish's Model Creator (http://mrcrayfish.com/modelcreator/)",
    "textures": {
        "0": "decorations/board/luigi/grid_corner"
    },
    "elements": [
        {
            "name": "Cube",
            "from": [ 0.0, 0.0, 0.0 ], 
            "to": [ 4.0, 2.0, 4.0 ], 
            "faces": {
                "north": { "texture": "#0", "uv": [ 0.0, 0.0, 2.0, 2.0 ] },
                "east": { "texture": "#0", "uv": [ 0.0, 0.0, 2.0, 2.0 ] },
                "south": { "texture": "#0", "uv": [ 0.0, 0.0, 1.0, 2.0 ] },
                "west": { "texture": "#0", "uv": [ 0.0, 0.0, 2.0, 2.0 ] },
                "up": { "texture": "#0", "uv": [ 0.0, 0.0, 2.0, 2.0 ] },
                "down": { "texture": "#0", "uv": [ 0.0, 0.0, 2.0, 2.0 ] }
            }
        },
        {
            "name": "Cube",
            "from": [ 28.0, 0.0, 0.0 ], 
            "to": [ 32.0, 2.0, 32.0 ], 
            "faces": {
                "north": { "texture": "#0", "uv": [ 14.0, 0.0, 16.0, 2.0 ] },
                "east": { "texture": "#0", "uv": [ 14.0, 0.0, 16.0, 16.0 ], "rotation": 90 },
                "south": { "texture": "#0", "uv": [ 14.0, 14.0, 16.0, 16.0 ] },
                "west": { "texture": "#0", "uv": [ 14.0, 0.0, 16.0, 16.0 ], "rotation": 90 },
                "up": { "texture": "#0", "uv": [ 14.0, 0.0, 16.0, 16.0 ] },
                "down": { "texture": "#0", "uv": [ 14.0, 0.0, 16.0, 16.0 ] }
            }
        },
        {
            "name": "Cube",
            "from": [ 0.0, 0.0, 28.0 ], 
            "to": [ 32.0, 2.0, 32.0 ], 
            "faces": {
                "north": { "texture": "#0", "uv": [ 0.0, 14.0, 16.0, 16.0 ] },
                "east": { "texture": "#0", "uv": [ 0.0, 14.0, 2.0, 16.0 ] },
                "south": { "texture": "#0", "uv": [ 0.0, 0.0, 2.0, 2.0 ] },
                "west": { "texture": "#0", "uv": [ 0.0, 14.0, 16.0, 16.0 ] },
                "up": { "texture": "#0", "uv": [ 0.0, 14.0, 16.0, 16.0 ] },
                "down": { "texture": "#0", "uv": [ 0.0, 14.0, 16.0, 16.0 ] }
            }
        },
        {
            "name": "Cube",
            "from": [ 0.0, 1.0, 4.0 ], 
            "to": [ 28.0, 1.01, 28.0 ], 
            "faces": {
                "up": { "texture": "#0", "uv": [ 0.0, 2.0, 14.0, 14.0 ] },
                "down": { "texture": "#0", "uv": [ 0.0, 14.0, 14.0, 2.0 ] }
            }
        },
        {
            "name": "Cube",
            "from": [ 4.0, 1.0, 0.0 ], 
            "to": [ 28.0, 1.01, 28.0 ], 
            "faces": {
                "up": { "texture": "#0", "uv": [ 2.0, 0.0, 14.0, 14.0 ] },
                "down": { "texture": "#0", "uv": [ 2.0, 14.0, 14.0, 0.0 ] }
            }
        }
    ]
}