{
	"ambientocclusion": false,
    "textures": {
        "0": "block/yellow_wool"
    },
    "elements": [
        {
            "name": "Cube",
            "from": [ -4.0, -16.0, 0.0 ], 
            "to": [ 0.0, -14.0, 16.0 ], 
            "faces": {
                "north": { "texture": "#0", "uv": [ 9.0, 9.0, 15.0, 15.0 ] },
                "east": { "texture": "#0", "uv": [ 9.0, 9.0, 15.0, 15.0 ] },
                "south": { "texture": "#0", "uv": [ 9.0, 9.0, 15.0, 15.0 ] },
                "west": { "texture": "#0", "uv": [ 9.0, 9.0, 15.0, 15.0 ] },
                "up": { "texture": "#0", "uv": [ 9.0, 9.0, 15.0, 15.0 ] },
                "down": { "texture": "#0", "uv": [ 9.0, 9.0, 15.0, 15.0 ] }
            }
        }
    ]
}