{
    "textures":{
        "0":"decorations/board/general/mushroom_space",
        "particle":"decorations/board/general/mushroom_space"
    },
    "display":{
        "firstperson_righthand":{
            "translation":[5,0,-5],
            "rotation":[30,0,0]
        },
        "gui":{
            "rotation":[90,0,0]
        }
    },
    "elements":[
        {
            "name":"Cube1",
            "from":[7,0.1,1],
            "to":[9,0.15,14.75],
            "faces":{
                "up":{"texture":"#0","uv":[7,1,9,14.75]}
            }
        },
        {
            "name":"Cube2",
            "from":[6,0.1,1.25],
            "to":[10,0.15,14.75],
            "faces":{
                "up":{"texture":"#0","uv":[6,1.25,10,14.75]}
            }
        },
        {
            "name":"Cube3",
            "from":[5,0.1,1.5],
            "to":[11,0.15,14.25],
            "faces":{
                "up":{"texture":"#0","uv":[5,1.5,11,14.25]}
            }
        },
        {
            "name":"Cube4",
            "from":[4.75,0.1,1.75],
            "to":[11.25,0.15,14],
            "faces":{
                "up":{"texture":"#0","uv":[4.75,1.75,11.25,14]}
            }
        },
        {
            "name":"Cube5",
            "from":[4,0.1,2],
            "to":[12,0.15,13],
            "faces":{
                "up":{"texture":"#0","uv":[4,2,12,13]}
            }
        },
        {
            "name":"Cube6",
            "from":[3.5,0.1,2.25],
            "to":[12.5,0.15,12.25],
            "faces":{
                "up":{"texture":"#0","uv":[3.5,2.25,12.5,12.25]}
            }
        },
        {
            "name":"Cube7",
            "from":[3,0.1,2.5],
            "to":[13,0.15,12],
            "faces":{
                "up":{"texture":"#0","uv":[3,2.5,13,12]}
            }
        },
        {
            "name":"Cube8",
            "from":[2.75,0.1,2.75],
            "to":[13.25,0.15,11.75],
            "faces":{
                "up":{"texture":"#0","uv":[2.75,2.75,13.25,11.75]}
            }
        },
        {
            "name":"Cube9",
            "from":[2.5,0.1,3],
            "to":[13.5,0.15,11.5],
            "faces":{
                "up":{"texture":"#0","uv":[2.5,3,13.5,11.5]}
            }
        },
        {
            "name":"Cube10",
            "from":[2.25,0.1,3.25],
            "to":[13.75,0.15,11.5],
            "faces":{
                "up":{"texture":"#0","uv":[2.25,3.25,13.75,11.5]}
            }
        },
        {
            "name":"Cube11",
            "from":[2,0.1,3.5],
            "to":[14,0.15,11.25],
            "faces":{
                "up":{"texture":"#0","uv":[2,3.5,14,11.25]}
            }
        },
        {
            "name":"Cube12",
            "from":[1.75,0.1,3.75],
            "to":[14.25,0.15,11.25],
            "faces":{
                "up":{"texture":"#0","uv":[1.75,3.75,14.25,11.25]}
            }
        },
        {
            "name":"Cube13",
            "from":[1.5,0.1,4],
            "to":[14.5,0.15,11],
            "faces":{
                "up":{"texture":"#0","uv":[1.5,4,14.5,11]}
            }
        },
        {
            "name":"Cube14",
            "from":[1.25,0.1,4.5],
            "to":[14.75,0.15,10.75],
            "faces":{
                "up":{"texture":"#0","uv":[1.25,4.5,14.75,10.75]}
            }
        },
        {
            "name":"Cube15",
            "from":[1,0.1,5],
            "to":[15,0.15,9.75],
            "faces":{
                "up":{"texture":"#0","uv":[1,5,15,9.75]}
            }
        },
        {
            "name":"Cube16",
            "from":[0.75,0.1,5.75],
            "to":[15.25,0.15,9.75],
            "faces":{
                "up":{"texture":"#0","uv":[0.75,5.75,15.25,9.75]}
            }
        },
        {
            "name":"Cube17",
            "from":[0.5,0.1,6.25],
            "to":[15.5,0.15,9],
            "faces":{
                "up":{"texture":"#0","uv":[0.5,6.25,15.5,9]}
            }
        },
        {
            "name":"Cube18",
            "from":[3.75,0.1,12.25],
            "to":[12.25,0.15,12.75],
            "faces":{
                "up":{"texture":"#0","uv":[3.75,12.25,12.25,12.75]}
            }
        },
        {
            "name":"Cube19",
            "from":[4.25,0.1,13],
            "to":[11.75,0.15,13.25],
            "faces":{
                "up":{"texture":"#0","uv":[4.25,13,11.75,13.25]}
            }
        },
        {
            "name":"Cube20",
            "from":[4.5,0.1,13.25],
            "to":[11.5,0.15,13.5],
            "faces":{
                "up":{"texture":"#0","uv":[4.5,13.25,11.5,13.5]}
            }
        },
        {
            "name":"Cube21",
            "from":[5.25,0.1,14.25],
            "to":[10.75,0.15,14.5],
            "faces":{
                "up":{"texture":"#0","uv":[5.25,14.25,10.75,14.5]}
            }
        },
        {
            "name":"Cube22",
            "from":[5.5,0.1,14.5],
            "to":[10.5,0.15,14.75],
            "faces":{
                "up":{"texture":"#0","uv":[5.5,14.5,10.5,14.75]}
            }
        }
    ]
}