{
	"parent": "block/block",
	"textures": {
		"particle": "#all",
		"extra": "#extra"
	},
	"elements": [ 	 
		{
			"from": [ 0, 0, 0 ],
			"to": [ 16, 16, 16 ],
			"faces": {
				"down": { "uv": [ 0, 0, 16, 16 ], "texture": "#all", "cullface": "down", "tintindex": 0 },
				"up": { "uv": [ 0, 0, 16, 16 ], "texture": "#all", "cullface": "up", "tintindex": 0 },
				"north": { "uv": [ 0, 0, 16, 16 ], "texture": "#all", "cullface": "north", "tintindex": 0 },
				"south": { "uv": [ 0, 0, 16, 16 ], "texture": "#all", "cullface": "south", "tintindex": 0 },
				"west": { "uv": [ 0, 0, 16, 16 ], "texture": "#all", "cullface": "west", "tintindex": 0 },
				"east": { "uv": [ 0, 0, 16, 16 ], "texture": "#all", "cullface": "east", "tintindex": 0 }
			}
		},
		{
			"from": [ -8, -8, 8 ],
			"to": [ 24, 24, 8.002 ],
			"rotation": { "origin": [ 8, -8, 8 ], "axis": "y", "angle": 22.5 },
			"shade": false,
			"faces": {
				"north": { "uv": [ 0, 0, 16, 16 ], "texture": "#extra", "tintindex": 0 },
				"south": { "uv": [ 0, 0, 16, 16 ], "texture": "#extra", "tintindex": 0 }
			}
		},
		{
			"from": [ 8, -8, -8 ],
			"to": [ 8.002, 24, 24 ],
			"rotation": { "origin": [ 8, -8, 8 ], "axis": "y", "angle": 22.5 },
			"shade": false,
			"faces": {
				"west": { "uv": [ 0, 0, 16, 16 ], "texture": "#extra", "tintindex": 0 },
				"east": { "uv": [ 0, 0, 16, 16 ], "texture": "#extra", "tintindex": 0 }
			}
		}
	]
}