{
    "textures":{
        "0":"decorations/board/general/blue_space",
        "particle":"decorations/board/general/blue_space"
    },
    "display":{
        "head":{
            "scale":[1.5,1.5,1.5],
            "translation":[0,-28.5,0]
        },
        "firstperson_righthand":{
            "translation":[5,0,-5],
            "rotation":[30,0,0]
        },
        "gui":{
            "rotation":[90,0,0]
        }
    },
    "elements":[
        {
            "name":"Cube1",
            "from":[7.25,0.1,0.25],
            "to":[8.75,0.15,15.75],
            "faces":{
                "up":{"texture":"#0","uv":[7.25,0.25,8.75,15.75]}
            }
        },
        {
            "name":"Cube2",
            "from":[6,0.1,0.5],
            "to":[10,0.15,15.5],
            "faces":{
                "up":{"texture":"#0","uv":[6,0.5,10,15.5]}
            }
        },
        {
            "name":"Cube3",
            "from":[4.75,0.1,0.75],
            "to":[11.25,0.15,15.25],
            "faces":{
                "up":{"texture":"#0","uv":[4.75,0.75,11.25,15.25]}
            }
        },
        {
            "name":"Cube4",
            "from":[4.25,0.1,1],
            "to":[11.75,0.15,15],
            "faces":{
                "up":{"texture":"#0","uv":[4.25,1,11.75,15]}
            }
        },
        {
            "name":"Cube5",
            "from":[3.75,0.1,1.25],
            "to":[12.25,0.15,14.75],
            "faces":{
                "up":{"texture":"#0","uv":[3.75,1.25,12.25,14.75]}
            }
        },
        {
            "name":"Cube6",
            "from":[3.25,0.1,1.5],
            "to":[12.75,0.15,14.5],
            "faces":{
                "up":{"texture":"#0","uv":[3.25,1.5,12.75,14.5]}
            }
        },
        {
            "name":"Cube7",
            "from":[3,0.1,1.75],
            "to":[13,0.15,14.25],
            "faces":{
                "up":{"texture":"#0","uv":[3,1.75,13,14.25]}
            }
        },
        {
            "name":"Cube8",
            "from":[2.75,0.1,2],
            "to":[13.25,0.15,14],
            "faces":{
                "up":{"texture":"#0","uv":[2.75,2,13.25,14]}
            }
        },
        {
            "name":"Cube9",
            "from":[2.5,0.1,2.25],
            "to":[13.5,0.15,13.75],
            "faces":{
                "up":{"texture":"#0","uv":[2.5,2.25,13.5,13.75]}
            }
        },
        {
            "name":"Cube10",
            "from":[2.25,0.1,2.5],
            "to":[13.75,0.15,13.5],
            "faces":{
                "up":{"texture":"#0","uv":[2.25,2.5,13.75,13.5]}
            }
        },
        {
            "name":"Cube11",
            "from":[2,0.1,2.75],
            "to":[14,0.15,13.25],
            "faces":{
                "up":{"texture":"#0","uv":[2,2.75,14,13.25]}
            }
        },
        {
            "name":"Cube12",
            "from":[1.75,0.1,3.25],
            "to":[14.25,0.15,12.75],
            "faces":{
                "up":{"texture":"#0","uv":[1.75,3.25,14.25,12.75]}
            }
        },
        {
            "name":"Cube13",
            "from":[1.5,0.1,3.5],
            "to":[14.5,0.15,12.5],
            "faces":{
                "up":{"texture":"#0","uv":[1.5,3.5,14.5,12.5]}
            }
        },
        {
            "name":"Cube14",
            "from":[1.25,0.1,4],
            "to":[14.75,0.15,12],
            "faces":{
                "up":{"texture":"#0","uv":[1.25,4,14.75,12]}
            }
        },
        {
            "name":"Cube15",
            "from":[1,0.1,4.25],
            "to":[15,0.15,11.75],
            "faces":{
                "up":{"texture":"#0","uv":[1,4.25,15,11.75]}
            }
        },
        {
            "name":"Cube16",
            "from":[0.75,0.1,5],
            "to":[15.25,0.15,11],
            "faces":{
                "up":{"texture":"#0","uv":[0.75,5,15.25,11]}
            }
        },
        {
            "name":"Cube17",
            "from":[0.5,0.1,6],
            "to":[15.5,0.15,10],
            "faces":{
                "up":{"texture":"#0","uv":[0.5,6,15.5,10]}
            }
        },
        {
            "name":"Cube18",
            "from":[0.25,0.1,6.75],
            "to":[15.75,0.15,9.25],
            "faces":{
                "up":{"texture":"#0","uv":[0.25,6.75,15.75,9.25]}
            }
        }
    ]
}