{
    "textures":{
        "0":"decorations/board/general/star_space",
        "particle":"decorations/board/general/star_space"
    },
    "display":{
        "firstperson_righthand":{
            "translation":[5,0,-5],
            "rotation":[30,0,0]
        },
        "gui":{
            "rotation":[90,0,0]
        }
    },
    "elements":[
        {
            "name":"Cube1",
            "from":[7.75,0.1,0.5],
            "to":[8.25,0.15,15.5],
            "faces":{
                "up":{"texture":"#0","uv":[7.75,0.5,8.25,15.5]}
            }
        },
        {
            "name":"Cube2",
            "from":[7.5,0.1,0.75],
            "to":[8.5,0.15,15.5],
            "faces":{
                "up":{"texture":"#0","uv":[7.5,0.75,8.5,15.5]}
            }
        },
        {
            "name":"Cube3",
            "from":[7.25,0.1,1],
            "to":[8.75,0.15,15.5],
            "faces":{
                "up":{"texture":"#0","uv":[7.25,1,8.75,15.5]}
            }
        },
        {
            "name":"Cube4",
            "from":[6,0.1,1.25],
            "to":[10,0.15,15.5],
            "faces":{
                "up":{"texture":"#0","uv":[6,1.25,10,15.5]}
            }
        },
        {
            "name":"Cube5",
            "from":[5.25,0.1,1.5],
            "to":[10.75,0.15,15.25],
            "faces":{
                "up":{"texture":"#0","uv":[5.25,1.5,10.75,15.25]}
            }
        },
        {
            "name":"Cube6",
            "from":[4.75,0.1,1.75],
            "to":[11.25,0.15,15],
            "faces":{
                "up":{"texture":"#0","uv":[4.75,1.75,11.25,15]}
            }
        },
        {
            "name":"Cube7",
            "from":[4.25,0.1,2],
            "to":[11.75,0.15,14.75],
            "faces":{
                "up":{"texture":"#0","uv":[4.25,2,11.75,14.75]}
            }
        },
        {
            "name":"Cube8a",
            "from":[4,0.1,2.25],
            "to":[4.25,0.15,15],
            "faces":{
                "up":{"texture":"#0","uv":[4,2.25,4.25,15]}
            }
        },
        {
            "name":"Cube8b",
            "from":[11.75,0.1,2.25],
            "to":[12,0.15,15],
            "faces":{
                "up":{"texture":"#0","uv":[11.75,2.25,12,15]}
            }
        },
        {
            "name":"Cube9a",
            "from":[3.5,0.1,2.5],
            "to":[4,0.15,15.25],
            "faces":{
                "up":{"texture":"#0","uv":[3.5,2.5,4,15.25]}
            }
        },
        {
            "name":"Cube9b",
            "from":[12,0.1,2.5],
            "to":[12.5,0.15,15.25],
            "faces":{
                "up":{"texture":"#0","uv":[12,2.5,12.5,15.25]}
            }
        },
        {
            "name":"Cube10a",
            "from":[3.25,0.1,2.75],
            "to":[3.5,0.15,15.25],
            "faces":{
                "up":{"texture":"#0","uv":[3.25,2.75,3.5,15.25]}
            }
        },
        {
            "name":"Cube10b",
            "from":[12.5,0.1,2.75],
            "to":[12.75,0.15,15.25],
            "faces":{
                "up":{"texture":"#0","uv":[12.5,2.75,12.75,15.25]}
            }
        },
        {
            "name":"Cube11a",
            "from":[3,0.1,3],
            "to":[3.25,0.15,15.25],
            "faces":{
                "up":{"texture":"#0","uv":[3,3,3.25,15.25]}
            }
        },
        {
            "name":"Cube11b",
            "from":[12.75,0.1,3],
            "to":[13,0.15,15.25],
            "faces":{
                "up":{"texture":"#0","uv":[3,3,3.25,15.25]}
            }
        },
        {
            "name":"Cube12",
            "from":[2.75,0.1,3.25],
            "to":[13.25,0.15,13.5],
            "faces":{
                "up":{"texture":"#0","uv":[2.75,3.25,13.25,13.5]}
            }
        },
        {
            "name":"Cube13",
            "from":[2.5,0.1,3.5],
            "to":[13.5,0.15,13.25],
            "faces":{
                "up":{"texture":"#0","uv":[2.5,3.5,13.5,13.25]}
            }
        },
        {
            "name":"Cube14",
            "from":[2.25,0.1,3.75],
            "to":[13.75,0.15,13],
            "faces":{
                "up":{"texture":"#0","uv":[2.25,3.75,13.75,13]}
            }
        },
        {
            "name":"Cube15",
            "from":[2,0.1,4],
            "to":[14,0.15,12.75],
            "faces":{
                "up":{"texture":"#0","uv":[2,4,14,12.75]}
            }
        },
        {
            "name":"Cube16",
            "from":[1.75,0.1,4.5],
            "to":[14.25,0.15,12.25],
            "faces":{
                "up":{"texture":"#0","uv":[1.75,4.5,14.25,12.25]}
            }
        },
        {
            "name":"Cube17",
            "from":[1.5,0.1,4.75],
            "to":[14.5,0.15,12],
            "faces":{
                "up":{"texture":"#0","uv":[1.5,4.75,14.5,12]}
            }
        },
        {
            "name":"Cube18",
            "from":[1.25,0.1,5.25],
            "to":[14.75,0.15,11.5],
            "faces":{
                "up":{"texture":"#0","uv":[1.25,5.25,14.75,11.5]}
            }
        },
        {
            "name":"Cube19",
            "from":[1,0.1,5.75],
            "to":[15,0.15,10.75],
            "faces":{
                "up":{"texture":"#0","uv":[1,5.75,15,10.75]}
            }
        },
        {
            "name":"Cube20",
            "from":[0.75,0.1,5.75],
            "to":[15.25,0.15,10],
            "faces":{
                "up":{"texture":"#0","uv":[0.75,5.75,15.25,10]}
            }
        },
        {
            "name":"Cube21",
            "from":[0.5,0.1,5.75],
            "to":[15.5,0.15,7],
            "faces":{
                "up":{"texture":"#0","uv":[0.5,5.75,15.5,7]}
            }
        },
        {
            "name":"Cube22",
            "from":[0.25,0.1,6],
            "to":[15.75,0.15,6.75],
            "faces":{
                "up":{"texture":"#0","uv":[0.25,6,15.75,6.75]}
            }
        },
        {
            "name":"Cube23",
            "from":[0,0.1,6],
            "to":[16,0.15,6.25],
            "faces":{
                "up":{"texture":"#0","uv":[0,6,16,6.25]}
            }
        }
    ]
}