{
	"credit": "Made with Blockbench, a free, modern block model editor by JannisX11",
	"textures": {"0": "minigames/pp3/pipe", "particle": "minigames/pp3/pipe"},
	"elements": [
		{
			"name": "cube",
			"from": [6, 7, 4],
			"to": [10, 11, 8],
			"faces": {
				"east": {"uv": [0, 0, 16, 16], "texture": "#0"},
				"west": {"uv": [0, 0, 16, 16], "texture": "#0"},
				"up": {"uv": [0, 0, 16, 16], "texture": "#0", "rotation": 90},
				"down": {"uv": [0, 0, 16, 16], "texture": "#0", "rotation": 270}
			}
		},
		{
			"name": "cube",
			"from": [6, 7, 8],
			"to": [10, 11, 12],
			"faces": {
				"east": {"uv": [0, 0, 16, 16], "texture": "#0"},
				"west": {"uv": [0, 0, 16, 16], "texture": "#0"},
				"up": {"uv": [0, 0, 16, 16], "texture": "#0", "rotation": 90},
				"down": {"uv": [0, 0, 16, 16], "texture": "#0", "rotation": 270}
			}
		},
		{
			"name": "cube",
			"from": [6, 7, 0],
			"to": [10, 11, 4],
			"faces": {
				"east": {"uv": [0, 0, 16, 16], "texture": "#0"},
				"west": {"uv": [0, 0, 16, 16], "texture": "#0"},
				"up": {"uv": [0, 0, 16, 16], "texture": "#0", "rotation": 90},
				"down": {"uv": [0, 0, 16, 16], "texture": "#0", "rotation": 270}
			}
		},
		{
			"name": "cube",
			"from": [6, 7, 12],
			"to": [10, 11, 16],
			"faces": {
				"east": {"uv": [0, 0, 16, 16], "texture": "#0"},
				"west": {"uv": [0, 0, 16, 16], "texture": "#0"},
				"up": {"uv": [0, 0, 16, 16], "texture": "#0", "rotation": 90},
				"down": {"uv": [0, 0, 16, 16], "texture": "#0", "rotation": 270}
			}
		}
	],
	"display": {"head": {}}
}