{
	"credit": "Model made by dragonmaster95 with Blockbench, a free, modern block model editor by JannisX11",
	"textures": {
		"0": "block/sandstone_top",
		"1": "block/sandstone_triangle",
		"particle": "block/sandstone_top"
	},
	"elements": [
		{
			"from": [0, 0, 8],
			"to": [16, 16, 8],
			"rotation": {"angle": -45, "axis": "y", "origin": [8, 8, 8], "rescale": true},
			"faces": {
				"south": {"uv": [0, 0, 16, 16], "texture": "#0"}
			}
		},
		{
			"from": [0, 0, 0],
			"to": [16, 16, 16],
			"rotation": {"angle": 0, "axis": "y", "origin": [8, 8, 8]},
			"faces": {
				"north": {"uv": [0, 0, 16, 16], "texture": "#0", "cullface": "east"},
				"east": {"uv": [0, 0, 16, 16], "texture": "#0", "cullface": "south"},
				"up": {"uv": [0, 0, 16, 16], "texture": "#1", "rotation": 90, "cullface": "up"},
				"down": {"uv": [0, 0, 16, 16], "texture": "#1", "rotation": 180}
			}
		}
	]
}