{
    "parent": "block/cube_all",
    "textures": {
        "all": "block/silverfish_stone"
    },
	"display": {
		"gui":{
			"rotation": [10, 150, 0],
			"scale": [0.4, 0.4, 0.4],
			"translation": [1, -4, 0]
		}
	},
	"elements": [
        {
            "name": "Cube",
            "from": [ 0.0, 0.0, 0.0 ], 
            "to": [ 32.0, 32.0, 32.0 ], 
            "faces": {
                "north": { "texture": "#all", "uv": [ 0.0, 0.0, 16.0, 16.0 ] },
                "east": { "texture": "#all", "uv": [ 0.0, 0.0, 16.0, 16.0 ] },
                "south": { "texture": "#all", "uv": [ 0.0, 0.0, 16.0, 16.0 ] },
                "west": { "texture": "#all", "uv": [ 0.0, 0.0, 16.0, 16.0 ] },
                "up": { "texture": "#all", "uv": [ 0.0, 0.0, 16.0, 16.0 ] },
                "down": { "texture": "#all", "uv": [ 0.0, 0.0, 16.0, 16.0 ] }
            }
        }
	]
}
