{
    "parent": "block/stairs",
	"ambientocclusion": false,
    "textures": {
        "bottom": "block/star_wire_op_ns",
		"top": "block/sponge",
		"side": "block/sponge"
    },
    "elements": [
        {
            "name": "Cube",
            "from": [ 0.0, 0.0, 0.0 ], 
            "to": [ 16.0, 16.0, 16.0 ], 
            "faces": {
                "north": { "texture": "#side", "uv": [ 0.0, 0.0, 16.0, 16.0 ] },
                "east": { "texture": "#side", "uv": [ 0.0, 0.0, 16.0, 16.0 ] },
                "south": { "texture": "#side", "uv": [ 0.0, 0.0, 16.0, 16.0 ] },
                "west": { "texture": "#side", "uv": [ 0.0, 0.0, 16.0, 16.0 ] },
                "up": { "texture": "#side", "uv": [ 0.0, 0.0, 16.0, 16.0 ] },
                "down": { "texture": "#side", "uv": [ 0.0, 0.0, 16.0, 16.0 ] }
            }
        },
        {
            "name": "Cube",
            "from": [ 4.0, -0.1, 0.0 ], 
            "to": [ 7.0, -0.09, 16.0 ], 
            "faces": {
                "down": { "texture": "#bottom", "uv": [ 4.01, 0.01, 6.99, 15.99 ] }
            }
        },
        {
            "name": "Cube",
            "from": [ 9.0, -0.1, 0.0 ], 
            "to": [ 12.0, -0.09, 16.0 ], 
            "faces": {
                "down": { "texture": "#bottom", "uv": [ 9.01, 0.01, 11.99, 15.99 ] }
            }
        }
    ]
}