{
	"credit": "Made with Blockbench, a free, modern block model editor by JannisX11",
	"textures": {"1": "block/star_2"},
	"elements": [
		{
			"name": "cube",
			"from": [0, 0, 0],
			"to": [16, 16, 16],
			"faces": {
				"north": {"uv": [0, 0, 16, 16], "texture": "#1"},
				"east": {"uv": [0, 0, 16, 16], "texture": "#1"},
				"south": {"uv": [0, 0, 16, 16], "texture": "#1"},
				"west": {"uv": [0, 0, 16, 16], "texture": "#1"},
				"up": {"uv": [0, 0, 16, 16], "texture": "#1"},
				"down": {"uv": [0, 0, 16, 16], "texture": "#1"}
			}
		}
	],
	"display": {
		"thirdperson_righthand": {"scale": [1, 1, 1]},
		"thirdperson_lefthand": {"scale": [1, 1, 1]},
		"firstperson_righthand": {"translation": [0, 2, 0]},
		"firstperson_lefthand": {"translation": [0, 2, 0]},
		"head": {"scale": [1, 1, 1]},
		"ground": {"scale": [1, 1, 1], "rotation": [0, -3, 0], "translation": [0, 3, -1.5]},
		"fixed": {"rotation": [0, 90, 0], "translation": [-1.5, 0, -3.5], "scale": [1, 1, 1]},
		"gui": {"rotation": [90, -135, 90], "scale": [0.6, 0.6, 0.6], "translation": [-2.5, -4.5, 0]}
	}
}