{
    "parent": "block/stairs",
	"ambientocclusion": false,
    "textures": {
        "bottom": "block/star_wire_op_45",
		"top": "block/sponge",
		"side": "block/sponge"
    },
    "elements": [
        {
            "name": "Cube",
            "from": [ 0.0, 0.0, 0.0 ], 
            "to": [ 16.0, 16.0, 16.0 ], 
            "faces": {
                "north": { "texture": "#side", "uv": [ 0.0, 0.0, 16.0, 16.0 ] },
                "east": { "texture": "#side", "uv": [ 0.0, 0.0, 16.0, 16.0 ] },
                "south": { "texture": "#side", "uv": [ 0.0, 0.0, 16.0, 16.0 ] },
                "west": { "texture": "#side", "uv": [ 0.0, 0.0, 16.0, 16.0 ] },
                "up": { "texture": "#side", "uv": [ 0.0, 0.0, 16.0, 16.0 ] },
                "down": { "texture": "#side", "uv": [ 0.0, 0.0, 16.0, 16.0 ] }
            }
        },
        {
            "name": "Cube",
            "from": [ 4.0, -0.1, 0.0 ], 
            "to": [ 7.0, -0.09, 6.0 ], 
            "faces": {
                "down": { "texture": "#bottom", "uv": [ 4.01, 10.01, 6.99, 15.99 ] }
            }
        },
        {
            "name": "Cube",
            "from": [ 5.0, -0.1, 5.0 ], 
            "to": [ 8.0, -0.09, 8.0 ], 
            "faces": {
                "down": { "texture": "#bottom", "uv": [ 5.01, 8.01, 7.99, 10.99 ] }
            }
        },
        {
            "name": "Cube",
            "from": [ 6.0, -0.1, 7.0 ], 
            "to": [ 9.0, -0.09, 9.0 ], 
            "faces": {
                "down": { "texture": "#bottom", "uv": [ 6.01, 7.01, 8.99, 8.99 ] }
            }
        },
        {
            "name": "Cube",
            "from": [ 10.0, -0.1, 9.0 ], 
            "to": [ 16.0, -0.09, 12.0 ], 
            "faces": {
                "down": { "texture": "#bottom", "uv": [ 10.01, 4.01, 15.99, 6.99 ] }
            }
        },
        {
            "name": "Cube",
            "from": [ 8.0, -0.1, 8.0 ], 
            "to": [ 11.0, -0.09, 11.0 ], 
            "faces": {
                "down": { "texture": "#bottom", "uv": [ 8.01, 5.01, 10.99, 7.99 ] }
            }
        },
        {
            "name": "Cube",
            "from": [ 7.0, -0.1, 9.0 ], 
            "to": [ 8.0, -0.09, 10.0 ], 
            "faces": {
                "down": { "texture": "#bottom", "uv": [ 7.01, 6.01, 7.99, 6.99 ] }
            }
        },
        {
            "name": "Cube",
            "from": [ 9.0, -0.1, 0.0 ], 
            "to": [ 12.0, -0.09, 3.0 ], 
            "faces": {
                "down": { "texture": "#bottom", "uv": [ 9.01, 13.01, 11.99, 15.99 ] }
            }
        },
        {
            "name": "Cube",
            "from": [ 10.0, -0.1, 3.0 ], 
            "to": [ 13.0, -0.09, 5.0 ], 
            "faces": {
                "down": { "texture": "#bottom", "uv": [ 10.01, 11.01, 12.99, 12.99 ] }
            }
        },
        {
            "name": "Cube",
            "from": [ 11.0, -0.1, 5.0 ], 
            "to": [ 13.0, -0.09, 6.0 ], 
            "faces": {
                "down": { "texture": "#bottom", "uv": [ 11.01, 10.01, 12.99, 10.99 ] }
            }
        },
        {
            "name": "Cube",
            "from": [ 13.0, -0.1, 4.0 ], 
            "to": [ 16.0, -0.09, 7.0 ], 
            "faces": {
                "down": { "texture": "#bottom", "uv": [ 13.01, 9.01, 15.99, 11.99 ] }
            }
        }
    ]
}