{
	"credit": "Made with Blockbench, a free, modern block model editor by JannisX11",
	"textures": {"0": "minigames/pp3/wall", "particle": "minigames/pp3/wall"},
	"elements": [
		{
			"name": "cube",
			"from": [-16, -16, -16],
			"to": [32, 32, 32],
			"faces": {
				"north": {"uv": [0, 3.25, 16, 16], "texture": "#0"},
				"east": {"uv": [0, 3.25, 16, 16], "texture": "#0"},
				"south": {"uv": [0, 3.25, 16, 16], "texture": "#0"},
				"west": {"uv": [0, 3.25, 16, 16], "texture": "#0"},
				"up": {"uv": [0, 3.25, 16, 16], "texture": "#0"},
				"down": {"uv": [0, 3.25, 16, 16], "texture": "#0"}
			}
		}
	]
}