{
    "textures": {
        "0": "decorations/village/option/banner"
    }, 
    "display": {
		"head": {
			"scale": [ 1, 1.2, 1.2],
			"rotation": [ 0, 0, 0],
			"translation": [ 20.5, 0, 0]
				}
    }, 
    "elements": [
        {
            "name": "Cube",
            "from": [ 0.0, -16.0, -16.0 ], 
            "to": [ 0.01, 32.0, 32.0 ], 
            "faces": {
                "east": { "texture": "#0", "uv": [ 0.0, 0.0, 16.0, 16.0 ] },
				"west": { "texture": "#0", "uv": [ 0.0, 0.0, 16.0, 16.0 ] }
            }
        }
    ]
}