{
    "providers": [
	    {
            "type": "ttf",
            "file": "minecraft:negative_spaces.ttf",
            "shift": [0.0, 0.0],
            "size": 10.0,
            "oversample": 1.0
        },
        {
            "type": "bitmap",
            "file": "minecraft:bitmap/coin.png",
            "ascent": 12,
            "height": 24,
            "chars": ["\uF000"]
        },
        {
            "type": "bitmap",
            "file": "minecraft:bitmap/star.png",
            "ascent": 10,
            "height": 12,
            "chars": ["\uF001"]
        },
        {
            "type": "bitmap",
            "file": "minecraft:bitmap/pointer.png",
            "ascent": 10,
            "height": 12,
            "chars": ["\uF002"]
        },
        {
            "type": "bitmap",
            "file": "minecraft:bitmap/coin_small.png",
            "ascent": 10,
            "height": 13,
            "chars": ["\uF003"]
        },
        {
            "type": "bitmap",
            "file": "minecraft:bitmap/leftclick.png",
            "ascent": 8,
            "height": 8,
            "chars": ["\uF004"]
        },
        {
            "type": "bitmap",
            "file": "minecraft:bitmap/rightclick.png",
            "ascent": 8,
            "height": 8,
            "chars": ["\uF005"]
        },
        {
            "type": "bitmap",
            "file": "minecraft:bitmap/spacebar.png",
            "ascent": 9,
            "height": 32,
            "chars": ["\uF006"]
        },
        {
            "type": "bitmap",
            "file": "minecraft:item/beef.png",
            "ascent": 8,
            "height": 8,
            "chars": ["\uF007"]
        },
        {
            "type": "bitmap",
            "file": "minecraft:item/beetroot.png",
            "ascent": 8,
            "height": 8,
            "chars": ["\uF008"]
        },
        {
            "type": "bitmap",
            "file": "minecraft:item/beetroot_seeds.png",
            "ascent": 8,
            "height": 8,
            "chars": ["\uF009"]
        },
        {
            "type": "bitmap",
            "file": "minecraft:bitmap/coin.png",
            "ascent": 12,
            "height": 24,
            "chars": ["\uF00A"]
        },
        {
            "type": "bitmap",
            "file": "minecraft:bitmap/coin2.png",
            "ascent": 12,
            "height": 24,
            "chars": ["\uF00B"]
        },
        {
            "type": "bitmap",
            "file": "minecraft:bitmap/coin3.png",
            "ascent": 12,
            "height": 24,
            "chars": ["\uF00C"]
        },
        {
            "type": "bitmap",
            "file": "minecraft:bitmap/coin4.png",
            "ascent": 12,
            "height": 24,
            "chars": ["\uF00D"]
        },
        {
            "type": "bitmap",
            "file": "minecraft:bitmap/coin5.png",
            "ascent": 12,
            "height": 24,
            "chars": ["\uF00E"]
        },
        {
            "type": "bitmap",
            "file": "minecraft:item/bone.png",
            "ascent": 8,
            "height": 8,
            "chars": ["\uF00F"]
        },
        {
            "type": "bitmap",
            "file": "minecraft:item/bone_meal.png",
            "ascent": 8,
            "height": 8,
            "chars": ["\uF010"]
        },
        {
            "type": "bitmap",
            "file": "minecraft:bitmap/dice_1.png",
            "ascent": 16,
            "height": 32,
            "chars": ["\uF011"]
        },
        {
            "type": "bitmap",
            "file": "minecraft:bitmap/dice_2.png",
            "ascent": 16,
            "height": 32,
            "chars": ["\uF012"]
        },
        {
            "type": "bitmap",
            "file": "minecraft:bitmap/dice_3.png",
            "ascent": 16,
            "height": 32,
            "chars": ["\uF013"]
        },
        {
            "type": "bitmap",
            "file": "minecraft:bitmap/dice_4.png",
            "ascent": 16,
            "height": 32,
            "chars": ["\uF014"]
        },
        {
            "type": "bitmap",
            "file": "minecraft:bitmap/dice_5.png",
            "ascent": 16,
            "height": 32,
            "chars": ["\uF015"]
        },
        {
            "type": "bitmap",
            "file": "minecraft:bitmap/dice_6.png",
            "ascent": 16,
            "height": 32,
            "chars": ["\uF016"]
        },
        {
            "type": "bitmap",
            "file": "minecraft:bitmap/dice_7.png",
            "ascent": 16,
            "height": 32,
            "chars": ["\uF017"]
        },
        {
            "type": "bitmap",
            "file": "minecraft:bitmap/dice_8.png",
            "ascent": 16,
            "height": 32,
            "chars": ["\uF018"]
        },
        {
            "type": "bitmap",
            "file": "minecraft:bitmap/dice_9.png",
            "ascent": 16,
            "height": 32,
            "chars": ["\uF019"]
        },
        {
            "type": "bitmap",
            "file": "minecraft:bitmap/dice_10.png",
            "ascent": 16,
            "height": 32,
            "chars": ["\uF01A"]
        },
        {
            "type": "bitmap",
            "file": "minecraft:bitmap/plus.png",
            "ascent": 16,
            "height": 32,
            "chars": ["\uF01B"]
        },
        {
            "type": "bitmap",
            "file": "minecraft:bitmap/minus.png",
            "ascent": 16,
            "height": 32,
            "chars": ["\uF01C"]
        },
        {
            "type": "bitmap",
            "file": "minecraft:block/tall_seagrass_bottom.png",
            "ascent": 8,
            "height": 8,
            "chars": ["\uF3E8", "\u0000", "\u0000", "\u0000", "\u0000", "\u0000", "\u0000", "\u0000", "\u0000", "\u0000", "\u0000", "\u0000", "\u0000", "\u0000", "\u0000", "\u0000", "\u0000", "\u0000", "\u0000"]
        },
        {
            "type": "bitmap",
            "file": "minecraft:block/tall_seagrass_top.png",
            "ascent": 8,
            "height": 8,
            "chars": ["\uF3E9", "\u0000", "\u0000", "\u0000", "\u0000", "\u0000", "\u0000", "\u0000", "\u0000", "\u0000", "\u0000", "\u0000", "\u0000", "\u0000", "\u0000", "\u0000", "\u0000", "\u0000", "\u0000"]
        }
    ]
}