{
    "providers": [
        {
            "type": "bitmap",
            "file": "minecraft:bitmap/coin.png",
            "ascent": 12,
            "height": 24,
            "chars": ["\uF000"]
        },
        {
            "type": "bitmap",
            "file": "minecraft:bitmap/star.png",
            "ascent": 10,
            "height": 12,
            "chars": ["\uF001"]
        },
        {
            "type": "bitmap",
            "file": "minecraft:bitmap/pointer.png",
            "ascent": 10,
            "height": 12,
            "chars": ["\uF002"]
        },
        {
            "type": "bitmap",
            "file": "minecraft:bitmap/coin_small.png",
            "ascent": 10,
            "height": 13,
            "chars": ["\uF003"]
        },
        {
            "type": "bitmap",
            "file": "minecraft:bitmap/leftclick.png",
            "ascent": 8,
            "height": 8,
            "chars": ["\uF004"]
        },
        {
            "type": "bitmap",
            "file": "minecraft:bitmap/rightclick.png",
            "ascent": 8,
            "height": 8,
            "chars": ["\uF005"]
        },
        {
            "type": "bitmap",
            "file": "minecraft:bitmap/spacebar.png",
            "ascent": 9,
            "height": 32,
            "chars": ["\uF006"]
        },
        {
            "type": "bitmap",
            "file": "minecraft:bitmap/difficulty_star.png",
            "ascent": 10,
            "height": 12,
            "chars": ["\uF007"]
        },
        {
            "type": "bitmap",
            "file": "minecraft:item/beetroot.png",
            "ascent": 8,
            "height": 8,
            "chars": ["\uF008"]
        },
        {
            "type": "bitmap",
            "file": "minecraft:item/beetroot_seeds.png",
            "ascent": 8,
            "height": 8,
            "chars": ["\uF009"]
        },
        {
            "type": "bitmap",
            "file": "minecraft:bitmap/coin.png",
            "ascent": 12,
            "height": 24,
            "chars": ["\uF00A"]
        },
        {
            "type": "bitmap",
            "file": "minecraft:bitmap/coin2.png",
            "ascent": 12,
            "height": 24,
            "chars": ["\uF00B"]
        },
        {
            "type": "bitmap",
            "file": "minecraft:bitmap/coin3.png",
            "ascent": 12,
            "height": 24,
            "chars": ["\uF00C"]
        },
        {
            "type": "bitmap",
            "file": "minecraft:bitmap/coin4.png",
            "ascent": 12,
            "height": 24,
            "chars": ["\uF00D"]
        },
        {
            "type": "bitmap",
            "file": "minecraft:bitmap/coin5.png",
            "ascent": 12,
            "height": 24,
            "chars": ["\uF00E"]
        },
        {
            "type": "bitmap",
            "file": "minecraft:item/bone.png",
            "ascent": 8,
            "height": 8,
            "chars": ["\uF00F"]
        },
        {
            "type": "bitmap",
            "file": "minecraft:item/bone_meal.png",
            "ascent": 8,
            "height": 8,
            "chars": ["\uF010"]
        },
        {
            "type": "bitmap",
            "file": "minecraft:bitmap/dice_1.png",
            "ascent": 16,
            "height": 32,
            "chars": ["\uF011"]
        },
        {
            "type": "bitmap",
            "file": "minecraft:bitmap/dice_2.png",
            "ascent": 16,
            "height": 32,
            "chars": ["\uF012"]
        },
        {
            "type": "bitmap",
            "file": "minecraft:bitmap/dice_3.png",
            "ascent": 16,
            "height": 32,
            "chars": ["\uF013"]
        },
        {
            "type": "bitmap",
            "file": "minecraft:bitmap/dice_4.png",
            "ascent": 16,
            "height": 32,
            "chars": ["\uF014"]
        },
        {
            "type": "bitmap",
            "file": "minecraft:bitmap/dice_5.png",
            "ascent": 16,
            "height": 32,
            "chars": ["\uF015"]
        },
        {
            "type": "bitmap",
            "file": "minecraft:bitmap/dice_6.png",
            "ascent": 16,
            "height": 32,
            "chars": ["\uF016"]
        },
        {
            "type": "bitmap",
            "file": "minecraft:bitmap/dice_7.png",
            "ascent": 16,
            "height": 32,
            "chars": ["\uF017"]
        },
        {
            "type": "bitmap",
            "file": "minecraft:bitmap/dice_8.png",
            "ascent": 16,
            "height": 32,
            "chars": ["\uF018"]
        },
        {
            "type": "bitmap",
            "file": "minecraft:bitmap/dice_9.png",
            "ascent": 16,
            "height": 32,
            "chars": ["\uF019"]
        },
        {
            "type": "bitmap",
            "file": "minecraft:bitmap/dice_10.png",
            "ascent": 16,
            "height": 32,
            "chars": ["\uF01A"]
        },
        {
            "type": "bitmap",
            "file": "minecraft:bitmap/plus.png",
            "ascent": 16,
            "height": 32,
            "chars": ["\uF01B"]
        },
        {
            "type": "bitmap",
            "file": "minecraft:bitmap/minus.png",
            "ascent": 16,
            "height": 32,
            "chars": ["\uF01C"]
        },
        {
            "type": "bitmap",
            "file": "minecraft:block/tall_seagrass_bottom.png",
            "ascent": 8,
            "height": 8,
            "chars": ["\uF3E8", "\u0000", "\u0000", "\u0000", "\u0000", "\u0000", "\u0000", "\u0000", "\u0000", "\u0000", "\u0000", "\u0000", "\u0000", "\u0000", "\u0000", "\u0000", "\u0000", "\u0000", "\u0000"]
        },
        {
            "type": "bitmap",
            "file": "minecraft:block/tall_seagrass_top.png",
            "ascent": 8,
            "height": 8,
            "chars": ["\uF3E9", "\u0000", "\u0000", "\u0000", "\u0000", "\u0000", "\u0000", "\u0000", "\u0000", "\u0000", "\u0000", "\u0000", "\u0000", "\u0000", "\u0000", "\u0000", "\u0000", "\u0000", "\u0000"]
        },
		
		
		
		
		
		
		
		
		
		
		
        {
            "type": "bitmap",
            "file": "minecraft:minigames/bb/pump_hose.png",
            "ascent": 24,
            "height": 24,
            "chars": ["\uE010"]
        },
        {
            "type": "bitmap",
            "file": "minecraft:minigames/bb/pump_hose.png",
            "ascent": 26,
            "height": 26,
            "chars": ["\uE011"]
        },
        {
            "type": "bitmap",
            "file": "minecraft:minigames/bb/pump_hose.png",
            "ascent": 29,
            "height": 29,
            "chars": ["\uE012"]
        },
        {
            "type": "bitmap",
            "file": "minecraft:minigames/bb/pump_hose.png",
            "ascent": 32,
            "height": 32,
            "chars": ["\uE013"]
        },
		
		
		
		
		
		
		
		
		
        {
            "type": "bitmap",
            "file": "negative_space:font/pixel_split.png",
            "ascent": -32768,
            "height": -3,
            "chars": [
                "\uF801"
            ]
        },
        {
            "type": "bitmap",
            "file": "negative_space:font/pixel_split.png",
            "ascent": -32768,
            "height": -4,
            "chars": [
                "\uF802"
            ]
        },
        {
            "type": "bitmap",
            "file": "negative_space:font/pixel_split.png",
            "ascent": -32768,
            "height": -5,
            "chars": [
                "\uF803"
            ]
        },
        {
            "type": "bitmap",
            "file": "negative_space:font/pixel_split.png",
            "ascent": -32768,
            "height": -6,
            "chars": [
                "\uF804"
            ]
        },
        {
            "type": "bitmap",
            "file": "negative_space:font/pixel_split.png",
            "ascent": -32768,
            "height": -7,
            "chars": [
                "\uF805"
            ]
        },
        {
            "type": "bitmap",
            "file": "negative_space:font/pixel_split.png",
            "ascent": -32768,
            "height": -8,
            "chars": [
                "\uF806"
            ]
        },
        {
            "type": "bitmap",
            "file": "negative_space:font/pixel_split.png",
            "ascent": -32768,
            "height": -9,
            "chars": [
                "\uF807"
            ]
        },
        {
            "type": "bitmap",
            "file": "negative_space:font/pixel_split.png",
            "ascent": -32768,
            "height": -10,
            "chars": [
                "\uF808"
            ]
        },
        {
            "type": "bitmap",
            "file": "negative_space:font/pixel_split.png",
            "ascent": -32768,
            "height": -18,
            "chars": [
                "\uF809"
            ]
        },
        {
            "type": "bitmap",
            "file": "negative_space:font/pixel_split.png",
            "ascent": -32768,
            "height": -34,
            "chars": [
                "\uF80A"
            ]
        },
        {
            "type": "bitmap",
            "file": "negative_space:font/pixel_split.png",
            "ascent": -32768,
            "height": -66,
            "chars": [
                "\uF80B"
            ]
        },
        {
            "type": "bitmap",
            "file": "negative_space:font/pixel_split.png",
            "ascent": -32768,
            "height": -130,
            "chars": [
                "\uF80C"
            ]
        },
        {
            "type": "bitmap",
            "file": "negative_space:font/pixel_split.png",
            "ascent": -32768,
            "height": -258,
            "chars": [
                "\uF80D"
            ]
        },
        {
            "type": "bitmap",
            "file": "negative_space:font/pixel_split.png",
            "ascent": -32768,
            "height": -514,
            "chars": [
                "\uF80E"
            ]
        },
        {
            "type": "bitmap",
            "file": "negative_space:font/pixel_split.png",
            "ascent": -32768,
            "height": -1026,
            "chars": [
                "\uF80F"
            ]
        },
        {
            "type": "bitmap",
            "file": "negative_space:font/pixel_split.png",
            "ascent": -32770,
            "height": -32770,
            "chars": [
                "\uF800"
            ]
        },
        {
            "type": "bitmap",
            "file": "negative_space:font/pixel_split.png",
            "ascent": -32768,
            "height": 0,
            "chars": [
                "\uF821"
            ]
        },
        {
            "type": "bitmap",
            "file": "negative_space:font/pixel_split.png",
            "ascent": -32768,
            "height": 1,
            "chars": [
                "\uF822"
            ]
        },
        {
            "type": "bitmap",
            "file": "negative_space:font/pixel_split.png",
            "ascent": -32768,
            "height": 2,
            "chars": [
                "\uF823"
            ]
        },
        {
            "type": "bitmap",
            "file": "negative_space:font/pixel_split.png",
            "ascent": -32768,
            "height": 3,
            "chars": [
                "\uF824"
            ]
        },
        {
            "type": "bitmap",
            "file": "negative_space:font/pixel_split.png",
            "ascent": -32768,
            "height": 4,
            "chars": [
                "\uF825"
            ]
        },
        {
            "type": "bitmap",
            "file": "negative_space:font/pixel_split.png",
            "ascent": -32768,
            "height": 5,
            "chars": [
                "\uF826"
            ]
        },
        {
            "type": "bitmap",
            "file": "negative_space:font/pixel_split.png",
            "ascent": -32768,
            "height": 6,
            "chars": [
                "\uF827"
            ]
        },
        {
            "type": "bitmap",
            "file": "negative_space:font/pixel_split.png",
            "ascent": -32768,
            "height": 7,
            "chars": [
                "\uF828"
            ]
        },
        {
            "type": "bitmap",
            "file": "negative_space:font/pixel_split.png",
            "ascent": -32768,
            "height": 15,
            "chars": [
                "\uF829"
            ]
        },
        {
            "type": "bitmap",
            "file": "negative_space:font/pixel_split.png",
            "ascent": -32768,
            "height": 31,
            "chars": [
                "\uF82A"
            ]
        },
        {
            "type": "bitmap",
            "file": "negative_space:font/pixel_split.png",
            "ascent": -32768,
            "height": 63,
            "chars": [
                "\uF82B"
            ]
        },
        {
            "type": "bitmap",
            "file": "negative_space:font/pixel_split.png",
            "ascent": -32768,
            "height": 127,
            "chars": [
                "\uF82C"
            ]
        },
        {
            "type": "bitmap",
            "file": "negative_space:font/pixel_split.png",
            "ascent": -32768,
            "height": 255,
            "chars": [
                "\uF82D"
            ]
        },
        {
            "type": "bitmap",
            "file": "negative_space:font/pixel_split.png",
            "ascent": -32768,
            "height": 511,
            "chars": [
                "\uF82E"
            ]
        },
        {
            "type": "bitmap",
            "file": "negative_space:font/pixel_split.png",
            "ascent": -32768,
            "height": 1023,
            "chars": [
                "\uF82F"
            ]
        },
        {
            "type": "bitmap",
            "file": "negative_space:font/pixel_split.png",
            "ascent": -32768,
            "height": 32767,
            "chars": [
                "\uF820"
            ]
        },
        {
            "type": "bitmap",
            "file": "negative_space:font/pixel_nosplit.png",
            "ascent": -32768,
            "height": -3,
            "chars": [
                "\uF811"
            ]
        },
        {
            "type": "bitmap",
            "file": "negative_space:font/pixel_nosplit.png",
            "ascent": -32768,
            "height": -4,
            "chars": [
                "\uF812"
            ]
        },
        {
            "type": "bitmap",
            "file": "negative_space:font/pixel_nosplit.png",
            "ascent": -32768,
            "height": -5,
            "chars": [
                "\uF813"
            ]
        },
        {
            "type": "bitmap",
            "file": "negative_space:font/pixel_nosplit.png",
            "ascent": -32768,
            "height": -6,
            "chars": [
                "\uF814"
            ]
        },
        {
            "type": "bitmap",
            "file": "negative_space:font/pixel_nosplit.png",
            "ascent": -32768,
            "height": -7,
            "chars": [
                "\uF815"
            ]
        },
        {
            "type": "bitmap",
            "file": "negative_space:font/pixel_nosplit.png",
            "ascent": -32768,
            "height": -8,
            "chars": [
                "\uF816"
            ]
        },
        {
            "type": "bitmap",
            "file": "negative_space:font/pixel_nosplit.png",
            "ascent": -32768,
            "height": -9,
            "chars": [
                "\uF817"
            ]
        },
        {
            "type": "bitmap",
            "file": "negative_space:font/pixel_nosplit.png",
            "ascent": -32768,
            "height": -10,
            "chars": [
                "\uF818"
            ]
        },
        {
            "type": "bitmap",
            "file": "negative_space:font/pixel_nosplit.png",
            "ascent": -32768,
            "height": -18,
            "chars": [
                "\uF819"
            ]
        },
        {
            "type": "bitmap",
            "file": "negative_space:font/pixel_nosplit.png",
            "ascent": -32768,
            "height": -34,
            "chars": [
                "\uF81A"
            ]
        },
        {
            "type": "bitmap",
            "file": "negative_space:font/pixel_nosplit.png",
            "ascent": -32768,
            "height": -66,
            "chars": [
                "\uF81B"
            ]
        },
        {
            "type": "bitmap",
            "file": "negative_space:font/pixel_nosplit.png",
            "ascent": -32768,
            "height": -130,
            "chars": [
                "\uF81C"
            ]
        },
        {
            "type": "bitmap",
            "file": "negative_space:font/pixel_nosplit.png",
            "ascent": -32768,
            "height": -258,
            "chars": [
                "\uF81D"
            ]
        },
        {
            "type": "bitmap",
            "file": "negative_space:font/pixel_nosplit.png",
            "ascent": -32768,
            "height": -514,
            "chars": [
                "\uF81E"
            ]
        },
        {
            "type": "bitmap",
            "file": "negative_space:font/pixel_nosplit.png",
            "ascent": -32768,
            "height": -1026,
            "chars": [
                "\uF81F"
            ]
        },
        {
            "type": "bitmap",
            "file": "negative_space:font/pixel_nosplit.png",
            "ascent": -32768,
            "height": 0,
            "chars": [
                "\uF831"
            ]
        },
        {
            "type": "bitmap",
            "file": "negative_space:font/pixel_nosplit.png",
            "ascent": -32768,
            "height": 1,
            "chars": [
                "\uF832"
            ]
        },
        {
            "type": "bitmap",
            "file": "negative_space:font/pixel_nosplit.png",
            "ascent": -32768,
            "height": 2,
            "chars": [
                "\uF833"
            ]
        },
        {
            "type": "bitmap",
            "file": "negative_space:font/pixel_nosplit.png",
            "ascent": -32768,
            "height": 3,
            "chars": [
                "\uF834"
            ]
        },
        {
            "type": "bitmap",
            "file": "negative_space:font/pixel_nosplit.png",
            "ascent": -32768,
            "height": 4,
            "chars": [
                "\uF835"
            ]
        },
        {
            "type": "bitmap",
            "file": "negative_space:font/pixel_nosplit.png",
            "ascent": -32768,
            "height": 5,
            "chars": [
                "\uF836"
            ]
        },
        {
            "type": "bitmap",
            "file": "negative_space:font/pixel_nosplit.png",
            "ascent": -32768,
            "height": 6,
            "chars": [
                "\uF837"
            ]
        },
        {
            "type": "bitmap",
            "file": "negative_space:font/pixel_nosplit.png",
            "ascent": -32768,
            "height": 7,
            "chars": [
                "\uF838"
            ]
        },
        {
            "type": "bitmap",
            "file": "negative_space:font/pixel_nosplit.png",
            "ascent": -32768,
            "height": 15,
            "chars": [
                "\uF839"
            ]
        },
        {
            "type": "bitmap",
            "file": "negative_space:font/pixel_nosplit.png",
            "ascent": -32768,
            "height": 31,
            "chars": [
                "\uF83A"
            ]
        },
        {
            "type": "bitmap",
            "file": "negative_space:font/pixel_nosplit.png",
            "ascent": -32768,
            "height": 63,
            "chars": [
                "\uF83B"
            ]
        },
        {
            "type": "bitmap",
            "file": "negative_space:font/pixel_nosplit.png",
            "ascent": -32768,
            "height": 127,
            "chars": [
                "\uF83C"
            ]
        },
        {
            "type": "bitmap",
            "file": "negative_space:font/pixel_nosplit.png",
            "ascent": -32768,
            "height": 255,
            "chars": [
                "\uF83D"
            ]
        },
        {
            "type": "bitmap",
            "file": "negative_space:font/pixel_nosplit.png",
            "ascent": -32768,
            "height": 511,
            "chars": [
                "\uF83E"
            ]
        },
        {
            "type": "bitmap",
            "file": "negative_space:font/pixel_nosplit.png",
            "ascent": -32768,
            "height": 1023,
            "chars": [
                "\uF83F"
            ]
        },
        {
            "type": "bitmap",
            "file": "negative_space:font/pixel_nosplit.png",
            "ascent": -32768,
            "height": 32767,
            "chars": [
                "\uF830"
            ]
        }
    ]
}