{
	"credit": "Model made by dragonmaster95 with Blockbench, a free, modern block model editor by JannisX11",
	"textures": {
		"0": "blocks/texture",
		"1": "blocks/texture",
		"2": "blocks/texture",
		"particle": "blocks/texture"
	},
	"elements": [
		{
			"from": [6.57477, -0.08846, 1.29461],
			"to": [13.90077, 1.04154, 2.17461],
			"rotation": {"angle": 22.5, "axis": "z", "origin": [11.85477, 0.35154, 1.73461]},
			"faces": {
				"north": {"uv": [0, 0, 1, 1], "texture": "#2"},
				"east": {"uv": [0, 0, 1, 1], "texture": "#2"},
				"south": {"uv": [0, 0, 1, 1], "texture": "#2"},
				"west": {"uv": [0, 0, 1, 1], "texture": "#2"},
				"up": {"uv": [0, 0, 1, 1], "texture": "#2", "rotation": 180},
				"down": {"uv": [0, 0, 1, 1], "texture": "#2", "rotation": 180}
			}
		},
		{
			"from": [13.57665, 0.728, 1.29461],
			"to": [14.45665, 1.79101, 2.17461],
			"rotation": {"angle": 0, "axis": "x", "origin": [14.01665, -0.35, 3.93461]},
			"faces": {
				"north": {"uv": [0, 0, 1, 1], "texture": "#2"},
				"east": {"uv": [0, 0, 1, 1], "texture": "#2"},
				"south": {"uv": [0, 0, 1, 1], "texture": "#2"},
				"west": {"uv": [0, 0, 1, 1], "texture": "#2"},
				"up": {"uv": [0, 0, 1, 1], "texture": "#2", "rotation": 180},
				"down": {"uv": [0, 0, 1, 1], "texture": "#2", "rotation": 180}
			}
		},
		{
			"from": [13.57665, -0.08846, 1.85049],
			"to": [14.45665, 1.04154, 9.17649],
			"rotation": {"angle": 22.5, "axis": "x", "origin": [14.01665, 0.35154, 3.89649]},
			"faces": {
				"north": {"uv": [0, 0, 1, 1], "texture": "#2"},
				"east": {"uv": [0, 0, 1, 1], "texture": "#2"},
				"south": {"uv": [0, 0, 1, 1], "texture": "#2"},
				"west": {"uv": [0, 0, 1, 1], "texture": "#2"},
				"up": {"uv": [0, 0, 1, 1], "texture": "#2", "rotation": 180},
				"down": {"uv": [0, 0, 1, 1], "texture": "#2", "rotation": 180}
			}
		},
		{
			"from": [1.071, -2.07556, 7.51422],
			"to": [11.88739, -1.01253, 14.12095],
			"rotation": {"angle": -45, "axis": "y", "origin": [11.44739, -1.70156, 11.32996]},
			"faces": {
				"north": {"uv": [0, 0, 1, 1], "texture": "#2"},
				"east": {"uv": [0, 0, 1, 1], "texture": "#2"},
				"south": {"uv": [0, 0, 1, 1], "texture": "#2"},
				"west": {"uv": [0, 0, 1, 1], "texture": "#2"},
				"up": {"uv": [0, 0, 1, 1], "texture": "#2", "rotation": 180},
				"down": {"uv": [0, 0, 1, 1], "texture": "#2", "rotation": 180}
			}
		},
		{
			"from": [2.69253, -0.08846, 12.73461],
			"to": [10.01853, 1.04154, 13.61461],
			"rotation": {"angle": -22.5, "axis": "z", "origin": [4.73853, 0.35154, 13.17461]},
			"faces": {
				"north": {"uv": [0, 0, 1, 1], "texture": "#2"},
				"east": {"uv": [0, 0, 1, 1], "texture": "#2"},
				"south": {"uv": [0, 0, 1, 1], "texture": "#2"},
				"west": {"uv": [0, 0, 1, 1], "texture": "#2"},
				"up": {"uv": [0, 0, 1, 1], "texture": "#2"},
				"down": {"uv": [0, 0, 1, 1], "texture": "#2"}
			}
		},
		{
			"from": [2.13665, 0.728, 12.73461],
			"to": [3.01665, 1.79101, 13.61461],
			"rotation": {"angle": 0, "axis": "x", "origin": [2.57665, -0.35, 10.97461]},
			"faces": {
				"north": {"uv": [0, 0, 1, 1], "texture": "#2"},
				"east": {"uv": [0, 0, 1, 1], "texture": "#2"},
				"south": {"uv": [0, 0, 1, 1], "texture": "#2"},
				"west": {"uv": [0, 0, 1, 1], "texture": "#2"},
				"up": {"uv": [0, 0, 1, 1], "texture": "#2"},
				"down": {"uv": [0, 0, 1, 1], "texture": "#2"}
			}
		},
		{
			"from": [2.13665, -0.08846, 5.73274],
			"to": [3.01665, 1.04154, 13.05874],
			"rotation": {"angle": -22.5, "axis": "x", "origin": [2.57665, 0.35154, 11.01274]},
			"faces": {
				"north": {"uv": [0, 0, 1, 1], "texture": "#2"},
				"east": {"uv": [0, 0, 1, 1], "texture": "#2"},
				"south": {"uv": [0, 0, 1, 1], "texture": "#2"},
				"west": {"uv": [0, 0, 1, 1], "texture": "#2"},
				"up": {"uv": [0, 0, 1, 1], "texture": "#2"},
				"down": {"uv": [0, 0, 1, 1], "texture": "#2"}
			}
		},
		{
			"from": [9.44823, -2.07554, 12.73461],
			"to": [9.78499, -1.01251, 13.61461],
			"rotation": {"angle": 0, "axis": "z", "origin": [4.50499, -1.70252, 13.17461]},
			"faces": {
				"north": {"uv": [0, 0, 1, 1], "texture": "#2"},
				"east": {"uv": [0, 0, 1, 1], "texture": "#2"},
				"south": {"uv": [0, 0, 1, 1], "texture": "#2"},
				"west": {"uv": [0, 0, 1, 1], "texture": "#2"},
				"up": {"uv": [0, 0, 1, 1], "texture": "#2"},
				"down": {"uv": [0, 0, 1, 1], "texture": "#2"}
			}
		},
		{
			"from": [6.80831, -2.07556, 1.29461],
			"to": [7.14507, -1.01252, 2.17461],
			"rotation": {"angle": 0, "axis": "z", "origin": [2.74507, -1.70254, 16.69461]},
			"faces": {
				"north": {"uv": [0, 0, 1, 1], "texture": "#2"},
				"east": {"uv": [0, 0, 1, 1], "texture": "#2"},
				"south": {"uv": [0, 0, 1, 1], "texture": "#2"},
				"west": {"uv": [0, 0, 1, 1], "texture": "#2"},
				"up": {"uv": [0, 0, 1, 1], "texture": "#2"},
				"down": {"uv": [0, 0, 1, 1], "texture": "#2"}
			}
		},
		{
			"from": [13.57665, -2.07554, 8.60619],
			"to": [14.45665, -1.01251, 8.94295],
			"rotation": {"angle": 0, "axis": "x", "origin": [-0.94335, -1.70252, 5.54295]},
			"faces": {
				"north": {"uv": [0, 0, 1, 1], "texture": "#2"},
				"east": {"uv": [0, 0, 1, 1], "texture": "#2"},
				"south": {"uv": [0, 0, 1, 1], "texture": "#2"},
				"west": {"uv": [0, 0, 1, 1], "texture": "#2"},
				"up": {"uv": [0, 0, 1, 1], "texture": "#2", "rotation": 90},
				"down": {"uv": [0, 0, 1, 1], "texture": "#2", "rotation": 270}
			}
		},
		{
			"from": [2.13665, -2.07556, 5.96627],
			"to": [3.01665, -1.01252, 6.30303],
			"rotation": {"angle": 0, "axis": "x", "origin": [2.57665, -1.70254, 1.02303]},
			"faces": {
				"north": {"uv": [0, 0, 1, 1], "texture": "#2"},
				"east": {"uv": [0, 0, 1, 1], "texture": "#2"},
				"south": {"uv": [0, 0, 1, 1], "texture": "#2"},
				"west": {"uv": [0, 0, 1, 1], "texture": "#2"},
				"up": {"uv": [0, 0, 1, 1], "texture": "#2", "rotation": 90},
				"down": {"uv": [0, 0, 1, 1], "texture": "#2", "rotation": 270}
			}
		},
		{
			"from": [6.38043, 0.7972, 0.38024],
			"to": [14.70543, 1.7972, 1.38024],
			"rotation": {"angle": 22.5, "axis": "z", "origin": [12.38043, 1.2972, 0.88024]},
			"faces": {
				"north": {"uv": [0, 0, 1, 1], "texture": "#0"},
				"east": {"uv": [0, 0, 1, 1], "texture": "#0"},
				"south": {"uv": [0, 0, 1, 1], "texture": "#0"},
				"west": {"uv": [0, 0, 1, 1], "texture": "#0"},
				"up": {"uv": [0, 0, 1, 1], "texture": "#0", "rotation": 180},
				"down": {"uv": [0, 0, 1, 1], "texture": "#0", "rotation": 180}
			}
		},
		{
			"from": [14.3371, 1.725, 0.38024],
			"to": [15.3371, 2.64888, 1.38024],
			"rotation": {"angle": 0, "axis": "x", "origin": [14.8371, 0.5, 3.38024]},
			"faces": {
				"north": {"uv": [0, 0, 1, 1], "texture": "#0"},
				"east": {"uv": [0, 0, 1, 1], "texture": "#0"},
				"south": {"uv": [0, 0, 1, 1], "texture": "#0"},
				"west": {"uv": [0, 0, 1, 1], "texture": "#0"},
				"up": {"uv": [0, 0, 1, 1], "texture": "#0", "rotation": 180},
				"down": {"uv": [0, 0, 1, 1], "texture": "#0", "rotation": 180}
			}
		},
		{
			"from": [14.3371, 0.7972, 1.01192],
			"to": [15.3371, 1.7972, 9.33692],
			"rotation": {"angle": 22.5, "axis": "x", "origin": [14.8371, 1.2972, 3.33692]},
			"faces": {
				"north": {"uv": [0, 0, 1, 1], "texture": "#0"},
				"east": {"uv": [0, 0, 1, 1], "texture": "#0"},
				"south": {"uv": [0, 0, 1, 1], "texture": "#0"},
				"west": {"uv": [0, 0, 1, 1], "texture": "#0"},
				"up": {"uv": [0, 0, 1, 1], "texture": "#0", "rotation": 180},
				"down": {"uv": [0, 0, 1, 1], "texture": "#0", "rotation": 180}
			}
		},
		{
			"from": [0.12614, -1.46086, 7.44798],
			"to": [12.41749, -0.53696, 14.95562],
			"rotation": {"angle": -45, "axis": "y", "origin": [11.91749, -1.03586, 11.78405]},
			"faces": {
				"north": {"uv": [0, 0, 1, 1], "texture": "#0"},
				"east": {"uv": [0, 0, 1, 1], "texture": "#0"},
				"south": {"uv": [0, 0, 1, 1], "texture": "#0"},
				"west": {"uv": [0, 0, 1, 1], "texture": "#0"},
				"up": {"uv": [0, 0, 1, 1], "texture": "#0", "rotation": 180},
				"down": {"uv": [0, 0, 1, 1], "texture": "#0", "rotation": 180}
			}
		},
		{
			"from": [1.96878, 0.7972, 13.38024],
			"to": [10.29378, 1.7972, 14.38024],
			"rotation": {"angle": -22.5, "axis": "z", "origin": [4.29378, 1.2972, 13.88024]},
			"faces": {
				"north": {"uv": [0, 0, 1, 1], "texture": "#0"},
				"east": {"uv": [0, 0, 1, 1], "texture": "#0"},
				"south": {"uv": [0, 0, 1, 1], "texture": "#0"},
				"west": {"uv": [0, 0, 1, 1], "texture": "#0"},
				"up": {"uv": [0, 0, 1, 1], "texture": "#0"},
				"down": {"uv": [0, 0, 1, 1], "texture": "#0"}
			}
		},
		{
			"from": [1.3371, 1.725, 13.38024],
			"to": [2.3371, 2.64888, 14.38024],
			"rotation": {"angle": 0, "axis": "x", "origin": [1.8371, 0.5, 11.38024]},
			"faces": {
				"north": {"uv": [0, 0, 1, 1], "texture": "#0"},
				"east": {"uv": [0, 0, 1, 1], "texture": "#0"},
				"south": {"uv": [0, 0, 1, 1], "texture": "#0"},
				"west": {"uv": [0, 0, 1, 1], "texture": "#0"},
				"up": {"uv": [0, 0, 1, 1], "texture": "#0"},
				"down": {"uv": [0, 0, 1, 1], "texture": "#0"}
			}
		},
		{
			"from": [1.3371, 0.7972, 5.42356],
			"to": [2.3371, 1.7972, 13.74856],
			"rotation": {"angle": -22.5, "axis": "x", "origin": [1.8371, 1.2972, 11.42356]},
			"faces": {
				"north": {"uv": [0, 0, 1, 1], "texture": "#0"},
				"east": {"uv": [0, 0, 1, 1], "texture": "#0"},
				"south": {"uv": [0, 0, 1, 1], "texture": "#0"},
				"west": {"uv": [0, 0, 1, 1], "texture": "#0"},
				"up": {"uv": [0, 0, 1, 1], "texture": "#0"},
				"down": {"uv": [0, 0, 1, 1], "texture": "#0"}
			}
		},
		{
			"from": [9.64572, -1.46084, 13.38024],
			"to": [10.0284, -0.53694, 14.38024],
			"rotation": {"angle": 0, "axis": "z", "origin": [4.0284, -1.03696, 13.88024]},
			"faces": {
				"north": {"uv": [0, 0, 1, 1], "texture": "#0"},
				"east": {"uv": [0, 0, 1, 1], "texture": "#0"},
				"south": {"uv": [0, 0, 1, 1], "texture": "#0"},
				"west": {"uv": [0, 0, 1, 1], "texture": "#0"},
				"up": {"uv": [0, 0, 1, 1], "texture": "#0"},
				"down": {"uv": [0, 0, 1, 1], "texture": "#0"}
			}
		},
		{
			"from": [6.64581, -1.46086, 0.38024],
			"to": [7.02849, -0.53696, 1.38024],
			"rotation": {"angle": 0, "axis": "z", "origin": [2.02849, -1.03698, 17.88024]},
			"faces": {
				"north": {"uv": [0, 0, 1, 1], "texture": "#0"},
				"east": {"uv": [0, 0, 1, 1], "texture": "#0"},
				"south": {"uv": [0, 0, 1, 1], "texture": "#0"},
				"west": {"uv": [0, 0, 1, 1], "texture": "#0"},
				"up": {"uv": [0, 0, 1, 1], "texture": "#0"},
				"down": {"uv": [0, 0, 1, 1], "texture": "#0"}
			}
		},
		{
			"from": [14.3371, -1.46086, 8.68886],
			"to": [15.3371, -0.53696, 9.07154],
			"rotation": {"angle": 0, "axis": "x", "origin": [-2.1629, -1.03698, 4.07154]},
			"faces": {
				"north": {"uv": [0, 0, 1, 1], "texture": "#0"},
				"east": {"uv": [0, 0, 1, 1], "texture": "#0"},
				"south": {"uv": [0, 0, 1, 1], "texture": "#0"},
				"west": {"uv": [0, 0, 1, 1], "texture": "#0"},
				"up": {"uv": [0, 0, 1, 1], "texture": "#0", "rotation": 90},
				"down": {"uv": [0, 0, 1, 1], "texture": "#0", "rotation": 270}
			}
		},
		{
			"from": [1.3371, -1.46086, 5.68894],
			"to": [2.3371, -0.53696, 6.07163],
			"rotation": {"angle": 0, "axis": "x", "origin": [1.8371, -1.03698, 0.07163]},
			"faces": {
				"north": {"uv": [0, 0, 1, 1], "texture": "#0"},
				"east": {"uv": [0, 0, 1, 1], "texture": "#0"},
				"south": {"uv": [0, 0, 1, 1], "texture": "#0"},
				"west": {"uv": [0, 0, 1, 1], "texture": "#0"},
				"up": {"uv": [0, 0, 1, 1], "texture": "#0", "rotation": 90},
				"down": {"uv": [0, 0, 1, 1], "texture": "#0", "rotation": 270}
			}
		},
		{
			"from": [6.41618, 2.15307, 2.16515],
			"to": [12.00958, 3.37007, 3.95715],
			"rotation": {"angle": 22.5, "axis": "z", "origin": [11.16818, 2.97407, 2.56115]},
			"faces": {
				"north": {"uv": [0, 0, 1, 1], "texture": "#1"},
				"east": {"uv": [0, 0, 1, 1], "texture": "#1"},
				"south": {"uv": [0, 0, 1, 1], "texture": "#1"},
				"west": {"uv": [0, 0, 1, 1], "texture": "#1"},
				"up": {"uv": [0, 0, 1, 1], "texture": "#1", "rotation": 180},
				"down": {"uv": [0, 0, 1, 1], "texture": "#1", "rotation": 180}
			}
		},
		{
			"from": [11.79399, 2.5052, 2.16515],
			"to": [13.58599, 3.66191, 3.95715],
			"rotation": {"angle": 0, "axis": "x", "origin": [13.18999, 1.96, 4.54115]},
			"faces": {
				"north": {"uv": [0, 0, 1, 1], "texture": "#1"},
				"east": {"uv": [0, 0, 1, 1], "texture": "#1"},
				"south": {"uv": [0, 0, 1, 1], "texture": "#1"},
				"west": {"uv": [0, 0, 1, 1], "texture": "#1"},
				"up": {"uv": [0, 0, 1, 1], "texture": "#1", "rotation": 180},
				"down": {"uv": [0, 0, 1, 1], "texture": "#1", "rotation": 180}
			}
		},
		{
			"from": [11.79399, 2.15307, 3.74156],
			"to": [13.58599, 3.37007, 9.33496],
			"rotation": {"angle": 22.5, "axis": "x", "origin": [13.18999, 2.97407, 4.58296]},
			"faces": {
				"north": {"uv": [0, 0, 1, 1], "texture": "#1"},
				"east": {"uv": [0, 0, 1, 1], "texture": "#1"},
				"south": {"uv": [0, 0, 1, 1], "texture": "#1"},
				"west": {"uv": [0, 0, 1, 1], "texture": "#1"},
				"up": {"uv": [0, 0, 1, 1], "texture": "#1", "rotation": 180},
				"down": {"uv": [0, 0, 1, 1], "texture": "#1", "rotation": 180}
			}
		},
		{
			"from": [1.41357, 0.31468, 7.83892],
			"to": [11.25597, 1.52141, 12.95412],
			"rotation": {"angle": -45, "axis": "y", "origin": [10.87765, 1.12628, 11.27309]},
			"faces": {
				"north": {"uv": [0, 0, 1, 1], "texture": "#1"},
				"east": {"uv": [0, 0, 1, 1], "texture": "#1"},
				"south": {"uv": [0, 0, 1, 1], "texture": "#1"},
				"west": {"uv": [0, 0, 1, 1], "texture": "#1"},
				"up": {"uv": [0, 0, 1, 1], "texture": "#1", "rotation": 180},
				"down": {"uv": [0, 0, 1, 1], "texture": "#1", "rotation": 180}
			}
		},
		{
			"from": [6.62636, 0.31468, 2.16515],
			"to": [7.17944, 1.52141, 3.95715],
			"rotation": {"angle": 0, "axis": "z", "origin": [2.96944, 1.1254, 16.02515]},
			"faces": {
				"north": {"uv": [0, 0, 1, 1], "texture": "#1"},
				"east": {"uv": [0, 0, 1, 1], "texture": "#1"},
				"south": {"uv": [0, 0, 1, 1], "texture": "#1"},
				"west": {"uv": [0, 0, 1, 1], "texture": "#1"},
				"up": {"uv": [0, 0, 1, 1], "texture": "#1"},
				"down": {"uv": [0, 0, 1, 1], "texture": "#1"}
			}
		},
		{
			"from": [11.79399, 0.31468, 8.57169],
			"to": [13.58599, 1.52141, 9.12478],
			"rotation": {"angle": 0, "axis": "x", "origin": [-0.27401, 1.1254, 5.16478]},
			"faces": {
				"north": {"uv": [0, 0, 1, 1], "texture": "#1"},
				"east": {"uv": [0, 0, 1, 1], "texture": "#1"},
				"south": {"uv": [0, 0, 1, 1], "texture": "#1"},
				"west": {"uv": [0, 0, 1, 1], "texture": "#1"},
				"up": {"uv": [0, 0, 1, 1], "texture": "#1", "rotation": 90},
				"down": {"uv": [0, 0, 1, 1], "texture": "#1", "rotation": 270}
			}
		},
		{
			"from": [9.40341, 0.41468, 10.93727],
			"to": [9.95649, 1.52141, 12.72927],
			"rotation": {"angle": 0, "axis": "z", "origin": [13.61341, 1.1254, -1.13073]},
			"faces": {
				"north": {"uv": [0, 0, 1, 1], "texture": "#1"},
				"east": {"uv": [0, 0, 1, 1], "texture": "#1"},
				"south": {"uv": [0, 0, 1, 1], "texture": "#1"},
				"west": {"uv": [0, 0, 1, 1], "texture": "#1"},
				"up": {"uv": [0, 0, 1, 1], "texture": "#1", "rotation": 180},
				"down": {"uv": [0, 0, 1, 1], "texture": "#1", "rotation": 180}
			}
		},
		{
			"from": [4.57328, 2.25307, 10.93727],
			"to": [10.16668, 3.37007, 12.72927],
			"rotation": {"angle": -22.5, "axis": "z", "origin": [5.41468, 2.97407, 12.33327]},
			"faces": {
				"north": {"uv": [0, 0, 1, 1], "texture": "#1"},
				"east": {"uv": [0, 0, 1, 1], "texture": "#1"},
				"south": {"uv": [0, 0, 1, 1], "texture": "#1"},
				"west": {"uv": [0, 0, 1, 1], "texture": "#1"},
				"up": {"uv": [0, 0, 1, 1], "texture": "#1"},
				"down": {"uv": [0, 0, 1, 1], "texture": "#1"}
			}
		},
		{
			"from": [2.99687, 2.6052, 10.93727],
			"to": [4.78887, 3.66191, 12.72927],
			"rotation": {"angle": 0, "axis": "x", "origin": [3.39287, 1.96, 10.35327]},
			"faces": {
				"north": {"uv": [0, 0, 1, 1], "texture": "#1"},
				"east": {"uv": [0, 0, 1, 1], "texture": "#1"},
				"south": {"uv": [0, 0, 1, 1], "texture": "#1"},
				"west": {"uv": [0, 0, 1, 1], "texture": "#1"},
				"up": {"uv": [0, 0, 1, 1], "texture": "#1"},
				"down": {"uv": [0, 0, 1, 1], "texture": "#1"}
			}
		},
		{
			"from": [2.99687, 2.25307, 5.55946],
			"to": [4.78887, 3.37007, 11.15286],
			"rotation": {"angle": -22.5, "axis": "x", "origin": [3.39287, 2.97407, 10.31146]},
			"faces": {
				"north": {"uv": [0, 0, 1, 1], "texture": "#1"},
				"east": {"uv": [0, 0, 1, 1], "texture": "#1"},
				"south": {"uv": [0, 0, 1, 1], "texture": "#1"},
				"west": {"uv": [0, 0, 1, 1], "texture": "#1"},
				"up": {"uv": [0, 0, 1, 1], "texture": "#1"},
				"down": {"uv": [0, 0, 1, 1], "texture": "#1"}
			}
		},
		{
			"from": [2.99687, 0.31468, 5.76964],
			"to": [4.78887, 1.52141, 6.32273],
			"rotation": {"angle": 0, "axis": "x", "origin": [16.85687, 1.1254, 9.72964]},
			"faces": {
				"north": {"uv": [0, 0, 1, 1], "texture": "#1"},
				"east": {"uv": [0, 0, 1, 1], "texture": "#1"},
				"south": {"uv": [0, 0, 1, 1], "texture": "#1"},
				"west": {"uv": [0, 0, 1, 1], "texture": "#1"},
				"up": {"uv": [0, 0, 1, 1], "texture": "#1", "rotation": 270},
				"down": {"uv": [0, 0, 1, 1], "texture": "#1", "rotation": 90}
			}
		},
		{
			"from": [5.53951, 1.4025, 8.17734],
			"to": [7.55711, 4.45921, 10.19494],
			"rotation": {"angle": 0, "axis": "x", "origin": [3.39351, 2.2573, 9.01097]},
			"faces": {
				"north": {"uv": [0, 0, 1, 1], "texture": "#1"},
				"east": {"uv": [0, 0, 1, 1], "texture": "#1"},
				"south": {"uv": [0, 0, 1, 1], "texture": "#1"},
				"west": {"uv": [0, 0, 1, 1], "texture": "#1"},
				"up": {"uv": [0, 0, 1, 1], "texture": "#1"},
				"down": {"uv": [0, 0, 1, 1], "texture": "#1"}
			}
		},
		{
			"from": [7.9893, 1.82166, 9.30087],
			"to": [9.50952, 3.46216, 15.55244],
			"rotation": {"angle": 45, "axis": "y", "origin": [2.50968, 0.67646, 10.48976]},
			"faces": {
				"north": {"uv": [0, 0, 1, 1], "texture": "#1"},
				"east": {"uv": [0, 0, 1, 1], "texture": "#1"},
				"south": {"uv": [0, 0, 1, 1], "texture": "#1"},
				"west": {"uv": [0, 0, 1, 1], "texture": "#1"},
				"up": {"uv": [0, 0, 1, 1], "texture": "#1"},
				"down": {"uv": [0, 0, 1, 1], "texture": "#1"}
			}
		},
		{
			"from": [6.42119, 3.42193, 8.17734],
			"to": [9.02661, 5.53733, 10.19494],
			"rotation": {"angle": -22.5, "axis": "z", "origin": [4.27911, 2.14293, 11.57334]},
			"faces": {
				"north": {"uv": [0, 0, 1, 1], "texture": "#1"},
				"east": {"uv": [0, 0, 1, 1], "texture": "#1"},
				"south": {"uv": [0, 0, 1, 1], "texture": "#1"},
				"west": {"uv": [0, 0, 1, 1], "texture": "#1"},
				"up": {"uv": [0, 0, 1, 1], "texture": "#1"},
				"down": {"uv": [0, 0, 1, 1], "texture": "#1"}
			}
		},
		{
			"from": [9.36356, 1.82141, 9.16258],
			"to": [9.96898, 3.46191, 10.19976],
			"rotation": {"angle": 0, "axis": "z", "origin": [5.22148, 0.54241, 12.55858]},
			"faces": {
				"north": {"uv": [0, 0, 1, 1], "texture": "#1"},
				"east": {"uv": [0, 0, 1, 1], "texture": "#1"},
				"south": {"uv": [0, 0, 1, 1], "texture": "#1"},
				"west": {"uv": [0, 0, 1, 1], "texture": "#1"},
				"up": {"uv": [0, 0, 1, 1], "texture": "#1"},
				"down": {"uv": [0, 0, 1, 1], "texture": "#1"}
			}
		},
		{
			"from": [7.55624, 3.42193, 4.69946],
			"to": [10.16167, 5.53733, 6.71706],
			"rotation": {"angle": 22.5, "axis": "z", "origin": [12.30374, 2.14293, 3.32106]},
			"faces": {
				"north": {"uv": [0, 0, 1, 1], "texture": "#1"},
				"east": {"uv": [0, 0, 1, 1], "texture": "#1"},
				"south": {"uv": [0, 0, 1, 1], "texture": "#1"},
				"west": {"uv": [0, 0, 1, 1], "texture": "#1"},
				"up": {"uv": [0, 0, 1, 1], "texture": "#1", "rotation": 180},
				"down": {"uv": [0, 0, 1, 1], "texture": "#1", "rotation": 180}
			}
		},
		{
			"from": [9.02574, 1.4025, 4.69946],
			"to": [11.04334, 4.45921, 6.71706],
			"rotation": {"angle": 0, "axis": "x", "origin": [13.18934, 2.2573, 5.88343]},
			"faces": {
				"north": {"uv": [0, 0, 1, 1], "texture": "#1"},
				"east": {"uv": [0, 0, 1, 1], "texture": "#1"},
				"south": {"uv": [0, 0, 1, 1], "texture": "#1"},
				"west": {"uv": [0, 0, 1, 1], "texture": "#1"},
				"up": {"uv": [0, 0, 1, 1], "texture": "#1", "rotation": 180},
				"down": {"uv": [0, 0, 1, 1], "texture": "#1", "rotation": 180}
			}
		},
		{
			"from": [6.61387, 1.82141, 4.69464],
			"to": [7.2193, 3.46191, 5.73182],
			"rotation": {"angle": 0, "axis": "z", "origin": [11.36137, 0.54241, 2.33582]},
			"faces": {
				"north": {"uv": [0, 0, 1, 1], "texture": "#1"},
				"east": {"uv": [0, 0, 1, 1], "texture": "#1"},
				"south": {"uv": [0, 0, 1, 1], "texture": "#1"},
				"west": {"uv": [0, 0, 1, 1], "texture": "#1"},
				"up": {"uv": [0, 0, 1, 1], "texture": "#1", "rotation": 180},
				"down": {"uv": [0, 0, 1, 1], "texture": "#1", "rotation": 180}
			}
		},
		{
			"from": [5.54786, 3.42193, 6.71619],
			"to": [7.56546, 5.53733, 9.32161],
			"rotation": {"angle": -22.5, "axis": "x", "origin": [4.16946, 2.14293, 11.46368]},
			"faces": {
				"north": {"uv": [1, 0, 0, 1], "texture": "#1"},
				"east": {"uv": [1, 0, 0, 1], "texture": "#1"},
				"south": {"uv": [1, 0, 0, 1], "texture": "#1"},
				"west": {"uv": [1, 0, 0, 1], "texture": "#1"},
				"up": {"uv": [0, 1, 1, 0], "texture": "#1", "rotation": 90},
				"down": {"uv": [0, 1, 1, 0], "texture": "#1", "rotation": 270}
			}
		},
		{
			"from": [10.01098, 1.82141, 8.5235],
			"to": [11.04816, 3.46191, 9.12892],
			"rotation": {"angle": 0, "axis": "x", "origin": [13.40698, 0.54241, 4.38142]},
			"faces": {
				"north": {"uv": [1, 0, 0, 1], "texture": "#1"},
				"east": {"uv": [1, 0, 0, 1], "texture": "#1"},
				"south": {"uv": [1, 0, 0, 1], "texture": "#1"},
				"west": {"uv": [1, 0, 0, 1], "texture": "#1"},
				"up": {"uv": [0, 1, 1, 0], "texture": "#1", "rotation": 270},
				"down": {"uv": [0, 1, 1, 0], "texture": "#1", "rotation": 90}
			}
		},
		{
			"from": [9.02574, 3.42193, 5.58113],
			"to": [11.04334, 5.53733, 8.18655],
			"rotation": {"angle": 22.5, "axis": "x", "origin": [12.42174, 2.14293, 3.43905]},
			"faces": {
				"north": {"uv": [1, 0, 0, 1], "texture": "#1"},
				"east": {"uv": [1, 0, 0, 1], "texture": "#1"},
				"south": {"uv": [1, 0, 0, 1], "texture": "#1"},
				"west": {"uv": [1, 0, 0, 1], "texture": "#1"},
				"up": {"uv": [0, 1, 1, 0], "texture": "#1", "rotation": 270},
				"down": {"uv": [0, 1, 1, 0], "texture": "#1", "rotation": 90}
			}
		},
		{
			"from": [5.54304, 1.82141, 5.77382],
			"to": [6.58022, 3.46191, 6.37924],
			"rotation": {"angle": 0, "axis": "x", "origin": [3.18422, 0.54241, 10.52131]},
			"faces": {
				"north": {"uv": [1, 0, 0, 1], "texture": "#1"},
				"east": {"uv": [1, 0, 0, 1], "texture": "#1"},
				"south": {"uv": [1, 0, 0, 1], "texture": "#1"},
				"west": {"uv": [1, 0, 0, 1], "texture": "#1"},
				"up": {"uv": [0, 1, 1, 0], "texture": "#1", "rotation": 90},
				"down": {"uv": [0, 1, 1, 0], "texture": "#1", "rotation": 270}
			}
		},
		{
			"from": [7.55711, 1.9025, 6.71706],
			"to": [9.02574, 5.20921, 8.17734],
			"rotation": {"angle": 0, "axis": "x", "origin": [6.16111, 2.2573, 6.24337]},
			"faces": {
				"north": {"uv": [0, 0, 1, 1], "texture": "#1"},
				"east": {"uv": [0, 0, 1, 1], "texture": "#1"},
				"south": {"uv": [0, 0, 1, 1], "texture": "#1"},
				"west": {"uv": [0, 0, 1, 1], "texture": "#1"},
				"up": {"uv": [0, 0, 1, 1], "texture": "#1"},
				"down": {"uv": [0, 0, 1, 1], "texture": "#1"}
			}
		},
		{
			"from": [6.55711, 1.4025, 5.71706],
			"to": [10.02574, 4.70921, 9.17734],
			"rotation": {"angle": 0, "axis": "x", "origin": [6.16111, 2.2573, 6.24337]},
			"faces": {
				"north": {"uv": [0, 0, 1, 1], "texture": "#1"},
				"east": {"uv": [0, 0, 1, 1], "texture": "#1"},
				"south": {"uv": [0, 0, 1, 1], "texture": "#1"},
				"west": {"uv": [0, 0, 1, 1], "texture": "#1"},
				"up": {"uv": [0, 0, 1, 1], "texture": "#1"},
				"down": {"uv": [0, 0, 1, 1], "texture": "#1"}
			}
		},
		{
			"from": [9.89501, -0.0806, 3.01126],
			"to": [12.63894, 4.07653, 5.7552],
			"rotation": {"angle": 0, "axis": "x", "origin": [15.5575, 1.08193, 4.62146]},
			"faces": {
				"north": {"uv": [0, 0, 1, 1], "texture": "#1"},
				"east": {"uv": [0, 0, 1, 1], "texture": "#1"},
				"south": {"uv": [0, 0, 1, 1], "texture": "#1"},
				"west": {"uv": [0, 0, 1, 1], "texture": "#1"},
				"up": {"uv": [0, 0, 1, 1], "texture": "#1", "rotation": 180},
				"down": {"uv": [0, 0, 1, 1], "texture": "#1", "rotation": 180}
			}
		},
		{
			"from": [7.89649, 2.66582, 3.01126],
			"to": [11.43987, 5.54277, 5.7552],
			"rotation": {"angle": 22.5, "axis": "z", "origin": [14.35309, 0.92638, 1.13664]},
			"faces": {
				"north": {"uv": [0, 0, 1, 1], "texture": "#1"},
				"east": {"uv": [0, 0, 1, 1], "texture": "#1"},
				"south": {"uv": [0, 0, 1, 1], "texture": "#1"},
				"west": {"uv": [0, 0, 1, 1], "texture": "#1"},
				"up": {"uv": [0, 0, 1, 1], "texture": "#1", "rotation": 180},
				"down": {"uv": [0, 0, 1, 1], "texture": "#1", "rotation": 180}
			}
		},
		{
			"from": [6.61487, 0.48912, 3.00471],
			"to": [7.43824, 2.7202, 4.41527],
			"rotation": {"angle": 0, "axis": "z", "origin": [13.07146, -1.25032, -0.20329]},
			"faces": {
				"north": {"uv": [0, 0, 1, 1], "texture": "#1"},
				"east": {"uv": [0, 0, 1, 1], "texture": "#1"},
				"south": {"uv": [0, 0, 1, 1], "texture": "#1"},
				"west": {"uv": [0, 0, 1, 1], "texture": "#1"},
				"up": {"uv": [0, 0, 1, 1], "texture": "#1", "rotation": 180},
				"down": {"uv": [0, 0, 1, 1], "texture": "#1", "rotation": 180}
			}
		},
		{
			"from": [4.15853, 0.48912, 5.47239],
			"to": [5.5691, 2.7202, 6.29576],
			"rotation": {"angle": 0, "axis": "x", "origin": [0.95054, -1.25032, 11.92899]},
			"faces": {
				"north": {"uv": [1, 0, 0, 1], "texture": "#1"},
				"east": {"uv": [1, 0, 0, 1], "texture": "#1"},
				"south": {"uv": [1, 0, 0, 1], "texture": "#1"},
				"west": {"uv": [1, 0, 0, 1], "texture": "#1"},
				"up": {"uv": [0, 1, 1, 0], "texture": "#1", "rotation": 90},
				"down": {"uv": [0, 1, 1, 0], "texture": "#1", "rotation": 270}
			}
		},
		{
			"from": [4.16509, 2.66582, 6.75401],
			"to": [6.90902, 5.54277, 10.29739],
			"rotation": {"angle": -22.5, "axis": "x", "origin": [2.29046, 0.92638, 13.21061]},
			"faces": {
				"north": {"uv": [1, 0, 0, 1], "texture": "#1"},
				"east": {"uv": [1, 0, 0, 1], "texture": "#1"},
				"south": {"uv": [1, 0, 0, 1], "texture": "#1"},
				"west": {"uv": [1, 0, 0, 1], "texture": "#1"},
				"up": {"uv": [0, 1, 1, 0], "texture": "#1", "rotation": 90},
				"down": {"uv": [0, 1, 1, 0], "texture": "#1", "rotation": 270}
			}
		},
		{
			"from": [4.15374, -0.0806, 8.74118],
			"to": [6.89767, 4.07653, 11.48512],
			"rotation": {"angle": 0, "axis": "x", "origin": [1.23518, 1.08193, 9.87491]},
			"faces": {
				"north": {"uv": [0, 0, 1, 1], "texture": "#1"},
				"east": {"uv": [0, 0, 1, 1], "texture": "#1"},
				"south": {"uv": [0, 0, 1, 1], "texture": "#1"},
				"west": {"uv": [0, 0, 1, 1], "texture": "#1"},
				"up": {"uv": [0, 0, 1, 1], "texture": "#1"},
				"down": {"uv": [0, 0, 1, 1], "texture": "#1"}
			}
		},
		{
			"from": [5.35281, 2.66582, 8.74118],
			"to": [8.89619, 5.54277, 11.48512],
			"rotation": {"angle": -22.5, "axis": "z", "origin": [2.43959, 0.92638, 13.35974]},
			"faces": {
				"north": {"uv": [0, 0, 1, 1], "texture": "#1"},
				"east": {"uv": [0, 0, 1, 1], "texture": "#1"},
				"south": {"uv": [0, 0, 1, 1], "texture": "#1"},
				"west": {"uv": [0, 0, 1, 1], "texture": "#1"},
				"up": {"uv": [0, 0, 1, 1], "texture": "#1"},
				"down": {"uv": [0, 0, 1, 1], "texture": "#1"}
			}
		},
		{
			"from": [9.35444, 0.48912, 10.0811],
			"to": [10.17781, 2.7202, 11.49167],
			"rotation": {"angle": 0, "axis": "z", "origin": [3.72121, -1.25032, 14.69966]},
			"faces": {
				"north": {"uv": [0, 0, 1, 1], "texture": "#1"},
				"east": {"uv": [0, 0, 1, 1], "texture": "#1"},
				"south": {"uv": [0, 0, 1, 1], "texture": "#1"},
				"west": {"uv": [0, 0, 1, 1], "texture": "#1"},
				"up": {"uv": [0, 0, 1, 1], "texture": "#1"},
				"down": {"uv": [0, 0, 1, 1], "texture": "#1"}
			}
		},
		{
			"from": [7.2783, 0.48946, 9.76919],
			"to": [10.76005, 2.7202, 18.28054],
			"rotation": {"angle": 45, "axis": "y", "origin": [0.53317, -1.06801, 11.38608]},
			"faces": {
				"north": {"uv": [0, 0, 1, 1], "texture": "#1"},
				"east": {"uv": [0, 0, 1, 1], "texture": "#1"},
				"south": {"uv": [0, 0, 1, 1], "texture": "#1"},
				"west": {"uv": [0, 0, 1, 1], "texture": "#1"},
				"up": {"uv": [0, 0, 1, 1], "texture": "#1"},
				"down": {"uv": [0, 0, 1, 1], "texture": "#1"}
			}
		},
		{
			"from": [11.23493, 0.48912, 8.21196],
			"to": [12.6455, 2.7202, 9.03534],
			"rotation": {"angle": 0, "axis": "x", "origin": [15.85349, -1.25032, 2.57874]},
			"faces": {
				"north": {"uv": [1, 0, 0, 1], "texture": "#1"},
				"east": {"uv": [1, 0, 0, 1], "texture": "#1"},
				"south": {"uv": [1, 0, 0, 1], "texture": "#1"},
				"west": {"uv": [1, 0, 0, 1], "texture": "#1"},
				"up": {"uv": [0, 1, 1, 0], "texture": "#1", "rotation": 270},
				"down": {"uv": [0, 1, 1, 0], "texture": "#1", "rotation": 90}
			}
		},
		{
			"from": [9.89501, 2.66582, 4.21034],
			"to": [12.63894, 5.54277, 7.75371],
			"rotation": {"angle": 22.5, "axis": "x", "origin": [14.51357, 0.92638, 1.29711]},
			"faces": {
				"north": {"uv": [1, 0, 0, 1], "texture": "#1"},
				"east": {"uv": [1, 0, 0, 1], "texture": "#1"},
				"south": {"uv": [1, 0, 0, 1], "texture": "#1"},
				"west": {"uv": [1, 0, 0, 1], "texture": "#1"},
				"up": {"uv": [0, 1, 1, 0], "texture": "#1", "rotation": 270},
				"down": {"uv": [0, 1, 1, 0], "texture": "#1", "rotation": 90}
			}
		},
		{
			"from": [6.57477, 1.41154, 1.29461],
			"to": [13.90077, 2.54154, 2.17461],
			"rotation": {"angle": 22.5, "axis": "z", "origin": [11.85477, 2.10154, 1.73461]},
			"faces": {
				"north": {"uv": [0, 0, 1, 1], "texture": "#1"},
				"east": {"uv": [0, 0, 1, 1], "texture": "#1"},
				"south": {"uv": [0, 0, 1, 1], "texture": "#1"},
				"west": {"uv": [0, 0, 1, 1], "texture": "#1"},
				"up": {"uv": [0, 0, 1, 1], "texture": "#1", "rotation": 180},
				"down": {"uv": [0, 0, 1, 1], "texture": "#1", "rotation": 180}
			}
		},
		{
			"from": [13.57665, 2.228, 1.29461],
			"to": [14.45665, 3.29101, 2.17461],
			"rotation": {"angle": 0, "axis": "x", "origin": [14.01665, 1.4, 3.93461]},
			"faces": {
				"north": {"uv": [0, 0, 1, 1], "texture": "#1"},
				"east": {"uv": [0, 0, 1, 1], "texture": "#1"},
				"south": {"uv": [0, 0, 1, 1], "texture": "#1"},
				"west": {"uv": [0, 0, 1, 1], "texture": "#1"},
				"up": {"uv": [0, 0, 1, 1], "texture": "#1", "rotation": 180},
				"down": {"uv": [0, 0, 1, 1], "texture": "#1", "rotation": 180}
			}
		},
		{
			"from": [13.57665, 1.41154, 1.85049],
			"to": [14.45665, 2.54154, 9.17649],
			"rotation": {"angle": 22.5, "axis": "x", "origin": [14.01665, 2.10154, 3.89649]},
			"faces": {
				"north": {"uv": [0, 0, 1, 1], "texture": "#1"},
				"east": {"uv": [0, 0, 1, 1], "texture": "#1"},
				"south": {"uv": [0, 0, 1, 1], "texture": "#1"},
				"west": {"uv": [0, 0, 1, 1], "texture": "#1"},
				"up": {"uv": [0, 0, 1, 1], "texture": "#1", "rotation": 180},
				"down": {"uv": [0, 0, 1, 1], "texture": "#1", "rotation": 180}
			}
		},
		{
			"from": [1.071, -0.57556, 7.51422],
			"to": [11.88739, 0.48748, 14.12095],
			"rotation": {"angle": -45, "axis": "y", "origin": [11.44739, 0.04844, 11.32996]},
			"faces": {
				"north": {"uv": [0, 0, 1, 1], "texture": "#1"},
				"east": {"uv": [0, 0, 1, 1], "texture": "#1"},
				"south": {"uv": [0, 0, 1, 1], "texture": "#1"},
				"west": {"uv": [0, 0, 1, 1], "texture": "#1"},
				"up": {"uv": [0, 0, 1, 1], "texture": "#1", "rotation": 180},
				"down": {"uv": [0, 0, 1, 1], "texture": "#1", "rotation": 180}
			}
		},
		{
			"from": [2.69253, 1.41154, 12.73461],
			"to": [10.01853, 2.54154, 13.61461],
			"rotation": {"angle": -22.5, "axis": "z", "origin": [4.73853, 2.10154, 13.17461]},
			"faces": {
				"north": {"uv": [0, 0, 1, 1], "texture": "#1"},
				"east": {"uv": [0, 0, 1, 1], "texture": "#1"},
				"south": {"uv": [0, 0, 1, 1], "texture": "#1"},
				"west": {"uv": [0, 0, 1, 1], "texture": "#1"},
				"up": {"uv": [0, 0, 1, 1], "texture": "#1"},
				"down": {"uv": [0, 0, 1, 1], "texture": "#1"}
			}
		},
		{
			"from": [2.13665, 2.228, 12.73461],
			"to": [3.01665, 3.29101, 13.61461],
			"rotation": {"angle": 0, "axis": "x", "origin": [2.57665, 1.4, 10.97461]},
			"faces": {
				"north": {"uv": [0, 0, 1, 1], "texture": "#1"},
				"east": {"uv": [0, 0, 1, 1], "texture": "#1"},
				"south": {"uv": [0, 0, 1, 1], "texture": "#1"},
				"west": {"uv": [0, 0, 1, 1], "texture": "#1"},
				"up": {"uv": [0, 0, 1, 1], "texture": "#1"},
				"down": {"uv": [0, 0, 1, 1], "texture": "#1"}
			}
		},
		{
			"from": [2.13665, 1.41154, 5.73274],
			"to": [3.01665, 2.54154, 13.05874],
			"rotation": {"angle": -22.5, "axis": "x", "origin": [2.57665, 2.10154, 11.01274]},
			"faces": {
				"north": {"uv": [0, 0, 1, 1], "texture": "#1"},
				"east": {"uv": [0, 0, 1, 1], "texture": "#1"},
				"south": {"uv": [0, 0, 1, 1], "texture": "#1"},
				"west": {"uv": [0, 0, 1, 1], "texture": "#1"},
				"up": {"uv": [0, 0, 1, 1], "texture": "#1"},
				"down": {"uv": [0, 0, 1, 1], "texture": "#1"}
			}
		},
		{
			"from": [9.44823, -0.57554, 12.73461],
			"to": [9.78499, 0.48749, 13.61461],
			"rotation": {"angle": 0, "axis": "z", "origin": [4.50499, 0.04748, 13.17461]},
			"faces": {
				"north": {"uv": [0, 0, 1, 1], "texture": "#1"},
				"east": {"uv": [0, 0, 1, 1], "texture": "#1"},
				"south": {"uv": [0, 0, 1, 1], "texture": "#1"},
				"west": {"uv": [0, 0, 1, 1], "texture": "#1"},
				"up": {"uv": [0, 0, 1, 1], "texture": "#1"},
				"down": {"uv": [0, 0, 1, 1], "texture": "#1"}
			}
		},
		{
			"from": [6.80831, -0.57556, 1.29461],
			"to": [7.14507, 0.48748, 2.17461],
			"rotation": {"angle": 0, "axis": "z", "origin": [2.74507, 0.04746, 16.69461]},
			"faces": {
				"north": {"uv": [0, 0, 1, 1], "texture": "#1"},
				"east": {"uv": [0, 0, 1, 1], "texture": "#1"},
				"south": {"uv": [0, 0, 1, 1], "texture": "#1"},
				"west": {"uv": [0, 0, 1, 1], "texture": "#1"},
				"up": {"uv": [0, 0, 1, 1], "texture": "#1"},
				"down": {"uv": [0, 0, 1, 1], "texture": "#1"}
			}
		},
		{
			"from": [13.57665, -0.57556, 8.60619],
			"to": [14.45665, 0.48748, 8.94295],
			"rotation": {"angle": 0, "axis": "x", "origin": [-0.94335, 0.04746, 4.54295]},
			"faces": {
				"north": {"uv": [0, 0, 1, 1], "texture": "#1"},
				"east": {"uv": [0, 0, 1, 1], "texture": "#1"},
				"south": {"uv": [0, 0, 1, 1], "texture": "#1"},
				"west": {"uv": [0, 0, 1, 1], "texture": "#1"},
				"up": {"uv": [0, 0, 1, 1], "texture": "#1", "rotation": 90},
				"down": {"uv": [0, 0, 1, 1], "texture": "#1", "rotation": 270}
			}
		},
		{
			"from": [2.13665, -0.57556, 5.96627],
			"to": [3.01665, 0.48748, 6.30303],
			"rotation": {"angle": 0, "axis": "x", "origin": [2.57665, 0.04746, 1.02303]},
			"faces": {
				"north": {"uv": [0, 0, 1, 1], "texture": "#1"},
				"east": {"uv": [0, 0, 1, 1], "texture": "#1"},
				"south": {"uv": [0, 0, 1, 1], "texture": "#1"},
				"west": {"uv": [0, 0, 1, 1], "texture": "#1"},
				"up": {"uv": [0, 0, 1, 1], "texture": "#1", "rotation": 90},
				"down": {"uv": [0, 0, 1, 1], "texture": "#1", "rotation": 270}
			}
		}
	],
	"display": {
		"head": {
			"translation": [0, 23.5, 0],
			"rotation": [0, 48, 0]
		},
		"thirdperson_righthand": {
			"scale": [0.625, 1, 0.625]
		}
	},
	"groups": [
		{
			"name": "group",
			"isOpen": true,
			"shade": true,
			"display": {
				"visibility": true,
				"autouv": false
			},
			"children": [0, 1, 2, 3, 4, 5, 6, 7, 8, 9, 10]
		},
		{
			"name": "group",
			"isOpen": true,
			"shade": true,
			"display": {
				"visibility": true,
				"autouv": false
			},
			"children": [11, 12, 13, 14, 15, 16, 17, 18, 19, 20, 21]
		},
		{
			"name": "group",
			"isOpen": true,
			"shade": true,
			"display": {
				"visibility": true,
				"autouv": false
			},
			"children": [22, 23, 24, 25, 26, 27, 28, 29, 30, 31, 32, 33, 34, 35, 36, 37, 38, 39, 40, 41, 42, 43, 44, 45, 46, 47, 48, 49, 50, 51, 52, 53, 54, 55, 56]
		},
		{
			"name": "group",
			"isOpen": true,
			"shade": true,
			"display": {
				"visibility": true,
				"autouv": false
			},
			"children": [57, 58, 59, 60, 61, 62, 63, 64, 65, 66, 67]
		}
	]
}