{
	"credit": "Made with Blockbench by dragonmaster95",
	"textures": {
		"face": "minigames/bb/bowser_balloon_0",
		"particle": "minigames/bb/bowser_balloon_belly",
		"body": "minigames/bb/bowser_balloon_belly"
	},
	"elements": [
		{
			"from": [15.80603, 28.09638, 7.13585],
			"to": [16.35196, 29.67506, 8.93585],
			"rotation": {"angle": 22.5, "axis": "z", "origin": [4.91716, 1.39849, 8.03585]},
			"faces": {
				"north": {"uv": [10.00625, 1.25625, 10.24375, 1.49375], "texture": "#face"},
				"east": {"uv": [10.00625, 1.25625, 10.24375, 1.49375], "texture": "#face"},
				"south": {"uv": [10.00625, 1.25625, 10.24375, 1.49375], "texture": "#face"}
			}
		},
		{
			"from": [24.58423, 19.1497, 7.13585],
			"to": [25.78423, 22.1497, 8.93585],
			"rotation": {"angle": 45, "axis": "z", "origin": [4.91716, 1.39849, 8.03585]},
			"faces": {
				"north": {"uv": [10.00625, 1.25625, 10.24375, 1.49375], "texture": "#face"},
				"east": {"uv": [10.00625, 1.25625, 10.24375, 1.49375], "texture": "#face"},
				"south": {"uv": [10.00625, 1.25625, 10.24375, 1.49375], "texture": "#face"}
			}
		},
		{
			"from": [4.15057, 29.97853, 7.13585],
			"to": [4.66057, 31.89853, 8.93585],
			"rotation": {"angle": 0, "axis": "z", "origin": [4.91716, 1.39849, 8.03585]},
			"faces": {
				"north": {"uv": [10.00625, 1.25625, 10.24375, 1.49375], "texture": "#face"},
				"south": {"uv": [10.00625, 1.25625, 10.24375, 1.49375], "texture": "#face"},
				"west": {"uv": [10.00625, 1.25625, 10.24375, 1.49375], "texture": "#face"},
				"up": {"uv": [10.00625, 1.25625, 10.24375, 1.49375], "texture": "#face"}
			}
		},
		{
			"from": [-0.35196, 28.09638, 7.13585],
			"to": [0.19397, 29.67506, 8.93585],
			"rotation": {"angle": -22.5, "axis": "z", "origin": [11.08284, 1.39849, 8.03585]},
			"faces": {
				"north": {"uv": [10.00625, 1.25625, 10.24375, 1.49375], "texture": "#face"},
				"south": {"uv": [10.00625, 1.25625, 10.24375, 1.49375], "texture": "#face"},
				"west": {"uv": [10.00625, 1.25625, 10.24375, 1.49375], "texture": "#face"}
			}
		},
		{
			"from": [-9.78423, 19.1497, 7.13585],
			"to": [-8.58423, 22.1497, 8.93585],
			"rotation": {"angle": -45, "axis": "z", "origin": [11.08284, 1.39849, 8.03585]},
			"faces": {
				"north": {"uv": [10.00625, 1.25625, 10.24375, 1.49375], "texture": "#face"},
				"south": {"uv": [10.00625, 1.25625, 10.24375, 1.49375], "texture": "#face"},
				"west": {"uv": [10.00625, 1.25625, 10.24375, 1.49375], "texture": "#face"}
			}
		},
		{
			"from": [11.33943, 29.97853, 7.13585],
			"to": [11.84943, 31.89853, 8.93585],
			"rotation": {"angle": 0, "axis": "z", "origin": [11.08284, 1.39849, 8.03585]},
			"faces": {
				"north": {"uv": [10.00625, 1.25625, 10.24375, 1.49375], "texture": "#face"},
				"east": {"uv": [10.00625, 1.25625, 10.24375, 1.49375], "texture": "#face"},
				"south": {"uv": [10.00625, 1.25625, 10.24375, 1.49375], "texture": "#face"},
				"up": {"uv": [10.00625, 1.25625, 10.24375, 1.49375], "texture": "#face"}
			}
		},
		{
			"from": [7.1, 19.01076, 26.75474],
			"to": [8.9, 22.61076, 30.35474],
			"rotation": {"angle": -45, "axis": "x", "origin": [8, 0.26931, 8.01328]},
			"faces": {
				"east": {"uv": [10.00625, 1.00625, 10.24375, 1.24375], "rotation": 90, "texture": "#face"},
				"south": {"uv": [10.00625, 1.00625, 10.24375, 1.24375], "rotation": 90, "texture": "#face"},
				"west": {"uv": [10.00625, 1.00625, 10.24375, 1.24375], "rotation": 90, "texture": "#face"},
				"up": {"uv": [10.00625, 1.00625, 10.24375, 1.24375], "rotation": 90, "texture": "#face"}
			}
		},
		{
			"from": [7.7, 18.71076, 26.45474],
			"to": [8.3, 22.91076, 30.65474],
			"rotation": {"angle": -45, "axis": "x", "origin": [8, 0.26931, 8.01328]},
			"faces": {
				"east": {"uv": [10.00625, 1.00625, 10.24375, 1.24375], "rotation": 90, "texture": "#face"},
				"south": {"uv": [10.00625, 1.00625, 10.24375, 1.24375], "rotation": 90, "texture": "#face"},
				"west": {"uv": [10.00625, 1.00625, 10.24375, 1.24375], "rotation": 90, "texture": "#face"},
				"up": {"uv": [10.00625, 1.00625, 10.24375, 1.24375], "rotation": 90, "texture": "#face"}
			}
		},
		{
			"name": "octagon",
			"from": [6.5941, 23.32297, 4.60208],
			"to": [9.4059, 29.32297, 11.39036],
			"rotation": {"angle": 22.5, "axis": "y", "origin": [8, -2.72703, 7.99622]},
			"faces": {
				"north": {"uv": [9.99375, 0.00625, 5.00625, 15.99375], "texture": "#face"},
				"south": {"uv": [0.49375, 0.00625, 0.00625, 15.99375], "texture": "#face"},
				"up": {"uv": [1.00625, 5.00625, 1.99375, 5.99375], "rotation": 90, "texture": "#face"},
				"down": {"uv": [1.99375, 13.00625, 1.00625, 13.99375], "rotation": 270, "texture": "#face"}
			}
		},
		{
			"name": "octagon",
			"from": [6.5941, 23.32297, 4.60208],
			"to": [9.4059, 29.32297, 11.39036],
			"rotation": {"angle": -22.5, "axis": "y", "origin": [8, -2.72703, 7.99622]},
			"faces": {
				"north": {"uv": [5.00625, 0.00625, 9.99375, 15.99375], "texture": "#face"},
				"south": {"uv": [0.49375, 0.00625, 0.00625, 15.99375], "texture": "#face"},
				"up": {"uv": [1.00625, 5.00625, 1.99375, 5.99375], "rotation": 90, "texture": "#face"},
				"down": {"uv": [1.99375, 13.00625, 1.00625, 13.99375], "rotation": 270, "texture": "#face"}
			}
		},
		{
			"name": "octagon",
			"from": [4.60586, 23.32297, 6.59033],
			"to": [11.39414, 29.32297, 9.40212],
			"rotation": {"angle": 22.5, "axis": "y", "origin": [8, -2.72703, 7.99622]},
			"faces": {
				"east": {"uv": [0.00625, 0.00625, 4.99375, 15.99375], "texture": "#face"},
				"west": {"uv": [0.49375, 0.00625, 0.00625, 15.99375], "texture": "#face"},
				"up": {"uv": [1.00625, 5.00625, 1.99375, 5.99375], "rotation": 90, "texture": "#face"},
				"down": {"uv": [1.99375, 13.00625, 1.00625, 13.99375], "rotation": 270, "texture": "#face"}
			}
		},
		{
			"name": "octagon",
			"from": [4.60586, 23.32297, 6.59033],
			"to": [11.39414, 29.32297, 9.40212],
			"rotation": {"angle": -22.5, "axis": "y", "origin": [8, -2.72703, 7.99622]},
			"faces": {
				"east": {"uv": [0.49375, 0.00625, 0.00625, 15.99375], "texture": "#face"},
				"west": {"uv": [4.99375, 0.00625, 0.00625, 15.99375], "texture": "#face"},
				"up": {"uv": [1.00625, 5.00625, 1.99375, 5.99375], "rotation": 90, "texture": "#face"},
				"down": {"uv": [1.99375, 13.00625, 1.00625, 13.99375], "rotation": 270, "texture": "#face"}
			}
		},
		{
			"name": "hexadecagon",
			"from": [0.85131, 13.15685, 6.5],
			"to": [3.83499, 21.15685, 11.5],
			"rotation": {"angle": -45, "axis": "z", "origin": [8, 8, 8]},
			"faces": {
				"north": {"uv": [0.00625, 8.50625, 0.99375, 9.49375], "texture": "#face"},
				"south": {"uv": [10.00625, 0.75625, 10.24375, 0.99375], "texture": "#face"},
				"up": {"uv": [10.00625, 0.00625, 10.24375, 0.99375], "texture": "#face"}
			}
		},
		{
			"name": "hexadecagon",
			"from": [3.44669, 14.89104, 6.5],
			"to": [6.43037, 22.89104, 11.5],
			"rotation": {"angle": -22.5, "axis": "z", "origin": [8, 8, 8]},
			"faces": {
				"north": {"uv": [0.00625, 8.50625, 0.99375, 9.49375], "texture": "#face"},
				"south": {"uv": [10.00625, 0.75625, 10.24375, 0.99375], "texture": "#face"},
				"up": {"uv": [10.00625, 0.00625, 10.24375, 0.99375], "texture": "#face"}
			}
		},
		{
			"name": "hexadecagon",
			"from": [6.50816, 15.5, 6.5],
			"to": [9.49184, 23.5, 11.5],
			"faces": {
				"north": {"uv": [0.00625, 8.50625, 0.99375, 9.49375], "texture": "#face"},
				"south": {"uv": [10.00625, 0.75625, 10.24375, 0.99375], "texture": "#face"},
				"up": {"uv": [10.00625, 0.00625, 10.24375, 0.99375], "texture": "#face"}
			}
		},
		{
			"name": "hexadecagon",
			"from": [9.56963, 14.89104, 6.5],
			"to": [12.55331, 22.89104, 11.5],
			"rotation": {"angle": 22.5, "axis": "z", "origin": [8, 8, 8]},
			"faces": {
				"north": {"uv": [0.00625, 8.50625, 0.99375, 9.49375], "texture": "#face"},
				"south": {"uv": [10.00625, 0.75625, 10.24375, 0.99375], "texture": "#face"},
				"up": {"uv": [10.00625, 0.00625, 10.24375, 0.99375], "texture": "#face"}
			}
		},
		{
			"name": "hexadecagon",
			"from": [12.16501, 13.15685, 6.5],
			"to": [15.14869, 21.15685, 11.5],
			"rotation": {"angle": 45, "axis": "z", "origin": [8, 8, 8]},
			"faces": {
				"north": {"uv": [0.00625, 8.50625, 0.99375, 9.49375], "texture": "#face"},
				"south": {"uv": [10.00625, 0.75625, 10.24375, 0.99375], "texture": "#face"},
				"up": {"uv": [10.00625, 0.00625, 10.24375, 0.99375], "texture": "#face"}
			}
		},
		{
			"name": "hexadecagon",
			"from": [-2.56147, 12.89919, 6.5],
			"to": [5.43853, 16.88288, 11.5],
			"rotation": {"angle": -22.5, "axis": "z", "origin": [8, 8, 8]},
			"faces": {
				"north": {"uv": [0.00625, 8.50625, 0.99375, 9.49375], "texture": "#face"},
				"south": {"uv": [10.00625, 0.75625, 10.24375, 0.99375], "texture": "#face"},
				"west": {"uv": [10.00625, 0.00625, 10.24375, 0.99375], "rotation": 270, "texture": "#face"}
			}
		},
		{
			"name": "hexadecagon",
			"from": [0.11732, 12.43204, 6.5],
			"to": [15.88268, 16.56796, 11.5],
			"rotation": {"angle": 0, "axis": "z", "origin": [8.38268, 7.07612, 8]},
			"faces": {
				"north": {"uv": [0.00625, 8.50625, 0.99375, 9.49375], "texture": "#face"},
				"east": {"uv": [10.00625, 0.00625, 10.24375, 0.99375], "rotation": 90, "texture": "#face"},
				"south": {"uv": [10.00625, 0.75625, 10.24375, 0.99375], "texture": "#face"},
				"west": {"uv": [10.00625, 0.00625, 10.24375, 0.99375], "rotation": 270, "texture": "#face"}
			}
		},
		{
			"name": "hexadecagon",
			"from": [10.56147, 12.89919, 6.5],
			"to": [18.56147, 16.88288, 11.5],
			"rotation": {"angle": 22.5, "axis": "z", "origin": [8, 8, 8]},
			"faces": {
				"north": {"uv": [0.00625, 8.50625, 0.99375, 9.49375], "texture": "#face"},
				"east": {"uv": [10.00625, 0.00625, 10.24375, 0.99375], "rotation": 90, "texture": "#face"},
				"south": {"uv": [10.00625, 0.75625, 10.24375, 0.99375], "texture": "#face"}
			}
		},
		{
			"name": "hexadecagon",
			"from": [6.58658, 11.12755, 6.5],
			"to": [13.58658, 15.11124, 11.5],
			"rotation": {"angle": -22.5, "axis": "z", "origin": [8, 8, 8]},
			"faces": {
				"north": {"uv": [0.00625, 8.50625, 0.99375, 9.49375], "texture": "#face"},
				"east": {"uv": [10.00625, 0.00625, 10.24375, 0.99375], "rotation": 90, "texture": "#face"},
				"south": {"uv": [10.00625, 0.75625, 10.24375, 0.99375], "texture": "#face"}
			}
		},
		{
			"name": "hexadecagon",
			"from": [10.04369, 4.03553, 6.5],
			"to": [13.02737, 14.03553, 11.5],
			"rotation": {"angle": 45, "axis": "z", "origin": [8, 8, 8]},
			"faces": {
				"north": {"uv": [0.00625, 8.50625, 0.99375, 9.49375], "texture": "#face"},
				"south": {"uv": [10.00625, 0.75625, 10.24375, 0.99375], "texture": "#face"},
				"down": {"uv": [10.00625, 0.00625, 10.24375, 0.99375], "rotation": 180, "texture": "#face"}
			}
		},
		{
			"name": "hexadecagon",
			"from": [8.42158, 5.1194, 6.5],
			"to": [11.40526, 15.1194, 11.5],
			"rotation": {"angle": 22.5, "axis": "z", "origin": [8, 8, 8]},
			"faces": {
				"north": {"uv": [0.00625, 8.50625, 0.99375, 9.49375], "texture": "#face"},
				"south": {"uv": [10.00625, 0.75625, 10.24375, 0.99375], "texture": "#face"},
				"down": {"uv": [10.00625, 0.00625, 10.24375, 0.99375], "rotation": 180, "texture": "#face"}
			}
		},
		{
			"name": "hexadecagon",
			"from": [6.50816, 5.5, 6.5],
			"to": [9.49184, 15.5, 11.5],
			"faces": {
				"north": {"uv": [0.00625, 8.50625, 0.99375, 9.49375], "texture": "#face"},
				"south": {"uv": [10.00625, 0.75625, 10.24375, 0.99375], "texture": "#face"},
				"down": {"uv": [10.00625, 0.00625, 10.24375, 0.99375], "rotation": 180, "texture": "#face"}
			}
		},
		{
			"name": "hexadecagon",
			"from": [4.59474, 5.1194, 6.5],
			"to": [7.57842, 15.1194, 11.5],
			"rotation": {"angle": -22.5, "axis": "z", "origin": [8, 8, 8]},
			"faces": {
				"north": {"uv": [0.00625, 8.50625, 0.99375, 9.49375], "texture": "#face"},
				"south": {"uv": [10.00625, 0.75625, 10.24375, 0.99375], "texture": "#face"},
				"down": {"uv": [10.00625, 0.00625, 10.24375, 0.99375], "rotation": 180, "texture": "#face"}
			}
		},
		{
			"name": "hexadecagon",
			"from": [2.97263, 4.03553, 6.5],
			"to": [5.95631, 14.03553, 11.5],
			"rotation": {"angle": -45, "axis": "z", "origin": [8, 8, 8]},
			"faces": {
				"north": {"uv": [0.00625, 8.50625, 0.99375, 9.49375], "texture": "#face"},
				"south": {"uv": [10.00625, 0.75625, 10.24375, 0.99375], "texture": "#face"},
				"down": {"uv": [10.00625, 0.00625, 10.24375, 0.99375], "rotation": 180, "texture": "#face"}
			}
		},
		{
			"name": "hexadecagon",
			"from": [2.41342, 11.12755, 6.5],
			"to": [10.41342, 15.11124, 11.5],
			"rotation": {"angle": 22.5, "axis": "z", "origin": [8, 8, 8]},
			"faces": {
				"north": {"uv": [0.00625, 8.50625, 0.99375, 9.49375], "texture": "#face"},
				"south": {"uv": [10.00625, 0.75625, 10.24375, 0.99375], "texture": "#face"},
				"west": {"uv": [10.00625, 0.00625, 10.24375, 0.99375], "rotation": 270, "texture": "#face"}
			}
		},
		{
			"name": "hexadecagon",
			"from": [9.9788, 13.28885, 4.51],
			"to": [16.3788, 16.4758, 13.51],
			"rotation": {"angle": 22.5, "axis": "z", "origin": [8.00616, 9.55428, 8]},
			"faces": {
				"north": {"uv": [0.25625, 3.00625, 0.74375, 6.225], "texture": "#body"},
				"east": {"uv": [0.00625, 3.00625, 0.74375, 6.225], "texture": "#body"},
				"south": {"uv": [0.00625, 15.75625, 0.24375, 15.99375], "rotation": 270, "texture": "#body"}
			}
		},
		{
			"name": "hexadecagon",
			"from": [2.42863, 13.53833, 4.5],
			"to": [4.81557, 19.93833, 13.5],
			"rotation": {"angle": -45, "axis": "z", "origin": [8.00616, 9.55428, 8]},
			"faces": {
				"north": {"uv": [0.25625, 1.2, 0.74375, 2.95], "rotation": 90, "texture": "#body"},
				"south": {"uv": [0.00625, 15.75625, 0.24375, 15.99375], "rotation": 270, "texture": "#body"},
				"up": {"uv": [0.00625, 1.2, 0.74375, 2.95], "rotation": 270, "texture": "#body"}
			}
		},
		{
			"name": "hexadecagon",
			"from": [4.44004, 14.88233, 4.51],
			"to": [6.82699, 21.28233, 13.51],
			"rotation": {"angle": -22.5, "axis": "z", "origin": [8.00616, 9.55428, 8]},
			"faces": {
				"north": {"uv": [0.25625, 0.00625, 0.74375, 1.2], "rotation": 90, "texture": "#body"},
				"south": {"uv": [0.00625, 15.75625, 0.24375, 15.99375], "rotation": 270, "texture": "#body"},
				"up": {"uv": [0.00625, 0.00625, 0.74375, 1.2], "rotation": 270, "texture": "#body"}
			}
		},
		{
			"name": "hexadecagon",
			"from": [6.81268, 7.35428, 4.5],
			"to": [9.19963, 21.75428, 13.5],
			"rotation": {"angle": 0, "axis": "z", "origin": [8.00616, 9.55428, 8]},
			"faces": {
				"north": {"uv": [8.25625, 0.00625, 8.49375, 15.99375], "texture": "#body"},
				"south": {"uv": [0.00625, 15.75625, 0.24375, 15.99375], "rotation": 270, "texture": "#body"},
				"up": {"uv": [0.00625, 0.00625, 0.74375, 0.24375], "rotation": 270, "texture": "#body"},
				"down": {"uv": [0.00625, 15.75625, 0.74375, 15.99375], "rotation": 90, "texture": "#body"}
			}
		},
		{
			"name": "hexadecagon",
			"from": [9.18533, 14.88233, 4.51],
			"to": [11.57227, 21.28233, 13.51],
			"rotation": {"angle": 22.5, "axis": "z", "origin": [8.00616, 9.55428, 8]},
			"faces": {
				"north": {"uv": [0.25625, 0.00625, 0.74375, 1.2], "rotation": 270, "texture": "#body"},
				"south": {"uv": [0.00625, 15.75625, 0.24375, 15.99375], "rotation": 270, "texture": "#body"},
				"up": {"uv": [0.25625, 0.00625, 0.99375, 1.2], "rotation": 90, "texture": "#body"}
			}
		},
		{
			"name": "hexadecagon",
			"from": [11.19674, 13.53833, 4.5],
			"to": [13.58369, 19.93833, 13.5],
			"rotation": {"angle": 45, "axis": "z", "origin": [8.00616, 9.55428, 8]},
			"faces": {
				"north": {"uv": [0.25625, 1.2, 0.74375, 2.95], "rotation": 270, "texture": "#body"},
				"south": {"uv": [0.00625, 15.75625, 0.24375, 15.99375], "rotation": 270, "texture": "#body"},
				"up": {"uv": [0.25625, 1.2, 0.99375, 2.95], "rotation": 90, "texture": "#body"}
			}
		},
		{
			"name": "hexadecagon",
			"from": [-0.36648, 13.28885, 4.51],
			"to": [6.03352, 16.4758, 13.51],
			"rotation": {"angle": -22.5, "axis": "z", "origin": [8.00616, 9.55428, 8]},
			"faces": {
				"north": {"uv": [0.25625, 3.00625, 0.74375, 6.225], "texture": "#body"},
				"south": {"uv": [0.00625, 15.75625, 0.24375, 15.99375], "rotation": 270, "texture": "#body"},
				"west": {"uv": [0.25625, 3.00625, 0.99375, 6.225], "texture": "#body"}
			}
		},
		{
			"name": "hexadecagon",
			"from": [1.70001, 12.8999, 4.5],
			"to": [14.31231, 16.20865, 13.5],
			"rotation": {"angle": 0, "axis": "z", "origin": [8.31231, 8.81517, 8]},
			"faces": {
				"north": {"uv": [0.25625, 6.16183, 0.74375, 9.83817], "texture": "#body"},
				"east": {"uv": [0.00625, 6.16183, 0.74375, 9.83817], "texture": "#body"},
				"south": {"uv": [0.00625, 15.75625, 0.24375, 15.99375], "rotation": 270, "texture": "#body"},
				"west": {"uv": [0.25625, 6.16183, 0.99375, 9.83817], "texture": "#body"}
			}
		},
		{
			"name": "hexadecagon",
			"from": [6.95196, 11.87154, 4.51],
			"to": [12.55196, 15.05849, 13.51],
			"rotation": {"angle": -22.5, "axis": "z", "origin": [8.00616, 9.55428, 8]},
			"faces": {
				"north": {"uv": [0.25625, 9.8, 0.74375, 13.04], "texture": "#body"},
				"east": {"uv": [0.00625, 9.8, 0.74375, 13.04], "texture": "#body"},
				"south": {"uv": [0.00625, 15.75625, 0.24375, 15.99375], "rotation": 270, "texture": "#body"}
			}
		},
		{
			"name": "hexadecagon",
			"from": [9.49969, 6.24128, 4.5],
			"to": [11.88664, 14.24128, 13.5],
			"rotation": {"angle": 45, "axis": "z", "origin": [8.00616, 9.55428, 8]},
			"faces": {
				"north": {"uv": [0.25625, 13.01, 0.74375, 14.81], "rotation": 270, "texture": "#body"},
				"south": {"uv": [0.00625, 15.75625, 0.24375, 15.99375], "rotation": 270, "texture": "#body"},
				"down": {"uv": [0.00625, 13.01, 0.74375, 14.81], "rotation": 90, "texture": "#body"}
			}
		},
		{
			"name": "hexadecagon",
			"from": [8.26689, 7.06502, 4.51],
			"to": [10.65383, 15.06502, 13.51],
			"rotation": {"angle": 22.5, "axis": "z", "origin": [8.00616, 9.55428, 8]},
			"faces": {
				"north": {"uv": [0.25625, 14.8, 0.74375, 15.99375], "rotation": 270, "texture": "#body"},
				"south": {"uv": [0.00625, 15.75625, 0.24375, 15.99375], "rotation": 270, "texture": "#body"},
				"down": {"uv": [0.00625, 14.8, 0.74375, 15.99375], "rotation": 90, "texture": "#body"}
			}
		},
		{
			"name": "hexadecagon",
			"from": [5.35848, 7.06502, 4.51],
			"to": [7.74543, 15.06502, 13.51],
			"rotation": {"angle": -22.5, "axis": "z", "origin": [8.00616, 9.55428, 8]},
			"faces": {
				"north": {"uv": [0.25625, 14.8, 0.74375, 15.99375], "rotation": 90, "texture": "#body"},
				"south": {"uv": [0.00625, 15.75625, 0.24375, 15.99375], "rotation": 270, "texture": "#body"},
				"down": {"uv": [0.25625, 14.8, 0.99375, 15.99375], "rotation": 270, "texture": "#body"}
			}
		},
		{
			"name": "hexadecagon",
			"from": [4.12568, 6.24128, 4.5],
			"to": [6.51263, 14.24128, 13.5],
			"rotation": {"angle": -45, "axis": "z", "origin": [8.00616, 9.55428, 8]},
			"faces": {
				"north": {"uv": [0.25625, 13.01, 0.74375, 14.81], "rotation": 90, "texture": "#body"},
				"south": {"uv": [0.00625, 15.75625, 0.24375, 15.99375], "rotation": 270, "texture": "#body"},
				"down": {"uv": [0.25625, 13.01, 0.99375, 14.81], "rotation": 270, "texture": "#body"}
			}
		},
		{
			"name": "hexadecagon",
			"from": [3.46036, 11.87154, 4.51],
			"to": [9.86036, 15.05849, 13.51],
			"rotation": {"angle": 22.5, "axis": "z", "origin": [8.00616, 9.55428, 8]},
			"faces": {
				"north": {"uv": [0.25625, 9.8, 0.74375, 13.04], "texture": "#body"},
				"south": {"uv": [0.00625, 15.75625, 0.24375, 15.99375], "rotation": 270, "texture": "#body"},
				"west": {"uv": [0.25625, 9.8, 0.99375, 13.04], "texture": "#body"}
			}
		},
		{
			"from": [1.84315, 11.34315, 13.5],
			"to": [3.84315, 13.34315, 16.85],
			"rotation": {"angle": 45, "axis": "z", "origin": [8, 17.5, 13.5]},
			"faces": {
				"west": {"uv": [10.25625, 1.00625, 13.24375, 3.99375], "rotation": 90, "texture": "#face"},
				"down": {"uv": [10.25625, 1.00625, 13.24375, 3.99375], "rotation": 90, "texture": "#face"}
			}
		},
		{
			"from": [6.58579, 11.24165, 16.50311],
			"to": [9.41421, 11.24165, 20.20311],
			"rotation": {"angle": 22.5, "axis": "x", "origin": [8, 18.25, 12.45711]},
			"faces": {
				"up": {"uv": [10.25625, 1.00625, 15.99375, 3.99375], "rotation": 180, "texture": "#face"}
			}
		},
		{
			"from": [3.70781, 7.98499, 13.5],
			"to": [5.70781, 9.98499, 16.85],
			"rotation": {"angle": -45, "axis": "z", "origin": [8, 10.86296, 14.19866]},
			"faces": {
				"west": {"uv": [13.24375, 1.00625, 10.25625, 3.99375], "texture": "#face"},
				"down": {"uv": [13.24375, 1.00625, 10.25625, 3.99375], "texture": "#face"}
			}
		},
		{
			"from": [4.37827, 10.44875, 14.95684],
			"to": [4.37827, 13.27718, 18.65684],
			"rotation": {"angle": -22.5, "axis": "y", "origin": [8, 10.86296, 14.19866]},
			"faces": {
				"east": {"uv": [10.25625, 3.99375, 15.99375, 1.00625], "rotation": 90, "texture": "#face"}
			}
		},
		{
			"from": [10.29219, 7.98499, 13.5],
			"to": [12.29219, 9.98499, 16.85],
			"rotation": {"angle": 45, "axis": "z", "origin": [8, 10.86296, 14.19866]},
			"faces": {
				"east": {"uv": [10.25625, 1.00625, 13.24375, 3.99375], "texture": "#face"},
				"down": {"uv": [10.25625, 1.00625, 13.24375, 3.99375], "texture": "#face"}
			}
		},
		{
			"from": [11.62173, 10.44875, 14.95684],
			"to": [11.62173, 13.27718, 18.65684],
			"rotation": {"angle": 22.5, "axis": "y", "origin": [8, 10.86296, 14.19866]},
			"faces": {
				"west": {"uv": [10.25625, 1.00625, 15.99375, 3.99375], "rotation": 90, "texture": "#face"}
			}
		},
		{
			"from": [13.82772, 11.52052, 13.5],
			"to": [15.82772, 13.52052, 16.85],
			"rotation": {"angle": 45, "axis": "z", "origin": [8, 10.86296, 14.19866]},
			"faces": {
				"east": {"uv": [10.25625, 1.00625, 13.24375, 3.99375], "texture": "#face"},
				"down": {"uv": [10.25625, 1.00625, 13.24375, 3.99375], "texture": "#face"}
			}
		},
		{
			"from": [11.62173, 15.44875, 14.95684],
			"to": [11.62173, 18.27718, 18.65684],
			"rotation": {"angle": 22.5, "axis": "y", "origin": [8, 10.86296, 14.19866]},
			"faces": {
				"west": {"uv": [10.25625, 1.00625, 15.99375, 3.99375], "rotation": 90, "texture": "#face"}
			}
		},
		{
			"from": [0.17228, 11.52052, 13.5],
			"to": [2.17228, 13.52052, 16.85],
			"rotation": {"angle": -45, "axis": "z", "origin": [8, 10.86296, 14.19866]},
			"faces": {
				"west": {"uv": [13.24375, 1.00625, 10.25625, 3.99375], "texture": "#face"},
				"down": {"uv": [13.24375, 1.00625, 10.25625, 3.99375], "texture": "#face"}
			}
		},
		{
			"from": [4.37827, 15.44875, 14.95684],
			"to": [4.37827, 18.27718, 18.65684],
			"rotation": {"angle": -22.5, "axis": "y", "origin": [8, 10.86296, 14.19866]},
			"faces": {
				"east": {"uv": [10.25625, 3.99375, 15.99375, 1.00625], "rotation": 90, "texture": "#face"}
			}
		},
		{
			"from": [-7.34924, 11.84924, 13.5],
			"to": [-5.34924, 13.84924, 16.85],
			"rotation": {"angle": -45, "axis": "z", "origin": [8, -1.5, 13.5]},
			"faces": {
				"west": {"uv": [13.24375, 1.00625, 10.25625, 3.99375], "rotation": 90, "texture": "#face"},
				"up": {"uv": [13.24375, 1.00625, 10.25625, 3.99375], "rotation": 90, "texture": "#face"}
			}
		},
		{
			"from": [6.58579, 16.76879, 21.478],
			"to": [9.41421, 16.76879, 25.178],
			"rotation": {"angle": -22.5, "axis": "x", "origin": [8, -2.25, 12.45711]},
			"faces": {
				"down": {"uv": [10.25625, 3.99375, 15.99375, 1.00625], "rotation": 180, "texture": "#face"}
			}
		},
		{
			"from": [-11.3262, 4.64398, 13.4808],
			"to": [-8.1262, 7.84398, 18.8408],
			"rotation": {"angle": -45, "axis": "z", "origin": [8, -11.48222, 13.0808]},
			"faces": {
				"west": {"uv": [13.24375, 1.00625, 10.25625, 3.99375], "rotation": 90, "texture": "#face"},
				"up": {"uv": [13.24375, 1.00625, 10.25625, 3.99375], "rotation": 90, "texture": "#face"}
			}
		},
		{
			"from": [5.73726, 10.75806, 23.38329],
			"to": [10.26274, 10.75806, 29.30329],
			"rotation": {"angle": -22.5, "axis": "x", "origin": [8, -12.68222, 11.41217]},
			"faces": {
				"down": {"uv": [10.25625, 3.99375, 15.99375, 1.00625], "rotation": 180, "texture": "#face"}
			}
		},
		{
			"from": [1.7, 7.3543, 4.45],
			"to": [14.3123, 21.7543, 4.45],
			"faces": {
				"north": {"uv": [1.00625, 0.00625, 15.99375, 15.99375], "texture": "#body"}
			}
		},
		{
			"from": [2, 8.7549, 4.53281],
			"to": [6.25, 11.7549, 10.53281],
			"rotation": {"angle": -22.5, "axis": "x", "origin": [8, 1.52446, 13.69133]},
			"faces": {
				"east": {"uv": [0.00625, 8.50625, 0.99375, 9.49375], "rotation": 180, "texture": "#face"},
				"south": {"uv": [0.00625, 8.50625, 0.99375, 9.49375], "rotation": 180, "texture": "#face"},
				"west": {"uv": [0.00625, 8.50625, 0.99375, 9.49375], "rotation": 180, "texture": "#face"},
				"up": {"uv": [0.00625, 8.50625, 0.99375, 9.49375], "rotation": 180, "texture": "#face"},
				"down": {"uv": [0.00625, 8.50625, 0.99375, 9.49375], "rotation": 180, "texture": "#face"}
			}
		},
		{
			"from": [2, 2, 0],
			"to": [6.25, 4, 6],
			"rotation": {"angle": 0, "axis": "x", "origin": [8, 1.52446, 13.69133]},
			"faces": {
				"north": {"uv": [0.00625, 8.50625, 0.99375, 9.49375], "texture": "#face"},
				"east": {"uv": [0.00625, 8.50625, 0.99375, 9.49375], "texture": "#face"},
				"south": {"uv": [0.00625, 8.50625, 0.99375, 9.49375], "texture": "#face"},
				"west": {"uv": [0.00625, 8.50625, 0.99375, 9.49375], "texture": "#face"},
				"up": {"uv": [0.00625, 8.50625, 0.99375, 9.49375], "texture": "#face"},
				"down": {"uv": [0.00625, 8.50625, 0.99375, 9.49375], "texture": "#face"}
			}
		},
		{
			"from": [2, 6.7549, 4.53281],
			"to": [6.25, 11.7549, 7.53281],
			"rotation": {"angle": -22.5, "axis": "x", "origin": [8, 1.52446, 13.69133]},
			"faces": {
				"north": {"uv": [0.00625, 8.50625, 0.99375, 9.49375], "rotation": 180, "texture": "#face"},
				"east": {"uv": [0.00625, 8.50625, 0.99375, 9.49375], "rotation": 180, "texture": "#face"},
				"south": {"uv": [0.00625, 8.50625, 0.99375, 9.49375], "rotation": 180, "texture": "#face"},
				"west": {"uv": [0.00625, 8.50625, 0.99375, 9.49375], "rotation": 180, "texture": "#face"}
			}
		},
		{
			"from": [9.75, 8.7549, 4.53281],
			"to": [14, 11.7549, 10.53281],
			"rotation": {"angle": -22.5, "axis": "x", "origin": [8, 1.52446, 13.69133]},
			"faces": {
				"east": {"uv": [0.00625, 8.50625, 0.99375, 9.49375], "rotation": 180, "texture": "#face"},
				"south": {"uv": [0.00625, 8.50625, 0.99375, 9.49375], "rotation": 180, "texture": "#face"},
				"west": {"uv": [0.00625, 8.50625, 0.99375, 9.49375], "rotation": 180, "texture": "#face"},
				"up": {"uv": [0.00625, 8.50625, 0.99375, 9.49375], "rotation": 180, "texture": "#face"},
				"down": {"uv": [0.00625, 8.50625, 0.99375, 9.49375], "rotation": 180, "texture": "#face"}
			}
		},
		{
			"from": [9.75, 2, 0],
			"to": [14, 4, 6],
			"rotation": {"angle": 0, "axis": "x", "origin": [8, 1.52446, 13.69133]},
			"faces": {
				"north": {"uv": [0.00625, 8.50625, 0.99375, 9.49375], "texture": "#face"},
				"east": {"uv": [0.00625, 8.50625, 0.99375, 9.49375], "texture": "#face"},
				"south": {"uv": [0.00625, 8.50625, 0.99375, 9.49375], "texture": "#face"},
				"west": {"uv": [0.00625, 8.50625, 0.99375, 9.49375], "texture": "#face"},
				"up": {"uv": [0.00625, 8.50625, 0.99375, 9.49375], "texture": "#face"},
				"down": {"uv": [0.00625, 8.50625, 0.99375, 9.49375], "texture": "#face"}
			}
		},
		{
			"from": [9.75, 6.7549, 4.53281],
			"to": [14, 11.7549, 7.53281],
			"rotation": {"angle": -22.5, "axis": "x", "origin": [8, 1.52446, 13.69133]},
			"faces": {
				"north": {"uv": [0.00625, 8.50625, 0.99375, 9.49375], "rotation": 180, "texture": "#face"},
				"east": {"uv": [0.00625, 8.50625, 0.99375, 9.49375], "rotation": 180, "texture": "#face"},
				"south": {"uv": [0.00625, 8.50625, 0.99375, 9.49375], "rotation": 180, "texture": "#face"},
				"west": {"uv": [0.00625, 8.50625, 0.99375, 9.49375], "rotation": 180, "texture": "#face"}
			}
		},
		{
			"from": [-6.12566, 17, 6.47032],
			"to": [3.87434, 20, 9.97032],
			"rotation": {"angle": -22.5, "axis": "y", "origin": [3.33523, 19.5, 8.78735]},
			"faces": {
				"north": {"uv": [0.00625, 11.50625, 0.99375, 12.49375], "texture": "#face"},
				"east": {"uv": [0.00625, 11.50625, 0.99375, 12.49375], "texture": "#face"},
				"south": {"uv": [0.00625, 11.50625, 0.99375, 12.49375], "texture": "#face"},
				"west": {"uv": [0.00625, 11.50625, 0.99375, 12.49375], "texture": "#face"},
				"up": {"uv": [0.00625, 11.50625, 0.99375, 12.49375], "texture": "#face"},
				"down": {"uv": [0.00625, 11.50625, 0.99375, 12.49375], "texture": "#face"}
			}
		},
		{
			"from": [-6.71927, 17.38268, 6.77164],
			"to": [-2.71927, 21.38268, 10.77164],
			"rotation": {"angle": -22.5, "axis": "x", "origin": [8, 8, 8]},
			"faces": {
				"north": {"uv": [0.00625, 11.50625, 0.99375, 12.49375], "texture": "#face"},
				"east": {"uv": [0.00625, 11.50625, 0.99375, 12.49375], "texture": "#face"},
				"south": {"uv": [0.00625, 11.50625, 0.99375, 12.49375], "texture": "#face"},
				"west": {"uv": [0.00625, 11.50625, 0.99375, 12.49375], "texture": "#face"},
				"up": {"uv": [0.00625, 11.50625, 0.99375, 12.49375], "texture": "#face"},
				"down": {"uv": [0.00625, 11.50625, 0.99375, 12.49375], "texture": "#face"}
			}
		},
		{
			"from": [11.46927, 17, 8.19552],
			"to": [21.46927, 20, 11.69552],
			"rotation": {"angle": 22.5, "axis": "y", "origin": [8, 8, 8]},
			"faces": {
				"north": {"uv": [0.99375, 11.50625, 0.00625, 12.49375], "texture": "#face"},
				"east": {"uv": [0.99375, 11.50625, 0.00625, 12.49375], "texture": "#face"},
				"south": {"uv": [0.99375, 11.50625, 0.00625, 12.49375], "texture": "#face"},
				"west": {"uv": [0.99375, 11.50625, 0.00625, 12.49375], "texture": "#face"},
				"up": {"uv": [0.99375, 11.50625, 0.00625, 12.49375], "texture": "#face"},
				"down": {"uv": [0.99375, 11.50625, 0.00625, 12.49375], "texture": "#face"}
			}
		},
		{
			"from": [18.71927, 17.38268, 6.77164],
			"to": [22.71927, 21.38268, 10.77164],
			"rotation": {"angle": -22.5, "axis": "x", "origin": [8, 8, 8]},
			"faces": {
				"north": {"uv": [0.99375, 11.50625, 0.00625, 12.49375], "texture": "#face"},
				"east": {"uv": [0.99375, 11.50625, 0.00625, 12.49375], "texture": "#face"},
				"south": {"uv": [0.99375, 11.50625, 0.00625, 12.49375], "texture": "#face"},
				"west": {"uv": [0.99375, 11.50625, 0.00625, 12.49375], "texture": "#face"},
				"up": {"uv": [0.99375, 11.50625, 0.00625, 12.49375], "texture": "#face"},
				"down": {"uv": [0.99375, 11.50625, 0.00625, 12.49375], "texture": "#face"}
			}
		},
		{
			"name": "hexadecagon",
			"from": [6.25, 1.5, 8.15571],
			"to": [8, 5.7, 10.24429],
			"faces": {
				"north": {"uv": [10.00625, 4.00625, 15.99375, 15.99375], "rotation": 180, "texture": "#face"},
				"south": {"uv": [15.99375, 4.00625, 10.00625, 15.99375], "rotation": 180, "texture": "#face"},
				"down": {"uv": [10.25625, 4.00625, 15.99375, 4.24375], "texture": "#face"}
			}
		},
		{
			"name": "hexadecagon",
			"from": [8, 1.5, 8.15571],
			"to": [9.75, 5.7, 10.24429],
			"faces": {
				"north": {"uv": [15.99375, 4.00625, 10.00625, 15.99375], "rotation": 180, "texture": "#face"},
				"south": {"uv": [10.00625, 4.00625, 15.99375, 15.99375], "rotation": 180, "texture": "#face"},
				"down": {"uv": [10.25625, 4.00625, 15.99375, 4.24375], "rotation": 180, "texture": "#face"}
			}
		},
		{
			"name": "hexadecagon",
			"from": [3.95074, 3.42034, 8.15571],
			"to": [4.02074, 7.94534, 10.24429],
			"rotation": {"angle": 22.5, "axis": "z", "origin": [10.76713, 12.46446, 8]},
			"faces": {
				"north": {"uv": [15.50625, 15.50625, 15.99375, 15.99375], "rotation": 180, "texture": "#face"},
				"south": {"uv": [15.50625, 15.50625, 15.99375, 15.99375], "rotation": 180, "texture": "#face"},
				"west": {"uv": [15.50625, 15.50625, 15.99375, 15.99375], "rotation": 180, "texture": "#face"}
			}
		},
		{
			"name": "hexadecagon",
			"from": [11.97926, 3.42034, 8.15571],
			"to": [12.04926, 7.94534, 10.24429],
			"rotation": {"angle": -22.5, "axis": "z", "origin": [5.23287, 12.46446, 8]},
			"faces": {
				"north": {"uv": [15.99375, 15.50625, 15.50625, 15.99375], "rotation": 180, "texture": "#face"},
				"east": {"uv": [15.99375, 15.50625, 15.50625, 15.99375], "rotation": 180, "texture": "#face"},
				"south": {"uv": [15.99375, 15.50625, 15.50625, 15.99375], "rotation": 180, "texture": "#face"}
			}
		}
	],
	"display": {
		"thirdperson_righthand": {
			"rotation": [90, 0, 0],
			"translation": [-6, 0, 0],
			"scale": [4, 4, 4]
		},
		"thirdperson_lefthand": {
			"rotation": [44, -2, 0],
			"translation": [-6, 32.75, 0],
			"scale": [4, 4, 4]
		},
		"head": {
			"scale": [4, 4, 4]
		}
	},
	"groups": [
		{
			"name": "head",
			"origin": [7.78114, 7.72607, 8],
			"children": [
				{
					"name": "horn_left",
					"origin": [7.78114, 7.72607, 8],
					"children": [0, 1, 2]
				},
				{
					"name": "horn_right",
					"origin": [8.21886, 7.72607, 8],
					"children": [3, 4, 5]
				},
				{
					"name": "hair",
					"origin": [8, 8, 8],
					"children": [6, 7]
				},
				{
					"name": "head",
					"origin": [8, 8, 8],
					"children": [8, 9, 10, 11]
				}
			]
		},
		{
			"name": "body",
			"origin": [8, 8, 8],
			"children": [
				{
					"name": "hexadecagon",
					"origin": [8, 8, 8],
					"children": [12, 13, 14, 15, 16, 17, 18, 19,
						{
							"name": "group",
							"origin": [8, 8, 8],
							"children": [20, 21, 22, 23, 24, 25, 26]
						}
					]
				},
				{
					"name": "hexadecagon",
					"origin": [8, 8, 8],
					"children": [
						{
							"name": "group",
							"origin": [8.31231, 8.81517, 8],
							"children": [27, 28, 29, 30, 31, 32, 33, 34,
								{
									"name": "group",
									"origin": [8, 8, 8],
									"children": [35, 36, 37, 38, 39, 40]
								}
							]
						},
						{
							"name": "spikes",
							"origin": [8, 8, 8],
							"children": [
								{
									"name": "spike",
									"origin": [8, 8, 8],
									"children": [41, 42]
								},
								{
									"name": "spike",
									"origin": [8, 8, 8],
									"children": [43, 44]
								},
								{
									"name": "spike",
									"origin": [8, 8, 8],
									"children": [45, 46]
								},
								{
									"name": "spike",
									"origin": [8, 8, 8],
									"children": [47, 48]
								},
								{
									"name": "spike",
									"origin": [8, 8, 8],
									"children": [49, 50]
								},
								{
									"name": "spike",
									"origin": [8, 8, 8],
									"children": [51, 52]
								},
								{
									"name": "spike",
									"origin": [8, 8, 8],
									"children": [53, 54]
								}
							]
						}
					]
				}
			]
		}, 55,
		{
			"name": "leg_left",
			"origin": [8, 1.52446, 13.69133],
			"children": [56, 57, 58]
		},
		{
			"name": "leg_right",
			"origin": [8, 1.52446, 13.69133],
			"children": [59, 60, 61]
		},
		{
			"name": "arm_left",
			"origin": [8, 8, 8],
			"children": [62, 63]
		},
		{
			"name": "arm_left",
			"origin": [8, 8, 8],
			"children": [64, 65]
		},
		{
			"name": "tail",
			"origin": [8, 8, 8],
			"children": [66, 67, 68, 69]
		}
	]
}