{
	"credit": "Model made by dragonmaster95 with Blockbench, a free, modern block model editor by JannisX11",
	"textures": {
		"0": "transitions/round",
		"particle": "transitions/round"
	},
	"elements": [
		{
			"from": [0, 0, -16],
			"to": [16, 16, -16],
			"faces": {
				"south": {"uv": [0, 0, 16, 16], "texture": "#0"}
			}
		},
		{
			"from": [0, -16, -16],
			"to": [0, 32, 32],
			"rotation": {"angle": -22.5, "axis": "y", "origin": [0, 8, -16]},
			"faces": {
				"east": {"uv": [0, 0, 0, 0], "texture": "#0"}
			}
		},
		{
			"from": [-16, 0, -16],
			"to": [32, 0, 32],
			"rotation": {"angle": 22.5, "axis": "x", "origin": [8, 0, -16]},
			"faces": {
				"up": {"uv": [0, 0, 0, 0], "texture": "#0", "rotation": 270}
			}
		},
		{
			"from": [16, -16, -16],
			"to": [16, 32, 32],
			"rotation": {"angle": 22.5, "axis": "y", "origin": [16, 8, -16]},
			"faces": {
				"west": {"uv": [0, 0, 0, 0], "texture": "#0", "rotation": 180}
			}
		},
		{
			"from": [-16, 16, -16],
			"to": [32, 16, 32],
			"rotation": {"angle": -22.5, "axis": "x", "origin": [8, 16, -16]},
			"faces": {
				"down": {"uv": [0, 0, 0, 0], "texture": "#0", "rotation": 90}
			}
		}
	],
	"display": {
		"thirdperson_righthand": {
			"scale": [0.001, 0.001, 0.001]
		},
		"firstperson_righthand": {
			"scale": [0.001, 0.001, 0.001]
		},
		"firstperson_lefthand": {
			"rotation": [0, 0, 0],
			"translation": [-9, 17.75, 32]
		},
		"thirdperson_lefthand": {
			"scale": [0.001, 0.001, 0.001]
		},
		"gui": {
			"scale": [0.001, 0.001, 0.001]
		}
	}
}