{
	"credit": "Made with Blockbench by dragonmaster95",
	"textures": {
		"1": "decorations/board/star/graffiti_3"
	},
	"elements": [
		{
			"from": [-10, 0.045, -10],
			"to": [26, 0.045, 26],
			"rotation": {"angle": 0, "axis": "y", "origin": [-11, 7.2, -132.4], "rescale": true},
			"faces": {
				"up": {"uv": [5.333, 10.6666, 10.6663, 15.9999], "texture": "#1"}
			}
		},
		{
			"from": [-10, 0.045, -10],
			"to": [26, 0.045, 26],
			"rotation": {"angle": 0, "axis": "y", "origin": [111.4, 7.2, -132.4], "rescale": true},
			"faces": {
				"up": {"uv": [0, 10.6666, 5.3333, 15.99993], "texture": "#1"}
			}
		},
		{
			"from": [-10, 0.045, -10],
			"to": [26, 0.045, 26],
			"rotation": {"angle": 0, "axis": "y", "origin": [-133.4, 7.2, -132.4], "rescale": true},
			"faces": {
				"up": {"uv": [10.6666, 10.6666, 15.9999, 15.9999], "texture": "#1"}
			}
		},
		{
			"from": [-10, 0.045, -10],
			"to": [26, 0.045, 26],
			"rotation": {"angle": 0, "axis": "y", "origin": [111.4, 7.2, 112.4], "rescale": true},
			"faces": {
				"up": {"uv": [0, 0, 5.33333, 5.33333], "texture": "#1"}
			}
		},
		{
			"from": [-10, 0.045, -10],
			"to": [26, 0.045, 26],
			"rotation": {"angle": 0, "axis": "y", "origin": [-11, 7.2, 112.4], "rescale": true},
			"faces": {
				"up": {"uv": [5.333, 0, 10.66633, 5.33333], "texture": "#1"}
			}
		},
		{
			"from": [-10, 0.045, -10],
			"to": [26, 0.045, 26],
			"rotation": {"angle": 0, "axis": "y", "origin": [111.4, 7.2, -10], "rescale": true},
			"faces": {
				"up": {"uv": [0, 5.33333, 5.3333, 10.66663], "texture": "#1"}
			}
		},
		{
			"from": [-10, 0.045, -10],
			"to": [26, 0.045, 26],
			"rotation": {"angle": 0, "axis": "y", "origin": [-11, 7.2, -10], "rescale": true},
			"faces": {
				"up": {"uv": [5.333, 5.33333, 10.6663, 10.66663], "texture": "#1"}
			}
		},
		{
			"from": [-10, 0.045, -10],
			"to": [26, 0.045, 26],
			"rotation": {"angle": 0, "axis": "y", "origin": [-133.4, 7.2, 112.4], "rescale": true},
			"faces": {
				"up": {"uv": [10.66666, 0, 15.99999, 5.33333], "texture": "#1"}
			}
		},
		{
			"from": [-10, 0.045, -10],
			"to": [26, 0.045, 26],
			"rotation": {"angle": 0, "axis": "y", "origin": [-133.4, 7.2, -10], "rescale": true},
			"faces": {
				"up": {"uv": [10.66666, 5.3333, 15.99966, 10.6666], "texture": "#1"}
			}
		}
	],
	"groups": [
		{
			"name": "group",
			"origin": [-60, 8, -60],
			"children": [0, 1]
		},
		{
			"name": "group",
			"origin": [-60, 8, -60],
			"children": [2]
		},
		{
			"name": "group",
			"origin": [-60, 8, -60],
			"children": [3, 4, 5, 6]
		},
		{
			"name": "group",
			"origin": [-60, 8, -60],
			"children": [7, 8]
		}
	]
}