{
	"credit": "Made with Blockbench by dragonmaster95",
	"textures": {
		"1": "decorations/board/star/graffiti_1"
	},
	"elements": [
		{
			"from": [-12, 0.05, -12],
			"to": [28, 0.05, 28],
			"rotation": {"angle": 0, "axis": "y", "origin": [167, 8, 144], "rescale": true},
			"faces": {
				"up": {"uv": [0, 0, 5.333, 5.333], "texture": "#1"}
			}
		},
		{
			"from": [-12, 0.05, -12],
			"to": [28, 0.05, 28],
			"rotation": {"angle": 0, "axis": "y", "origin": [31, 8, 144], "rescale": true},
			"faces": {
				"up": {"uv": [5.333, 0, 10.666, 5.333], "texture": "#1"}
			}
		},
		{
			"from": [-12, 0.05, -12],
			"to": [28, 0.05, 28],
			"rotation": {"angle": 0, "axis": "y", "origin": [-105, 8, 144], "rescale": true},
			"faces": {
				"up": {"uv": [10.6666, 0, 15.9996, 5.333], "texture": "#1"}
			}
		},
		{
			"from": [-12, 0.05, -12],
			"to": [28, 0.05, 28],
			"rotation": {"angle": 0, "axis": "y", "origin": [31, 8, 8], "rescale": true},
			"faces": {
				"up": {"uv": [5.333, 5.333, 10.666, 10.666], "texture": "#1"}
			}
		},
		{
			"from": [-12, 0.05, -12],
			"to": [28, 0.05, 28],
			"rotation": {"angle": 0, "axis": "y", "origin": [31, 8, -128], "rescale": true},
			"faces": {
				"up": {"uv": [5.333, 10.6666, 10.666, 15.9996], "texture": "#1"}
			}
		},
		{
			"from": [-12, 0.05, -12],
			"to": [28, 0.05, 28],
			"rotation": {"angle": 0, "axis": "y", "origin": [-105, 8, 8], "rescale": true},
			"faces": {
				"up": {"uv": [10.6666, 5.333, 15.9996, 10.666], "texture": "#1"}
			}
		},
		{
			"from": [-12, 0.05, -12],
			"to": [28, 0.05, 28],
			"rotation": {"angle": 0, "axis": "y", "origin": [-105, 8, -128], "rescale": true},
			"faces": {
				"up": {"uv": [10.6666, 10.6666, 15.9996, 15.9996], "texture": "#1"}
			}
		},
		{
			"from": [-12, 0.05, -12],
			"to": [28, 0.05, 28],
			"rotation": {"angle": 0, "axis": "y", "origin": [167, 8, 8], "rescale": true},
			"faces": {
				"up": {"uv": [0, 5.333, 5.333, 10.666], "texture": "#1"}
			}
		},
		{
			"from": [-12, 0.05, -12],
			"to": [28, 0.05, 28],
			"rotation": {"angle": 0, "axis": "y", "origin": [167, 8, -128], "rescale": true},
			"faces": {
				"up": {"uv": [0, 10.6666, 5.333, 15.9996], "texture": "#1"}
			}
		}
	]
}