{
	"credit": "Made with Blockbench by dragonmaster95",
	"textures": {
		"1": "decorations/board/star/graffiti_2"
	},
	"elements": [
		{
			"from": [-12, 0.05, -12],
			"to": [28, 0.05, 28],
			"rotation": {"angle": 0, "axis": "y", "origin": [88, 8, -60], "rescale": true},
			"faces": {
				"up": {"uv": [4, 8, 8, 12], "texture": "#1"}
			}
		},
		{
			"from": [-12, 0.05, -12],
			"to": [28, 0.05, 28],
			"rotation": {"angle": 0, "axis": "y", "origin": [224, 8, -60], "rescale": true},
			"faces": {
				"up": {"uv": [0, 8, 4, 12], "texture": "#1"}
			}
		},
		{
			"from": [-12, 0.05, -12],
			"to": [28, 0.05, 28],
			"rotation": {"angle": 0, "axis": "y", "origin": [224, 8, -196], "rescale": true},
			"faces": {
				"up": {"uv": [0, 12, 4, 16], "texture": "#1"}
			}
		},
		{
			"from": [-12, 0.05, -12],
			"to": [28, 0.05, 28],
			"rotation": {"angle": 0, "axis": "y", "origin": [88, 8, -196], "rescale": true},
			"faces": {
				"up": {"uv": [4, 12, 8, 16], "texture": "#1"}
			}
		},
		{
			"from": [-12, 0.05, -12],
			"to": [28, 0.05, 28],
			"rotation": {"angle": 0, "axis": "y", "origin": [-184, 8, -60], "rescale": true},
			"faces": {
				"up": {"uv": [12, 8, 16, 12], "texture": "#1"}
			}
		},
		{
			"from": [-12, 0.05, -12],
			"to": [28, 0.05, 28],
			"rotation": {"angle": 0, "axis": "y", "origin": [-48, 8, -60], "rescale": true},
			"faces": {
				"up": {"uv": [8, 8, 12, 12], "texture": "#1"}
			}
		},
		{
			"from": [-12, 0.05, -12],
			"to": [28, 0.05, 28],
			"rotation": {"angle": 0, "axis": "y", "origin": [88, 8, 212], "rescale": true},
			"faces": {
				"up": {"uv": [4, 0, 8, 4], "texture": "#1"}
			}
		},
		{
			"from": [-12, 0.05, -12],
			"to": [28, 0.05, 28],
			"rotation": {"angle": 0, "axis": "y", "origin": [224, 8, 76], "rescale": true},
			"faces": {
				"up": {"uv": [0, 4, 4, 8], "texture": "#1"}
			}
		},
		{
			"from": [-12, 0.05, -12],
			"to": [28, 0.05, 28],
			"rotation": {"angle": 0, "axis": "y", "origin": [88, 8, 76], "rescale": true},
			"faces": {
				"up": {"uv": [4, 4, 8, 8], "texture": "#1"}
			}
		},
		{
			"from": [-12, 0.05, -12],
			"to": [28, 0.05, 28],
			"rotation": {"angle": 0, "axis": "y", "origin": [-184, 8, 212], "rescale": true},
			"faces": {
				"up": {"uv": [12, 0, 16, 4], "texture": "#1"}
			}
		},
		{
			"from": [-12, 0.05, -12],
			"to": [28, 0.05, 28],
			"rotation": {"angle": 0, "axis": "y", "origin": [-48, 8, 212], "rescale": true},
			"faces": {
				"up": {"uv": [8, 0, 12, 4], "texture": "#1"}
			}
		},
		{
			"from": [-12, 0.05, -12],
			"to": [28, 0.05, 28],
			"rotation": {"angle": 0, "axis": "y", "origin": [-48, 8, 76], "rescale": true},
			"faces": {
				"up": {"uv": [8, 4, 12, 8], "texture": "#1"}
			}
		},
		{
			"from": [-12, 0.05, -12],
			"to": [28, 0.05, 28],
			"rotation": {"angle": 0, "axis": "y", "origin": [-184, 8, 76], "rescale": true},
			"faces": {
				"up": {"uv": [12, 4, 16, 8], "texture": "#1"}
			}
		}
	],
	"groups": [
		{
			"name": "group",
			"origin": [-60, 8, -60],
			"children": [0, 1, 2, 3]
		},
		{
			"name": "group",
			"origin": [-60, 8, -60],
			"children": [4, 5]
		},
		{
			"name": "group",
			"origin": [-60, 8, -60],
			"children": [6, 7, 8]
		},
		{
			"name": "group",
			"origin": [-60, 8, -60],
			"children": [9, 10, 11, 12]
		}
	]
}