{
    "textures": {
        "0": "decorations/board/star/grafiti_arrow_rp1"
    }, 
    "display": {
		"head": {
			"scale": [ 3, 1, 3],
			"rotation": [ 0, 0, 0],
			"translation": [ 0, -35.2, 0]
				}
    }, 
    "elements": [
        {
            "name": "Cube",
            "from": [ -16.0, 0.0, -16.0 ], 
            "to": [ 32.0, 0.05, 32.0 ], 
            "faces": {
                "up": { "texture": "#0", "uv": [ 0.0, 0.0, 16.0, 16.0 ] }
            }
        }
    ]
}