{
	"credit": "Made with Blockbench by dragonmaster95",
	"textures": {
		"0": "decorations/board/star/graffity_5",
		"particle": "decorations/board/star/graffity_5"
	},
	"elements": [
		{
			"from": [-5, 0.05, -14.66667],
			"to": [25, 0.05, 30.66633],
			"rotation": {"angle": 0, "axis": "y", "origin": [97, 8, 27], "rescale": true},
			"faces": {
				"up": {"uv": [0, 10, 5.3333, 16], "texture": "#0"}
			}
		},
		{
			"from": [-7, 0.05, -14.66667],
			"to": [23, 0.05, 30.66633],
			"rotation": {"angle": 0, "axis": "y", "origin": [-12, 8, 27], "rescale": true},
			"faces": {
				"up": {"uv": [5.33333, 10, 10.66663, 16], "texture": "#0"}
			}
		},
		{
			"from": [-9, 0.05, -14.66667],
			"to": [21, 0.05, 30.66633],
			"rotation": {"angle": 0, "axis": "y", "origin": [-121, 8, 27], "rescale": true},
			"faces": {
				"up": {"uv": [10.66667, 10, 15.99997, 16], "texture": "#0"}
			}
		}
	]
}