{
	"credit": "Made with Blockbench by dragonmaster95",
	"parent": "block/stairs",
	"ambientocclusion": false,
	"textures": {
		"bottom": "block/star_wire_po_45",
		"side": "block/sponge"
	},
	"elements": [
		{
			"name": "Cube",
			"from": [0, 0, 0],
			"to": [16, 16, 16],
			"faces": {
				"north": {"uv": [0, 0, 16, 16], "texture": "#side", "cullface": "north"},
				"east": {"uv": [0, 0, 16, 16], "texture": "#side", "cullface": "east"},
				"south": {"uv": [0, 0, 16, 16], "texture": "#side", "cullface": "south"},
				"west": {"uv": [0, 0, 16, 16], "texture": "#side", "cullface": "west"},
				"up": {"uv": [0, 0, 16, 16], "texture": "#side", "cullface": "up"},
				"down": {"uv": [0, 0, 16, 16], "texture": "#side", "cullface": "down"}
			}
		},
		{
			"name": "Cube",
			"from": [4, -0.1, 0],
			"to": [7, -0.09, 6],
			"faces": {
				"down": {"uv": [4.01, 10.01, 6.99, 15.99], "texture": "#bottom"}
			}
		},
		{
			"name": "Cube",
			"from": [5, -0.1, 5],
			"to": [8, -0.09, 8],
			"faces": {
				"down": {"uv": [5.01, 8.01, 7.99, 10.99], "texture": "#bottom"}
			}
		},
		{
			"name": "Cube",
			"from": [6, -0.1, 7],
			"to": [9, -0.09, 9],
			"faces": {
				"down": {"uv": [6.01, 7.01, 8.99, 8.99], "texture": "#bottom"}
			}
		},
		{
			"name": "Cube",
			"from": [10, -0.1, 9],
			"to": [16, -0.09, 12],
			"faces": {
				"down": {"uv": [10.01, 4.01, 15.99, 6.99], "texture": "#bottom"}
			}
		},
		{
			"name": "Cube",
			"from": [8, -0.1, 8],
			"to": [11, -0.09, 11],
			"faces": {
				"down": {"uv": [8.01, 5.01, 10.99, 7.99], "texture": "#bottom"}
			}
		},
		{
			"name": "Cube",
			"from": [7, -0.1, 9],
			"to": [8, -0.09, 10],
			"faces": {
				"down": {"uv": [7.01, 6.01, 7.99, 6.99], "texture": "#bottom"}
			}
		},
		{
			"name": "Cube",
			"from": [9, -0.1, 0],
			"to": [12, -0.09, 3],
			"faces": {
				"down": {"uv": [9.01, 13.01, 11.99, 15.99], "texture": "#bottom"}
			}
		},
		{
			"name": "Cube",
			"from": [10, -0.1, 3],
			"to": [13, -0.09, 5],
			"faces": {
				"down": {"uv": [10.01, 11.01, 12.99, 12.99], "texture": "#bottom"}
			}
		},
		{
			"name": "Cube",
			"from": [11, -0.1, 5],
			"to": [13, -0.09, 6],
			"faces": {
				"down": {"uv": [11.01, 10.01, 12.99, 10.99], "texture": "#bottom"}
			}
		},
		{
			"name": "Cube",
			"from": [13, -0.1, 4],
			"to": [16, -0.09, 7],
			"faces": {
				"down": {"uv": [13.01, 9.01, 15.99, 11.99], "texture": "#bottom"}
			}
		}
	]
}