{
	"credit": "Made with Blockbench by dragonmaster95",
	"parent": "block/stairs",
	"ambientocclusion": false,
	"textures": {
		"bottom": "block/star_wire_op_ns",
		"side": "block/sponge"
	},
	"elements": [
		{
			"name": "Cube",
			"from": [0, 0, 0],
			"to": [16, 16, 16],
			"faces": {
				"north": {"uv": [0, 0, 16, 16], "texture": "#side", "cullface": "north"},
				"east": {"uv": [0, 0, 16, 16], "texture": "#side", "cullface": "east"},
				"south": {"uv": [0, 0, 16, 16], "texture": "#side", "cullface": "south"},
				"west": {"uv": [0, 0, 16, 16], "texture": "#side", "cullface": "west"},
				"up": {"uv": [0, 0, 16, 16], "texture": "#side", "cullface": "up"},
				"down": {"uv": [0, 0, 16, 16], "texture": "#side", "cullface": "down"}
			}
		},
		{
			"name": "Cube",
			"from": [4, -0.1, 0],
			"to": [7, -0.09, 16],
			"faces": {
				"down": {"uv": [4.01, 0.01, 6.99, 15.99], "texture": "#bottom"}
			}
		},
		{
			"name": "Cube",
			"from": [9, -0.1, 0],
			"to": [12, -0.09, 16],
			"faces": {
				"down": {"uv": [9.01, 0.01, 11.99, 15.99], "texture": "#bottom"}
			}
		}
	]
}