{
	"credit": "Model made by dragonmaster95 with Blockbench, a free, modern block model editor by JannisX11",
	"textures": {
		"0": "decorations/board/luigi/robot_moving",
		"particle": "decorations/board/luigi/robot_moving"
	},
	"elements": [
		{
			"name": "Cube",
			"from": [5.5, 21, 3.5],
			"to": [10.5, 29, 12.5],
			"faces": {
				"north": {"uv": [0, 11, 9, 12], "texture": "#0"},
				"south": {"uv": [0, 11, 9, 12], "texture": "#0"},
				"up": {"uv": [4, 11, 5, 12], "texture": "#0"}
			}
		},
		{
			"name": "Cube",
			"from": [6.59473, 21, 3.04916],
			"to": [9.42316, 29, 12.94866],
			"rotation": {"angle": -45, "axis": "y", "origin": [8.00316, 7, 7.98866]},
			"faces": {
				"north": {"uv": [0, 11, 9, 12], "texture": "#0"},
				"south": {"uv": [0, 11, 9, 12], "texture": "#0"},
				"up": {"uv": [4, 11, 5, 12], "texture": "#0"}
			}
		},
		{
			"name": "Cube",
			"from": [6.58579, 21, 3.05025],
			"to": [9.41421, 29, 12.94975],
			"rotation": {"angle": 45, "axis": "y", "origin": [8, 7, 8]},
			"faces": {
				"north": {"uv": [0, 11, 9, 12], "texture": "#0"},
				"south": {"uv": [0, 11, 9, 12], "texture": "#0"},
				"up": {"uv": [4, 11, 5, 12], "texture": "#0"}
			}
		},
		{
			"name": "Cube",
			"from": [3.5, 21, 5.5],
			"to": [12.5, 29, 10.5],
			"faces": {
				"east": {"uv": [0, 11, 9, 12], "texture": "#0"},
				"west": {"uv": [0, 11, 9, 12], "texture": "#0"},
				"up": {"uv": [4, 11, 5, 12], "texture": "#0"}
			}
		},
		{
			"name": "Cube",
			"from": [1.5, 27.00244, 4.5],
			"to": [4.5, 29.00244, 11.5],
			"faces": {
				"west": {"uv": [0, 0, 16, 10], "texture": "#0"},
				"up": {"uv": [0, 0, 16, 10], "texture": "#0", "rotation": 270},
				"down": {"uv": [0, 0, 16, 10], "texture": "#0", "rotation": 90}
			}
		},
		{
			"name": "Cube",
			"from": [5.87868, 27.00144, 0.92893],
			"to": [10.12132, 29.00344, 3.935],
			"rotation": {"angle": 45, "axis": "y", "origin": [8, 6.85144, 8]},
			"faces": {
				"north": {"uv": [0, 0, 16, 10], "texture": "#0"},
				"up": {"uv": [0, 0, 16, 10], "texture": "#0"},
				"down": {"uv": [0, 0, 16, 10], "texture": "#0"}
			}
		},
		{
			"name": "Cube",
			"from": [4.5, 27.00244, 1.5],
			"to": [11.5, 29.00244, 4.5],
			"faces": {
				"north": {"uv": [0, 0, 16, 10], "texture": "#0"},
				"up": {"uv": [0, 0, 16, 10], "texture": "#0"},
				"down": {"uv": [0, 0, 16, 10], "texture": "#0"}
			}
		},
		{
			"name": "Cube",
			"from": [5.87868, 27.00144, 0.92893],
			"to": [10.12132, 29.00344, 3.935],
			"rotation": {"angle": -45, "axis": "y", "origin": [8, 6.85144, 8]},
			"faces": {
				"north": {"uv": [0, 0, 16, 10], "texture": "#0"},
				"up": {"uv": [0, 0, 16, 10], "texture": "#0"},
				"down": {"uv": [0, 0, 16, 10], "texture": "#0"}
			}
		},
		{
			"name": "Cube",
			"from": [11.5, 27.00244, 4.5],
			"to": [14.5, 29.00244, 11.5],
			"faces": {
				"east": {"uv": [0, 0, 16, 10], "texture": "#0"},
				"up": {"uv": [0, 0, 16, 10], "texture": "#0", "rotation": 90},
				"down": {"uv": [0, 0, 16, 10], "texture": "#0", "rotation": 270}
			}
		},
		{
			"name": "Cube",
			"from": [5.87868, 27.00144, 12.07],
			"to": [10.12132, 29.00344, 15.07107],
			"rotation": {"angle": 45, "axis": "y", "origin": [8, 6.85144, 8]},
			"faces": {
				"south": {"uv": [0, 0, 16, 10], "texture": "#0"},
				"up": {"uv": [0, 0, 16, 10], "texture": "#0", "rotation": 180},
				"down": {"uv": [0, 0, 16, 10], "texture": "#0"}
			}
		},
		{
			"name": "Cube",
			"from": [4.5, 27.00244, 11.5],
			"to": [11.5, 29.00244, 14.5],
			"faces": {
				"south": {"uv": [0, 0, 16, 10], "texture": "#0"},
				"up": {"uv": [0, 0, 16, 10], "texture": "#0", "rotation": 180},
				"down": {"uv": [0, 0, 16, 10], "texture": "#0"}
			}
		},
		{
			"name": "Cube",
			"from": [5.87868, 27.00144, 12.07],
			"to": [10.12132, 29.00344, 15.07107],
			"rotation": {"angle": -45, "axis": "y", "origin": [8, 6.85144, 8]},
			"faces": {
				"south": {"uv": [0, 0, 16, 10], "texture": "#0"},
				"up": {"uv": [0, 0, 16, 10], "texture": "#0", "rotation": 180},
				"down": {"uv": [0, 0, 16, 10], "texture": "#0"}
			}
		}
	],
	"display": {
		"head": {
			"scale": [2.5, 1.75, 2.5],
			"rotation": [0, 180, 0],
			"translation": [0, -30, 0]
		},
		"fixed": {
			"rotation": [0, 180, 0]
		}
	},
	"groups": [
		{
			"name": "group",
			"isOpen": true,
			"shade": true,
			"display": {
				"visibility": true,
				"autouv": false
			},
			"children": [0, 1, 2, 3]
		},
		{
			"name": "group",
			"isOpen": true,
			"shade": true,
			"display": {
				"visibility": true,
				"autouv": false
			},
			"children": [4, 5, 6, 7, 8, 9, 10, 11]
		}
	]
}