{
    "multipart": [
        {   "when": { "north": false, "south": false, "west": false, "east": false },
			"apply": { "model": "block/nether_brick_fence_post" }
		},
        {   "when": { "north": true, "south": true },
            "apply": { "model": "block/nether_brick_fence_side"}
        },
        {   "when": { "east": true, "west": true },
            "apply": { "model": "block/nether_brick_fence_side", "y": 90}
        },
		{   "when": { "north": true, "south": true, "west": true },
            "apply": [
				{"model": "block/nether_brick_fence_side"},
				{"model": "block/nether_brick_fence_side_half", "y": 270}
			]	
        }
		
    ]
}
