{
    "variants": {
        "facing=east,half=bottom,shape=straight":  { "model": "block/purpur_stairs" },
        "facing=west,half=bottom,shape=straight":  { "model": "block/purpur_stairs", "y": 180, "uvlock": true },
        "facing=south,half=bottom,shape=straight": { "model": "block/purpur_stairs", "y": 90, "uvlock": true },
        "facing=north,half=bottom,shape=straight": { "model": "block/purpur_stairs", "y": 270, "uvlock": true },
        "facing=east,half=bottom,shape=outer_right":  { "model": "block/purpur_stairs_outer" },
        "facing=west,half=bottom,shape=outer_right":  { "model": "block/purpur_stairs_outer", "y": 180, "uvlock": true },
        "facing=south,half=bottom,shape=outer_right": { "model": "block/purpur_stairs_outer", "y": 90, "uvlock": true },
        "facing=north,half=bottom,shape=outer_right": { "model": "block/purpur_stairs_outer", "y": 270, "uvlock": true },
        "facing=east,half=bottom,shape=outer_left":  { "model": "block/purpur_stairs_outer", "y": 270, "uvlock": true },
        "facing=west,half=bottom,shape=outer_left":  { "model": "block/purpur_stairs_outer", "y": 90, "uvlock": true },
        "facing=south,half=bottom,shape=outer_left": { "model": "block/purpur_stairs_outer" },
        "facing=north,half=bottom,shape=outer_left": { "model": "block/purpur_stairs_outer", "y": 180, "uvlock": true },
        "facing=east,half=bottom,shape=inner_right":  { "model": "block/purpur_stairs_inner" },
        "facing=west,half=bottom,shape=inner_right":  { "model": "block/purpur_stairs_inner", "y": 180, "uvlock": true },
        "facing=south,half=bottom,shape=inner_right": { "model": "block/purpur_stairs_inner", "y": 90, "uvlock": true },
        "facing=north,half=bottom,shape=inner_right": { "model": "block/purpur_stairs_inner", "y": 270, "uvlock": true },
        "facing=east,half=bottom,shape=inner_left":  { "model": "block/purpur_stairs_inner", "y": 270, "uvlock": true },
        "facing=west,half=bottom,shape=inner_left":  { "model": "block/purpur_stairs_inner", "y": 90, "uvlock": true },
        "facing=south,half=bottom,shape=inner_left": { "model": "block/purpur_stairs_inner" },
        "facing=north,half=bottom,shape=inner_left": { "model": "block/purpur_stairs_inner", "y": 180, "uvlock": true },
        "facing=east,half=top,shape=straight":  { "model": "block/star_wires_straight", "x": 180},
        "facing=west,half=top,shape=straight":  { "model": "block/star_wires_straight", "x": 180, "y": 180},
        "facing=south,half=top,shape=straight": { "model": "block/star_wires_straight", "x": 180, "y": 90},
        "facing=north,half=top,shape=straight": { "model": "block/star_wires_straight", "x": 180, "y": 270},
        "facing=east,half=top,shape=outer_right":  { "model": "block/star_wires_op_45", "x": 180},
        "facing=west,half=top,shape=outer_right":  { "model": "block/star_wires_op_45", "x": 180, "y": 180},
        "facing=south,half=top,shape=outer_right": { "model": "block/star_wires_op_45", "x": 180, "y": 90},
        "facing=north,half=top,shape=outer_right": { "model": "block/star_wires_op_45", "x": 180, "y": 270},
        "facing=east,half=top,shape=outer_left":  { "model": "block/star_wires_po_45", "x": 180, "y": 270},
        "facing=west,half=top,shape=outer_left":  { "model": "block/star_wires_po_45", "x": 180, "y": 90},
        "facing=south,half=top,shape=outer_left": { "model": "block/star_wires_po_45", "x": 180, "y": 0},
        "facing=north,half=top,shape=outer_left": { "model": "block/star_wires_po_45", "x": 180, "y": 180},
        "facing=east,half=top,shape=inner_right":  { "model": "block/star_wires_op_45", "x": 180, "y": 180},
        "facing=west,half=top,shape=inner_right":  { "model": "block/star_wires_op_45", "x": 180, "y": 0},
        "facing=south,half=top,shape=inner_right": { "model": "block/star_wires_op_45", "x": 180, "y": 270},
        "facing=north,half=top,shape=inner_right": { "model": "block/star_wires_op_45", "x": 180, "y": 90},
        "facing=east,half=top,shape=inner_left":  { "model": "block/star_wires_po_45", "x": 180, "y": 90},
        "facing=west,half=top,shape=inner_left":  { "model": "block/star_wires_po_45", "x": 180, "y": 270},
        "facing=south,half=top,shape=inner_left": { "model": "block/star_wires_po_45", "x": 180, "y": 180},
        "facing=north,half=top,shape=inner_left": { "model": "block/star_wires_po_45", "x": 180}
    }
}
