{
	"credit": "Made with Blockbench",
	"parent": "minigame/bb/pump_0",
	"textures": {
		"1": "decorations/board/general/bowser/spikes",
		"2": "minigames/bb/pump",
		"particle": "minigames/bb/pump"
	},
	"elements": [
		{
			"name": "hexadecagon",
			"from": [6.60761, 0, 1],
			"to": [9.39239, 7.5, 15],
			"rotation": {"angle": -45, "axis": "y", "origin": [8, 9.5, 8]},
			"faces": {
				"north": {"uv": [4, 12, 0, 13], "texture": "#2"},
				"south": {"uv": [4, 12, 0, 13], "texture": "#2"},
				"up": {"uv": [5.25, 12.25, 5.75, 12.75], "texture": "#2"},
				"down": {"uv": [5.25, 12.25, 5.75, 12.75], "texture": "#2"}
			}
		},
		{
			"name": "hexadecagon",
			"from": [6.60761, 0.001, 1],
			"to": [9.39239, 7.5009, 15],
			"rotation": {"angle": -22.5, "axis": "y", "origin": [8, 9.5, 8]},
			"faces": {
				"north": {"uv": [0, 12, 4, 13], "texture": "#2"},
				"south": {"uv": [0, 12, 4, 13], "texture": "#2"},
				"up": {"uv": [5.25, 12.25, 5.75, 12.75], "texture": "#2"},
				"down": {"uv": [5.25, 12.25, 5.75, 12.75], "texture": "#2"}
			}
		},
		{
			"name": "hexadecagon",
			"from": [6.60761, 0, 1],
			"to": [9.39239, 7.5, 15],
			"faces": {
				"north": {"uv": [4, 12, 8, 13], "texture": "#2"},
				"south": {"uv": [4, 12, 8, 13], "texture": "#2"},
				"up": {"uv": [5.25, 12.25, 5.75, 12.75], "texture": "#2"},
				"down": {"uv": [5.25, 12.25, 5.75, 12.75], "texture": "#2"}
			}
		},
		{
			"name": "hexadecagon",
			"from": [6.60761, 0.001, 1],
			"to": [9.39239, 7.5009, 15],
			"rotation": {"angle": 22.5, "axis": "y", "origin": [8, 9.5, 8]},
			"faces": {
				"north": {"uv": [8, 12, 12, 13], "texture": "#2"},
				"south": {"uv": [8, 12, 12, 13], "texture": "#2"},
				"up": {"uv": [5.25, 12.25, 5.75, 12.75], "texture": "#2"},
				"down": {"uv": [5.25, 12.25, 5.75, 12.75], "texture": "#2"}
			}
		},
		{
			"name": "hexadecagon",
			"from": [6.60761, 0, 1],
			"to": [9.39239, 7.5, 15],
			"rotation": {"angle": 45, "axis": "y", "origin": [8, 9.5, 8]},
			"faces": {
				"north": {"uv": [12, 12, 16, 13], "texture": "#2"},
				"south": {"uv": [12, 12, 16, 13], "texture": "#2"},
				"up": {"uv": [5.25, 12.25, 5.75, 12.75], "texture": "#2"},
				"down": {"uv": [5.25, 12.25, 5.75, 12.75], "texture": "#2"}
			}
		},
		{
			"name": "hexadecagon",
			"from": [1, 0.001, 6.60761],
			"to": [15, 7.5009, 9.39239],
			"rotation": {"angle": -22.5, "axis": "y", "origin": [8, 9.5, 8]},
			"faces": {
				"east": {"uv": [16, 12, 12, 13], "texture": "#2"},
				"west": {"uv": [16, 12, 12, 13], "texture": "#2"},
				"up": {"uv": [5.25, 12.25, 5.75, 12.75], "texture": "#2"},
				"down": {"uv": [5.25, 12.25, 5.75, 12.75], "texture": "#2"}
			}
		},
		{
			"name": "hexadecagon",
			"from": [1, 0, 6.60761],
			"to": [15, 7.5, 9.39239],
			"faces": {
				"east": {"uv": [12, 12, 8, 13], "texture": "#2"},
				"west": {"uv": [12, 12, 8, 13], "texture": "#2"},
				"up": {"uv": [5.25, 12.25, 5.75, 12.75], "texture": "#2"},
				"down": {"uv": [5.25, 12.25, 5.75, 12.75], "texture": "#2"}
			}
		},
		{
			"name": "hexadecagon",
			"from": [1, 0.001, 6.60761],
			"to": [15, 7.5009, 9.39239],
			"rotation": {"angle": 22.5, "axis": "y", "origin": [8, 9.5, 8]},
			"faces": {
				"east": {"uv": [8, 12, 4, 13], "texture": "#2"},
				"west": {"uv": [8, 12, 4, 13], "texture": "#2"},
				"up": {"uv": [5.25, 12.25, 5.75, 12.75], "texture": "#2"},
				"down": {"uv": [5.25, 12.25, 5.75, 12.75], "texture": "#2"}
			}
		},
		{
			"name": "hexadecagon",
			"from": [6.42103, 0.5, 0.062],
			"to": [9.57897, 7, 15.938],
			"rotation": {"angle": -45, "axis": "y", "origin": [8, 7, 8]},
			"faces": {
				"north": {"uv": [4, 12, 0, 13], "texture": "#2"},
				"south": {"uv": [4, 12, 0, 13], "texture": "#2"},
				"up": {"uv": [0, 12, 4, 14], "rotation": 180, "texture": "#2"},
				"down": {"uv": [4, 12, 0, 14], "texture": "#2"}
			}
		},
		{
			"name": "hexadecagon",
			"from": [6.42103, 0.499, 0.062],
			"to": [9.57897, 6.999, 15.938],
			"rotation": {"angle": -22.5, "axis": "y", "origin": [8, 7, 8]},
			"faces": {
				"north": {"uv": [0, 12, 4, 13], "texture": "#2"},
				"south": {"uv": [0, 12, 4, 13], "texture": "#2"},
				"up": {"uv": [4, 12, 0, 14], "texture": "#2"},
				"down": {"uv": [0, 12, 4, 14], "rotation": 180, "texture": "#2"}
			}
		},
		{
			"name": "hexadecagon",
			"from": [6.42103, 0.5, 0.062],
			"to": [9.57897, 7, 15.938],
			"faces": {
				"north": {"uv": [4, 12, 8, 13], "texture": "#2"},
				"south": {"uv": [4, 12, 8, 13], "texture": "#2"},
				"up": {"uv": [8, 12, 4, 14], "texture": "#2"},
				"down": {"uv": [4, 12, 8, 14], "rotation": 180, "texture": "#2"}
			}
		},
		{
			"name": "hexadecagon",
			"from": [6.42103, 0.499, 0.062],
			"to": [9.57897, 6.999, 15.938],
			"rotation": {"angle": 22.5, "axis": "y", "origin": [8, 7, 8]},
			"faces": {
				"north": {"uv": [8, 12, 12, 13], "texture": "#2"},
				"south": {"uv": [8, 12, 12, 13], "texture": "#2"},
				"up": {"uv": [12, 12, 8, 14], "texture": "#2"},
				"down": {"uv": [8, 12, 12, 14], "rotation": 180, "texture": "#2"}
			}
		},
		{
			"name": "hexadecagon",
			"from": [6.42103, 0.5, 0.062],
			"to": [9.57897, 7, 15.938],
			"rotation": {"angle": 45, "axis": "y", "origin": [8, 7, 8]},
			"faces": {
				"north": {"uv": [12, 12, 16, 13], "texture": "#2"},
				"south": {"uv": [12, 12, 16, 13], "texture": "#2"},
				"up": {"uv": [16, 12, 12, 14], "texture": "#2"},
				"down": {"uv": [12, 12, 16, 14], "texture": "#2"}
			}
		},
		{
			"name": "hexadecagon",
			"from": [0.062, 0.499, 6.42103],
			"to": [15.938, 6.999, 9.57897],
			"rotation": {"angle": -22.5, "axis": "y", "origin": [8, 7, 8]},
			"faces": {
				"east": {"uv": [16, 12, 12, 13], "texture": "#2"},
				"west": {"uv": [16, 12, 12, 13], "texture": "#2"},
				"up": {"uv": [12, 12, 16, 14], "rotation": 90, "texture": "#2"},
				"down": {"uv": [16, 12, 12, 14], "rotation": 90, "texture": "#2"}
			}
		},
		{
			"name": "hexadecagon",
			"from": [0.062, 0.5, 6.42103],
			"to": [15.938, 7, 9.57897],
			"faces": {
				"east": {"uv": [12, 12, 8, 13], "texture": "#2"},
				"west": {"uv": [12, 12, 8, 13], "texture": "#2"},
				"up": {"uv": [8, 12, 12, 14], "rotation": 90, "texture": "#2"},
				"down": {"uv": [12, 12, 8, 14], "rotation": 90, "texture": "#2"}
			}
		},
		{
			"name": "hexadecagon",
			"from": [0.062, 0.499, 6.42103],
			"to": [15.938, 6.999, 9.57897],
			"rotation": {"angle": 22.5, "axis": "y", "origin": [8, 7, 8]},
			"faces": {
				"east": {"uv": [8, 12, 4, 13], "texture": "#2"},
				"west": {"uv": [8, 12, 4, 13], "texture": "#2"},
				"up": {"uv": [4, 12, 8, 14], "rotation": 90, "texture": "#2"},
				"down": {"uv": [8, 12, 4, 14], "rotation": 90, "texture": "#2"}
			}
		},
		{
			"name": "hexadecagon",
			"from": [6.21879, 1.25, -0.95475],
			"to": [9.78121, 6.25, 16.95475],
			"rotation": {"angle": -45, "axis": "y", "origin": [8, 6.25, 8]},
			"faces": {
				"north": {"uv": [4, 12, 0, 13], "texture": "#2"},
				"south": {"uv": [4, 12, 0, 13], "texture": "#2"},
				"up": {"uv": [0, 12, 4, 14], "rotation": 180, "texture": "#2"},
				"down": {"uv": [4, 12, 0, 14], "texture": "#2"}
			}
		},
		{
			"name": "hexadecagon",
			"from": [6.21879, 1.2499, -0.95475],
			"to": [9.78121, 6.2499, 16.95475],
			"rotation": {"angle": -22.5, "axis": "y", "origin": [8, 6.25, 8]},
			"faces": {
				"north": {"uv": [0, 12, 4, 13], "texture": "#2"},
				"south": {"uv": [0, 12, 4, 13], "texture": "#2"},
				"up": {"uv": [4, 12, 0, 14], "texture": "#2"},
				"down": {"uv": [0, 12, 4, 14], "rotation": 180, "texture": "#2"}
			}
		},
		{
			"name": "hexadecagon",
			"from": [6.21879, 1.25, -0.95475],
			"to": [9.78121, 6.25, 16.95475],
			"faces": {
				"north": {"uv": [4, 12, 8, 13], "texture": "#2"},
				"south": {"uv": [4, 12, 8, 13], "texture": "#2"},
				"up": {"uv": [8, 12, 4, 14], "texture": "#2"},
				"down": {"uv": [4, 12, 8, 14], "rotation": 180, "texture": "#2"}
			}
		},
		{
			"name": "hexadecagon",
			"from": [6.21879, 1.2499, -0.95475],
			"to": [9.78121, 6.2499, 16.95475],
			"rotation": {"angle": 22.5, "axis": "y", "origin": [8, 6.25, 8]},
			"faces": {
				"north": {"uv": [8, 12, 12, 13], "texture": "#2"},
				"south": {"uv": [8, 12, 12, 13], "texture": "#2"},
				"up": {"uv": [12, 12, 8, 14], "texture": "#2"},
				"down": {"uv": [8, 12, 12, 14], "rotation": 180, "texture": "#2"}
			}
		},
		{
			"name": "hexadecagon",
			"from": [6.21879, 1.25, -0.95475],
			"to": [9.78121, 6.25, 16.95475],
			"rotation": {"angle": 45, "axis": "y", "origin": [8, 6.25, 8]},
			"faces": {
				"north": {"uv": [12, 12, 16, 13], "texture": "#2"},
				"south": {"uv": [12, 12, 16, 13], "texture": "#2"},
				"up": {"uv": [16, 12, 12, 14], "texture": "#2"},
				"down": {"uv": [12, 12, 16, 14], "texture": "#2"}
			}
		},
		{
			"name": "hexadecagon",
			"from": [-0.95475, 1.2499, 6.21879],
			"to": [16.95475, 6.2499, 9.78121],
			"rotation": {"angle": -22.5, "axis": "y", "origin": [8, 6.25, 8]},
			"faces": {
				"east": {"uv": [16, 12, 12, 13], "texture": "#2"},
				"west": {"uv": [16, 12, 12, 13], "texture": "#2"},
				"up": {"uv": [12, 12, 16, 14], "rotation": 90, "texture": "#2"},
				"down": {"uv": [16, 12, 12, 14], "rotation": 90, "texture": "#2"}
			}
		},
		{
			"name": "hexadecagon",
			"from": [-0.95475, 1.25, 6.21879],
			"to": [16.95475, 6.25, 9.78121],
			"faces": {
				"east": {"uv": [12, 12, 8, 13], "texture": "#2"},
				"west": {"uv": [12, 12, 8, 13], "texture": "#2"},
				"up": {"uv": [8, 12, 12, 14], "rotation": 90, "texture": "#2"},
				"down": {"uv": [12, 12, 8, 14], "rotation": 90, "texture": "#2"}
			}
		},
		{
			"name": "hexadecagon",
			"from": [-0.95475, 1.2499, 6.21879],
			"to": [16.95475, 6.2499, 9.78121],
			"rotation": {"angle": 22.5, "axis": "y", "origin": [8, 6.25, 8]},
			"faces": {
				"east": {"uv": [8, 12, 4, 13], "texture": "#2"},
				"west": {"uv": [8, 12, 4, 13], "texture": "#2"},
				"up": {"uv": [4, 12, 8, 14], "rotation": 90, "texture": "#2"},
				"down": {"uv": [8, 12, 4, 14], "rotation": 90, "texture": "#2"}
			}
		},
		{
			"name": "hexadecagon",
			"from": [6.07516, 2, -1.6768],
			"to": [9.92484, 5.5, 17.6768],
			"rotation": {"angle": -45, "axis": "y", "origin": [8, 4.75, 8]},
			"faces": {
				"north": {"uv": [4, 12, 0, 13], "texture": "#2"},
				"south": {"uv": [4, 12, 0, 13], "texture": "#2"},
				"up": {"uv": [0, 12, 4, 14], "rotation": 180, "texture": "#2"},
				"down": {"uv": [4, 12, 0, 14], "texture": "#2"}
			}
		},
		{
			"name": "hexadecagon",
			"from": [6.07516, 1.999, -1.6768],
			"to": [9.92484, 5.499, 17.6768],
			"rotation": {"angle": -22.5, "axis": "y", "origin": [8, 4.75, 8]},
			"faces": {
				"north": {"uv": [0, 12, 4, 13], "texture": "#2"},
				"south": {"uv": [0, 12, 4, 13], "texture": "#2"},
				"up": {"uv": [4, 12, 0, 14], "texture": "#2"},
				"down": {"uv": [0, 12, 4, 14], "rotation": 180, "texture": "#2"}
			}
		},
		{
			"name": "hexadecagon",
			"from": [6.07516, 2, -1.6768],
			"to": [9.92484, 5.5, 17.6768],
			"faces": {
				"north": {"uv": [4, 12, 8, 13], "texture": "#2"},
				"south": {"uv": [4, 12, 8, 13], "texture": "#2"},
				"up": {"uv": [8, 12, 4, 14], "texture": "#2"},
				"down": {"uv": [4, 12, 8, 14], "rotation": 180, "texture": "#2"}
			}
		},
		{
			"name": "hexadecagon",
			"from": [6.07516, 1.999, -1.6768],
			"to": [9.92484, 5.499, 17.6768],
			"rotation": {"angle": 22.5, "axis": "y", "origin": [8, 4.75, 8]},
			"faces": {
				"north": {"uv": [8, 12, 12, 13], "texture": "#2"},
				"south": {"uv": [8, 12, 12, 13], "texture": "#2"},
				"up": {"uv": [12, 12, 8, 14], "texture": "#2"},
				"down": {"uv": [8, 12, 12, 14], "rotation": 180, "texture": "#2"}
			}
		},
		{
			"name": "hexadecagon",
			"from": [6.07516, 2, -1.6768],
			"to": [9.92484, 5.5, 17.6768],
			"rotation": {"angle": 45, "axis": "y", "origin": [8, 4.75, 8]},
			"faces": {
				"north": {"uv": [12, 12, 16, 13], "texture": "#2"},
				"south": {"uv": [12, 12, 16, 13], "texture": "#2"},
				"up": {"uv": [16, 12, 12, 14], "texture": "#2"},
				"down": {"uv": [12, 12, 16, 14], "texture": "#2"}
			}
		},
		{
			"name": "hexadecagon",
			"from": [-1.6768, 1.999, 6.07516],
			"to": [17.6768, 5.499, 9.92484],
			"rotation": {"angle": -22.5, "axis": "y", "origin": [8, 4.75, 8]},
			"faces": {
				"east": {"uv": [16, 12, 12, 13], "texture": "#2"},
				"west": {"uv": [16, 12, 12, 13], "texture": "#2"},
				"up": {"uv": [12, 12, 16, 14], "rotation": 90, "texture": "#2"},
				"down": {"uv": [16, 12, 12, 14], "rotation": 90, "texture": "#2"}
			}
		},
		{
			"name": "hexadecagon",
			"from": [-1.6768, 2, 6.07516],
			"to": [17.6768, 5.5, 9.92484],
			"faces": {
				"east": {"uv": [12, 12, 8, 13], "texture": "#2"},
				"west": {"uv": [12, 12, 8, 13], "texture": "#2"},
				"up": {"uv": [8, 12, 12, 14], "rotation": 90, "texture": "#2"},
				"down": {"uv": [12, 12, 8, 14], "rotation": 90, "texture": "#2"}
			}
		},
		{
			"name": "hexadecagon",
			"from": [-1.6768, 1.999, 6.07516],
			"to": [17.6768, 5.499, 9.92484],
			"rotation": {"angle": 22.5, "axis": "y", "origin": [8, 4.75, 8]},
			"faces": {
				"east": {"uv": [8, 12, 4, 13], "texture": "#2"},
				"west": {"uv": [8, 12, 4, 13], "texture": "#2"},
				"up": {"uv": [4, 12, 8, 14], "rotation": 90, "texture": "#2"},
				"down": {"uv": [8, 12, 4, 14], "rotation": 90, "texture": "#2"}
			}
		},
		{
			"from": [6.76256, 0.98285, 14.70377],
			"to": [9.23744, 0.98766, 17.94896],
			"rotation": {"angle": 22.5, "axis": "x", "origin": [7.5, 0.48766, 15.44896]},
			"faces": {
				"up": {"uv": [0, 0, 16, 16], "rotation": 180, "texture": "#1"}
			}
		},
		{
			"from": [6.75, 0.2, 15],
			"to": [8.5, 1.95, 17.9],
			"rotation": {"angle": -45, "axis": "z", "origin": [8, 0.7, 15.5]},
			"faces": {
				"east": {"uv": [7.75, 16, 0, 0], "rotation": 180, "texture": "#1"},
				"down": {"uv": [8, 0, 15.75, 16], "rotation": 270, "texture": "#1"}
			}
		},
		{
			"from": [14.65273, 0.98285, 6.70006],
			"to": [17.89792, 0.98766, 9.17494],
			"rotation": {"angle": -22.5, "axis": "z", "origin": [15.39792, 0.48766, 7.4375]},
			"faces": {
				"up": {"uv": [0, 16, 16, 0], "rotation": 270, "texture": "#1"}
			}
		},
		{
			"from": [14.94896, 0.2, 6.6875],
			"to": [17.84896, 1.95, 8.4375],
			"rotation": {"angle": 45, "axis": "x", "origin": [15.44896, 0.7, 7.9375]},
			"faces": {
				"south": {"uv": [0, 16, 7.75, 0], "rotation": 180, "texture": "#1"},
				"down": {"uv": [15.75, 0, 8, 16], "rotation": 180, "texture": "#1"}
			}
		},
		{
			"from": [-2, 0.98285, 6.70006],
			"to": [1.24519, 0.98766, 9.17494],
			"rotation": {"angle": 22.5, "axis": "z", "origin": [0.5, 0.48766, 7.4375]},
			"faces": {
				"up": {"uv": [0, 0, 16, 16], "rotation": 270, "texture": "#1"}
			}
		},
		{
			"from": [-1.95104, 0.2, 6.6875],
			"to": [0.94896, 1.95, 8.4375],
			"rotation": {"angle": 45, "axis": "x", "origin": [0.44896, 0.7, 7.9375]},
			"faces": {
				"south": {"uv": [7.75, 16, 0, 0], "rotation": 180, "texture": "#1"},
				"down": {"uv": [8, 0, 15.75, 16], "rotation": 180, "texture": "#1"}
			}
		},
		{
			"from": [6.76256, 0.98285, -1.94896],
			"to": [9.23744, 0.98766, 1.29623],
			"rotation": {"angle": -22.5, "axis": "x", "origin": [7.5, 0.48766, 0.55104]},
			"faces": {
				"up": {"uv": [0, 16, 16, 0], "rotation": 180, "texture": "#1"}
			}
		},
		{
			"from": [6.75, 0.2, -1.9],
			"to": [8.5, 1.95, 1],
			"rotation": {"angle": -45, "axis": "z", "origin": [8, 0.7, 0.5]},
			"faces": {
				"east": {"uv": [0, 16, 7.75, 0], "rotation": 180, "texture": "#1"},
				"down": {"uv": [15.75, 0, 8, 16], "rotation": 270, "texture": "#1"}
			}
		}
	],
	"groups": [
		{
			"name": "hexadecagon",
			"children": [0, 1, 2, 3, 4, 5, 6, 7]
		},
		{
			"name": "hexadecagon",
			"children": [8, 9, 10, 11, 12, 13, 14, 15]
		},
		{
			"name": "hexadecagon",
			"children": [16, 17, 18, 19, 20, 21, 22, 23]
		},
		{
			"name": "hexadecagon",
			"children": [24, 25, 26, 27, 28, 29, 30, 31]
		},
		{
			"name": "group",
			"children": [32, 33]
		},
		{
			"name": "group",
			"children": [34, 35]
		},
		{
			"name": "group",
			"children": [36, 37]
		},
		{
			"name": "group",
			"children": [38, 39]
		}
	]
}