{
	"credit": "Made with Blockbench",
	"parent": "minigame/bb/pump_0",
	"textures": {
		"1": "decorations/board/general/bowser/spikes",
		"2": "minigames/bb/pump",
		"particle": "minigames/bb/pump"
	},
	"elements": [
		{
			"name": "hexadecagon",
			"from": [6.60761, 8.5, 1],
			"to": [9.39239, 10, 15],
			"rotation": {"angle": -45, "axis": "y", "origin": [8, 9, 8]},
			"faces": {
				"north": {"uv": [4, 3, 0, 4], "texture": "#2"},
				"south": {"uv": [4, 3, 0, 4], "texture": "#2"},
				"up": {"uv": [12.25, 5.25, 12.75, 5.75], "texture": "#2"},
				"down": {"uv": [4, 3, 0, 5], "rotation": 180, "texture": "#2"}
			}
		},
		{
			"name": "hexadecagon",
			"from": [6.60761, 8.501, 1],
			"to": [9.39239, 10, 15],
			"rotation": {"angle": -22.5, "axis": "y", "origin": [8, 9, 8]},
			"faces": {
				"north": {"uv": [0, 3, 4, 4], "texture": "#2"},
				"south": {"uv": [0, 3, 4, 4], "texture": "#2"},
				"up": {"uv": [12.25, 5.25, 12.75, 5.75], "texture": "#2"},
				"down": {"uv": [0, 3, 4, 5], "rotation": 180, "texture": "#2"}
			}
		},
		{
			"name": "hexadecagon",
			"from": [6.60761, 8.5, 1],
			"to": [9.39239, 10, 15],
			"faces": {
				"north": {"uv": [4, 3, 8, 4], "texture": "#2"},
				"south": {"uv": [4, 3, 8, 4], "texture": "#2"},
				"up": {"uv": [12.25, 5.25, 12.75, 5.75], "texture": "#2"},
				"down": {"uv": [4, 3, 8, 5], "rotation": 180, "texture": "#2"}
			}
		},
		{
			"name": "hexadecagon",
			"from": [6.60761, 8.501, 1],
			"to": [9.39239, 10, 15],
			"rotation": {"angle": 22.5, "axis": "y", "origin": [8, 9, 8]},
			"faces": {
				"north": {"uv": [8, 3, 12, 4], "texture": "#2"},
				"south": {"uv": [8, 3, 12, 4], "texture": "#2"},
				"up": {"uv": [12.25, 5.25, 12.75, 5.75], "texture": "#2"},
				"down": {"uv": [8, 3, 12, 5], "texture": "#2"}
			}
		},
		{
			"name": "hexadecagon",
			"from": [6.60761, 8.5, 1],
			"to": [9.39239, 10, 15],
			"rotation": {"angle": 45, "axis": "y", "origin": [8, 9, 8]},
			"faces": {
				"north": {"uv": [12, 3, 16, 4], "texture": "#2"},
				"south": {"uv": [12, 3, 16, 4], "texture": "#2"},
				"up": {"uv": [12.25, 5.25, 12.75, 5.75], "texture": "#2"},
				"down": {"uv": [12, 3, 16, 5], "rotation": 180, "texture": "#2"}
			}
		},
		{
			"name": "hexadecagon",
			"from": [1, 8.501, 6.60761],
			"to": [15, 10, 9.39239],
			"rotation": {"angle": -22.5, "axis": "y", "origin": [8, 9, 8]},
			"faces": {
				"east": {"uv": [16, 3, 12, 4], "texture": "#2"},
				"west": {"uv": [16, 3, 12, 4], "texture": "#2"},
				"up": {"uv": [12.25, 5.25, 12.75, 5.75], "texture": "#2"},
				"down": {"uv": [16, 3, 12, 5], "rotation": 90, "texture": "#2"}
			}
		},
		{
			"name": "hexadecagon",
			"from": [1, 8.5, 6.60761],
			"to": [15, 10, 9.39239],
			"faces": {
				"east": {"uv": [12, 3, 8, 4], "texture": "#2"},
				"west": {"uv": [12, 3, 8, 4], "texture": "#2"},
				"up": {"uv": [12.25, 5.25, 12.75, 5.75], "texture": "#2"},
				"down": {"uv": [12, 3, 8, 5], "rotation": 90, "texture": "#2"}
			}
		},
		{
			"name": "hexadecagon",
			"from": [1, 8.501, 6.60761],
			"to": [15, 10, 9.39239],
			"rotation": {"angle": 22.5, "axis": "y", "origin": [8, 9, 8]},
			"faces": {
				"east": {"uv": [8, 3, 4, 4], "texture": "#2"},
				"west": {"uv": [8, 3, 4, 4], "texture": "#2"},
				"up": {"uv": [12.25, 5.25, 12.75, 5.75], "texture": "#2"},
				"down": {"uv": [8, 3, 4, 5], "rotation": 90, "texture": "#2"}
			}
		},
		{
			"name": "hexadecagon",
			"from": [6.74685, 1.5, 1.7],
			"to": [9.25315, 8.5, 14.3],
			"rotation": {"angle": -45, "axis": "y", "origin": [8, 8, 8]},
			"faces": {
				"north": {"uv": [4, 3, 0, 4], "texture": "#2"},
				"south": {"uv": [4, 3, 0, 4], "texture": "#2"}
			}
		},
		{
			"name": "hexadecagon",
			"from": [6.74685, 1.5, 1.7],
			"to": [9.25315, 8.5, 14.3],
			"rotation": {"angle": -22.5, "axis": "y", "origin": [8, 8, 8]},
			"faces": {
				"north": {"uv": [0, 3, 4, 4], "texture": "#2"},
				"south": {"uv": [0, 3, 4, 4], "texture": "#2"}
			}
		},
		{
			"name": "hexadecagon",
			"from": [6.74685, 1.5, 1.7],
			"to": [9.25315, 8.5, 14.3],
			"faces": {
				"north": {"uv": [4, 3, 8, 4], "texture": "#2"},
				"south": {"uv": [4, 3, 8, 4], "texture": "#2"}
			}
		},
		{
			"name": "hexadecagon",
			"from": [6.74685, 1.5, 1.7],
			"to": [9.25315, 8.5, 14.3],
			"rotation": {"angle": 22.5, "axis": "y", "origin": [8, 8, 8]},
			"faces": {
				"north": {"uv": [8, 3, 12, 4], "texture": "#2"},
				"south": {"uv": [8, 3, 12, 4], "texture": "#2"}
			}
		},
		{
			"name": "hexadecagon",
			"from": [6.74685, 1.5, 1.7],
			"to": [9.25315, 8.5, 14.3],
			"rotation": {"angle": 45, "axis": "y", "origin": [8, 8, 8]},
			"faces": {
				"north": {"uv": [12, 3, 16, 4], "texture": "#2"},
				"south": {"uv": [12, 3, 16, 4], "texture": "#2"}
			}
		},
		{
			"name": "hexadecagon",
			"from": [1.7, 1.5, 6.74685],
			"to": [14.3, 8.5, 9.25315],
			"rotation": {"angle": -22.5, "axis": "y", "origin": [8, 8, 8]},
			"faces": {
				"east": {"uv": [16, 3, 12, 4], "texture": "#2"},
				"west": {"uv": [16, 3, 12, 4], "texture": "#2"}
			}
		},
		{
			"name": "hexadecagon",
			"from": [1.7, 1.5, 6.74685],
			"to": [14.3, 8.5, 9.25315],
			"faces": {
				"east": {"uv": [12, 3, 8, 4], "texture": "#2"},
				"west": {"uv": [12, 3, 8, 4], "texture": "#2"}
			}
		},
		{
			"name": "hexadecagon",
			"from": [1.7, 1.5, 6.74685],
			"to": [14.3, 8.5, 9.25315],
			"rotation": {"angle": 22.5, "axis": "y", "origin": [8, 8, 8]},
			"faces": {
				"east": {"uv": [8, 3, 4, 4], "texture": "#2"},
				"west": {"uv": [8, 3, 4, 4], "texture": "#2"}
			}
		},
		{
			"name": "hexadecagon",
			"from": [6.60761, 0, 1],
			"to": [9.39239, 1.5, 15],
			"rotation": {"angle": -45, "axis": "y", "origin": [8, 1, 8]},
			"faces": {
				"north": {"uv": [4, 3, 0, 4], "texture": "#2"},
				"south": {"uv": [4, 3, 0, 4], "texture": "#2"},
				"up": {"uv": [0, 3, 4, 5], "rotation": 180, "texture": "#2"},
				"down": {"uv": [12, 2, 12.79861, 3], "texture": "#2"}
			}
		},
		{
			"name": "hexadecagon",
			"from": [6.60761, 0, 1],
			"to": [9.39239, 1.499, 15],
			"rotation": {"angle": -22.5, "axis": "y", "origin": [8, 1, 8]},
			"faces": {
				"north": {"uv": [0, 3, 4, 4], "texture": "#2"},
				"south": {"uv": [0, 3, 4, 4], "texture": "#2"},
				"up": {"uv": [4, 3, 0, 5], "rotation": 180, "texture": "#2"},
				"down": {"uv": [12, 2, 12.79861, 3], "texture": "#2"}
			}
		},
		{
			"name": "hexadecagon",
			"from": [6.60761, 0, 1],
			"to": [9.39239, 1.5, 15],
			"faces": {
				"north": {"uv": [4, 3, 8, 4], "texture": "#2"},
				"south": {"uv": [4, 3, 8, 4], "texture": "#2"},
				"up": {"uv": [8, 3, 4, 5], "texture": "#2"},
				"down": {"uv": [12, 2, 12.79861, 3], "texture": "#2"}
			}
		},
		{
			"name": "hexadecagon",
			"from": [6.60761, 0, 1],
			"to": [9.39239, 1.499, 15],
			"rotation": {"angle": 22.5, "axis": "y", "origin": [8, 1, 8]},
			"faces": {
				"north": {"uv": [8, 3, 12, 4], "texture": "#2"},
				"south": {"uv": [8, 3, 12, 4], "texture": "#2"},
				"up": {"uv": [12, 3, 8, 5], "texture": "#2"},
				"down": {"uv": [12, 2, 12.79861, 3], "texture": "#2"}
			}
		},
		{
			"name": "hexadecagon",
			"from": [6.60761, 0, 1],
			"to": [9.39239, 1.5, 15],
			"rotation": {"angle": 45, "axis": "y", "origin": [8, 1, 8]},
			"faces": {
				"north": {"uv": [12, 3, 16, 4], "texture": "#2"},
				"south": {"uv": [12, 3, 16, 4], "texture": "#2"},
				"up": {"uv": [16, 3, 12, 5], "texture": "#2"},
				"down": {"uv": [12, 2, 12.79861, 3], "texture": "#2"}
			}
		},
		{
			"name": "hexadecagon",
			"from": [1, 0, 6.60761],
			"to": [15, 1.499, 9.39239],
			"rotation": {"angle": -22.5, "axis": "y", "origin": [8, 1, 8]},
			"faces": {
				"east": {"uv": [16, 3, 12, 4], "texture": "#2"},
				"west": {"uv": [16, 3, 12, 4], "texture": "#2"},
				"up": {"uv": [12, 3, 16, 5], "rotation": 90, "texture": "#2"},
				"down": {"uv": [12, 2, 12.79861, 3], "texture": "#2"}
			}
		},
		{
			"name": "hexadecagon",
			"from": [1, 0, 6.60761],
			"to": [15, 1.5, 9.39239],
			"faces": {
				"east": {"uv": [12, 3, 8, 4], "texture": "#2"},
				"west": {"uv": [12, 3, 8, 4], "texture": "#2"},
				"up": {"uv": [8, 3, 12, 5], "rotation": 90, "texture": "#2"},
				"down": {"uv": [12, 2, 12.79861, 3], "texture": "#2"}
			}
		},
		{
			"name": "hexadecagon",
			"from": [1, 0, 6.60761],
			"to": [15, 1.499, 9.39239],
			"rotation": {"angle": 22.5, "axis": "y", "origin": [8, 1, 8]},
			"faces": {
				"east": {"uv": [8, 3, 4, 4], "texture": "#2"},
				"west": {"uv": [8, 3, 4, 4], "texture": "#2"},
				"up": {"uv": [4, 3, 8, 5], "rotation": 90, "texture": "#2"},
				"down": {"uv": [12, 2, 12.79861, 3], "texture": "#2"}
			}
		},
		{
			"from": [6.76256, 0.98285, 14.70377],
			"to": [9.23744, 0.98766, 17.94896],
			"rotation": {"angle": 22.5, "axis": "x", "origin": [7.5, 0.48766, 15.44896]},
			"faces": {
				"up": {"uv": [0, 0, 16, 16], "rotation": 180, "texture": "#1"}
			}
		},
		{
			"from": [6.75, 0.2, 15],
			"to": [8.5, 1.95, 17.9],
			"rotation": {"angle": -45, "axis": "z", "origin": [8, 0.7, 15.5]},
			"faces": {
				"east": {"uv": [7.75, 16, 0, 0], "rotation": 180, "texture": "#1"},
				"down": {"uv": [8, 0, 15.75, 16], "rotation": 270, "texture": "#1"}
			}
		},
		{
			"from": [14.65273, 0.98285, 6.70006],
			"to": [17.89792, 0.98766, 9.17494],
			"rotation": {"angle": -22.5, "axis": "z", "origin": [15.39792, 0.48766, 7.4375]},
			"faces": {
				"up": {"uv": [0, 16, 16, 0], "rotation": 270, "texture": "#1"}
			}
		},
		{
			"from": [14.94896, 0.2, 6.6875],
			"to": [17.84896, 1.95, 8.4375],
			"rotation": {"angle": 45, "axis": "x", "origin": [15.44896, 0.7, 7.9375]},
			"faces": {
				"south": {"uv": [0, 16, 7.75, 0], "rotation": 180, "texture": "#1"},
				"down": {"uv": [15.75, 0, 8, 16], "rotation": 180, "texture": "#1"}
			}
		},
		{
			"from": [-2, 0.98285, 6.70006],
			"to": [1.24519, 0.98766, 9.17494],
			"rotation": {"angle": 22.5, "axis": "z", "origin": [0.5, 0.48766, 7.4375]},
			"faces": {
				"up": {"uv": [0, 0, 16, 16], "rotation": 270, "texture": "#1"}
			}
		},
		{
			"from": [-1.95104, 0.2, 6.6875],
			"to": [0.94896, 1.95, 8.4375],
			"rotation": {"angle": 45, "axis": "x", "origin": [0.44896, 0.7, 7.9375]},
			"faces": {
				"south": {"uv": [7.75, 16, 0, 0], "rotation": 180, "texture": "#1"},
				"down": {"uv": [8, 0, 15.75, 16], "rotation": 180, "texture": "#1"}
			}
		},
		{
			"from": [6.76256, 0.98285, -1.94896],
			"to": [9.23744, 0.98766, 1.29623],
			"rotation": {"angle": -22.5, "axis": "x", "origin": [7.5, 0.48766, 0.55104]},
			"faces": {
				"up": {"uv": [0, 16, 16, 0], "rotation": 180, "texture": "#1"}
			}
		},
		{
			"from": [6.75, 0.2, -1.9],
			"to": [8.5, 1.95, 1],
			"rotation": {"angle": -45, "axis": "z", "origin": [8, 0.7, 0.5]},
			"faces": {
				"east": {"uv": [0, 16, 7.75, 0], "rotation": 180, "texture": "#1"},
				"down": {"uv": [15.75, 0, 8, 16], "rotation": 270, "texture": "#1"}
			}
		}
	],
	"groups": [
		{
			"name": "hexadecagon",
			"children": [0, 1, 2, 3, 4, 5, 6, 7]
		},
		{
			"name": "hexadecagon",
			"children": [8, 9, 10, 11, 12, 13, 14, 15]
		},
		{
			"name": "hexadecagon",
			"children": [16, 17, 18, 19, 20, 21, 22, 23]
		},
		{
			"name": "group",
			"children": [24, 25]
		},
		{
			"name": "group",
			"children": [26, 27]
		},
		{
			"name": "group",
			"children": [28, 29]
		},
		{
			"name": "group",
			"children": [30, 31]
		}
	]
}