{
	"credit": "Made with Blockbench by dragonmaster95",
	"parent": "minigame/bb/pump_0",
	"textures": {
		"1": "decorations/board/general/bowser/spikes",
		"2": "minigames/bb/pump",
		"particle": "minigames/bb/pump"
	},
	"elements": [
		{
			"name": "hexadecagon",
			"from": [6.60761, 0, 1],
			"to": [9.39239, 8.5, 15],
			"rotation": {"angle": -45, "axis": "y", "origin": [8, 9.5, 8]},
			"faces": {
				"north": {"uv": [4, 9, 0, 10], "texture": "#2"},
				"south": {"uv": [4, 9, 0, 10], "texture": "#2"},
				"up": {"uv": [12.25, 11.25, 12.75, 11.75], "texture": "#2"},
				"down": {"uv": [12.25, 11.25, 12.75, 11.75], "texture": "#2"}
			}
		},
		{
			"name": "hexadecagon",
			"from": [6.60761, 0.001, 1],
			"to": [9.39239, 8.5009, 15],
			"rotation": {"angle": -22.5, "axis": "y", "origin": [8, 9.5, 8]},
			"faces": {
				"north": {"uv": [0, 9, 4, 10], "texture": "#2"},
				"south": {"uv": [0, 9, 4, 10], "texture": "#2"},
				"up": {"uv": [12.25, 11.25, 12.75, 11.75], "texture": "#2"},
				"down": {"uv": [12.25, 11.25, 12.75, 11.75], "texture": "#2"}
			}
		},
		{
			"name": "hexadecagon",
			"from": [6.60761, 0, 1],
			"to": [9.39239, 8.5, 15],
			"faces": {
				"north": {"uv": [4, 9, 8, 10], "texture": "#2"},
				"south": {"uv": [4, 9, 8, 10], "texture": "#2"},
				"up": {"uv": [12.25, 11.25, 12.75, 11.75], "texture": "#2"},
				"down": {"uv": [12.25, 11.25, 12.75, 11.75], "texture": "#2"}
			}
		},
		{
			"name": "hexadecagon",
			"from": [6.60761, 0.001, 1],
			"to": [9.39239, 8.5009, 15],
			"rotation": {"angle": 22.5, "axis": "y", "origin": [8, 9.5, 8]},
			"faces": {
				"north": {"uv": [8, 9, 12, 10], "texture": "#2"},
				"south": {"uv": [8, 9, 12, 10], "texture": "#2"},
				"up": {"uv": [12.25, 11.25, 12.75, 11.75], "texture": "#2"},
				"down": {"uv": [12.25, 11.25, 12.75, 11.75], "texture": "#2"}
			}
		},
		{
			"name": "hexadecagon",
			"from": [6.60761, 0, 1],
			"to": [9.39239, 8.5, 15],
			"rotation": {"angle": 45, "axis": "y", "origin": [8, 9.5, 8]},
			"faces": {
				"north": {"uv": [12, 9, 16, 10], "texture": "#2"},
				"south": {"uv": [12, 9, 16, 10], "texture": "#2"},
				"up": {"uv": [12.25, 11.25, 12.75, 11.75], "texture": "#2"},
				"down": {"uv": [12.25, 11.25, 12.75, 11.75], "texture": "#2"}
			}
		},
		{
			"name": "hexadecagon",
			"from": [1, 0.001, 6.60761],
			"to": [15, 8.5009, 9.39239],
			"rotation": {"angle": -22.5, "axis": "y", "origin": [8, 9.5, 8]},
			"faces": {
				"east": {"uv": [16, 9, 12, 10], "texture": "#2"},
				"west": {"uv": [16, 9, 12, 10], "texture": "#2"},
				"up": {"uv": [12.25, 11.25, 12.75, 11.75], "texture": "#2"},
				"down": {"uv": [12.25, 11.25, 12.75, 11.75], "texture": "#2"}
			}
		},
		{
			"name": "hexadecagon",
			"from": [1, 0, 6.60761],
			"to": [15, 8.5, 9.39239],
			"faces": {
				"east": {"uv": [12, 9, 8, 10], "texture": "#2"},
				"west": {"uv": [12, 9, 8, 10], "texture": "#2"},
				"up": {"uv": [12.25, 11.25, 12.75, 11.75], "texture": "#2"},
				"down": {"uv": [12.25, 11.25, 12.75, 11.75], "texture": "#2"}
			}
		},
		{
			"name": "hexadecagon",
			"from": [1, 0.001, 6.60761],
			"to": [15, 8.5009, 9.39239],
			"rotation": {"angle": 22.5, "axis": "y", "origin": [8, 9.5, 8]},
			"faces": {
				"east": {"uv": [8, 9, 4, 10], "texture": "#2"},
				"west": {"uv": [8, 9, 4, 10], "texture": "#2"},
				"up": {"uv": [12.25, 11.25, 12.75, 11.75], "texture": "#2"},
				"down": {"uv": [12.25, 11.25, 12.75, 11.75], "texture": "#2"}
			}
		},
		{
			"name": "hexadecagon",
			"from": [6.49622, 0.5, 0.44],
			"to": [9.50378, 8, 15.56],
			"rotation": {"angle": -45, "axis": "y", "origin": [8, 7, 8]},
			"faces": {
				"north": {"uv": [4, 9, 0, 10], "texture": "#2"},
				"south": {"uv": [4, 9, 0, 10], "texture": "#2"},
				"up": {"uv": [0, 9, 4, 11], "rotation": 180, "texture": "#2"},
				"down": {"uv": [4, 9, 0, 11], "rotation": 180, "texture": "#2"}
			}
		},
		{
			"name": "hexadecagon",
			"from": [6.49622, 0.501, 0.44],
			"to": [9.50378, 8, 15.56],
			"rotation": {"angle": -22.5, "axis": "y", "origin": [8, 7, 8]},
			"faces": {
				"north": {"uv": [0, 9, 4, 10], "texture": "#2"},
				"south": {"uv": [0, 9, 4, 10], "texture": "#2"},
				"up": {"uv": [4, 9, 0, 11], "rotation": 180, "texture": "#2"},
				"down": {"uv": [0, 9, 4, 11], "rotation": 180, "texture": "#2"}
			}
		},
		{
			"name": "hexadecagon",
			"from": [6.49622, 0.5, 0.44],
			"to": [9.50378, 8, 15.56],
			"faces": {
				"north": {"uv": [4, 9, 8, 10], "texture": "#2"},
				"south": {"uv": [4, 9, 8, 10], "texture": "#2"},
				"up": {"uv": [8, 9, 4, 11], "rotation": 180, "texture": "#2"},
				"down": {"uv": [4, 9, 8, 11], "rotation": 180, "texture": "#2"}
			}
		},
		{
			"name": "hexadecagon",
			"from": [6.49622, 0.501, 0.44],
			"to": [9.50378, 8, 15.56],
			"rotation": {"angle": 22.5, "axis": "y", "origin": [8, 7, 8]},
			"faces": {
				"north": {"uv": [8, 9, 12, 10], "texture": "#2"},
				"south": {"uv": [8, 9, 12, 10], "texture": "#2"},
				"up": {"uv": [12, 9, 8, 11], "rotation": 180, "texture": "#2"},
				"down": {"uv": [8, 9, 12, 11], "rotation": 180, "texture": "#2"}
			}
		},
		{
			"name": "hexadecagon",
			"from": [6.49622, 0.5, 0.44],
			"to": [9.50378, 8, 15.56],
			"rotation": {"angle": 45, "axis": "y", "origin": [8, 7, 8]},
			"faces": {
				"north": {"uv": [12, 9, 16, 10], "texture": "#2"},
				"south": {"uv": [12, 9, 16, 10], "texture": "#2"},
				"up": {"uv": [16, 9, 12, 11], "rotation": 180, "texture": "#2"},
				"down": {"uv": [12, 9, 16, 11], "rotation": 180, "texture": "#2"}
			}
		},
		{
			"name": "hexadecagon",
			"from": [0.44, 0.501, 6.49622],
			"to": [15.56, 8, 9.50378],
			"rotation": {"angle": -22.5, "axis": "y", "origin": [8, 7, 8]},
			"faces": {
				"east": {"uv": [16, 9, 12, 10], "texture": "#2"},
				"west": {"uv": [16, 9, 12, 10], "texture": "#2"},
				"up": {"uv": [12, 9, 16, 11], "rotation": 90, "texture": "#2"},
				"down": {"uv": [16, 9, 12, 11], "rotation": 90, "texture": "#2"}
			}
		},
		{
			"name": "hexadecagon",
			"from": [0.44, 0.5, 6.49622],
			"to": [15.56, 8, 9.50378],
			"faces": {
				"east": {"uv": [12, 9, 8, 10], "texture": "#2"},
				"west": {"uv": [12, 9, 8, 10], "texture": "#2"},
				"up": {"uv": [8, 9, 12, 11], "rotation": 90, "texture": "#2"},
				"down": {"uv": [8, 9, 16, 11], "rotation": 90, "texture": "#2"}
			}
		},
		{
			"name": "hexadecagon",
			"from": [0.44, 0.501, 6.49622],
			"to": [15.56, 8, 9.50378],
			"rotation": {"angle": 22.5, "axis": "y", "origin": [8, 7, 8]},
			"faces": {
				"east": {"uv": [8, 9, 4, 10], "texture": "#2"},
				"west": {"uv": [8, 9, 4, 10], "texture": "#2"},
				"up": {"uv": [4, 9, 8, 11], "rotation": 90, "texture": "#2"},
				"down": {"uv": [8, 9, 4, 11], "rotation": 90, "texture": "#2"}
			}
		},
		{
			"name": "hexadecagon",
			"from": [6.34306, 1.25, -0.33],
			"to": [9.65694, 7.25, 16.33],
			"rotation": {"angle": -45, "axis": "y", "origin": [8, 6.25, 8]},
			"faces": {
				"north": {"uv": [4, 9, 0, 10], "texture": "#2"},
				"south": {"uv": [4, 9, 0, 10], "texture": "#2"},
				"up": {"uv": [0, 9, 4, 11], "rotation": 180, "texture": "#2"},
				"down": {"uv": [4, 9, 0, 11], "rotation": 180, "texture": "#2"}
			}
		},
		{
			"name": "hexadecagon",
			"from": [6.34306, 1.251, -0.33],
			"to": [9.65694, 7.25, 16.33],
			"rotation": {"angle": -22.5, "axis": "y", "origin": [8, 6.25, 8]},
			"faces": {
				"north": {"uv": [0, 9, 4, 10], "texture": "#2"},
				"south": {"uv": [0, 9, 4, 10], "texture": "#2"},
				"up": {"uv": [4, 9, 0, 11], "rotation": 180, "texture": "#2"},
				"down": {"uv": [0, 9, 4, 11], "rotation": 180, "texture": "#2"}
			}
		},
		{
			"name": "hexadecagon",
			"from": [6.34306, 1.25, -0.33],
			"to": [9.65694, 7.25, 16.33],
			"faces": {
				"north": {"uv": [4, 9, 8, 10], "texture": "#2"},
				"south": {"uv": [4, 9, 8, 10], "texture": "#2"},
				"up": {"uv": [8, 9, 4, 11], "rotation": 180, "texture": "#2"},
				"down": {"uv": [4, 9, 8, 11], "rotation": 180, "texture": "#2"}
			}
		},
		{
			"name": "hexadecagon",
			"from": [6.34306, 1.251, -0.33],
			"to": [9.65694, 7.25, 16.33],
			"rotation": {"angle": 22.5, "axis": "y", "origin": [8, 6.25, 8]},
			"faces": {
				"north": {"uv": [8, 9, 12, 10], "texture": "#2"},
				"south": {"uv": [8, 9, 12, 10], "texture": "#2"},
				"up": {"uv": [12, 9, 8, 11], "rotation": 180, "texture": "#2"},
				"down": {"uv": [8, 9, 12, 11], "rotation": 180, "texture": "#2"}
			}
		},
		{
			"name": "hexadecagon",
			"from": [6.34306, 1.25, -0.33],
			"to": [9.65694, 7.25, 16.33],
			"rotation": {"angle": 45, "axis": "y", "origin": [8, 6.25, 8]},
			"faces": {
				"north": {"uv": [12, 9, 16, 10], "texture": "#2"},
				"south": {"uv": [12, 9, 16, 10], "texture": "#2"},
				"up": {"uv": [16, 9, 12, 11], "rotation": 180, "texture": "#2"},
				"down": {"uv": [12, 9, 16, 11], "rotation": 180, "texture": "#2"}
			}
		},
		{
			"name": "hexadecagon",
			"from": [-0.33, 1.251, 6.34306],
			"to": [16.33, 7.25, 9.65694],
			"rotation": {"angle": -22.5, "axis": "y", "origin": [8, 6.25, 8]},
			"faces": {
				"east": {"uv": [16, 9, 12, 10], "texture": "#2"},
				"west": {"uv": [16, 9, 12, 10], "texture": "#2"},
				"up": {"uv": [12, 9, 16, 11], "rotation": 90, "texture": "#2"},
				"down": {"uv": [16, 9, 12, 11], "rotation": 90, "texture": "#2"}
			}
		},
		{
			"name": "hexadecagon",
			"from": [-0.33, 1.25, 6.34306],
			"to": [16.33, 7.25, 9.65694],
			"faces": {
				"east": {"uv": [12, 9, 8, 10], "texture": "#2"},
				"west": {"uv": [12, 9, 8, 10], "texture": "#2"},
				"up": {"uv": [8, 9, 12, 11], "rotation": 90, "texture": "#2"},
				"down": {"uv": [12, 9, 16, 11], "rotation": 90, "texture": "#2"}
			}
		},
		{
			"name": "hexadecagon",
			"from": [-0.33, 1.251, 6.34306],
			"to": [16.33, 7.25, 9.65694],
			"rotation": {"angle": 22.5, "axis": "y", "origin": [8, 6.25, 8]},
			"faces": {
				"east": {"uv": [8, 9, 4, 10], "texture": "#2"},
				"west": {"uv": [8, 9, 4, 10], "texture": "#2"},
				"up": {"uv": [4, 9, 8, 11], "rotation": 90, "texture": "#2"},
				"down": {"uv": [8, 9, 4, 11], "rotation": 90, "texture": "#2"}
			}
		},
		{
			"name": "hexadecagon",
			"from": [6.21774, 2, -0.96],
			"to": [9.78226, 6.5, 16.96],
			"rotation": {"angle": -45, "axis": "y", "origin": [8, 4.75, 8]},
			"faces": {
				"north": {"uv": [4, 9, 0, 10], "texture": "#2"},
				"south": {"uv": [4, 9, 0, 10], "texture": "#2"},
				"up": {"uv": [0, 9, 4, 11], "rotation": 180, "texture": "#2"},
				"down": {"uv": [4, 9, 0, 11], "rotation": 180, "texture": "#2"}
			}
		},
		{
			"name": "hexadecagon",
			"from": [6.21774, 2, -0.96],
			"to": [9.78226, 6.5, 16.96],
			"rotation": {"angle": -22.5, "axis": "y", "origin": [8, 4.75, 8]},
			"faces": {
				"north": {"uv": [0, 9, 4, 10], "texture": "#2"},
				"south": {"uv": [0, 9, 4, 10], "texture": "#2"},
				"up": {"uv": [4, 9, 0, 11], "rotation": 180, "texture": "#2"},
				"down": {"uv": [0, 9, 4, 11], "rotation": 180, "texture": "#2"}
			}
		},
		{
			"name": "hexadecagon",
			"from": [6.21774, 2, -0.96],
			"to": [9.78226, 6.5, 16.96],
			"faces": {
				"north": {"uv": [4, 9, 8, 10], "texture": "#2"},
				"south": {"uv": [4, 9, 8, 10], "texture": "#2"},
				"up": {"uv": [8, 9, 4, 11], "rotation": 180, "texture": "#2"},
				"down": {"uv": [4, 9, 8, 11], "rotation": 180, "texture": "#2"}
			}
		},
		{
			"name": "hexadecagon",
			"from": [6.21774, 2, -0.96],
			"to": [9.78226, 6.5, 16.96],
			"rotation": {"angle": 22.5, "axis": "y", "origin": [8, 4.75, 8]},
			"faces": {
				"north": {"uv": [8, 9, 12, 10], "texture": "#2"},
				"south": {"uv": [8, 9, 12, 10], "texture": "#2"},
				"up": {"uv": [12, 9, 8, 11], "rotation": 180, "texture": "#2"},
				"down": {"uv": [8, 9, 12, 11], "rotation": 180, "texture": "#2"}
			}
		},
		{
			"name": "hexadecagon",
			"from": [6.21774, 2, -0.96],
			"to": [9.78226, 6.5, 16.96],
			"rotation": {"angle": 45, "axis": "y", "origin": [8, 4.75, 8]},
			"faces": {
				"north": {"uv": [12, 9, 16, 10], "texture": "#2"},
				"south": {"uv": [12, 9, 16, 10], "texture": "#2"},
				"up": {"uv": [16, 9, 12, 11], "rotation": 180, "texture": "#2"},
				"down": {"uv": [12, 9, 16, 11], "rotation": 180, "texture": "#2"}
			}
		},
		{
			"name": "hexadecagon",
			"from": [-0.96, 2, 6.21774],
			"to": [16.96, 6.5, 9.78226],
			"rotation": {"angle": -22.5, "axis": "y", "origin": [8, 4.75, 8]},
			"faces": {
				"east": {"uv": [16, 9, 12, 10], "texture": "#2"},
				"west": {"uv": [16, 9, 12, 10], "texture": "#2"},
				"up": {"uv": [12, 9, 16, 11], "rotation": 90, "texture": "#2"},
				"down": {"uv": [16, 9, 12, 11], "rotation": 90, "texture": "#2"}
			}
		},
		{
			"name": "hexadecagon",
			"from": [-0.96, 2, 6.21774],
			"to": [16.96, 6.5, 9.78226],
			"faces": {
				"east": {"uv": [12, 9, 8, 10], "texture": "#2"},
				"west": {"uv": [12, 9, 8, 10], "texture": "#2"},
				"up": {"uv": [8, 9, 12, 11], "rotation": 90, "texture": "#2"},
				"down": {"uv": [12, 9, 8, 11], "rotation": 90, "texture": "#2"}
			}
		},
		{
			"name": "hexadecagon",
			"from": [-0.96, 2, 6.21774],
			"to": [16.96, 6.5, 9.78226],
			"rotation": {"angle": 22.5, "axis": "y", "origin": [8, 4.75, 8]},
			"faces": {
				"east": {"uv": [8, 9, 4, 10], "texture": "#2"},
				"west": {"uv": [8, 9, 4, 10], "texture": "#2"},
				"up": {"uv": [4, 9, 8, 11], "rotation": 90, "texture": "#2"},
				"down": {"uv": [8, 9, 4, 11], "rotation": 90, "texture": "#2"}
			}
		},
		{
			"from": [6.76256, 0.98285, 14.70377],
			"to": [9.23744, 0.98766, 17.94896],
			"rotation": {"angle": 22.5, "axis": "x", "origin": [7.5, 0.48766, 15.44896]},
			"faces": {
				"up": {"uv": [0, 0, 16, 16], "rotation": 180, "texture": "#1"}
			}
		},
		{
			"from": [6.75, 0.2, 15],
			"to": [8.5, 1.95, 17.9],
			"rotation": {"angle": -45, "axis": "z", "origin": [8, 0.7, 15.5]},
			"faces": {
				"east": {"uv": [7.75, 16, 0, 0], "rotation": 180, "texture": "#1"},
				"down": {"uv": [8, 0, 15.75, 16], "rotation": 270, "texture": "#1"}
			}
		},
		{
			"from": [14.65273, 0.98285, 6.70006],
			"to": [17.89792, 0.98766, 9.17494],
			"rotation": {"angle": -22.5, "axis": "z", "origin": [15.39792, 0.48766, 7.4375]},
			"faces": {
				"up": {"uv": [0, 16, 16, 0], "rotation": 270, "texture": "#1"}
			}
		},
		{
			"from": [14.94896, 0.2, 6.6875],
			"to": [17.84896, 1.95, 8.4375],
			"rotation": {"angle": 45, "axis": "x", "origin": [15.44896, 0.7, 7.9375]},
			"faces": {
				"south": {"uv": [0, 16, 7.75, 0], "rotation": 180, "texture": "#1"},
				"down": {"uv": [15.75, 0, 8, 16], "rotation": 180, "texture": "#1"}
			}
		},
		{
			"from": [-2, 0.98285, 6.70006],
			"to": [1.24519, 0.98766, 9.17494],
			"rotation": {"angle": 22.5, "axis": "z", "origin": [0.5, 0.48766, 7.4375]},
			"faces": {
				"up": {"uv": [0, 0, 16, 16], "rotation": 270, "texture": "#1"}
			}
		},
		{
			"from": [-1.95104, 0.2, 6.6875],
			"to": [0.94896, 1.95, 8.4375],
			"rotation": {"angle": 45, "axis": "x", "origin": [0.44896, 0.7, 7.9375]},
			"faces": {
				"south": {"uv": [7.75, 16, 0, 0], "rotation": 180, "texture": "#1"},
				"down": {"uv": [8, 0, 15.75, 16], "rotation": 180, "texture": "#1"}
			}
		},
		{
			"from": [6.76256, 0.98285, -1.94896],
			"to": [9.23744, 0.98766, 1.29623],
			"rotation": {"angle": -22.5, "axis": "x", "origin": [7.5, 0.48766, 0.55104]},
			"faces": {
				"up": {"uv": [0, 16, 16, 0], "rotation": 180, "texture": "#1"}
			}
		},
		{
			"from": [6.75, 0.2, -1.9],
			"to": [8.5, 1.95, 1],
			"rotation": {"angle": -45, "axis": "z", "origin": [8, 0.7, 0.5]},
			"faces": {
				"east": {"uv": [0, 16, 7.75, 0], "rotation": 180, "texture": "#1"},
				"down": {"uv": [15.75, 0, 8, 16], "rotation": 270, "texture": "#1"}
			}
		},
		{
			"from": [7.5, 1, 7.5],
			"to": [8.5, 12.5, 8.5],
			"faces": {
				"north": {"uv": [0, 14, 1, 15], "texture": "#2"},
				"east": {"uv": [0, 14, 1, 15], "texture": "#2"},
				"south": {"uv": [0, 14, 1, 15], "texture": "#2"},
				"west": {"uv": [0, 14, 1, 15], "texture": "#2"}
			}
		},
		{
			"from": [2.5, 12, 7.5],
			"to": [13.5, 13, 8.5],
			"rotation": {"angle": 45, "axis": "x", "origin": [8, 12.5, 8]},
			"faces": {
				"north": {"uv": [0, 14, 1, 15], "texture": "#2"},
				"east": {"uv": [0, 14, 1, 15], "texture": "#2"},
				"south": {"uv": [0, 14, 1, 15], "texture": "#2"},
				"west": {"uv": [0, 14, 1, 15], "texture": "#2"},
				"up": {"uv": [0, 14, 1, 15], "texture": "#2"},
				"down": {"uv": [0, 14, 1, 15], "texture": "#2"}
			}
		}
	],
	"groups": [
		{
			"name": "hexadecagon",
			"origin": [8, 8, 8],
			"children": [0, 1, 2, 3, 4, 5, 6, 7]
		},
		{
			"name": "hexadecagon",
			"origin": [8, 8, 8],
			"children": [8, 9, 10, 11, 12, 13, 14, 15]
		},
		{
			"name": "hexadecagon",
			"origin": [8, 8, 8],
			"children": [16, 17, 18, 19, 20, 21, 22, 23]
		},
		{
			"name": "hexadecagon",
			"origin": [8, 8, 8],
			"children": [24, 25, 26, 27, 28, 29, 30, 31]
		},
		{
			"name": "group",
			"origin": [8, 8, 8],
			"children": [32, 33]
		},
		{
			"name": "group",
			"origin": [8, 8, 8],
			"children": [34, 35]
		},
		{
			"name": "group",
			"origin": [8, 8, 8],
			"children": [36, 37]
		},
		{
			"name": "group",
			"origin": [8, 8, 8],
			"children": [38, 39]
		},
		{
			"name": "pump_handle",
			"origin": [8, 8, 8],
			"children": [40, 41]
		}
	]
}