{
	"credit": "Made with Blockbench",
	"textures": {
		"2": "minigames/bb/pump",
		"particle": "minigames/bb/pump"
	},
	"elements": [
		{
			"from": [7.5, 0, 7.5],
			"to": [8.5, 12.5, 8.5],
			"faces": {
				"north": {"uv": [0, 14, 1, 15], "texture": "#2"},
				"east": {"uv": [0, 14, 1, 15], "texture": "#2"},
				"south": {"uv": [0, 14, 1, 15], "texture": "#2"},
				"west": {"uv": [0, 14, 1, 15], "texture": "#2"},
				"up": {"uv": [0, 14, 1, 15], "texture": "#2"},
				"down": {"uv": [0, 14, 1, 15], "texture": "#2"}
			}
		},
		{
			"from": [2.5, 12, 7.5],
			"to": [13.5, 13, 8.5],
			"rotation": {"angle": 45, "axis": "x", "origin": [8, 12.5, 8]},
			"faces": {
				"north": {"uv": [0, 14, 1, 15], "texture": "#2"},
				"east": {"uv": [0, 14, 1, 15], "texture": "#2"},
				"south": {"uv": [0, 14, 1, 15], "texture": "#2"},
				"west": {"uv": [0, 14, 1, 15], "texture": "#2"},
				"up": {"uv": [0, 14, 1, 15], "texture": "#2"},
				"down": {"uv": [0, 14, 1, 15], "texture": "#2"}
			}
		}
	]
}