{
	"credit": "Made with Blockbench",
	"parent": "minigame/bb/pump_0",
	"textures": {
		"1": "decorations/board/general/bowser/spikes",
		"2": "minigames/bb/pump",
		"particle": "minigames/bb/pump"
	},
	"elements": [
		{
			"name": "hexadecagon",
			"from": [6.60761, 9, 1],
			"to": [9.39239, 10.5, 15],
			"rotation": {"angle": -45, "axis": "y", "origin": [8, 9.5, 8]},
			"faces": {
				"north": {"uv": [4, 0, 0, 1], "texture": "#2"},
				"south": {"uv": [4, 0, 0, 1], "texture": "#2"},
				"up": {"uv": [12.25, 2.25, 12.75, 2.75], "texture": "#2"},
				"down": {"uv": [4, 0, 0, 2], "texture": "#2"}
			}
		},
		{
			"name": "hexadecagon",
			"from": [6.60761, 9.001, 1],
			"to": [9.39239, 10.5009, 15],
			"rotation": {"angle": -22.5, "axis": "y", "origin": [8, 9.5, 8]},
			"faces": {
				"north": {"uv": [0, 0, 4, 1], "texture": "#2"},
				"south": {"uv": [0, 0, 4, 1], "texture": "#2"},
				"up": {"uv": [12.25, 2.25, 12.75, 2.75], "texture": "#2"},
				"down": {"uv": [0, 0, 4, 2], "texture": "#2"}
			}
		},
		{
			"name": "hexadecagon",
			"from": [6.60761, 9, 1],
			"to": [9.39239, 10.5, 15],
			"faces": {
				"north": {"uv": [4, 0, 8, 1], "texture": "#2"},
				"south": {"uv": [4, 0, 8, 1], "texture": "#2"},
				"up": {"uv": [12.25, 2.25, 12.75, 2.75], "texture": "#2"},
				"down": {"uv": [4, 0, 8, 2], "texture": "#2"}
			}
		},
		{
			"name": "hexadecagon",
			"from": [6.60761, 9.001, 1],
			"to": [9.39239, 10.5009, 15],
			"rotation": {"angle": 22.5, "axis": "y", "origin": [8, 9.5, 8]},
			"faces": {
				"north": {"uv": [8, 0, 12, 1], "texture": "#2"},
				"south": {"uv": [8, 0, 12, 1], "texture": "#2"},
				"up": {"uv": [12.25, 2.25, 12.75, 2.75], "texture": "#2"},
				"down": {"uv": [8, 0, 12, 2], "texture": "#2"}
			}
		},
		{
			"name": "hexadecagon",
			"from": [6.60761, 9, 1],
			"to": [9.39239, 10.5, 15],
			"rotation": {"angle": 45, "axis": "y", "origin": [8, 9.5, 8]},
			"faces": {
				"north": {"uv": [12, 0, 16, 1], "texture": "#2"},
				"south": {"uv": [12, 0, 16, 1], "texture": "#2"},
				"up": {"uv": [12.25, 2.25, 12.75, 2.75], "texture": "#2"},
				"down": {"uv": [12, 0, 16, 2], "texture": "#2"}
			}
		},
		{
			"name": "hexadecagon",
			"from": [1, 9.001, 6.60761],
			"to": [15, 10.5009, 9.39239],
			"rotation": {"angle": -22.5, "axis": "y", "origin": [8, 9.5, 8]},
			"faces": {
				"east": {"uv": [16, 0, 12, 1], "texture": "#2"},
				"west": {"uv": [16, 0, 12, 1], "texture": "#2"},
				"up": {"uv": [12.25, 2.25, 12.75, 2.75], "texture": "#2"},
				"down": {"uv": [16, 0, 12, 2], "rotation": 90, "texture": "#2"}
			}
		},
		{
			"name": "hexadecagon",
			"from": [1, 9, 6.60761],
			"to": [15, 10.5, 9.39239],
			"faces": {
				"east": {"uv": [12, 0, 8, 1], "texture": "#2"},
				"west": {"uv": [12, 0, 8, 1], "texture": "#2"},
				"up": {"uv": [12.25, 2.25, 12.75, 2.75], "texture": "#2"},
				"down": {"uv": [12, 0, 8, 2], "rotation": 90, "texture": "#2"}
			}
		},
		{
			"name": "hexadecagon",
			"from": [1, 9.001, 6.60761],
			"to": [15, 10.5009, 9.39239],
			"rotation": {"angle": 22.5, "axis": "y", "origin": [8, 9.5, 8]},
			"faces": {
				"east": {"uv": [8, 0, 4, 1], "texture": "#2"},
				"west": {"uv": [8, 0, 4, 1], "texture": "#2"},
				"up": {"uv": [12.25, 2.25, 12.75, 2.75], "texture": "#2"},
				"down": {"uv": [8, 0, 4, 2], "rotation": 90, "texture": "#2"}
			}
		},
		{
			"name": "hexadecagon",
			"from": [6.74685, 8, 1.7],
			"to": [9.25315, 9, 14.3],
			"rotation": {"angle": -45, "axis": "y", "origin": [8, 8, 8]},
			"faces": {
				"north": {"uv": [4, 0, 0, 1], "texture": "#2"},
				"south": {"uv": [4, 0, 0, 1], "texture": "#2"},
				"down": {"uv": [4, 0, 0, 2], "texture": "#2"}
			}
		},
		{
			"name": "hexadecagon",
			"from": [6.74685, 8.001, 1.7],
			"to": [9.25315, 9, 14.3],
			"rotation": {"angle": -22.5, "axis": "y", "origin": [8, 8, 8]},
			"faces": {
				"north": {"uv": [0, 0, 4, 1], "texture": "#2"},
				"south": {"uv": [0, 0, 4, 1], "texture": "#2"},
				"down": {"uv": [0, 0, 4, 2], "texture": "#2"}
			}
		},
		{
			"name": "hexadecagon",
			"from": [6.74685, 8, 1.7],
			"to": [9.25315, 9, 14.3],
			"faces": {
				"north": {"uv": [4, 0, 8, 1], "texture": "#2"},
				"south": {"uv": [4, 0, 8, 1], "texture": "#2"},
				"down": {"uv": [4, 0, 8, 2], "texture": "#2"}
			}
		},
		{
			"name": "hexadecagon",
			"from": [6.74685, 8.001, 1.7],
			"to": [9.25315, 9, 14.3],
			"rotation": {"angle": 22.5, "axis": "y", "origin": [8, 8, 8]},
			"faces": {
				"north": {"uv": [8, 0, 12, 1], "texture": "#2"},
				"south": {"uv": [8, 0, 12, 1], "texture": "#2"},
				"down": {"uv": [8, 0, 12, 2], "texture": "#2"}
			}
		},
		{
			"name": "hexadecagon",
			"from": [6.74685, 8, 1.7],
			"to": [9.25315, 9, 14.3],
			"rotation": {"angle": 45, "axis": "y", "origin": [8, 8, 8]},
			"faces": {
				"north": {"uv": [12, 0, 16, 1], "texture": "#2"},
				"south": {"uv": [12, 0, 16, 1], "texture": "#2"},
				"down": {"uv": [12, 0, 16, 2], "texture": "#2"}
			}
		},
		{
			"name": "hexadecagon",
			"from": [1.7, 8.001, 6.74685],
			"to": [14.3, 9, 9.25315],
			"rotation": {"angle": -22.5, "axis": "y", "origin": [8, 8, 8]},
			"faces": {
				"east": {"uv": [16, 0, 12, 1], "texture": "#2"},
				"west": {"uv": [16, 0, 12, 1], "texture": "#2"},
				"down": {"uv": [16, 0, 12, 2], "rotation": 90, "texture": "#2"}
			}
		},
		{
			"name": "hexadecagon",
			"from": [1.7, 8, 6.74685],
			"to": [14.3, 9, 9.25315],
			"faces": {
				"east": {"uv": [12, 0, 8, 1], "texture": "#2"},
				"west": {"uv": [12, 0, 8, 1], "texture": "#2"},
				"down": {"uv": [12, 0, 8, 2], "rotation": 90, "texture": "#2"}
			}
		},
		{
			"name": "hexadecagon",
			"from": [1.7, 8.001, 6.74685],
			"to": [14.3, 9, 9.25315],
			"rotation": {"angle": 22.5, "axis": "y", "origin": [8, 8, 8]},
			"faces": {
				"east": {"uv": [8, 0, 4, 1], "texture": "#2"},
				"west": {"uv": [8, 0, 4, 1], "texture": "#2"},
				"down": {"uv": [8, 0, 4, 2], "rotation": 90, "texture": "#2"}
			}
		},
		{
			"name": "hexadecagon",
			"from": [6.81647, 7, 2.05],
			"to": [9.18353, 8, 13.95],
			"rotation": {"angle": -45, "axis": "y", "origin": [8, 7, 8]},
			"faces": {
				"north": {"uv": [4, 0, 0, 1], "texture": "#2"},
				"south": {"uv": [4, 0, 0, 1], "texture": "#2"},
				"down": {"uv": [4, 0, 0, 2], "texture": "#2"}
			}
		},
		{
			"name": "hexadecagon",
			"from": [6.81647, 7.001, 2.05],
			"to": [9.18353, 8, 13.95],
			"rotation": {"angle": -22.5, "axis": "y", "origin": [8, 7, 8]},
			"faces": {
				"north": {"uv": [0, 0, 4, 1], "texture": "#2"},
				"south": {"uv": [0, 0, 4, 1], "texture": "#2"},
				"down": {"uv": [0, 0, 4, 2], "texture": "#2"}
			}
		},
		{
			"name": "hexadecagon",
			"from": [6.81647, 7, 2.05],
			"to": [9.18353, 8, 13.95],
			"faces": {
				"north": {"uv": [4, 0, 8, 1], "texture": "#2"},
				"south": {"uv": [4, 0, 8, 1], "texture": "#2"},
				"down": {"uv": [4, 0, 8, 2], "texture": "#2"}
			}
		},
		{
			"name": "hexadecagon",
			"from": [6.81647, 7.001, 2.05],
			"to": [9.18353, 8, 13.95],
			"rotation": {"angle": 22.5, "axis": "y", "origin": [8, 7, 8]},
			"faces": {
				"north": {"uv": [8, 0, 12, 1], "texture": "#2"},
				"south": {"uv": [8, 0, 12, 1], "texture": "#2"},
				"down": {"uv": [8, 0, 12, 2], "texture": "#2"}
			}
		},
		{
			"name": "hexadecagon",
			"from": [6.81647, 7, 2.05],
			"to": [9.18353, 8, 13.95],
			"rotation": {"angle": 45, "axis": "y", "origin": [8, 7, 8]},
			"faces": {
				"north": {"uv": [12, 0, 16, 1], "texture": "#2"},
				"south": {"uv": [12, 0, 16, 1], "texture": "#2"},
				"down": {"uv": [12, 0, 16, 2], "texture": "#2"}
			}
		},
		{
			"name": "hexadecagon",
			"from": [2.05, 7.001, 6.81647],
			"to": [13.95, 8, 9.18353],
			"rotation": {"angle": -22.5, "axis": "y", "origin": [8, 7, 8]},
			"faces": {
				"east": {"uv": [16, 0, 12, 1], "texture": "#2"},
				"west": {"uv": [16, 0, 12, 1], "texture": "#2"},
				"down": {"uv": [16, 0, 12, 2], "rotation": 90, "texture": "#2"}
			}
		},
		{
			"name": "hexadecagon",
			"from": [2.05, 7, 6.81647],
			"to": [13.95, 8, 9.18353],
			"faces": {
				"east": {"uv": [12, 0, 8, 1], "texture": "#2"},
				"west": {"uv": [12, 0, 8, 1], "texture": "#2"},
				"down": {"uv": [12, 0, 8, 2], "rotation": 90, "texture": "#2"}
			}
		},
		{
			"name": "hexadecagon",
			"from": [2.05, 7.001, 6.81647],
			"to": [13.95, 8, 9.18353],
			"rotation": {"angle": 22.5, "axis": "y", "origin": [8, 7, 8]},
			"faces": {
				"east": {"uv": [8, 0, 4, 1], "texture": "#2"},
				"west": {"uv": [8, 0, 4, 1], "texture": "#2"},
				"down": {"uv": [8, 0, 4, 2], "rotation": 90, "texture": "#2"}
			}
		},
		{
			"name": "hexadecagon",
			"from": [6.74685, 1.5, 1.7],
			"to": [9.25315, 2.5, 14.3],
			"rotation": {"angle": -45, "axis": "y", "origin": [8, 2.5, 8]},
			"faces": {
				"north": {"uv": [4, 0, 0, 1], "texture": "#2"},
				"south": {"uv": [4, 0, 0, 1], "texture": "#2"},
				"up": {"uv": [0, 0, 4, 2], "rotation": 180, "texture": "#2"}
			}
		},
		{
			"name": "hexadecagon",
			"from": [6.74685, 1.5, 1.7],
			"to": [9.25315, 2.499, 14.3],
			"rotation": {"angle": -22.5, "axis": "y", "origin": [8, 2.5, 8]},
			"faces": {
				"north": {"uv": [0, 0, 4, 1], "texture": "#2"},
				"south": {"uv": [0, 0, 4, 1], "texture": "#2"},
				"up": {"uv": [4, 0, 0, 2], "rotation": 180, "texture": "#2"}
			}
		},
		{
			"name": "hexadecagon",
			"from": [6.74685, 1.5, 1.7],
			"to": [9.25315, 2.5, 14.3],
			"faces": {
				"north": {"uv": [4, 0, 8, 1], "texture": "#2"},
				"south": {"uv": [4, 0, 8, 1], "texture": "#2"},
				"up": {"uv": [4, 0, 8, 2], "texture": "#2"}
			}
		},
		{
			"name": "hexadecagon",
			"from": [6.74685, 1.5, 1.7],
			"to": [9.25315, 2.499, 14.3],
			"rotation": {"angle": 22.5, "axis": "y", "origin": [8, 2.5, 8]},
			"faces": {
				"north": {"uv": [8, 0, 12, 1], "texture": "#2"},
				"south": {"uv": [8, 0, 12, 1], "texture": "#2"},
				"up": {"uv": [12, 0, 8, 2], "texture": "#2"}
			}
		},
		{
			"name": "hexadecagon",
			"from": [6.74685, 1.5, 1.7],
			"to": [9.25315, 2.5, 14.3],
			"rotation": {"angle": 45, "axis": "y", "origin": [8, 2.5, 8]},
			"faces": {
				"north": {"uv": [12, 0, 16, 1], "texture": "#2"},
				"south": {"uv": [12, 0, 16, 1], "texture": "#2"},
				"up": {"uv": [16, 0, 12, 2], "rotation": 180, "texture": "#2"}
			}
		},
		{
			"name": "hexadecagon",
			"from": [1.7, 1.5, 6.74685],
			"to": [14.3, 2.499, 9.25315],
			"rotation": {"angle": -22.5, "axis": "y", "origin": [8, 2.5, 8]},
			"faces": {
				"east": {"uv": [16, 0, 12, 1], "texture": "#2"},
				"west": {"uv": [16, 0, 12, 1], "texture": "#2"},
				"up": {"uv": [12, 0, 16, 2], "rotation": 90, "texture": "#2"}
			}
		},
		{
			"name": "hexadecagon",
			"from": [1.7, 1.5, 6.74685],
			"to": [14.3, 2.5, 9.25315],
			"faces": {
				"east": {"uv": [12, 0, 8, 1], "texture": "#2"},
				"west": {"uv": [12, 0, 8, 1], "texture": "#2"},
				"up": {"uv": [8, 0, 12, 2], "rotation": 90, "texture": "#2"}
			}
		},
		{
			"name": "hexadecagon",
			"from": [1.7, 1.5, 6.74685],
			"to": [14.3, 2.499, 9.25315],
			"rotation": {"angle": 22.5, "axis": "y", "origin": [8, 2.5, 8]},
			"faces": {
				"east": {"uv": [8, 0, 4, 1], "texture": "#2"},
				"west": {"uv": [8, 0, 4, 1], "texture": "#2"},
				"up": {"uv": [4, 0, 8, 2], "rotation": 90, "texture": "#2"}
			}
		},
		{
			"name": "hexadecagon",
			"from": [6.60761, 0, 1],
			"to": [9.39239, 1.5, 15],
			"rotation": {"angle": -45, "axis": "y", "origin": [8, 1, 8]},
			"faces": {
				"north": {"uv": [4, 0, 0, 1], "texture": "#2"},
				"south": {"uv": [4, 0, 0, 1], "texture": "#2"},
				"up": {"uv": [0, 0, 4, 2], "rotation": 180, "texture": "#2"},
				"down": {"uv": [12, 2, 12.79861, 3], "texture": "#2"}
			}
		},
		{
			"name": "hexadecagon",
			"from": [6.60761, 0, 1],
			"to": [9.39239, 1.499, 15],
			"rotation": {"angle": -22.5, "axis": "y", "origin": [8, 1, 8]},
			"faces": {
				"north": {"uv": [0, 0, 4, 1], "texture": "#2"},
				"south": {"uv": [0, 0, 4, 1], "texture": "#2"},
				"up": {"uv": [4, 0, 0, 2], "rotation": 180, "texture": "#2"},
				"down": {"uv": [12, 2, 12.79861, 3], "texture": "#2"}
			}
		},
		{
			"name": "hexadecagon",
			"from": [6.60761, 0, 1],
			"to": [9.39239, 1.5, 15],
			"faces": {
				"north": {"uv": [4, 0, 8, 1], "texture": "#2"},
				"south": {"uv": [4, 0, 8, 1], "texture": "#2"},
				"up": {"uv": [4, 0, 8, 2], "texture": "#2"},
				"down": {"uv": [12, 2, 12.79861, 3], "texture": "#2"}
			}
		},
		{
			"name": "hexadecagon",
			"from": [6.60761, 0, 1],
			"to": [9.39239, 1.499, 15],
			"rotation": {"angle": 22.5, "axis": "y", "origin": [8, 1, 8]},
			"faces": {
				"north": {"uv": [8, 0, 12, 1], "texture": "#2"},
				"south": {"uv": [8, 0, 12, 1], "texture": "#2"},
				"up": {"uv": [12, 0, 8, 2], "texture": "#2"},
				"down": {"uv": [12, 2, 12.79861, 3], "texture": "#2"}
			}
		},
		{
			"name": "hexadecagon",
			"from": [6.60761, 0, 1],
			"to": [9.39239, 1.5, 15],
			"rotation": {"angle": 45, "axis": "y", "origin": [8, 1, 8]},
			"faces": {
				"north": {"uv": [12, 0, 16, 1], "texture": "#2"},
				"south": {"uv": [12, 0, 16, 1], "texture": "#2"},
				"up": {"uv": [16, 0, 12, 2], "rotation": 180, "texture": "#2"},
				"down": {"uv": [12, 2, 12.79861, 3], "texture": "#2"}
			}
		},
		{
			"name": "hexadecagon",
			"from": [1, 0, 6.60761],
			"to": [15, 1.499, 9.39239],
			"rotation": {"angle": -22.5, "axis": "y", "origin": [8, 1, 8]},
			"faces": {
				"east": {"uv": [16, 0, 12, 1], "texture": "#2"},
				"west": {"uv": [16, 0, 12, 1], "texture": "#2"},
				"up": {"uv": [12, 0, 16, 2], "rotation": 90, "texture": "#2"},
				"down": {"uv": [12, 2, 12.79861, 3], "texture": "#2"}
			}
		},
		{
			"name": "hexadecagon",
			"from": [1, 0, 6.60761],
			"to": [15, 1.5, 9.39239],
			"faces": {
				"east": {"uv": [12, 0, 8, 1], "texture": "#2"},
				"west": {"uv": [12, 0, 8, 1], "texture": "#2"},
				"up": {"uv": [8, 0, 12, 2], "rotation": 90, "texture": "#2"},
				"down": {"uv": [12, 2, 12.79861, 3], "texture": "#2"}
			}
		},
		{
			"name": "hexadecagon",
			"from": [1, 0, 6.60761],
			"to": [15, 1.499, 9.39239],
			"rotation": {"angle": 22.5, "axis": "y", "origin": [8, 1, 8]},
			"faces": {
				"east": {"uv": [8, 0, 4, 1], "texture": "#2"},
				"west": {"uv": [8, 0, 4, 1], "texture": "#2"},
				"up": {"uv": [4, 0, 8, 2], "rotation": 90, "texture": "#2"},
				"down": {"uv": [12, 2, 12.79861, 3], "texture": "#2"}
			}
		},
		{
			"name": "hexadecagon",
			"from": [6.88609, 3.5, 2.4],
			"to": [9.11391, 7, 13.6],
			"rotation": {"angle": -45, "axis": "y", "origin": [8, 5.25, 8]},
			"faces": {
				"north": {"uv": [4, 0, 0, 1], "texture": "#2"},
				"south": {"uv": [4, 0, 0, 1], "texture": "#2"}
			}
		},
		{
			"name": "hexadecagon",
			"from": [6.88609, 3.5, 2.4],
			"to": [9.11391, 7, 13.6],
			"rotation": {"angle": -22.5, "axis": "y", "origin": [8, 5.25, 8]},
			"faces": {
				"north": {"uv": [0, 0, 4, 1], "texture": "#2"},
				"south": {"uv": [0, 0, 4, 1], "texture": "#2"}
			}
		},
		{
			"name": "hexadecagon",
			"from": [6.88609, 3.5, 2.4],
			"to": [9.11391, 7, 13.6],
			"faces": {
				"north": {"uv": [4, 0, 8, 1], "texture": "#2"},
				"south": {"uv": [4, 0, 8, 1], "texture": "#2"}
			}
		},
		{
			"name": "hexadecagon",
			"from": [6.88609, 3.5, 2.4],
			"to": [9.11391, 7, 13.6],
			"rotation": {"angle": 22.5, "axis": "y", "origin": [8, 5.25, 8]},
			"faces": {
				"north": {"uv": [8, 0, 12, 1], "texture": "#2"},
				"south": {"uv": [8, 0, 12, 1], "texture": "#2"}
			}
		},
		{
			"name": "hexadecagon",
			"from": [6.88609, 3.5, 2.4],
			"to": [9.11391, 7, 13.6],
			"rotation": {"angle": 45, "axis": "y", "origin": [8, 5.25, 8]},
			"faces": {
				"north": {"uv": [12, 0, 16, 1], "texture": "#2"},
				"south": {"uv": [12, 0, 16, 1], "texture": "#2"}
			}
		},
		{
			"name": "hexadecagon",
			"from": [2.4, 3.5, 6.88609],
			"to": [13.6, 7, 9.11391],
			"rotation": {"angle": -22.5, "axis": "y", "origin": [8, 5.25, 8]},
			"faces": {
				"east": {"uv": [16, 0, 12, 1], "texture": "#2"},
				"west": {"uv": [16, 0, 12, 1], "texture": "#2"}
			}
		},
		{
			"name": "hexadecagon",
			"from": [2.4, 3.5, 6.88609],
			"to": [13.6, 7, 9.11391],
			"faces": {
				"east": {"uv": [12, 0, 8, 1], "texture": "#2"},
				"west": {"uv": [12, 0, 8, 1], "texture": "#2"}
			}
		},
		{
			"name": "hexadecagon",
			"from": [2.4, 3.5, 6.88609],
			"to": [13.6, 7, 9.11391],
			"rotation": {"angle": 22.5, "axis": "y", "origin": [8, 5.25, 8]},
			"faces": {
				"east": {"uv": [8, 0, 4, 1], "texture": "#2"},
				"west": {"uv": [8, 0, 4, 1], "texture": "#2"}
			}
		},
		{
			"from": [6.76256, 0.98285, 14.70377],
			"to": [9.23744, 0.98766, 17.94896],
			"rotation": {"angle": 22.5, "axis": "x", "origin": [7.5, 0.48766, 15.44896]},
			"faces": {
				"up": {"uv": [0, 0, 16, 16], "rotation": 180, "texture": "#1"}
			}
		},
		{
			"from": [6.75, 0.2, 15],
			"to": [8.5, 1.95, 17.9],
			"rotation": {"angle": -45, "axis": "z", "origin": [8, 0.7, 15.5]},
			"faces": {
				"east": {"uv": [7.75, 16, 0, 0], "rotation": 180, "texture": "#1"},
				"down": {"uv": [8, 0, 15.75, 16], "rotation": 270, "texture": "#1"}
			}
		},
		{
			"from": [14.65273, 0.98285, 6.70006],
			"to": [17.89792, 0.98766, 9.17494],
			"rotation": {"angle": -22.5, "axis": "z", "origin": [15.39792, 0.48766, 7.4375]},
			"faces": {
				"up": {"uv": [0, 16, 16, 0], "rotation": 270, "texture": "#1"}
			}
		},
		{
			"from": [14.94896, 0.2, 6.6875],
			"to": [17.84896, 1.95, 8.4375],
			"rotation": {"angle": 45, "axis": "x", "origin": [15.44896, 0.7, 7.9375]},
			"faces": {
				"south": {"uv": [0, 16, 7.75, 0], "rotation": 180, "texture": "#1"},
				"down": {"uv": [15.75, 0, 8, 16], "rotation": 180, "texture": "#1"}
			}
		},
		{
			"from": [-2, 0.98285, 6.70006],
			"to": [1.24519, 0.98766, 9.17494],
			"rotation": {"angle": 22.5, "axis": "z", "origin": [0.5, 0.48766, 7.4375]},
			"faces": {
				"up": {"uv": [0, 0, 16, 16], "rotation": 270, "texture": "#1"}
			}
		},
		{
			"from": [-1.95104, 0.2, 6.6875],
			"to": [0.94896, 1.95, 8.4375],
			"rotation": {"angle": 45, "axis": "x", "origin": [0.44896, 0.7, 7.9375]},
			"faces": {
				"south": {"uv": [7.75, 16, 0, 0], "rotation": 180, "texture": "#1"},
				"down": {"uv": [8, 0, 15.75, 16], "rotation": 180, "texture": "#1"}
			}
		},
		{
			"from": [6.76256, 0.98285, -1.94896],
			"to": [9.23744, 0.98766, 1.29623],
			"rotation": {"angle": -22.5, "axis": "x", "origin": [7.5, 0.48766, 0.55104]},
			"faces": {
				"up": {"uv": [0, 16, 16, 0], "rotation": 180, "texture": "#1"}
			}
		},
		{
			"from": [6.75, 0.2, -1.9],
			"to": [8.5, 1.95, 1],
			"rotation": {"angle": -45, "axis": "z", "origin": [8, 0.7, 0.5]},
			"faces": {
				"east": {"uv": [0, 16, 7.75, 0], "rotation": 180, "texture": "#1"},
				"down": {"uv": [15.75, 0, 8, 16], "rotation": 270, "texture": "#1"}
			}
		},
		{
			"name": "hexadecagon",
			"from": [6.81647, 2.5, 2.05],
			"to": [9.18353, 3.5, 13.95],
			"rotation": {"angle": -45, "axis": "y", "origin": [8, 3, 8]},
			"faces": {
				"north": {"uv": [4, 0, 0, 1], "texture": "#2"},
				"south": {"uv": [4, 0, 0, 1], "texture": "#2"},
				"up": {"uv": [0, 0, 4, 2], "rotation": 180, "texture": "#2"}
			}
		},
		{
			"name": "hexadecagon",
			"from": [6.81647, 2.5, 2.05],
			"to": [9.18353, 3.499, 13.95],
			"rotation": {"angle": -22.5, "axis": "y", "origin": [8, 3, 8]},
			"faces": {
				"north": {"uv": [0, 0, 4, 1], "texture": "#2"},
				"south": {"uv": [0, 0, 4, 1], "texture": "#2"},
				"up": {"uv": [4, 0, 0, 2], "rotation": 180, "texture": "#2"}
			}
		},
		{
			"name": "hexadecagon",
			"from": [6.81647, 2.5, 2.05],
			"to": [9.18353, 3.5, 13.95],
			"faces": {
				"north": {"uv": [4, 0, 8, 1], "texture": "#2"},
				"south": {"uv": [4, 0, 8, 1], "texture": "#2"},
				"up": {"uv": [4, 0, 8, 2], "texture": "#2"}
			}
		},
		{
			"name": "hexadecagon",
			"from": [6.81647, 2.5, 2.05],
			"to": [9.18353, 3.499, 13.95],
			"rotation": {"angle": 22.5, "axis": "y", "origin": [8, 3, 8]},
			"faces": {
				"north": {"uv": [8, 0, 12, 1], "texture": "#2"},
				"south": {"uv": [8, 0, 12, 1], "texture": "#2"},
				"up": {"uv": [12, 0, 8, 2], "texture": "#2"}
			}
		},
		{
			"name": "hexadecagon",
			"from": [6.81647, 2.5, 2.05],
			"to": [9.18353, 3.5, 13.95],
			"rotation": {"angle": 45, "axis": "y", "origin": [8, 3, 8]},
			"faces": {
				"north": {"uv": [12, 0, 16, 1], "texture": "#2"},
				"south": {"uv": [12, 0, 16, 1], "texture": "#2"},
				"up": {"uv": [16, 0, 12, 2], "rotation": 180, "texture": "#2"}
			}
		},
		{
			"name": "hexadecagon",
			"from": [2.05, 2.5, 6.81647],
			"to": [13.95, 3.499, 9.18353],
			"rotation": {"angle": -22.5, "axis": "y", "origin": [8, 3, 8]},
			"faces": {
				"east": {"uv": [16, 0, 12, 1], "texture": "#2"},
				"west": {"uv": [16, 0, 12, 1], "texture": "#2"},
				"up": {"uv": [12, 0, 16, 2], "rotation": 90, "texture": "#2"}
			}
		},
		{
			"name": "hexadecagon",
			"from": [2.05, 2.5, 6.81647],
			"to": [13.95, 3.5, 9.18353],
			"faces": {
				"east": {"uv": [12, 0, 8, 1], "texture": "#2"},
				"west": {"uv": [12, 0, 8, 1], "texture": "#2"},
				"up": {"uv": [8, 0, 12, 2], "rotation": 90, "texture": "#2"}
			}
		},
		{
			"name": "hexadecagon",
			"from": [2.05, 2.5, 6.81647],
			"to": [13.95, 3.499, 9.18353],
			"rotation": {"angle": 22.5, "axis": "y", "origin": [8, 3, 8]},
			"faces": {
				"east": {"uv": [8, 0, 4, 1], "texture": "#2"},
				"west": {"uv": [8, 0, 4, 1], "texture": "#2"},
				"up": {"uv": [4, 0, 8, 2], "rotation": 90, "texture": "#2"}
			}
		}
	],
	"groups": [
		{
			"name": "hexadecagon",
			"children": [0, 1, 2, 3, 4, 5, 6, 7]
		},
		{
			"name": "hexadecagon",
			"children": [8, 9, 10, 11, 12, 13, 14, 15]
		},
		{
			"name": "hexadecagon",
			"children": [16, 17, 18, 19, 20, 21, 22, 23]
		},
		{
			"name": "hexadecagon",
			"children": [24, 25, 26, 27, 28, 29, 30, 31]
		},
		{
			"name": "hexadecagon",
			"children": [32, 33, 34, 35, 36, 37, 38, 39]
		},
		{
			"name": "hexadecagon",
			"children": [40, 41, 42, 43, 44, 45, 46, 47]
		},
		{
			"name": "group",
			"children": [48, 49]
		},
		{
			"name": "group",
			"children": [50, 51]
		},
		{
			"name": "group",
			"children": [52, 53]
		},
		{
			"name": "group",
			"children": [54, 55]
		},
		{
			"name": "hexadecagon",
			"children": [56, 57, 58, 59, 60, 61, 62, 63]
		}
	]
}