{
	"credit": "Model made by dragonmaster95 with Blockbench, a free, modern block model editor by JannisX11",
	"textures": {
		"0": "decorations/board/yoshi/yoshi/yoshi_head",
		"1": "block/white_concrete",
		"2": "block/red_concrete",
		"3": "block/black_concrete",
		"4": "decorations/board/yoshi/yoshi/eye",
		"particle": "decorations/board/yoshi/yoshi/yoshi_head"
	},
	"elements": [
		{
			"name": "nose",
			"from": [15.64667, 9.09742, 1.47507],
			"to": [18.4751, 10.59742, 6.97507],
			"rotation": {"angle": -45, "axis": "z", "origin": [14.4985, 15.59742, 9.22507]},
			"faces": {
				"north": {"uv": [0, 0, 1, 1], "texture": "#0", "tintindex": 0},
				"east": {"uv": [0, 0, 1, 1], "texture": "#0", "tintindex": 0},
				"south": {"uv": [0, 0, 1, 1], "texture": "#0", "tintindex": 0},
				"west": {"uv": [0, 0, 1, 1], "texture": "#0", "tintindex": 0},
				"up": {"uv": [0, 0, 1, 1], "texture": "#0", "tintindex": 0},
				"down": {"uv": [0, 0, 1, 1], "texture": "#0", "tintindex": 0}
			}
		},
		{
			"name": "nose",
			"from": [3.77485, 3.5, -0.52493],
			"to": [11.77485, 9.25, -0.02493],
			"faces": {
				"north": {"uv": [0, 0, 1, 1], "texture": "#0", "tintindex": 0}
			}
		},
		{
			"name": "nose",
			"from": [11.57868, 3.5, -2.05637],
			"to": [14.07868, 9.25, 0.77205],
			"rotation": {"angle": 45, "axis": "y", "origin": [17.57868, 8.01, 14.29363]},
			"faces": {
				"west": {"uv": [0, 0, 1, 1], "texture": "#0", "tintindex": 0},
				"up": {"uv": [0, 0, 1, 1], "texture": "#0", "tintindex": 0},
				"down": {"uv": [0, 0, 1, 1], "texture": "#0", "tintindex": 0}
			}
		},
		{
			"name": "nose",
			"from": [3.77485, 3.88708, -3.07773],
			"to": [11.77485, 6.71551, -1.66353],
			"rotation": {"angle": 45, "axis": "x", "origin": [7.78485, 3.48708, 4.67231]},
			"faces": {
				"north": {"uv": [0, 0, 1, 1], "texture": "#0", "tintindex": 0},
				"east": {"uv": [0, 0, 1, 1], "texture": "#0", "tintindex": 0},
				"west": {"uv": [0, 0, 1, 1], "texture": "#0", "tintindex": 0}
			}
		},
		{
			"name": "nose",
			"from": [3.76485, 7.08198, -0.49675],
			"to": [11.76485, 9.93198, 0.91745],
			"rotation": {"angle": -45, "axis": "x", "origin": [7.78485, 6.68198, 7.25325]},
			"faces": {
				"north": {"uv": [0, 0, 1, 1], "texture": "#0", "tintindex": 0},
				"east": {"uv": [0, 0, 1, 1], "texture": "#0", "tintindex": 0},
				"west": {"uv": [0, 0, 1, 1], "texture": "#0", "tintindex": 0}
			}
		},
		{
			"name": "nose",
			"from": [1.77485, 3.5, 1.47507],
			"to": [13.77485, 9.25, 6.97507],
			"faces": {
				"east": {"uv": [0, 0, 1, 1], "texture": "#0", "tintindex": 0},
				"west": {"uv": [0, 0, 1, 1], "texture": "#0", "tintindex": 0}
			}
		},
		{
			"name": "nose",
			"from": [20.94481, 3.5, -7.6725],
			"to": [22.35901, 9.25, -4.84407],
			"rotation": {"angle": 45, "axis": "y", "origin": [25.69481, 8.01, 8.6775]},
			"faces": {
				"east": {"uv": [0, 0, 1, 1], "texture": "#0", "tintindex": 0},
				"up": {"uv": [0, 0, 1, 1], "texture": "#0", "tintindex": 0},
				"down": {"uv": [0, 0, 1, 1], "texture": "#0", "tintindex": 0}
			}
		},
		{
			"name": "nose",
			"from": [3.77485, 1.5, 1.47507],
			"to": [11.77485, 11.25, 6.97507],
			"faces": {
				"up": {"uv": [0, 0, 1, 1], "texture": "#0", "tintindex": 0},
				"down": {"uv": [0, 0, 1, 1], "texture": "#0", "tintindex": 0}
			}
		},
		{
			"name": "nose",
			"from": [8.97941, -4.75122, 1.47507],
			"to": [11.80784, -3.33701, 6.97507],
			"rotation": {"angle": 45, "axis": "z", "origin": [2.83124, 1.74878, 9.22507]},
			"faces": {
				"north": {"uv": [0, 0, 1, 1], "texture": "#0", "tintindex": 0},
				"south": {"uv": [0, 0, 1, 1], "texture": "#0", "tintindex": 0},
				"down": {"uv": [0, 0, 1, 1], "texture": "#0", "tintindex": 0}
			}
		},
		{
			"name": "nose",
			"from": [7.11114, 4.86705, 1.47507],
			"to": [9.93957, 6.36705, 6.97507],
			"rotation": {"angle": 45, "axis": "z", "origin": [0.96296, 1.36705, 9.22507]},
			"faces": {
				"north": {"uv": [0, 0, 1, 1], "texture": "#0", "tintindex": 0},
				"east": {"uv": [0, 0, 1, 1], "texture": "#0", "tintindex": 0},
				"south": {"uv": [0, 0, 1, 1], "texture": "#0", "tintindex": 0},
				"west": {"uv": [0, 0, 1, 1], "texture": "#0", "tintindex": 0},
				"up": {"uv": [0, 0, 1, 1], "texture": "#0", "tintindex": 0},
				"down": {"uv": [0, 0, 1, 1], "texture": "#0", "tintindex": 0}
			}
		},
		{
			"name": "nose",
			"from": [6.70733, 2.40808, 1.47507],
			"to": [9.53576, 3.82229, 6.97507],
			"rotation": {"angle": -45, "axis": "z", "origin": [5.55916, 8.90808, 9.22507]},
			"faces": {
				"north": {"uv": [0, 0, 1, 1], "texture": "#0", "tintindex": 0},
				"south": {"uv": [0, 0, 1, 1], "texture": "#0", "tintindex": 0},
				"down": {"uv": [0, 0, 1, 1], "texture": "#0", "tintindex": 0}
			}
		},
		{
			"name": "nose",
			"from": [3.77485, 4.26788, 5.39016],
			"to": [11.77485, 6.11788, 7.89016],
			"rotation": {"angle": -22.5, "axis": "x", "origin": [7.78485, 6.86788, 13.14016]},
			"faces": {
				"east": {"uv": [0, 0, 1, 1], "texture": "#0", "tintindex": 0},
				"west": {"uv": [0, 0, 1, 1], "texture": "#0", "tintindex": 0},
				"down": {"uv": [0, 0, 1, 1], "texture": "#2"}
			}
		},
		{
			"name": "nose",
			"from": [-9.52845, 3.49, -1.08635],
			"to": [-8.11425, 9.24, 1.74208],
			"rotation": {"angle": -45, "axis": "y", "origin": [-3.52845, 8, 15.26365]},
			"faces": {
				"west": {"uv": [0, 0, 1, 1], "texture": "#0", "tintindex": 0},
				"up": {"uv": [0, 0, 1, 1], "texture": "#0", "tintindex": 0},
				"down": {"uv": [0, 0, 1, 1], "texture": "#0", "tintindex": 0}
			}
		},
		{
			"name": "nose",
			"from": [-1.31148, 3.5, 4.66114],
			"to": [1.18852, 9.25, 7.48957],
			"rotation": {"angle": -45, "axis": "y", "origin": [4.68852, 8.01, 21.01114]},
			"faces": {
				"east": {"uv": [0, 0, 1, 1], "texture": "#0", "tintindex": 0},
				"up": {"uv": [0, 0, 1, 1], "texture": "#0", "tintindex": 0},
				"down": {"uv": [0, 0, 1, 1], "texture": "#0", "tintindex": 0}
			}
		},
		{
			"name": "nose",
			"from": [3.77485, 5.98608, 3.61068],
			"to": [11.77485, 8.83608, 6.11068],
			"rotation": {"angle": 22.5, "axis": "x", "origin": [7.78485, 1.58608, 11.36068]},
			"faces": {
				"north": {"uv": [0, 0, 1, 1], "texture": "#0", "tintindex": 0},
				"east": {"uv": [0, 0, 1, 1], "texture": "#0", "tintindex": 0},
				"south": {"uv": [0, 0, 1, 1], "texture": "#0", "tintindex": 0},
				"west": {"uv": [0, 0, 1, 1], "texture": "#0", "tintindex": 0},
				"up": {"uv": [0, 0, 1, 1], "texture": "#0", "tintindex": 0},
				"down": {"uv": [0, 0, 1, 1], "texture": "#0", "tintindex": 0}
			}
		},
		{
			"name": "mouth",
			"from": [2.48361, 5.82223, 14.49087],
			"to": [13.24861, 9.34723, 16.74687],
			"rotation": {"angle": 45, "axis": "x", "origin": [7.88861, 10.05223, 12.96986]},
			"faces": {
				"east": {"uv": [0, 0, 1, 1], "texture": "#1"},
				"west": {"uv": [0, 0, 1, 1], "texture": "#1"},
				"up": {"uv": [0, 0, 1, 1], "texture": "#1"}
			}
		},
		{
			"name": "mouth",
			"from": [2.48361, 3.20278, 12.54624],
			"to": [13.24861, 8.47778, 13.55124],
			"faces": {
				"north": {"uv": [0, 0, 1, 1], "texture": "#1"},
				"east": {"uv": [0, 0, 1, 1], "texture": "#1"},
				"south": {"uv": [0, 0, 1, 1], "texture": "#1"},
				"west": {"uv": [0, 0, 1, 1], "texture": "#1"},
				"up": {"uv": [0, 0, 1, 1], "texture": "#1"},
				"down": {"uv": [0, 0, 1, 1], "texture": "#1"}
			}
		},
		{
			"name": "mouth",
			"from": [2.48361, 3.31634, 8.45528],
			"to": [13.24861, 6.84134, 12.59128],
			"rotation": {"angle": -22.5, "axis": "x", "origin": [7.88861, 7.54634, 8.45528]},
			"faces": {
				"east": {"uv": [0, 0, 1, 1], "texture": "#1"},
				"west": {"uv": [0, 0, 1, 1], "texture": "#1"},
				"up": {"uv": [0, 0, 1, 1], "texture": "#1"}
			}
		},
		{
			"name": "mouth",
			"from": [2.48361, -0.49875, 7.6197],
			"to": [13.24861, 1.77625, 12.7747],
			"rotation": {"angle": -22.5, "axis": "x", "origin": [7.88861, 6.73125, 7.3697]},
			"faces": {
				"east": {"uv": [0, 0, 1, 1], "texture": "#1"},
				"west": {"uv": [0, 0, 1, 1], "texture": "#1"},
				"down": {"uv": [0, 0, 1, 1], "texture": "#1"}
			}
		},
		{
			"name": "mouth",
			"from": [2.48361, 2.12, 8.72507],
			"to": [13.24861, 6.895, 15.13007],
			"faces": {
				"north": {"uv": [0, 0, 1, 1], "texture": "#1"},
				"east": {"uv": [0, 0, 1, 1], "texture": "#1"},
				"south": {"uv": [0, 0, 1, 1], "texture": "#1"},
				"west": {"uv": [0, 0, 1, 1], "texture": "#1"}
			}
		},
		{
			"name": "mouth",
			"from": [2.48361, 0.15125, 7.6197],
			"to": [13.24861, 1.17625, 10.3747],
			"rotation": {"angle": 0, "axis": "x", "origin": [7.88861, 6.73125, 7.3697]},
			"faces": {
				"north": {"uv": [0, 0, 1, 1], "texture": "#1"},
				"east": {"uv": [0, 0, 1, 1], "texture": "#1"},
				"south": {"uv": [0, 0, 1, 1], "texture": "#1"},
				"west": {"uv": [0, 0, 1, 1], "texture": "#1"},
				"up": {"uv": [0, 0, 1, 1], "texture": "#1"},
				"down": {"uv": [0, 0, 1, 1], "texture": "#1"}
			}
		},
		{
			"name": "mouth",
			"from": [2.48361, 2.24009, 2.00759],
			"to": [13.24861, 3.61509, 4.76259],
			"rotation": {"angle": -45, "axis": "x", "origin": [7.88861, 9.17009, 7.75759]},
			"faces": {
				"east": {"uv": [0, 0, 1, 1], "texture": "#1"},
				"west": {"uv": [0, 0, 1, 1], "texture": "#1"},
				"up": {"uv": [0, 0, 1, 1], "texture": "#2"}
			}
		},
		{
			"name": "mouth",
			"from": [1.48361, 2.12, 9.72507],
			"to": [14.24861, 6.895, 13.63007],
			"faces": {
				"north": {"uv": [0, 0, 1, 1], "texture": "#1"},
				"east": {"uv": [0, 0, 1, 1], "texture": "#1"},
				"south": {"uv": [0, 0, 1, 1], "texture": "#1"},
				"west": {"uv": [0, 0, 1, 1], "texture": "#1"},
				"up": {"uv": [0, 0, 1, 1], "texture": "#1"},
				"down": {"uv": [0, 0, 1, 1], "texture": "#1"}
			}
		},
		{
			"from": [4.67787, 10.32, 9.05107],
			"to": [7.86787, 12.35, 10.21107],
			"faces": {
				"north": {"uv": [14, 11, 2, 16], "texture": "#4"},
				"west": {"uv": [0, 0, 1, 1], "texture": "#1"}
			}
		},
		{
			"name": "mouth",
			"from": [2.48361, 0.15125, 9.1197],
			"to": [13.24861, 1.67625, 10.3747],
			"rotation": {"angle": 0, "axis": "x", "origin": [7.88861, 6.73125, 7.3697]},
			"faces": {
				"north": {"uv": [0, 0, 1, 1], "texture": "#1"},
				"east": {"uv": [0, 0, 1, 1], "texture": "#1"},
				"south": {"uv": [0, 0, 1, 1], "texture": "#1"},
				"west": {"uv": [0, 0, 1, 1], "texture": "#1"},
				"up": {"uv": [0, 0, 1, 1], "texture": "#1"},
				"down": {"uv": [0, 0, 1, 1], "texture": "#1"}
			}
		},
		{
			"name": "nose",
			"from": [3.52485, 4.5, 2.97507],
			"to": [12.02485, 10.25, 13.47507],
			"faces": {
				"east": {"uv": [0, 0, 1, 1], "texture": "#0", "tintindex": 0},
				"south": {"uv": [0, 0, 1, 1], "texture": "#0", "tintindex": 0},
				"west": {"uv": [0, 0, 1, 1], "texture": "#0", "tintindex": 0},
				"up": {"uv": [0, 0, 1, 1], "texture": "#0", "tintindex": 0}
			}
		},
		{
			"from": [7.86787, 10.32, 9.05107],
			"to": [11.05787, 12.35, 10.21107],
			"faces": {
				"north": {"uv": [2, 11, 14, 16], "texture": "#4"},
				"east": {"uv": [0, 0, 1, 1], "texture": "#1"}
			}
		},
		{
			"from": [7.86787, 12.50392, 7.69726],
			"to": [11.05787, 16.85392, 8.85726],
			"rotation": {"angle": 22.5, "axis": "x", "origin": [7.86787, 9.02392, 7.98726]},
			"faces": {
				"north": {"uv": [2, 0, 14, 11], "texture": "#4"},
				"east": {"uv": [0, 0, 1, 1], "texture": "#1"}
			}
		},
		{
			"from": [4.67787, 12.50392, 7.69726],
			"to": [7.86787, 16.85392, 8.85726],
			"rotation": {"angle": 22.5, "axis": "x", "origin": [7.86787, 9.02392, 7.98726]},
			"faces": {
				"north": {"uv": [14, 0, 2, 11], "texture": "#4"},
				"west": {"uv": [0, 0, 1, 1], "texture": "#1"}
			}
		},
		{
			"from": [5.25787, 16.8972, 10.71567],
			"to": [6.99787, 17.4772, 13.32567],
			"faces": {
				"north": {"uv": [0, 0, 1, 1], "texture": "#0", "tintindex": 0},
				"east": {"uv": [0, 0, 1, 1], "texture": "#0", "tintindex": 0},
				"south": {"uv": [0, 0, 1, 1], "texture": "#0", "tintindex": 0},
				"west": {"uv": [0, 0, 1, 1], "texture": "#0", "tintindex": 0},
				"up": {"uv": [0, 0, 1, 1], "texture": "#0", "tintindex": 0},
				"down": {"uv": [0, 0, 1, 1], "texture": "#0", "tintindex": 0}
			}
		},
		{
			"from": [8.73787, 16.8972, 10.71567],
			"to": [10.47787, 17.4772, 13.32567],
			"faces": {
				"north": {"uv": [0, 0, 1, 1], "texture": "#0", "tintindex": 0},
				"east": {"uv": [0, 0, 1, 1], "texture": "#0", "tintindex": 0},
				"south": {"uv": [0, 0, 1, 1], "texture": "#0", "tintindex": 0},
				"west": {"uv": [0, 0, 1, 1], "texture": "#0", "tintindex": 0},
				"up": {"uv": [0, 0, 1, 1], "texture": "#0", "tintindex": 0},
				"down": {"uv": [0, 0, 1, 1], "texture": "#0", "tintindex": 0}
			}
		},
		{
			"from": [7.28787, 16.27392, 7.65907],
			"to": [8.44787, 17.14392, 8.81907],
			"rotation": {"angle": 22.5, "axis": "x", "origin": [7.86787, 9.02392, 7.98726]},
			"faces": {
				"north": {"uv": [0, 0, 1, 1], "texture": "#0", "tintindex": 0},
				"east": {"uv": [0, 0, 1, 1], "texture": "#0", "tintindex": 0},
				"south": {"uv": [0, 0, 1, 1], "texture": "#0", "tintindex": 0},
				"west": {"uv": [0, 0, 1, 1], "texture": "#0", "tintindex": 0},
				"up": {"uv": [0, 0, 1, 1], "texture": "#0", "tintindex": 0},
				"down": {"uv": [0, 0, 1, 1], "texture": "#0", "tintindex": 0}
			}
		},
		{
			"from": [10.71745, 22.00658, 10.71567],
			"to": [12.19529, 22.58658, 13.32567],
			"rotation": {"angle": 45, "axis": "z", "origin": [14.89345, 11.65938, 9.22507]},
			"faces": {
				"north": {"uv": [0, 0, 1, 1], "texture": "#0", "tintindex": 0},
				"south": {"uv": [0, 0, 1, 1], "texture": "#0", "tintindex": 0},
				"up": {"uv": [0, 0, 1, 1], "texture": "#0", "tintindex": 0}
			}
		},
		{
			"from": [-1.7481, 17.63697, 10.71567],
			"to": [-0.92682, 18.21697, 13.32567],
			"rotation": {"angle": -45, "axis": "z", "origin": [1.7319, 7.28977, 9.22507]},
			"faces": {
				"north": {"uv": [0, 0, 1, 1], "texture": "#0", "tintindex": 0},
				"south": {"uv": [0, 0, 1, 1], "texture": "#0", "tintindex": 0},
				"up": {"uv": [0, 0, 1, 1], "texture": "#0", "tintindex": 0}
			}
		},
		{
			"from": [15.54408, 20.33721, 10.71567],
			"to": [16.36536, 20.91721, 13.32567],
			"rotation": {"angle": 45, "axis": "z", "origin": [16.70408, 9.99001, 9.22507]},
			"faces": {
				"north": {"uv": [0, 0, 1, 1], "texture": "#0", "tintindex": 0},
				"south": {"uv": [0, 0, 1, 1], "texture": "#0", "tintindex": 0},
				"up": {"uv": [0, 0, 1, 1], "texture": "#0", "tintindex": 0}
			}
		},
		{
			"from": [4.67787, 10.2672, 10.71567],
			"to": [11.05787, 16.8972, 13.32567],
			"faces": {
				"north": {"uv": [0, 0, 1, 1], "texture": "#0", "tintindex": 0},
				"east": {"uv": [0, 0, 1, 1], "texture": "#0", "tintindex": 0},
				"south": {"uv": [0, 0, 1, 1], "texture": "#0", "tintindex": 0},
				"west": {"uv": [0, 0, 1, 1], "texture": "#0", "tintindex": 0},
				"up": {"uv": [0, 0, 1, 1], "texture": "#0", "tintindex": 0},
				"down": {"uv": [0, 0, 1, 1], "texture": "#0", "tintindex": 0}
			}
		},
		{
			"from": [4.21387, 10.2672, 10.71567],
			"to": [11.52187, 16.4332, 13.32567],
			"faces": {
				"north": {"uv": [0, 0, 1, 1], "texture": "#0", "tintindex": 0},
				"east": {"uv": [0, 0, 1, 1], "texture": "#0", "tintindex": 0},
				"south": {"uv": [0, 0, 1, 1], "texture": "#0", "tintindex": 0},
				"west": {"uv": [0, 0, 1, 1], "texture": "#0", "tintindex": 0},
				"up": {"uv": [0, 0, 1, 1], "texture": "#0", "tintindex": 0}
			}
		},
		{
			"from": [6.44951, 15.10629, 10.71567],
			"to": [7.92735, 15.68629, 13.32567],
			"rotation": {"angle": -45, "axis": "z", "origin": [10.62551, 11.71909, 9.22507]},
			"faces": {
				"north": {"uv": [0, 0, 1, 1], "texture": "#0", "tintindex": 0},
				"south": {"uv": [0, 0, 1, 1], "texture": "#0", "tintindex": 0},
				"up": {"uv": [0, 0, 1, 1], "texture": "#0", "tintindex": 0}
			}
		},
		{
			"from": [4.44587, 12.50392, 7.81326],
			"to": [11.34787, 16.85392, 9.55326],
			"rotation": {"angle": 22.5, "axis": "x", "origin": [7.86787, 9.02392, 7.98726]},
			"faces": {
				"north": {"uv": [0, 0, 1, 1], "texture": "#0", "tintindex": 0},
				"east": {"uv": [0, 0, 1, 1], "texture": "#0", "tintindex": 0},
				"south": {"uv": [0, 0, 1, 1], "texture": "#0", "tintindex": 0},
				"west": {"uv": [0, 0, 1, 1], "texture": "#0", "tintindex": 0},
				"up": {"uv": [0, 0, 1, 1], "texture": "#0", "tintindex": 0},
				"down": {"uv": [0, 0, 1, 1], "texture": "#0", "tintindex": 0}
			}
		},
		{
			"from": [4.44587, 10.27561, 9.15824],
			"to": [11.34787, 12.30561, 11.47824],
			"faces": {
				"north": {"uv": [0, 0, 1, 1], "texture": "#0", "tintindex": 0},
				"east": {"uv": [0, 0, 1, 1], "texture": "#0", "tintindex": 0},
				"west": {"uv": [0, 0, 1, 1], "texture": "#0", "tintindex": 0}
			}
		},
		{
			"name": "head",
			"from": [4.67787, 3.2672, 12.71567],
			"to": [11.05787, 8.8972, 16.32567],
			"faces": {
				"north": {"uv": [0, 0, 1, 1], "texture": "#0", "tintindex": 0},
				"east": {"uv": [0, 0, 1, 1], "texture": "#0", "tintindex": 0},
				"south": {"uv": [0, 0, 1, 1], "texture": "#0", "tintindex": 0},
				"west": {"uv": [0, 0, 1, 1], "texture": "#0", "tintindex": 0},
				"up": {"uv": [0, 0, 1, 1], "texture": "#0", "tintindex": 0},
				"down": {"uv": [0, 0, 1, 1], "texture": "#0", "tintindex": 0}
			}
		},
		{
			"name": "head",
			"from": [4.67787, 8.5172, 11.21567],
			"to": [11.05787, 15.1472, 14.82567],
			"faces": {
				"east": {"uv": [0, 0, 1, 1], "texture": "#0", "tintindex": 0},
				"south": {"uv": [0, 0, 1, 1], "texture": "#0", "tintindex": 0},
				"west": {"uv": [0, 0, 1, 1], "texture": "#0", "tintindex": 0}
			}
		},
		{
			"name": "head",
			"from": [4.67787, 15.4798, 8.58991],
			"to": [11.05787, 17.1098, 10.69991],
			"rotation": {"angle": 45, "axis": "x", "origin": [8.24111, 6.2126, 3.59931]},
			"faces": {
				"east": {"uv": [0, 0, 1, 1], "texture": "#0", "tintindex": 0},
				"west": {"uv": [0, 0, 1, 1], "texture": "#0", "tintindex": 0},
				"up": {"uv": [0, 0, 1, 1], "texture": "#0", "tintindex": 0}
			}
		},
		{
			"name": "head",
			"from": [4.67787, 21.7298, 7.08991],
			"to": [11.05787, 23.3598, 9.19991],
			"rotation": {"angle": 45, "axis": "x", "origin": [8.24111, 12.4626, 2.09931]},
			"faces": {
				"north": {"uv": [0, 0, 1, 1], "texture": "#0", "tintindex": 0},
				"east": {"uv": [0, 0, 1, 1], "texture": "#0", "tintindex": 0},
				"south": {"uv": [0, 0, 1, 1], "texture": "#0", "tintindex": 0},
				"west": {"uv": [0, 0, 1, 1], "texture": "#0", "tintindex": 0},
				"up": {"uv": [0, 0, 1, 1], "texture": "#0", "tintindex": 0},
				"down": {"uv": [0, 0, 1, 1], "texture": "#0", "tintindex": 0}
			}
		},
		{
			"name": "head",
			"from": [4.67787, 5.8474, 10.9666],
			"to": [11.05787, 8.7274, 13.0766],
			"rotation": {"angle": 22.5, "axis": "x", "origin": [8.24111, -2.1698, 0.976]},
			"faces": {
				"east": {"uv": [0, 0, 1, 1], "texture": "#0", "tintindex": 0},
				"south": {"uv": [0, 0, 1, 1], "texture": "#0", "tintindex": 0},
				"west": {"uv": [0, 0, 1, 1], "texture": "#0", "tintindex": 0}
			}
		},
		{
			"name": "head",
			"from": [4.67787, -3.18564, 19.50075],
			"to": [11.05787, -2.30564, 20.36075],
			"rotation": {"angle": -22.5, "axis": "x", "origin": [8.24111, -14.20284, 8.26015]},
			"faces": {
				"east": {"uv": [0, 0, 1, 1], "texture": "#0", "tintindex": 0},
				"west": {"uv": [0, 0, 1, 1], "texture": "#0", "tintindex": 0},
				"down": {"uv": [0, 0, 1, 1], "texture": "#0", "tintindex": 0}
			}
		},
		{
			"name": "head",
			"from": [4.67787, 0.27732, 10.56901],
			"to": [11.05787, 3.15732, 14.42901],
			"rotation": {"angle": 0, "axis": "x", "origin": [8.24111, -10.73988, 2.32841]},
			"faces": {
				"north": {"uv": [0, 0, 1, 1], "texture": "#0", "tintindex": 0},
				"east": {"uv": [0, 0, 1, 1], "texture": "#0", "tintindex": 0},
				"south": {"uv": [0, 0, 1, 1], "texture": "#0", "tintindex": 0},
				"west": {"uv": [0, 0, 1, 1], "texture": "#0", "tintindex": 0},
				"up": {"uv": [0, 0, 1, 1], "texture": "#0", "tintindex": 0},
				"down": {"uv": [0, 0, 1, 1], "texture": "#0", "tintindex": 0}
			}
		},
		{
			"name": "spikes",
			"from": [7.49111, -1.25, 7.72507],
			"to": [8.49111, 3.75, 14.47507],
			"rotation": {"angle": -45, "axis": "x", "origin": [8.24111, 8, 9.22507]},
			"faces": {
				"east": {"uv": [0, 0, 1, 1], "texture": "#2"},
				"south": {"uv": [0, 0, 1, 1], "texture": "#2"},
				"west": {"uv": [0, 0, 1, 1], "texture": "#2"},
				"down": {"uv": [0, 0, 1, 1], "texture": "#2"}
			}
		},
		{
			"name": "spikes",
			"from": [7.49111, 5, 14.72507],
			"to": [8.49111, 8.75, 17.97507],
			"rotation": {"angle": -45, "axis": "x", "origin": [8.24111, 8, 9.22507]},
			"faces": {
				"east": {"uv": [0, 0, 1, 1], "texture": "#2"},
				"south": {"uv": [0, 0, 1, 1], "texture": "#2"},
				"west": {"uv": [0, 0, 1, 1], "texture": "#2"},
				"down": {"uv": [0, 0, 1, 1], "texture": "#2"}
			}
		},
		{
			"name": "mouth",
			"from": [4.89955, 0.15125, 6.61899],
			"to": [10.83455, 1.17625, 7.62399],
			"rotation": {"angle": 0, "axis": "x", "origin": [7.90455, 6.73125, 7.36899]},
			"faces": {
				"north": {"uv": [0, 0, 1, 1], "texture": "#1"},
				"up": {"uv": [0, 0, 1, 1], "texture": "#2"},
				"down": {"uv": [0, 0, 1, 1], "texture": "#1"}
			}
		},
		{
			"name": "mouth",
			"from": [4.34873, 0.15125, 5.49629],
			"to": [6.96373, 1.17625, 6.50129],
			"rotation": {"angle": 22.5, "axis": "y", "origin": [8.75373, 6.73125, 11.24629]},
			"faces": {
				"north": {"uv": [0, 0, 1, 1], "texture": "#1"},
				"up": {"uv": [0, 0, 1, 1], "texture": "#2"},
				"down": {"uv": [0, 0, 1, 1], "texture": "#1"}
			}
		},
		{
			"name": "mouth",
			"from": [8.29692, 0.15125, 7.86701],
			"to": [10.91192, 1.17625, 8.87201],
			"rotation": {"angle": -22.5, "axis": "y", "origin": [12.70192, 6.73125, 13.61701]},
			"faces": {
				"north": {"uv": [0, 0, 1, 1], "texture": "#1"},
				"up": {"uv": [0, 0, 1, 1], "texture": "#2"},
				"down": {"uv": [0, 0, 1, 1], "texture": "#1"}
			}
		},
		{
			"name": "nose",
			"from": [6.26485, 4.62183, -3.09493],
			"to": [7.01485, 5.97183, -0.59493],
			"rotation": {"angle": 45, "axis": "x", "origin": [7.77485, 3.47183, 4.65705]},
			"faces": {
				"north": {"uv": [0, 0, 1, 1], "texture": "#3"}
			}
		},
		{
			"name": "nose",
			"from": [8.51485, 4.62183, -3.09493],
			"to": [9.26485, 5.97183, -0.59493],
			"rotation": {"angle": 45, "axis": "x", "origin": [7.77485, 3.47183, 4.65705]},
			"faces": {
				"north": {"uv": [0, 0, 1, 1], "texture": "#3"}
			}
		},
		{
			"from": [10.53787, 16.27392, 7.65907],
			"to": [11.19787, 17.14392, 8.81907],
			"rotation": {"angle": 22.5, "axis": "x", "origin": [7.86787, 9.02392, 7.98726]},
			"faces": {
				"north": {"uv": [0, 0, 1, 1], "texture": "#0", "tintindex": 0},
				"east": {"uv": [0, 0, 1, 1], "texture": "#0", "tintindex": 0},
				"south": {"uv": [0, 0, 1, 1], "texture": "#0", "tintindex": 0},
				"west": {"uv": [0, 0, 1, 1], "texture": "#0", "tintindex": 0},
				"up": {"uv": [0, 0, 1, 1], "texture": "#0", "tintindex": 0},
				"down": {"uv": [0, 0, 1, 1], "texture": "#0", "tintindex": 0}
			}
		},
		{
			"from": [4.53787, 16.27392, 7.65907],
			"to": [5.19787, 17.14392, 8.81907],
			"rotation": {"angle": 22.5, "axis": "x", "origin": [7.86787, 9.02392, 7.98726]},
			"faces": {
				"north": {"uv": [0, 0, 1, 1], "texture": "#0", "tintindex": 0},
				"east": {"uv": [0, 0, 1, 1], "texture": "#0", "tintindex": 0},
				"south": {"uv": [0, 0, 1, 1], "texture": "#0", "tintindex": 0},
				"west": {"uv": [0, 0, 1, 1], "texture": "#0", "tintindex": 0},
				"up": {"uv": [0, 0, 1, 1], "texture": "#0", "tintindex": 0},
				"down": {"uv": [0, 0, 1, 1], "texture": "#0", "tintindex": 0}
			}
		}
	],
	"display": {
		"thirdperson_righthand": {
			"scale": [0.375, 0.375, 0.375],
			"rotation": [75, 45, 0],
			"translation": [0, 2.5, 0]
		},
		"head": {
			"translation": [0, 5, -4.5],
			"scale": [1.5, 1.5, 1.5]
		},
		"thirdperson_lefthand": {
			"scale": [0.375, 0.375, 0.375],
			"rotation": [75, 45, 0],
			"translation": [0, 2.5, 0]
		},
		"firstperson_righthand": {
			"scale": [0.68, 0.68, 0.68],
			"rotation": [0, 12, 9],
			"translation": [1.13, 3.2, 0]
		},
		"firstperson_lefthand": {
			"scale": [0.68, 0.68, 0.68],
			"rotation": [0, 12, 1],
			"translation": [1.13, 3.2, 0]
		},
		"fixed": {
			"translation": [0, 0, -4.5]
		},
		"gui": {
			"scale": [0.625, 0.625, 0.625],
			"rotation": [30, 225, 0],
			"translation": [0, 0, 0]
		},
		"ground": {
			"scale": [0.5, 0.5, 0.5],
			"rotation": [0, 0, 0],
			"translation": [0, 2, 0]
		}
	}
}