{
	"credit": "Made by dragonmaster95 with Blockbench, a free, modern block model editor by JannisX11",
	"textures": {
		"0": "minigames/bc/hammer",
		"1": "minigames/bc/luigi_arm",
		"particle": "minigames/bc/hammer"
	},
	"elements": [
		{
			"name": "cube",
			"from": [7, -16, 15.5],
			"to": [9, 10, 17.5],
			"faces": {
				"north": {
					"uv": [0.016, 13.516, 7.984, 15.984],
					"texture": "#0",
					"rotation": 270
				},
				"east": {
					"uv": [0.016, 13.516, 7.984, 15.984],
					"texture": "#0",
					"rotation": 90
				},
				"south": {
					"uv": [0.016, 13.516, 7.984, 15.984],
					"texture": "#0",
					"rotation": 270
				},
				"west": {
					"uv": [0.016, 13.516, 7.984, 15.984],
					"texture": "#0",
					"rotation": 90
				},
				"down": {
					"uv": [0.016, 15.516, 7.984, 15.984],
					"texture": "#0",
					"rotation": 90
				}
			},
			"rotation": {
				"origin": [8, 8, 8.75],
				"axis": "x",
				"angle": 22.5
			},
			"type": "cube"
		},
		{
			"name": "cube",
			"from": [5, 9, 13.5],
			"to": [11, 15, 19.5],
			"faces": {
				"east": {
					"uv": [0.016, 8.016, 7.984, 13.984],
					"texture": "#0",
					"rotation": 180
				},
				"west": {
					"uv": [0.016, 8.016, 7.984, 13.984],
					"texture": "#0"
				},
				"up": {
					"uv": [7.984, 8.016, 0.016, 13.984],
					"texture": "#0",
					"rotation": 270
				},
				"down": {
					"uv": [7.984, 8.016, 0.016, 13.984],
					"texture": "#0",
					"rotation": 90
				}
			},
			"rotation": {
				"origin": [8, 8, 8.75],
				"axis": "x",
				"angle": 22.5
			},
			"type": "cube"
		},
		{
			"name": "cube",
			"from": [3, 7, 5.499999999999998],
			"to": [13, 17, 13.499999999999998],
			"faces": {
				"north": {
					"uv": [0.016, 0.016, 7.984, 7.984],
					"texture": "#0"
				},
				"east": {
					"uv": [8.016, 0.016, 15.984, 7.984],
					"texture": "#0"
				},
				"south": {
					"uv": [8.016, 8.016, 15.984, 15.984],
					"texture": "#0"
				},
				"west": {
					"uv": [8.016, 0.016, 15.984, 7.984],
					"texture": "#0"
				},
				"up": {
					"uv": [8.016, 0.016, 15.984, 7.984],
					"texture": "#0",
					"rotation": 90
				},
				"down": {
					"uv": [8.016, 0.016, 15.984, 7.984],
					"texture": "#0",
					"rotation": 90
				}
			},
			"rotation": {
				"origin": [8, 8, 8.75],
				"axis": "x",
				"angle": 22.5
			},
			"type": "cube"
		},
		{
			"name": "cube",
			"from": [3, 7, 19.5],
			"to": [13, 17, 27.5],
			"faces": {
				"north": {
					"uv": [15.984, 8.016, 8.016, 15.984],
					"texture": "#0"
				},
				"east": {
					"uv": [15.984, 0.016, 8.016, 7.984],
					"texture": "#0"
				},
				"south": {
					"uv": [0.016, 0.016, 7.984, 7.984],
					"texture": "#0"
				},
				"west": {
					"uv": [15.984, 0.016, 8.016, 7.984],
					"texture": "#0",
					"rotation": 180
				},
				"up": {
					"uv": [8.016, 7.984, 15.984, 0.016],
					"texture": "#0",
					"rotation": 90
				},
				"down": {
					"uv": [8.016, 7.984, 15.984, 0.016],
					"texture": "#0",
					"rotation": 270
				}
			},
			"rotation": {
				"origin": [8, 8, 8.75],
				"axis": "x",
				"angle": 22.5
			},
			"type": "cube"
		},
		{
			"name": "cube",
			"from": [4.975000000000001, -16, 8],
			"to": [11.025, -9.9, 18.550000000000004],
			"faces": {
				"north": {
					"uv": [8, 0, 11.96796875, 3.96796875],
					"texture": "#1"
				},
				"east": {
					"uv": [12, 8, 15.96796875, 15.96796875],
					"texture": "#1",
					"rotation": 270
				},
				"south": {
					"uv": [4, 0, 7.96796875, 3.96796875],
					"texture": "#1",
					"rotation": 90
				},
				"west": {
					"uv": [4, 8, 7.96796875, 15.96796875],
					"texture": "#1",
					"rotation": 90
				},
				"up": {
					"uv": [0, 8, 3.96796875, 15.96796875],
					"texture": "#1",
					"rotation": 180
				},
				"down": {
					"uv": [8, 8, 11.96796875, 15.96796875],
					"texture": "#1"
				}
			},
			"type": "cube"
		}
	],
	"display": {
		"head": {
			"scale": [1, 1, 1],
			"rotation": [-22.5, 0, 0],
			"translation": [0, 20, -11.5]
		},
		"thirdperson_righthand": {
			"translation": [0, 5.5, 22.5],
			"rotation": [90, 0, 0],
			"scale": [1, 1, 1]
		},
		"thirdperson_lefthand": {
			"scale": [1, 1, 1],
			"rotation": [88, 0, 0],
			"translation": [0, 5.5, 23]
		},
		"firstperson_righthand": {
			"scale": [1, 1, 1],
			"translation": [0, 20, 0]
		},
		"firstperson_lefthand": {
			"scale": [1, 1, 1],
			"rotation": [0, 0, 0],
			"translation": [0, 20, 0]
		},
		"ground": {
			"scale": [0.5, 0.5, 0.5],
			"rotation": [0, 0, 0],
			"translation": [0, 3.5, 0]
		},
		"fixed": {
			"scale": [0.5, 0.5, 0.5],
			"rotation": [0, 90, 0],
			"translation": [-3.5, 4, 0]
		},
		"gui": {
			"scale": [0.5, 0.5, 0.5],
			"rotation": [0, 119, 0],
			"translation": [-3, 4, 0]
		}
	}
}