{
    "parent": "block/block",
    "textures": {
        "0": "block/exclamation_cube_green_etex",
        "1": "block/exclamation_cube_green_top"
    },
	"display": {
		"gui": {
			"scale":[ 0.3, 0.3, 0.3 ]
			},
		"firstperson_righthand": {
			"scale":[ 0.2, 0.2, 0.2 ]
			},
		"head": {
			"rotation":[ 0, 180, 0 ],
			"scale":[ 1.6, 1.6, 1.6 ],
			"translation": [ 0.0, -5.0, 0.0 ]
			},
		"thirdperson_righthand": {
			"scale":[ 0.2, 0.2, 0.2 ]
			},
		"ground": {	
			"scale":[ 0.3, 0.3, 0.3 ]
			}
	},
    "elements": [
        {
            "name": "block",
            "from": [ -16.0, -16.0, -16.0 ], 
            "to": [ 32.0, 32.0, 32.0 ], 
            "faces": {
                "north": { "texture": "#0", "uv": [ 0.0, 0.0, 16.0, 16.0 ] },
                "east": { "texture": "#0", "uv": [ 0.0, 0.0, 16.0, 16.0 ] },
                "south": { "texture": "#0", "uv": [ 0.0, 0.0, 16.0, 16.0 ] },
                "west": { "texture": "#0", "uv": [ 0.0, 0.0, 16.0, 16.0 ] },
                "up": { "texture": "#1", "uv": [ 0.0, 0.0, 16.0, 16.0 ] },
                "down": { "texture": "#1", "uv": [ 0.0, 0.0, 16.0, 16.0 ] }
            }
        }
    ]
}