{
	"credit": "Made with Blockbench by dragonmaster95",
	"textures": {
		"0": "minigames/bb2/ball_dk_top",
		"1": "minigames/bb2/ball_dk_back",
		"2": "minigames/bb2/ball_dk_bottom",
		"3": "minigames/bb2/ball_dk_front",
		"4": "minigames/bb2/ball_dk_side",
		"particle": "minigames/bb2/ball_dk_front"
	},
	"elements": [
		{
			"from": [6.5, 6.5, 0],
			"to": [9.5, 9.5, 16],
			"faces": {
				"north": {"uv": [6.5, 6.5, 9.5, 9.5], "texture": "#3"},
				"east": {"uv": [0, 9.5, 16, 6.5], "rotation": 180, "texture": "#4"},
				"south": {"uv": [6.5, 6.5, 9.5, 9.5], "texture": "#1"},
				"west": {"uv": [0, 6.5, 16, 9.5], "texture": "#4"},
				"up": {"uv": [6.5, 0, 9.5, 16], "rotation": 180, "texture": "#0"},
				"down": {"uv": [6.5, 0, 9.5, 16], "rotation": 180, "texture": "#2"}
			}
		},
		{
			"from": [6, 7, 0],
			"to": [10, 9, 16],
			"faces": {
				"north": {"uv": [6, 7, 10, 9], "texture": "#3"},
				"east": {"uv": [0, 9, 16, 7], "rotation": 180, "texture": "#4"},
				"south": {"uv": [6, 7, 10, 9], "texture": "#1"},
				"west": {"uv": [0, 7, 16, 9], "texture": "#4"},
				"up": {"uv": [6, 0, 10, 16], "rotation": 180, "texture": "#0"},
				"down": {"uv": [6, 0, 10, 16], "rotation": 180, "texture": "#2"}
			}
		},
		{
			"from": [7, 6, 0],
			"to": [9, 10, 16],
			"faces": {
				"north": {"uv": [7, 6, 9, 10], "texture": "#3"},
				"east": {"uv": [0, 10, 16, 6], "rotation": 180, "texture": "#4"},
				"south": {"uv": [7, 6, 9, 10], "texture": "#1"},
				"west": {"uv": [0, 6, 16, 10], "texture": "#4"},
				"up": {"uv": [7, 0, 9, 16], "rotation": 180, "texture": "#0"},
				"down": {"uv": [7, 0, 9, 16], "rotation": 180, "texture": "#2"}
			}
		},
		{
			"from": [7, 4.5, 0.5],
			"to": [9, 11.5, 15.5],
			"faces": {
				"north": {"uv": [7, 4.5, 9, 11.5], "texture": "#3"},
				"east": {"uv": [0.5, 11.5, 15.5, 4.5], "rotation": 180, "texture": "#4"},
				"south": {"uv": [7, 4.5, 9, 11.5], "texture": "#1"},
				"west": {"uv": [0.5, 4.5, 15.5, 11.5], "texture": "#4"},
				"up": {"uv": [7, 0.5, 9, 15.5], "rotation": 180, "texture": "#0"},
				"down": {"uv": [7, 0.5, 9, 15.5], "rotation": 180, "texture": "#2"}
			}
		},
		{
			"from": [6, 5, 0.5],
			"to": [10, 11, 15.5],
			"faces": {
				"north": {"uv": [6, 5, 10, 11], "texture": "#3"},
				"east": {"uv": [0.5, 11, 15.5, 5], "rotation": 180, "texture": "#4"},
				"south": {"uv": [6, 5, 10, 11], "texture": "#1"},
				"west": {"uv": [0.5, 5, 15.5, 11], "texture": "#4"},
				"up": {"uv": [6, 0.5, 10, 15.5], "rotation": 180, "texture": "#0"},
				"down": {"uv": [6, 0.5, 10, 15.5], "rotation": 180, "texture": "#2"}
			}
		},
		{
			"from": [5, 6, 0.5],
			"to": [11, 10, 15.5],
			"faces": {
				"north": {"uv": [5, 6, 11, 10], "texture": "#3"},
				"east": {"uv": [0.5, 10, 15.5, 6], "rotation": 180, "texture": "#4"},
				"south": {"uv": [5, 6, 11, 10], "texture": "#1"},
				"west": {"uv": [0.5, 6, 15.5, 10], "texture": "#4"},
				"up": {"uv": [5, 0.5, 11, 15.5], "rotation": 180, "texture": "#0"},
				"down": {"uv": [5, 0.5, 11, 15.5], "rotation": 180, "texture": "#2"}
			}
		},
		{
			"from": [4.5, 7, 0.5],
			"to": [11.5, 9, 15.5],
			"faces": {
				"north": {"uv": [4.5, 7, 11.5, 9], "texture": "#3"},
				"east": {"uv": [0.5, 9, 15.5, 7], "rotation": 180, "texture": "#4"},
				"south": {"uv": [4.5, 7, 11.5, 9], "texture": "#1"},
				"west": {"uv": [0.5, 7, 15.5, 9], "texture": "#4"},
				"up": {"uv": [4.5, 0.5, 11.5, 15.5], "rotation": 180, "texture": "#0"},
				"down": {"uv": [4.5, 0.5, 11.5, 15.5], "rotation": 180, "texture": "#2"}
			}
		},
		{
			"from": [7.5, 3.5, 1],
			"to": [8.5, 12.5, 15],
			"faces": {
				"north": {"uv": [7.5, 3.5, 8.5, 12.5], "texture": "#3"},
				"east": {"uv": [1, 12.5, 15, 3.5], "rotation": 180, "texture": "#4"},
				"south": {"uv": [7.5, 3.5, 8.5, 12.5], "texture": "#1"},
				"west": {"uv": [1, 3.5, 15, 12.5], "texture": "#4"},
				"up": {"uv": [7.5, 1, 8.5, 15], "rotation": 180, "texture": "#0"},
				"down": {"uv": [7.5, 1, 8.5, 15], "rotation": 180, "texture": "#2"}
			}
		},
		{
			"from": [6, 4, 1],
			"to": [10, 12, 15],
			"faces": {
				"north": {"uv": [6, 4, 10, 12], "texture": "#3"},
				"east": {"uv": [1, 12, 15, 4], "rotation": 180, "texture": "#4"},
				"south": {"uv": [6, 4, 10, 12], "texture": "#1"},
				"west": {"uv": [1, 4, 15, 12], "texture": "#4"},
				"up": {"uv": [6, 1, 10, 15], "rotation": 180, "texture": "#0"},
				"down": {"uv": [6, 1, 10, 15], "rotation": 180, "texture": "#2"}
			}
		},
		{
			"from": [5, 4.5, 1],
			"to": [11, 11.5, 15],
			"faces": {
				"north": {"uv": [5, 4.5, 11, 11.5], "texture": "#3"},
				"east": {"uv": [1, 11.5, 15, 4.5], "rotation": 180, "texture": "#4"},
				"south": {"uv": [5, 4.5, 11, 11.5], "texture": "#1"},
				"west": {"uv": [1, 4.5, 15, 11.5], "texture": "#4"},
				"up": {"uv": [5, 1, 11, 15], "rotation": 180, "texture": "#0"},
				"down": {"uv": [5, 1, 11, 15], "rotation": 180, "texture": "#2"}
			}
		},
		{
			"from": [4.5, 5, 1],
			"to": [11.5, 11, 15],
			"faces": {
				"north": {"uv": [4.5, 5, 11.5, 11], "texture": "#3"},
				"east": {"uv": [1, 11, 15, 5], "rotation": 180, "texture": "#4"},
				"south": {"uv": [4.5, 5, 11.5, 11], "texture": "#1"},
				"west": {"uv": [1, 5, 15, 11], "texture": "#4"},
				"up": {"uv": [4.5, 1, 11.5, 15], "rotation": 180, "texture": "#0"},
				"down": {"uv": [4.5, 1, 11.5, 15], "rotation": 180, "texture": "#2"}
			}
		},
		{
			"from": [4, 6, 1],
			"to": [12, 10, 15],
			"faces": {
				"north": {"uv": [4, 6, 12, 10], "texture": "#3"},
				"east": {"uv": [1, 10, 15, 6], "rotation": 180, "texture": "#4"},
				"south": {"uv": [4, 6, 12, 10], "texture": "#1"},
				"west": {"uv": [1, 6, 15, 10], "texture": "#4"},
				"up": {"uv": [4, 1, 12, 15], "rotation": 180, "texture": "#0"},
				"down": {"uv": [4, 1, 12, 15], "rotation": 180, "texture": "#2"}
			}
		},
		{
			"from": [3.5, 7.5, 1],
			"to": [12.5, 8.5, 15],
			"faces": {
				"north": {"uv": [3.5, 7.5, 12.5, 8.5], "texture": "#3"},
				"east": {"uv": [1, 8.5, 15, 7.5], "rotation": 180, "texture": "#4"},
				"south": {"uv": [3.5, 7.5, 12.5, 8.5], "texture": "#1"},
				"west": {"uv": [1, 7.5, 15, 8.5], "texture": "#4"},
				"up": {"uv": [3.5, 1, 12.5, 15], "rotation": 180, "texture": "#0"},
				"down": {"uv": [3.5, 1, 12.5, 15], "rotation": 180, "texture": "#2"}
			}
		},
		{
			"from": [6.5, 3, 1.5],
			"to": [9.5, 13, 14.5],
			"faces": {
				"north": {"uv": [6.5, 3, 9.5, 13], "texture": "#3"},
				"east": {"uv": [1.5, 13, 14.5, 3], "rotation": 180, "texture": "#4"},
				"south": {"uv": [6.5, 3, 9.5, 13], "texture": "#1"},
				"west": {"uv": [1.5, 3, 14.5, 13], "texture": "#4"},
				"up": {"uv": [6.5, 1.5, 9.5, 14.5], "rotation": 180, "texture": "#0"},
				"down": {"uv": [6.5, 1.5, 9.5, 14.5], "rotation": 180, "texture": "#2"}
			}
		},
		{
			"from": [5.5, 3.5, 1.5],
			"to": [10.5, 12.5, 14.5],
			"faces": {
				"north": {"uv": [5.5, 3.5, 10.5, 12.5], "texture": "#3"},
				"east": {"uv": [1.5, 12.5, 14.5, 3.5], "rotation": 180, "texture": "#4"},
				"south": {"uv": [5.5, 3.5, 10.5, 12.5], "texture": "#1"},
				"west": {"uv": [1.5, 3.5, 14.5, 12.5], "texture": "#4"},
				"up": {"uv": [5.5, 1.5, 10.5, 14.5], "rotation": 180, "texture": "#0"},
				"down": {"uv": [5.5, 1.5, 10.5, 14.5], "rotation": 180, "texture": "#2"}
			}
		},
		{
			"from": [4.5, 4, 1.5],
			"to": [11.5, 12, 14.5],
			"faces": {
				"north": {"uv": [4.5, 4, 11.5, 12], "texture": "#3"},
				"east": {"uv": [1.5, 12, 14.5, 4], "rotation": 180, "texture": "#4"},
				"south": {"uv": [4.5, 4, 11.5, 12], "texture": "#1"},
				"west": {"uv": [1.5, 4, 14.5, 12], "texture": "#4"},
				"up": {"uv": [4.5, 1.5, 11.5, 14.5], "rotation": 180, "texture": "#0"},
				"down": {"uv": [4.5, 1.5, 11.5, 14.5], "rotation": 180, "texture": "#2"}
			}
		},
		{
			"from": [4, 4.5, 1.5],
			"to": [12, 11.5, 14.5],
			"faces": {
				"north": {"uv": [4, 4.5, 12, 11.5], "texture": "#3"},
				"east": {"uv": [1.5, 11.5, 14.5, 4.5], "rotation": 180, "texture": "#4"},
				"south": {"uv": [4, 4.5, 12, 11.5], "texture": "#1"},
				"west": {"uv": [1.5, 4.5, 14.5, 11.5], "texture": "#4"},
				"up": {"uv": [4, 1.5, 12, 14.5], "rotation": 180, "texture": "#0"},
				"down": {"uv": [4, 1.5, 12, 14.5], "rotation": 180, "texture": "#2"}
			}
		},
		{
			"from": [3.5, 5.5, 1.5],
			"to": [12.5, 10.5, 14.5],
			"faces": {
				"north": {"uv": [3.5, 5.5, 12.5, 10.5], "texture": "#3"},
				"east": {"uv": [1.5, 10.5, 14.5, 5.5], "rotation": 180, "texture": "#4"},
				"south": {"uv": [3.5, 5.5, 12.5, 10.5], "texture": "#1"},
				"west": {"uv": [1.5, 5.5, 14.5, 10.5], "texture": "#4"},
				"up": {"uv": [3.5, 1.5, 12.5, 14.5], "rotation": 180, "texture": "#0"},
				"down": {"uv": [3.5, 1.5, 12.5, 14.5], "rotation": 180, "texture": "#2"}
			}
		},
		{
			"from": [3, 6.5, 1.5],
			"to": [13, 9.5, 14.5],
			"faces": {
				"north": {"uv": [3, 6.5, 13, 9.5], "texture": "#3"},
				"east": {"uv": [1.5, 9.5, 14.5, 6.5], "rotation": 180, "texture": "#4"},
				"south": {"uv": [3, 6.5, 13, 9.5], "texture": "#1"},
				"west": {"uv": [1.5, 6.5, 14.5, 9.5], "texture": "#4"},
				"up": {"uv": [3, 1.5, 13, 14.5], "rotation": 180, "texture": "#0"},
				"down": {"uv": [3, 1.5, 13, 14.5], "rotation": 180, "texture": "#2"}
			}
		},
		{
			"from": [6, 2.5, 2],
			"to": [10, 13.5, 14],
			"faces": {
				"north": {"uv": [6, 2.5, 10, 13.5], "texture": "#3"},
				"east": {"uv": [2, 13.5, 14, 2.5], "rotation": 180, "texture": "#4"},
				"south": {"uv": [6, 2.5, 10, 13.5], "texture": "#1"},
				"west": {"uv": [2, 2.5, 14, 13.5], "texture": "#4"},
				"up": {"uv": [6, 2, 10, 14], "rotation": 180, "texture": "#0"},
				"down": {"uv": [6, 2, 10, 14], "rotation": 180, "texture": "#2"}
			}
		},
		{
			"from": [4, 4, 2],
			"to": [12, 12, 14],
			"faces": {
				"north": {"uv": [4, 4, 12, 12], "texture": "#3"},
				"east": {"uv": [2, 12, 14, 4], "rotation": 180, "texture": "#4"},
				"south": {"uv": [4, 4, 12, 12], "texture": "#1"},
				"west": {"uv": [2, 4, 14, 12], "texture": "#4"},
				"up": {"uv": [4, 2, 12, 14], "rotation": 180, "texture": "#0"},
				"down": {"uv": [4, 2, 12, 14], "rotation": 180, "texture": "#2"}
			}
		},
		{
			"from": [3.5, 4.5, 2],
			"to": [12.5, 11.5, 14],
			"faces": {
				"north": {"uv": [3.5, 4.5, 12.5, 11.5], "texture": "#3"},
				"east": {"uv": [2, 11.5, 14, 4.5], "rotation": 180, "texture": "#4"},
				"south": {"uv": [3.5, 4.5, 12.5, 11.5], "texture": "#1"},
				"west": {"uv": [2, 4.5, 14, 11.5], "texture": "#4"},
				"up": {"uv": [3.5, 2, 12.5, 14], "rotation": 180, "texture": "#0"},
				"down": {"uv": [3.5, 2, 12.5, 14], "rotation": 180, "texture": "#2"}
			}
		},
		{
			"from": [3, 5, 2],
			"to": [13, 11, 14],
			"faces": {
				"north": {"uv": [3, 5, 13, 11], "texture": "#3"},
				"east": {"uv": [2, 11, 14, 5], "rotation": 180, "texture": "#4"},
				"south": {"uv": [3, 5, 13, 11], "texture": "#1"},
				"west": {"uv": [2, 5, 14, 11], "texture": "#4"},
				"up": {"uv": [3, 2, 13, 14], "rotation": 180, "texture": "#0"},
				"down": {"uv": [3, 2, 13, 14], "rotation": 180, "texture": "#2"}
			}
		},
		{
			"from": [2.5, 6, 2],
			"to": [13.5, 10, 14],
			"faces": {
				"north": {"uv": [2.5, 6, 13.5, 10], "texture": "#3"},
				"east": {"uv": [2, 10, 14, 6], "rotation": 180, "texture": "#4"},
				"south": {"uv": [2.5, 6, 13.5, 10], "texture": "#1"},
				"west": {"uv": [2, 6, 14, 10], "texture": "#4"},
				"up": {"uv": [2.5, 2, 13.5, 14], "rotation": 180, "texture": "#0"},
				"down": {"uv": [2.5, 2, 13.5, 14], "rotation": 180, "texture": "#2"}
			}
		},
		{
			"from": [5, 3, 2],
			"to": [11, 13, 14],
			"faces": {
				"north": {"uv": [5, 3, 11, 13], "texture": "#3"},
				"east": {"uv": [2, 13, 14, 3], "rotation": 180, "texture": "#4"},
				"south": {"uv": [5, 3, 11, 13], "texture": "#1"},
				"west": {"uv": [2, 3, 14, 13], "texture": "#4"},
				"up": {"uv": [5, 2, 11, 14], "rotation": 180, "texture": "#0"},
				"down": {"uv": [5, 2, 11, 14], "rotation": 180, "texture": "#2"}
			}
		},
		{
			"from": [4.5, 3.5, 2],
			"to": [11.5, 12.5, 14],
			"faces": {
				"north": {"uv": [4.5, 3.5, 11.5, 12.5], "texture": "#3"},
				"east": {"uv": [2, 12.5, 14, 3.5], "rotation": 180, "texture": "#4"},
				"south": {"uv": [4.5, 3.5, 11.5, 12.5], "texture": "#1"},
				"west": {"uv": [2, 3.5, 14, 12.5], "texture": "#4"},
				"up": {"uv": [4.5, 2, 11.5, 14], "rotation": 180, "texture": "#0"},
				"down": {"uv": [4.5, 2, 11.5, 14], "rotation": 180, "texture": "#2"}
			}
		},
		{
			"from": [0, 7, 6],
			"to": [16, 9, 10],
			"faces": {
				"north": {"uv": [0, 7, 16, 9], "texture": "#3"},
				"east": {"uv": [6, 9, 10, 7], "rotation": 180, "texture": "#4"},
				"south": {"uv": [0, 7, 16, 9], "texture": "#1"},
				"west": {"uv": [6, 7, 10, 9], "texture": "#4"},
				"up": {"uv": [0, 6, 16, 10], "rotation": 180, "texture": "#0"},
				"down": {"uv": [0, 6, 16, 10], "rotation": 180, "texture": "#2"}
			}
		},
		{
			"from": [0, 6, 7],
			"to": [16, 10, 9],
			"faces": {
				"north": {"uv": [0, 6, 16, 10], "texture": "#3"},
				"east": {"uv": [7, 10, 9, 6], "rotation": 180, "texture": "#4"},
				"south": {"uv": [0, 6, 16, 10], "texture": "#1"},
				"west": {"uv": [7, 6, 9, 10], "texture": "#4"},
				"up": {"uv": [0, 7, 16, 9], "rotation": 180, "texture": "#0"},
				"down": {"uv": [0, 7, 16, 9], "rotation": 180, "texture": "#2"}
			}
		},
		{
			"from": [0, 6.5, 6.5],
			"to": [16, 9.5, 9.5],
			"faces": {
				"north": {"uv": [0, 6.5, 16, 9.5], "texture": "#3"},
				"east": {"uv": [6.5, 9.5, 9.5, 6.5], "rotation": 180, "texture": "#4"},
				"south": {"uv": [0, 6.5, 16, 9.5], "texture": "#1"},
				"west": {"uv": [6.5, 6.5, 9.5, 9.5], "texture": "#4"},
				"up": {"uv": [0, 6.5, 16, 9.5], "rotation": 180, "texture": "#0"},
				"down": {"uv": [0, 6.5, 16, 9.5], "rotation": 180, "texture": "#2"}
			}
		},
		{
			"from": [0.5, 4.5, 7],
			"to": [15.5, 11.5, 9],
			"faces": {
				"north": {"uv": [0.5, 4.5, 15.5, 11.5], "texture": "#3"},
				"east": {"uv": [7, 11.5, 9, 4.5], "rotation": 180, "texture": "#4"},
				"south": {"uv": [0.5, 4.5, 15.5, 11.5], "texture": "#1"},
				"west": {"uv": [7, 4.5, 9, 11.5], "texture": "#4"},
				"up": {"uv": [0.5, 7, 15.5, 9], "rotation": 180, "texture": "#0"},
				"down": {"uv": [0.5, 7, 15.5, 9], "rotation": 180, "texture": "#2"}
			}
		},
		{
			"from": [0.5, 5, 6],
			"to": [15.5, 11, 10],
			"faces": {
				"north": {"uv": [0.5, 5, 15.5, 11], "texture": "#3"},
				"east": {"uv": [6, 11, 10, 5], "rotation": 180, "texture": "#4"},
				"south": {"uv": [0.5, 5, 15.5, 11], "texture": "#1"},
				"west": {"uv": [6, 5, 10, 11], "texture": "#4"},
				"up": {"uv": [0.5, 6, 15.5, 10], "rotation": 180, "texture": "#0"},
				"down": {"uv": [0.5, 6, 15.5, 10], "rotation": 180, "texture": "#2"}
			}
		},
		{
			"from": [0.5, 5.5, 5.5],
			"to": [15.5, 10.5, 10.5],
			"faces": {
				"north": {"uv": [0.5, 5.5, 15.5, 10.5], "texture": "#3"},
				"east": {"uv": [5.5, 10.5, 10.5, 5.5], "rotation": 180, "texture": "#4"},
				"south": {"uv": [0.5, 5.5, 15.5, 10.5], "texture": "#1"},
				"west": {"uv": [5.5, 5.5, 10.5, 10.5], "texture": "#4"},
				"up": {"uv": [0.5, 5.5, 15.5, 10.5], "rotation": 180, "texture": "#0"},
				"down": {"uv": [0.5, 5.5, 15.5, 10.5], "rotation": 180, "texture": "#2"}
			}
		},
		{
			"from": [0.5, 6, 5],
			"to": [15.5, 10, 11],
			"faces": {
				"north": {"uv": [0.5, 6, 15.5, 10], "texture": "#3"},
				"east": {"uv": [5, 10, 11, 6], "rotation": 180, "texture": "#4"},
				"south": {"uv": [0.5, 6, 15.5, 10], "texture": "#1"},
				"west": {"uv": [5, 6, 11, 10], "texture": "#4"},
				"up": {"uv": [0.5, 5, 15.5, 11], "rotation": 180, "texture": "#0"},
				"down": {"uv": [0.5, 5, 15.5, 11], "rotation": 180, "texture": "#2"}
			}
		},
		{
			"from": [0.5, 7, 4.5],
			"to": [15.5, 9, 11.5],
			"faces": {
				"north": {"uv": [0.5, 7, 15.5, 9], "texture": "#3"},
				"east": {"uv": [4.5, 9, 11.5, 7], "rotation": 180, "texture": "#4"},
				"south": {"uv": [0.5, 7, 15.5, 9], "texture": "#1"},
				"west": {"uv": [4.5, 7, 11.5, 9], "texture": "#4"},
				"up": {"uv": [0.5, 4.5, 15.5, 11.5], "rotation": 180, "texture": "#0"},
				"down": {"uv": [0.5, 4.5, 15.5, 11.5], "rotation": 180, "texture": "#2"}
			}
		},
		{
			"from": [1, 3.5, 7.5],
			"to": [15, 12.5, 8.5],
			"faces": {
				"north": {"uv": [1, 3.5, 15, 12.5], "texture": "#3"},
				"east": {"uv": [7.5, 12.5, 8.5, 3.5], "rotation": 180, "texture": "#4"},
				"south": {"uv": [1, 3.5, 15, 12.5], "texture": "#1"},
				"west": {"uv": [7.5, 3.5, 8.5, 12.5], "texture": "#4"},
				"up": {"uv": [1, 7.5, 15, 8.5], "rotation": 180, "texture": "#0"},
				"down": {"uv": [1, 7.5, 15, 8.5], "rotation": 180, "texture": "#2"}
			}
		},
		{
			"from": [1, 4, 6],
			"to": [15, 12, 10],
			"faces": {
				"north": {"uv": [1, 4, 15, 12], "texture": "#3"},
				"east": {"uv": [6, 12, 10, 4], "rotation": 180, "texture": "#4"},
				"south": {"uv": [1, 4, 15, 12], "texture": "#1"},
				"west": {"uv": [6, 4, 10, 12], "texture": "#4"},
				"up": {"uv": [1, 6, 15, 10], "rotation": 180, "texture": "#0"},
				"down": {"uv": [1, 6, 15, 10], "rotation": 180, "texture": "#2"}
			}
		},
		{
			"from": [1, 4.5, 5],
			"to": [15, 11.5, 11],
			"faces": {
				"north": {"uv": [1, 4.5, 15, 11.5], "texture": "#3"},
				"east": {"uv": [5, 11.5, 11, 4.5], "rotation": 180, "texture": "#4"},
				"south": {"uv": [1, 4.5, 15, 11.5], "texture": "#1"},
				"west": {"uv": [5, 4.5, 11, 11.5], "texture": "#4"},
				"up": {"uv": [1, 5, 15, 11], "rotation": 180, "texture": "#0"},
				"down": {"uv": [1, 5, 15, 11], "rotation": 180, "texture": "#2"}
			}
		},
		{
			"from": [1, 5, 4.5],
			"to": [15, 11, 11.5],
			"faces": {
				"north": {"uv": [1, 5, 15, 11], "texture": "#3"},
				"east": {"uv": [4.5, 11, 11.5, 5], "rotation": 180, "texture": "#4"},
				"south": {"uv": [1, 5, 15, 11], "texture": "#1"},
				"west": {"uv": [4.5, 5, 11.5, 11], "texture": "#4"},
				"up": {"uv": [1, 4.5, 15, 11.5], "rotation": 180, "texture": "#0"},
				"down": {"uv": [1, 4.5, 15, 11.5], "rotation": 180, "texture": "#2"}
			}
		},
		{
			"from": [1, 6, 4],
			"to": [15, 10, 12],
			"faces": {
				"north": {"uv": [1, 6, 15, 10], "texture": "#3"},
				"east": {"uv": [4, 10, 12, 6], "rotation": 180, "texture": "#4"},
				"south": {"uv": [1, 6, 15, 10], "texture": "#1"},
				"west": {"uv": [4, 6, 12, 10], "texture": "#4"},
				"up": {"uv": [1, 4, 15, 12], "rotation": 180, "texture": "#0"},
				"down": {"uv": [1, 4, 15, 12], "rotation": 180, "texture": "#2"}
			}
		},
		{
			"from": [1, 7.5, 3.5],
			"to": [15, 8.5, 12.5],
			"faces": {
				"north": {"uv": [1, 7.5, 15, 8.5], "texture": "#3"},
				"east": {"uv": [3.5, 8.5, 12.5, 7.5], "rotation": 180, "texture": "#4"},
				"south": {"uv": [1, 7.5, 15, 8.5], "texture": "#1"},
				"west": {"uv": [3.5, 7.5, 12.5, 8.5], "texture": "#4"},
				"up": {"uv": [1, 3.5, 15, 12.5], "rotation": 180, "texture": "#0"},
				"down": {"uv": [1, 3.5, 15, 12.5], "rotation": 180, "texture": "#2"}
			}
		},
		{
			"from": [1.5, 3, 6.5],
			"to": [14.5, 13, 9.5],
			"faces": {
				"north": {"uv": [1.5, 3, 14.5, 13], "texture": "#3"},
				"east": {"uv": [6.5, 13, 9.5, 3], "rotation": 180, "texture": "#4"},
				"south": {"uv": [1.5, 3, 14.5, 13], "texture": "#1"},
				"west": {"uv": [6.5, 3, 9.5, 13], "texture": "#4"},
				"up": {"uv": [1.5, 6.5, 14.5, 9.5], "rotation": 180, "texture": "#0"},
				"down": {"uv": [1.5, 6.5, 14.5, 9.5], "rotation": 180, "texture": "#2"}
			}
		},
		{
			"from": [1.5, 3.5, 5.5],
			"to": [14.5, 12.5, 10.5],
			"faces": {
				"north": {"uv": [1.5, 3.5, 14.5, 12.5], "texture": "#3"},
				"east": {"uv": [5.5, 12.5, 10.5, 3.5], "rotation": 180, "texture": "#4"},
				"south": {"uv": [1.5, 3.5, 14.5, 12.5], "texture": "#1"},
				"west": {"uv": [5.5, 3.5, 10.5, 12.5], "texture": "#4"},
				"up": {"uv": [1.5, 5.5, 14.5, 10.5], "rotation": 180, "texture": "#0"},
				"down": {"uv": [1.5, 5.5, 14.5, 10.5], "rotation": 180, "texture": "#2"}
			}
		},
		{
			"from": [1.5, 4, 4.5],
			"to": [14.5, 12, 11.5],
			"faces": {
				"north": {"uv": [1.5, 4, 14.5, 12], "texture": "#3"},
				"east": {"uv": [4.5, 12, 11.5, 4], "rotation": 180, "texture": "#4"},
				"south": {"uv": [1.5, 4, 14.5, 12], "texture": "#1"},
				"west": {"uv": [4.5, 4, 11.5, 12], "texture": "#4"},
				"up": {"uv": [1.5, 4.5, 14.5, 11.5], "rotation": 180, "texture": "#0"},
				"down": {"uv": [1.5, 4.5, 14.5, 11.5], "rotation": 180, "texture": "#2"}
			}
		},
		{
			"from": [1.5, 4.5, 4],
			"to": [14.5, 11.5, 12],
			"faces": {
				"north": {"uv": [1.5, 4.5, 14.5, 11.5], "texture": "#3"},
				"east": {"uv": [4, 11.5, 12, 4.5], "rotation": 180, "texture": "#4"},
				"south": {"uv": [1.5, 4.5, 14.5, 11.5], "texture": "#1"},
				"west": {"uv": [4, 4.5, 12, 11.5], "texture": "#4"},
				"up": {"uv": [1.5, 4, 14.5, 12], "rotation": 180, "texture": "#0"},
				"down": {"uv": [1.5, 4, 14.5, 12], "rotation": 180, "texture": "#2"}
			}
		},
		{
			"from": [1.5, 5.5, 3.5],
			"to": [14.5, 10.5, 12.5],
			"faces": {
				"north": {"uv": [1.5, 5.5, 14.5, 10.5], "texture": "#3"},
				"east": {"uv": [3.5, 10.5, 12.5, 5.5], "rotation": 180, "texture": "#4"},
				"south": {"uv": [1.5, 5.5, 14.5, 10.5], "texture": "#1"},
				"west": {"uv": [3.5, 5.5, 12.5, 10.5], "texture": "#4"},
				"up": {"uv": [1.5, 3.5, 14.5, 12.5], "rotation": 180, "texture": "#0"},
				"down": {"uv": [1.5, 3.5, 14.5, 12.5], "rotation": 180, "texture": "#2"}
			}
		},
		{
			"from": [1.5, 6.5, 3],
			"to": [14.5, 9.5, 13],
			"faces": {
				"north": {"uv": [1.5, 6.5, 14.5, 9.5], "texture": "#3"},
				"east": {"uv": [3, 9.5, 13, 6.5], "rotation": 180, "texture": "#4"},
				"south": {"uv": [1.5, 6.5, 14.5, 9.5], "texture": "#1"},
				"west": {"uv": [3, 6.5, 13, 9.5], "texture": "#4"},
				"up": {"uv": [1.5, 3, 14.5, 13], "rotation": 180, "texture": "#0"},
				"down": {"uv": [1.5, 3, 14.5, 13], "rotation": 180, "texture": "#2"}
			}
		},
		{
			"from": [2, 2.5, 6],
			"to": [14, 13.5, 10],
			"faces": {
				"north": {"uv": [2, 2.5, 14, 13.5], "texture": "#3"},
				"east": {"uv": [6, 13.5, 10, 2.5], "rotation": 180, "texture": "#4"},
				"south": {"uv": [2, 2.5, 14, 13.5], "texture": "#1"},
				"west": {"uv": [6, 2.5, 10, 13.5], "texture": "#4"},
				"up": {"uv": [2, 6, 14, 10], "rotation": 180, "texture": "#0"},
				"down": {"uv": [2, 6, 14, 10], "rotation": 180, "texture": "#2"}
			}
		},
		{
			"from": [2, 3, 5],
			"to": [14, 13, 11],
			"faces": {
				"north": {"uv": [2, 3, 14, 13], "texture": "#3"},
				"east": {"uv": [5, 13, 11, 3], "rotation": 180, "texture": "#4"},
				"south": {"uv": [2, 3, 14, 13], "texture": "#1"},
				"west": {"uv": [5, 3, 11, 13], "texture": "#4"},
				"up": {"uv": [2, 5, 14, 11], "rotation": 180, "texture": "#0"},
				"down": {"uv": [2, 5, 14, 11], "rotation": 180, "texture": "#2"}
			}
		},
		{
			"from": [2, 3.5, 4.5],
			"to": [14, 12.5, 11.5],
			"faces": {
				"north": {"uv": [2, 3.5, 14, 12.5], "texture": "#3"},
				"east": {"uv": [4.5, 12.5, 11.5, 3.5], "rotation": 180, "texture": "#4"},
				"south": {"uv": [2, 3.5, 14, 12.5], "texture": "#1"},
				"west": {"uv": [4.5, 3.5, 11.5, 12.5], "texture": "#4"},
				"up": {"uv": [2, 4.5, 14, 11.5], "rotation": 180, "texture": "#0"},
				"down": {"uv": [2, 4.5, 14, 11.5], "rotation": 180, "texture": "#2"}
			}
		},
		{
			"from": [2, 4, 4],
			"to": [14, 12, 12],
			"faces": {
				"north": {"uv": [2, 4, 14, 12], "texture": "#3"},
				"east": {"uv": [4, 12, 12, 4], "rotation": 180, "texture": "#4"},
				"south": {"uv": [2, 4, 14, 12], "texture": "#1"},
				"west": {"uv": [4, 4, 12, 12], "texture": "#4"},
				"up": {"uv": [2, 4, 14, 12], "rotation": 180, "texture": "#0"},
				"down": {"uv": [2, 4, 14, 12], "rotation": 180, "texture": "#2"}
			}
		},
		{
			"from": [2, 4.5, 3.5],
			"to": [14, 11.5, 12.5],
			"faces": {
				"north": {"uv": [2, 4.5, 14, 11.5], "texture": "#3"},
				"east": {"uv": [3.5, 11.5, 12.5, 4.5], "rotation": 180, "texture": "#4"},
				"south": {"uv": [2, 4.5, 14, 11.5], "texture": "#1"},
				"west": {"uv": [3.5, 4.5, 12.5, 11.5], "texture": "#4"},
				"up": {"uv": [2, 3.5, 14, 12.5], "rotation": 180, "texture": "#0"},
				"down": {"uv": [2, 3.5, 14, 12.5], "rotation": 180, "texture": "#2"}
			}
		},
		{
			"from": [2, 5, 3],
			"to": [14, 11, 13],
			"faces": {
				"north": {"uv": [2, 5, 14, 11], "texture": "#3"},
				"east": {"uv": [3, 11, 13, 5], "rotation": 180, "texture": "#4"},
				"south": {"uv": [2, 5, 14, 11], "texture": "#1"},
				"west": {"uv": [3, 5, 13, 11], "texture": "#4"},
				"up": {"uv": [2, 3, 14, 13], "rotation": 180, "texture": "#0"},
				"down": {"uv": [2, 3, 14, 13], "rotation": 180, "texture": "#2"}
			}
		},
		{
			"from": [2, 6, 2.5],
			"to": [14, 10, 13.5],
			"faces": {
				"north": {"uv": [2, 6, 14, 10], "texture": "#3"},
				"east": {"uv": [2.5, 10, 13.5, 6], "rotation": 180, "texture": "#4"},
				"south": {"uv": [2, 6, 14, 10], "texture": "#1"},
				"west": {"uv": [2.5, 6, 13.5, 10], "texture": "#4"},
				"up": {"uv": [2, 2.5, 14, 13.5], "rotation": 180, "texture": "#0"},
				"down": {"uv": [2, 2.5, 14, 13.5], "rotation": 180, "texture": "#2"}
			}
		},
		{
			"from": [7, 0, 6],
			"to": [9, 16, 10],
			"faces": {
				"north": {"uv": [7, 0, 9, 16], "texture": "#3"},
				"east": {"uv": [6, 16, 10, 0], "rotation": 180, "texture": "#4"},
				"south": {"uv": [7, 0, 9, 16], "texture": "#1"},
				"west": {"uv": [6, 0, 10, 16], "texture": "#4"},
				"up": {"uv": [7, 6, 9, 10], "rotation": 180, "texture": "#0"},
				"down": {"uv": [7, 6, 9, 10], "rotation": 180, "texture": "#2"}
			}
		},
		{
			"from": [6, 0, 7],
			"to": [10, 16, 9],
			"faces": {
				"north": {"uv": [6, 0, 10, 16], "texture": "#3"},
				"east": {"uv": [7, 16, 9, 0], "rotation": 180, "texture": "#4"},
				"south": {"uv": [6, 0, 10, 16], "texture": "#1"},
				"west": {"uv": [7, 0, 9, 16], "texture": "#4"},
				"up": {"uv": [6, 7, 10, 9], "rotation": 180, "texture": "#0"},
				"down": {"uv": [6, 7, 10, 9], "rotation": 180, "texture": "#2"}
			}
		},
		{
			"from": [6.5, 0, 6.5],
			"to": [9.5, 16, 9.5],
			"faces": {
				"north": {"uv": [6.5, 0, 9.5, 16], "texture": "#3"},
				"east": {"uv": [6.5, 16, 9.5, 0], "rotation": 180, "texture": "#4"},
				"south": {"uv": [6.5, 0, 9.5, 16], "texture": "#1"},
				"west": {"uv": [6.5, 0, 9.5, 16], "texture": "#4"},
				"up": {"uv": [6.5, 6.5, 9.5, 9.5], "rotation": 180, "texture": "#0"},
				"down": {"uv": [6.5, 6.5, 9.5, 9.5], "rotation": 180, "texture": "#2"}
			}
		},
		{
			"from": [4.5, 0.5, 7],
			"to": [11.5, 15.5, 9],
			"faces": {
				"north": {"uv": [4.5, 0.5, 11.5, 15.5], "texture": "#3"},
				"east": {"uv": [7, 15.5, 9, 0.5], "rotation": 180, "texture": "#4"},
				"south": {"uv": [4.5, 0.5, 11.5, 15.5], "texture": "#1"},
				"west": {"uv": [7, 0.5, 9, 15.5], "texture": "#4"},
				"up": {"uv": [4.5, 7, 11.5, 9], "rotation": 180, "texture": "#0"},
				"down": {"uv": [4.5, 7, 11.5, 9], "rotation": 180, "texture": "#2"}
			}
		},
		{
			"from": [5, 0.5, 6],
			"to": [11, 15.5, 10],
			"faces": {
				"north": {"uv": [5, 0.5, 11, 15.5], "texture": "#3"},
				"east": {"uv": [6, 15.5, 10, 0.5], "rotation": 180, "texture": "#4"},
				"south": {"uv": [5, 0.5, 11, 15.5], "texture": "#1"},
				"west": {"uv": [6, 0.5, 10, 15.5], "texture": "#4"},
				"up": {"uv": [5, 6, 11, 10], "rotation": 180, "texture": "#0"},
				"down": {"uv": [5, 6, 11, 10], "rotation": 180, "texture": "#2"}
			}
		},
		{
			"from": [5.5, 0.5, 5.5],
			"to": [10.5, 15.5, 10.5],
			"faces": {
				"north": {"uv": [5.5, 0.5, 10.5, 15.5], "texture": "#3"},
				"east": {"uv": [5.5, 15.5, 10.5, 0.5], "rotation": 180, "texture": "#4"},
				"south": {"uv": [5.5, 0.5, 10.5, 15.5], "texture": "#1"},
				"west": {"uv": [5.5, 0.5, 10.5, 15.5], "texture": "#4"},
				"up": {"uv": [5.5, 5.5, 10.5, 10.5], "rotation": 180, "texture": "#0"},
				"down": {"uv": [5.5, 5.5, 10.5, 10.5], "rotation": 180, "texture": "#2"}
			}
		},
		{
			"from": [6, 0.5, 5],
			"to": [10, 15.5, 11],
			"faces": {
				"north": {"uv": [6, 0.5, 10, 15.5], "texture": "#3"},
				"east": {"uv": [5, 15.5, 11, 0.5], "rotation": 180, "texture": "#4"},
				"south": {"uv": [6, 0.5, 10, 15.5], "texture": "#1"},
				"west": {"uv": [5, 0.5, 11, 15.5], "texture": "#4"},
				"up": {"uv": [6, 5, 10, 11], "rotation": 180, "texture": "#0"},
				"down": {"uv": [6, 5, 10, 11], "rotation": 180, "texture": "#2"}
			}
		},
		{
			"from": [7, 0.5, 4.5],
			"to": [9, 15.5, 11.5],
			"faces": {
				"north": {"uv": [7, 0.5, 9, 15.5], "texture": "#3"},
				"east": {"uv": [4.5, 15.5, 11.5, 0.5], "rotation": 180, "texture": "#4"},
				"south": {"uv": [7, 0.5, 9, 15.5], "texture": "#1"},
				"west": {"uv": [4.5, 0.5, 11.5, 15.5], "texture": "#4"},
				"up": {"uv": [7, 4.5, 9, 11.5], "rotation": 180, "texture": "#0"},
				"down": {"uv": [7, 4.5, 9, 11.5], "rotation": 180, "texture": "#2"}
			}
		},
		{
			"from": [3.5, 1, 7.5],
			"to": [12.5, 15, 8.5],
			"faces": {
				"north": {"uv": [3.5, 1, 12.5, 15], "texture": "#3"},
				"east": {"uv": [7.5, 15, 8.5, 1], "rotation": 180, "texture": "#4"},
				"south": {"uv": [3.5, 1, 12.5, 15], "texture": "#1"},
				"west": {"uv": [7.5, 1, 8.5, 15], "texture": "#4"},
				"up": {"uv": [3.5, 7.5, 12.5, 8.5], "rotation": 180, "texture": "#0"},
				"down": {"uv": [3.5, 7.5, 12.5, 8.5], "rotation": 180, "texture": "#2"}
			}
		},
		{
			"from": [4, 1, 6],
			"to": [12, 15, 10],
			"faces": {
				"north": {"uv": [4, 1, 12, 15], "texture": "#3"},
				"east": {"uv": [6, 15, 10, 1], "rotation": 180, "texture": "#4"},
				"south": {"uv": [4, 1, 12, 15], "texture": "#1"},
				"west": {"uv": [6, 1, 10, 15], "texture": "#4"},
				"up": {"uv": [4, 6, 12, 10], "rotation": 180, "texture": "#0"},
				"down": {"uv": [4, 6, 12, 10], "rotation": 180, "texture": "#2"}
			}
		},
		{
			"from": [4.5, 1, 5],
			"to": [11.5, 15, 11],
			"faces": {
				"north": {"uv": [4.5, 1, 11.5, 15], "texture": "#3"},
				"east": {"uv": [5, 15, 11, 1], "rotation": 180, "texture": "#4"},
				"south": {"uv": [4.5, 1, 11.5, 15], "texture": "#1"},
				"west": {"uv": [5, 1, 11, 15], "texture": "#4"},
				"up": {"uv": [4.5, 5, 11.5, 11], "rotation": 180, "texture": "#0"},
				"down": {"uv": [4.5, 5, 11.5, 11], "rotation": 180, "texture": "#2"}
			}
		},
		{
			"from": [5, 1, 4.5],
			"to": [11, 15, 11.5],
			"faces": {
				"north": {"uv": [5, 1, 11, 15], "texture": "#3"},
				"east": {"uv": [4.5, 15, 11.5, 1], "rotation": 180, "texture": "#4"},
				"south": {"uv": [5, 1, 11, 15], "texture": "#1"},
				"west": {"uv": [4.5, 1, 11.5, 15], "texture": "#4"},
				"up": {"uv": [5, 4.5, 11, 11.5], "rotation": 180, "texture": "#0"},
				"down": {"uv": [5, 4.5, 11, 11.5], "rotation": 180, "texture": "#2"}
			}
		},
		{
			"from": [6, 1, 4],
			"to": [10, 15, 12],
			"faces": {
				"north": {"uv": [6, 1, 10, 15], "texture": "#3"},
				"east": {"uv": [4, 15, 12, 1], "rotation": 180, "texture": "#4"},
				"south": {"uv": [6, 1, 10, 15], "texture": "#1"},
				"west": {"uv": [4, 1, 12, 15], "texture": "#4"},
				"up": {"uv": [6, 4, 10, 12], "rotation": 180, "texture": "#0"},
				"down": {"uv": [6, 4, 10, 12], "rotation": 180, "texture": "#2"}
			}
		},
		{
			"from": [7.5, 1, 3.5],
			"to": [8.5, 15, 12.5],
			"faces": {
				"north": {"uv": [7.5, 1, 8.5, 15], "texture": "#3"},
				"east": {"uv": [3.5, 15, 12.5, 1], "rotation": 180, "texture": "#4"},
				"south": {"uv": [7.5, 1, 8.5, 15], "texture": "#1"},
				"west": {"uv": [3.5, 1, 12.5, 15], "texture": "#4"},
				"up": {"uv": [7.5, 3.5, 8.5, 12.5], "rotation": 180, "texture": "#0"},
				"down": {"uv": [7.5, 3.5, 8.5, 12.5], "rotation": 180, "texture": "#2"}
			}
		},
		{
			"from": [3, 1.5, 6.5],
			"to": [13, 14.5, 9.5],
			"faces": {
				"north": {"uv": [3, 1.5, 13, 14.5], "texture": "#3"},
				"east": {"uv": [6.5, 14.5, 9.5, 1.5], "rotation": 180, "texture": "#4"},
				"south": {"uv": [3, 1.5, 13, 14.5], "texture": "#1"},
				"west": {"uv": [6.5, 1.5, 9.5, 14.5], "texture": "#4"},
				"up": {"uv": [3, 6.5, 13, 9.5], "rotation": 180, "texture": "#0"},
				"down": {"uv": [3, 6.5, 13, 9.5], "rotation": 180, "texture": "#2"}
			}
		},
		{
			"from": [3.5, 1.5, 5.5],
			"to": [12.5, 14.5, 10.5],
			"faces": {
				"north": {"uv": [3.5, 1.5, 12.5, 14.5], "texture": "#3"},
				"east": {"uv": [5.5, 14.5, 10.5, 1.5], "rotation": 180, "texture": "#4"},
				"south": {"uv": [3.5, 1.5, 12.5, 14.5], "texture": "#1"},
				"west": {"uv": [5.5, 1.5, 10.5, 14.5], "texture": "#4"},
				"up": {"uv": [3.5, 5.5, 12.5, 10.5], "rotation": 180, "texture": "#0"},
				"down": {"uv": [3.5, 5.5, 12.5, 10.5], "rotation": 180, "texture": "#2"}
			}
		},
		{
			"from": [4, 1.5, 4.5],
			"to": [12, 14.5, 11.5],
			"faces": {
				"north": {"uv": [4, 1.5, 12, 14.5], "texture": "#3"},
				"east": {"uv": [4.5, 14.5, 11.5, 1.5], "rotation": 180, "texture": "#4"},
				"south": {"uv": [4, 1.5, 12, 14.5], "texture": "#1"},
				"west": {"uv": [4.5, 1.5, 11.5, 14.5], "texture": "#4"},
				"up": {"uv": [4, 4.5, 12, 11.5], "rotation": 180, "texture": "#0"},
				"down": {"uv": [4, 4.5, 12, 11.5], "rotation": 180, "texture": "#2"}
			}
		},
		{
			"from": [4.5, 1.5, 4],
			"to": [11.5, 14.5, 12],
			"faces": {
				"north": {"uv": [4.5, 1.5, 11.5, 14.5], "texture": "#3"},
				"east": {"uv": [4, 14.5, 12, 1.5], "rotation": 180, "texture": "#4"},
				"south": {"uv": [4.5, 1.5, 11.5, 14.5], "texture": "#1"},
				"west": {"uv": [4, 1.5, 12, 14.5], "texture": "#4"},
				"up": {"uv": [4.5, 4, 11.5, 12], "rotation": 180, "texture": "#0"},
				"down": {"uv": [4.5, 4, 11.5, 12], "rotation": 180, "texture": "#2"}
			}
		},
		{
			"from": [5.5, 1.5, 3.5],
			"to": [10.5, 14.5, 12.5],
			"faces": {
				"north": {"uv": [5.5, 1.5, 10.5, 14.5], "texture": "#3"},
				"east": {"uv": [3.5, 14.5, 12.5, 1.5], "rotation": 180, "texture": "#4"},
				"south": {"uv": [5.5, 1.5, 10.5, 14.5], "texture": "#1"},
				"west": {"uv": [3.5, 1.5, 12.5, 14.5], "texture": "#4"},
				"up": {"uv": [5.5, 3.5, 10.5, 12.5], "rotation": 180, "texture": "#0"},
				"down": {"uv": [5.5, 3.5, 10.5, 12.5], "rotation": 180, "texture": "#2"}
			}
		},
		{
			"from": [6.5, 1.5, 3],
			"to": [9.5, 14.5, 13],
			"faces": {
				"north": {"uv": [6.5, 1.5, 9.5, 14.5], "texture": "#3"},
				"east": {"uv": [3, 14.5, 13, 1.5], "rotation": 180, "texture": "#4"},
				"south": {"uv": [6.5, 1.5, 9.5, 14.5], "texture": "#1"},
				"west": {"uv": [3, 1.5, 13, 14.5], "texture": "#4"},
				"up": {"uv": [6.5, 3, 9.5, 13], "rotation": 180, "texture": "#0"},
				"down": {"uv": [6.5, 3, 9.5, 13], "rotation": 180, "texture": "#2"}
			}
		},
		{
			"from": [2.5, 2, 6],
			"to": [13.5, 14, 10],
			"faces": {
				"north": {"uv": [2.5, 2, 13.5, 14], "texture": "#3"},
				"east": {"uv": [6, 14, 10, 2], "rotation": 180, "texture": "#4"},
				"south": {"uv": [2.5, 2, 13.5, 14], "texture": "#1"},
				"west": {"uv": [6, 2, 10, 14], "texture": "#4"},
				"up": {"uv": [2.5, 6, 13.5, 10], "rotation": 180, "texture": "#0"},
				"down": {"uv": [2.5, 6, 13.5, 10], "rotation": 180, "texture": "#2"}
			}
		},
		{
			"from": [3, 2, 5],
			"to": [13, 14, 11],
			"faces": {
				"north": {"uv": [3, 2, 13, 14], "texture": "#3"},
				"east": {"uv": [5, 14, 11, 2], "rotation": 180, "texture": "#4"},
				"south": {"uv": [3, 2, 13, 14], "texture": "#1"},
				"west": {"uv": [5, 2, 11, 14], "texture": "#4"},
				"up": {"uv": [3, 5, 13, 11], "rotation": 180, "texture": "#0"},
				"down": {"uv": [3, 5, 13, 11], "rotation": 180, "texture": "#2"}
			}
		},
		{
			"from": [3.5, 2, 4.5],
			"to": [12.5, 14, 11.5],
			"faces": {
				"north": {"uv": [3.5, 2, 12.5, 14], "texture": "#3"},
				"east": {"uv": [4.5, 14, 11.5, 2], "rotation": 180, "texture": "#4"},
				"south": {"uv": [3.5, 2, 12.5, 14], "texture": "#1"},
				"west": {"uv": [4.5, 2, 11.5, 14], "texture": "#4"},
				"up": {"uv": [3.5, 4.5, 12.5, 11.5], "rotation": 180, "texture": "#0"},
				"down": {"uv": [3.5, 4.5, 12.5, 11.5], "rotation": 180, "texture": "#2"}
			}
		},
		{
			"from": [4, 2, 4],
			"to": [12, 14, 12],
			"faces": {
				"north": {"uv": [4, 2, 12, 14], "texture": "#3"},
				"east": {"uv": [4, 14, 12, 2], "rotation": 180, "texture": "#4"},
				"south": {"uv": [4, 2, 12, 14], "texture": "#1"},
				"west": {"uv": [4, 2, 12, 14], "texture": "#4"},
				"up": {"uv": [4, 4, 12, 12], "rotation": 180, "texture": "#0"},
				"down": {"uv": [4, 4, 12, 12], "rotation": 180, "texture": "#2"}
			}
		},
		{
			"from": [4.5, 2, 3.5],
			"to": [11.5, 14, 12.5],
			"faces": {
				"north": {"uv": [4.5, 2, 11.5, 14], "texture": "#3"},
				"east": {"uv": [3.5, 14, 12.5, 2], "rotation": 180, "texture": "#4"},
				"south": {"uv": [4.5, 2, 11.5, 14], "texture": "#1"},
				"west": {"uv": [3.5, 2, 12.5, 14], "texture": "#4"},
				"up": {"uv": [4.5, 3.5, 11.5, 12.5], "rotation": 180, "texture": "#0"},
				"down": {"uv": [4.5, 3.5, 11.5, 12.5], "rotation": 180, "texture": "#2"}
			}
		},
		{
			"from": [5, 2, 3],
			"to": [11, 14, 13],
			"faces": {
				"north": {"uv": [5, 2, 11, 14], "texture": "#3"},
				"east": {"uv": [3, 14, 13, 2], "rotation": 180, "texture": "#4"},
				"south": {"uv": [5, 2, 11, 14], "texture": "#1"},
				"west": {"uv": [3, 2, 13, 14], "texture": "#4"},
				"up": {"uv": [5, 3, 11, 13], "rotation": 180, "texture": "#0"},
				"down": {"uv": [5, 3, 11, 13], "rotation": 180, "texture": "#2"}
			}
		},
		{
			"from": [6, 2, 2.5],
			"to": [10, 14, 13.5],
			"faces": {
				"north": {"uv": [6, 2, 10, 14], "texture": "#3"},
				"east": {"uv": [2.5, 14, 13.5, 2], "rotation": 180, "texture": "#4"},
				"south": {"uv": [6, 2, 10, 14], "texture": "#1"},
				"west": {"uv": [2.5, 2, 13.5, 14], "texture": "#4"},
				"up": {"uv": [6, 2.5, 10, 13.5], "rotation": 180, "texture": "#0"},
				"down": {"uv": [6, 2.5, 10, 13.5], "rotation": 180, "texture": "#2"}
			}
		},
		{
			"from": [2.5, 5, 2.5],
			"to": [13.5, 11, 13.5],
			"faces": {
				"north": {"uv": [2.5, 5, 13.5, 11], "texture": "#3"},
				"east": {"uv": [2.5, 11, 13.5, 5], "rotation": 180, "texture": "#4"},
				"south": {"uv": [2.5, 5, 13.5, 11], "texture": "#1"},
				"west": {"uv": [2.5, 5, 13.5, 11], "texture": "#4"},
				"up": {"uv": [2.5, 2.5, 13.5, 13.5], "rotation": 180, "texture": "#0"},
				"down": {"uv": [2.5, 2.5, 13.5, 13.5], "rotation": 180, "texture": "#2"}
			}
		},
		{
			"from": [3, 4.5, 2.5],
			"to": [13, 11.5, 13.5],
			"faces": {
				"north": {"uv": [3, 4.5, 13, 11.5], "texture": "#3"},
				"east": {"uv": [2.5, 11.5, 13.5, 4.5], "rotation": 180, "texture": "#4"},
				"south": {"uv": [3, 4.5, 13, 11.5], "texture": "#1"},
				"west": {"uv": [2.5, 4.5, 13.5, 11.5], "texture": "#4"},
				"up": {"uv": [3, 2.5, 13, 13.5], "rotation": 180, "texture": "#0"},
				"down": {"uv": [3, 2.5, 13, 13.5], "rotation": 180, "texture": "#2"}
			}
		},
		{
			"from": [2.5, 4.5, 3],
			"to": [13.5, 11.5, 13],
			"faces": {
				"north": {"uv": [2.5, 4.5, 13.5, 11.5], "texture": "#3"},
				"east": {"uv": [3, 11.5, 13, 4.5], "rotation": 180, "texture": "#4"},
				"south": {"uv": [2.5, 4.5, 13.5, 11.5], "texture": "#1"},
				"west": {"uv": [3, 4.5, 13, 11.5], "texture": "#4"},
				"up": {"uv": [2.5, 3, 13.5, 13], "rotation": 180, "texture": "#0"},
				"down": {"uv": [2.5, 3, 13.5, 13], "rotation": 180, "texture": "#2"}
			}
		},
		{
			"from": [3, 3.5, 3],
			"to": [13, 12.5, 13],
			"faces": {
				"north": {"uv": [3, 3.5, 13, 12.5], "texture": "#3"},
				"east": {"uv": [3, 12.5, 13, 3.5], "rotation": 180, "texture": "#4"},
				"south": {"uv": [3, 3.5, 13, 12.5], "texture": "#1"},
				"west": {"uv": [3, 3.5, 13, 12.5], "texture": "#4"},
				"up": {"uv": [3, 3, 13, 13], "rotation": 180, "texture": "#0"},
				"down": {"uv": [3, 3, 13, 13], "rotation": 180, "texture": "#2"}
			}
		},
		{
			"from": [3.5, 3.5, 2.5],
			"to": [12.5, 12.5, 13.5],
			"faces": {
				"north": {"uv": [3.5, 3.5, 12.5, 12.5], "texture": "#3"},
				"east": {"uv": [2.5, 12.5, 13.5, 3.5], "rotation": 180, "texture": "#4"},
				"south": {"uv": [3.5, 3.5, 12.5, 12.5], "texture": "#1"},
				"west": {"uv": [2.5, 3.5, 13.5, 12.5], "texture": "#4"},
				"up": {"uv": [3.5, 2.5, 12.5, 13.5], "rotation": 180, "texture": "#0"},
				"down": {"uv": [3.5, 2.5, 12.5, 13.5], "rotation": 180, "texture": "#2"}
			}
		},
		{
			"from": [2.5, 3.5, 3.5],
			"to": [13.5, 12.5, 12.5],
			"faces": {
				"north": {"uv": [2.5, 3.5, 13.5, 12.5], "texture": "#3"},
				"east": {"uv": [3.5, 12.5, 12.5, 3.5], "rotation": 180, "texture": "#4"},
				"south": {"uv": [2.5, 3.5, 13.5, 12.5], "texture": "#1"},
				"west": {"uv": [3.5, 3.5, 12.5, 12.5], "texture": "#4"},
				"up": {"uv": [2.5, 3.5, 13.5, 12.5], "rotation": 180, "texture": "#0"},
				"down": {"uv": [2.5, 3.5, 13.5, 12.5], "rotation": 180, "texture": "#2"}
			}
		},
		{
			"from": [4.5, 3, 2.5],
			"to": [11.5, 13, 13.5],
			"faces": {
				"north": {"uv": [4.5, 3, 11.5, 13], "texture": "#3"},
				"east": {"uv": [2.5, 13, 13.5, 3], "rotation": 180, "texture": "#4"},
				"south": {"uv": [4.5, 3, 11.5, 13], "texture": "#1"},
				"west": {"uv": [2.5, 3, 13.5, 13], "texture": "#4"},
				"up": {"uv": [4.5, 2.5, 11.5, 13.5], "rotation": 180, "texture": "#0"},
				"down": {"uv": [4.5, 2.5, 11.5, 13.5], "rotation": 180, "texture": "#2"}
			}
		},
		{
			"from": [2.5, 3, 4.5],
			"to": [13.5, 13, 11.5],
			"faces": {
				"north": {"uv": [2.5, 3, 13.5, 13], "texture": "#3"},
				"east": {"uv": [4.5, 13, 11.5, 3], "rotation": 180, "texture": "#4"},
				"south": {"uv": [2.5, 3, 13.5, 13], "texture": "#1"},
				"west": {"uv": [4.5, 3, 11.5, 13], "texture": "#4"},
				"up": {"uv": [2.5, 4.5, 13.5, 11.5], "rotation": 180, "texture": "#0"},
				"down": {"uv": [2.5, 4.5, 13.5, 11.5], "rotation": 180, "texture": "#2"}
			}
		},
		{
			"from": [3, 3, 3.5],
			"to": [13, 13, 12.5],
			"faces": {
				"north": {"uv": [3, 3, 13, 13], "texture": "#3"},
				"east": {"uv": [3.5, 13, 12.5, 3], "rotation": 180, "texture": "#4"},
				"south": {"uv": [3, 3, 13, 13], "texture": "#1"},
				"west": {"uv": [3.5, 3, 12.5, 13], "texture": "#4"},
				"up": {"uv": [3, 3.5, 13, 12.5], "rotation": 180, "texture": "#0"},
				"down": {"uv": [3, 3.5, 13, 12.5], "rotation": 180, "texture": "#2"}
			}
		},
		{
			"from": [3.5, 3, 3],
			"to": [12.5, 13, 13],
			"faces": {
				"north": {"uv": [3.5, 3, 12.5, 13], "texture": "#3"},
				"east": {"uv": [3, 13, 13, 3], "rotation": 180, "texture": "#4"},
				"south": {"uv": [3.5, 3, 12.5, 13], "texture": "#1"},
				"west": {"uv": [3, 3, 13, 13], "texture": "#4"},
				"up": {"uv": [3.5, 3, 12.5, 13], "rotation": 180, "texture": "#0"},
				"down": {"uv": [3.5, 3, 12.5, 13], "rotation": 180, "texture": "#2"}
			}
		},
		{
			"from": [2.5, 2.5, 5],
			"to": [13.5, 13.5, 11],
			"faces": {
				"north": {"uv": [2.5, 2.5, 13.5, 13.5], "texture": "#3"},
				"east": {"uv": [5, 13.5, 11, 2.5], "rotation": 180, "texture": "#4"},
				"south": {"uv": [2.5, 2.5, 13.5, 13.5], "texture": "#1"},
				"west": {"uv": [5, 2.5, 11, 13.5], "texture": "#4"},
				"up": {"uv": [2.5, 5, 13.5, 11], "rotation": 180, "texture": "#0"},
				"down": {"uv": [2.5, 5, 13.5, 11], "rotation": 180, "texture": "#2"}
			}
		},
		{
			"from": [5, 2.5, 2.5],
			"to": [11, 13.5, 13.5],
			"faces": {
				"north": {"uv": [5, 2.5, 11, 13.5], "texture": "#3"},
				"east": {"uv": [2.5, 13.5, 13.5, 2.5], "rotation": 180, "texture": "#4"},
				"south": {"uv": [5, 2.5, 11, 13.5], "texture": "#1"},
				"west": {"uv": [2.5, 2.5, 13.5, 13.5], "texture": "#4"},
				"up": {"uv": [5, 2.5, 11, 13.5], "rotation": 180, "texture": "#0"},
				"down": {"uv": [5, 2.5, 11, 13.5], "rotation": 180, "texture": "#2"}
			}
		},
		{
			"from": [4.5, 2.5, 3],
			"to": [11.5, 13.5, 13],
			"faces": {
				"north": {"uv": [4.5, 2.5, 11.5, 13.5], "texture": "#3"},
				"east": {"uv": [3, 13.5, 13, 2.5], "rotation": 180, "texture": "#4"},
				"south": {"uv": [4.5, 2.5, 11.5, 13.5], "texture": "#1"},
				"west": {"uv": [3, 2.5, 13, 13.5], "texture": "#4"},
				"up": {"uv": [4.5, 3, 11.5, 13], "rotation": 180, "texture": "#0"},
				"down": {"uv": [4.5, 3, 11.5, 13], "rotation": 180, "texture": "#2"}
			}
		},
		{
			"from": [3, 2.5, 4.5],
			"to": [13, 13.5, 11.5],
			"faces": {
				"north": {"uv": [3, 2.5, 13, 13.5], "texture": "#3"},
				"east": {"uv": [4.5, 13.5, 11.5, 2.5], "rotation": 180, "texture": "#4"},
				"south": {"uv": [3, 2.5, 13, 13.5], "texture": "#1"},
				"west": {"uv": [4.5, 2.5, 11.5, 13.5], "texture": "#4"},
				"up": {"uv": [3, 4.5, 13, 11.5], "rotation": 180, "texture": "#0"},
				"down": {"uv": [3, 4.5, 13, 11.5], "rotation": 180, "texture": "#2"}
			}
		},
		{
			"from": [3.5, 2.5, 3.5],
			"to": [12.5, 13.5, 12.5],
			"faces": {
				"north": {"uv": [3.5, 2.5, 12.5, 13.5], "texture": "#3"},
				"east": {"uv": [3.5, 13.5, 12.5, 2.5], "rotation": 180, "texture": "#4"},
				"south": {"uv": [3.5, 2.5, 12.5, 13.5], "texture": "#1"},
				"west": {"uv": [3.5, 2.5, 12.5, 13.5], "texture": "#4"},
				"up": {"uv": [3.5, 3.5, 12.5, 12.5], "rotation": 180, "texture": "#0"},
				"down": {"uv": [3.5, 3.5, 12.5, 12.5], "rotation": 180, "texture": "#2"}
			}
		}
	],
	"display": {
		"thirdperson_righthand": {
			"rotation": [45, 0, 0],
			"translation": [0, 3, 1],
			"scale": [0.55, 0.55, 0.55]
		},
		"firstperson_righthand": {
			"rotation": [20, 0, 0],
			"scale": [0.7, 0.7, 0.7]
		},
		"ground": {
			"scale": [0.5, 0.5, 0.5]
		},
		"gui": {
			"rotation": [20, 135, 0],
			"scale": [0.9, 0.9, 0.9]
		},
		"head": {
			"translation": [0, -6.5, 0],
			"scale": [2.5, 2.5, 2.5]
		}
	},
	"groups": [
		{
			"name": "Z",
			"children": [0, 1, 2]
		},
		{
			"name": "Z",
			"children": [3, 4, 5, 6]
		},
		{
			"name": "Z",
			"children": [7, 8, 9, 10, 11, 12]
		},
		{
			"name": "Z",
			"children": [13, 14, 15, 16, 17, 18]
		},
		{
			"name": "Z",
			"children": [19, 20, 21, 22, 23, 24, 25]
		},
		{
			"name": "X",
			"children": [26, 27, 28]
		},
		{
			"name": "X",
			"children": [29, 30, 31, 32, 33]
		},
		{
			"name": "X",
			"children": [34, 35, 36, 37, 38, 39]
		},
		{
			"name": "X",
			"children": [40, 41, 42, 43, 44, 45]
		},
		{
			"name": "X",
			"children": [46, 47, 48, 49, 50, 51, 52]
		},
		{
			"name": "Y",
			"children": [53, 54, 55]
		},
		{
			"name": "Y",
			"children": [56, 57, 58, 59, 60]
		},
		{
			"name": "Y",
			"children": [61, 62, 63, 64, 65, 66]
		},
		{
			"name": "Y",
			"children": [67, 68, 69, 70, 71, 72]
		},
		{
			"name": "Y",
			"children": [73, 74, 75, 76, 77, 78, 79]
		},
		{
			"name": "Corner",
			"children": [80, 81, 82, 83, 84, 85, 86, 87, 88, 89, 90, 91, 92, 93, 94]
		}
	]
}