{
	"credit": "Model made by dragonmaster95 with Blockbench, a free, modern block model editor by JannisX11",
	"textures": {
		"0": "minigames/hd/hammer_bro/hammer",
		"1": "minigames/hd/hammer_bro/hammer2",
		"particle": "minigames/hd/hammer_bro/hammer"
	},
	"elements": [
		{
			"from": [6.49984, 12, 7.25],
			"to": [9.49984, 16, 10.25],
			"rotation": {"angle": -45, "axis": "y", "origin": [7.99984, 20, 8.75]},
			"faces": {
				"north": {"uv": [15.95, 0, 9.05, 16], "texture": "#0"},
				"west": {"uv": [9.05, 0, 15.95, 16], "texture": "#0"},
				"up": {"uv": [0, 0, 15.525, 15.525], "texture": "#1", "rotation": 180}
			}
		},
		{
			"from": [5.87916, 2, 8.7],
			"to": [10.12116, 10, 8.75],
			"rotation": {"angle": 0, "axis": "y", "origin": [8.62116, 17, 7.25]},
			"faces": {
				"south": {"uv": [9.05, 6, 15.95, 16], "texture": "#0", "rotation": 180},
				"down": {"uv": [12.5, 12.5, 16, 16], "texture": "#1", "rotation": 90}
			}
		},
		{
			"from": [6.49984, 2, 7.25],
			"to": [9.49984, 10, 10.25],
			"rotation": {"angle": -45, "axis": "y", "origin": [7.99984, 17, 8.75]},
			"faces": {
				"north": {"uv": [9.05, 6, 15.95, 16], "texture": "#0", "rotation": 180},
				"west": {"uv": [15.95, 7, 9.05, 16], "texture": "#0", "rotation": 180},
				"down": {"uv": [0, 0, 15.5, 15.5], "texture": "#1", "rotation": 90}
			}
		},
		{
			"from": [5.87916, 12, 8.7],
			"to": [10.12116, 16, 8.75],
			"rotation": {"angle": 0, "axis": "y", "origin": [8.62116, 20, 7.25]},
			"faces": {
				"south": {"uv": [15.95, 0, 9.05, 16], "texture": "#0"},
				"up": {"uv": [12.5, 12.5, 16, 16], "texture": "#1", "rotation": 270}
			}
		},
		{
			"from": [-1.9, 8.85, 6.48845],
			"to": [8, 14.07, 9.51155],
			"faces": {
				"west": {"uv": [3, 15.1, 5, 15.9], "texture": "#0", "rotation": 90},
				"up": {"uv": [0, 0, 4.88516, 16], "texture": "#0", "rotation": 90},
				"down": {"uv": [2, 0, 6.88516, 16], "texture": "#0", "rotation": 90}
			}
		},
		{
			"from": [8, 9.65522, 8.43243],
			"to": [17.9, 13.35332, 12.13053],
			"rotation": {"angle": -45, "axis": "x", "origin": [8, 10.55522, 9.94398]},
			"faces": {
				"east": {"uv": [3, 15.1, 5, 15.9], "texture": "#0", "rotation": 90},
				"south": {"uv": [0, 0, 8.7, 16], "texture": "#0", "rotation": 270},
				"down": {"uv": [0, 0, 8.7, 16], "texture": "#0", "rotation": 270}
			}
		},
		{
			"from": [8, 8.85, 6.48845],
			"to": [17.9, 14.07, 9.51155],
			"faces": {
				"east": {"uv": [3, 15.1, 5, 15.9], "texture": "#0", "rotation": 90},
				"up": {"uv": [0, 0, 4.88516, 16], "texture": "#0", "rotation": 270},
				"down": {"uv": [0, 0, 4.88516, 16], "texture": "#0", "rotation": 270}
			}
		},
		{
			"from": [-1.9, 9.65522, 8.43243],
			"to": [8, 13.35332, 12.13053],
			"rotation": {"angle": -45, "axis": "x", "origin": [8, 10.55522, 9.94398]},
			"faces": {
				"south": {"uv": [0, 0, 8.7, 16], "texture": "#0", "rotation": 90},
				"west": {"uv": [3, 15.1, 5, 15.9], "texture": "#0", "rotation": 90},
				"down": {"uv": [0, 0, 8.7, 16], "texture": "#0", "rotation": 90}
			}
		},
		{
			"from": [-1.9, 9.65522, 3.86947],
			"to": [8, 13.35332, 7.56757],
			"rotation": {"angle": 45, "axis": "x", "origin": [8, 10.55522, 6.05602]},
			"faces": {
				"north": {"uv": [0, 0, 8.7, 16], "texture": "#0", "rotation": 270},
				"west": {"uv": [3, 15.1, 5, 15.9], "texture": "#0", "rotation": 90},
				"down": {"uv": [0, 0, 8.7, 16], "texture": "#0", "rotation": 90}
			}
		},
		{
			"from": [8, 9.65522, 3.86947],
			"to": [17.9, 13.35332, 7.56757],
			"rotation": {"angle": 45, "axis": "x", "origin": [8, 10.55522, 6.05602]},
			"faces": {
				"north": {"uv": [0, 0, 8.7, 16], "texture": "#0", "rotation": 90},
				"east": {"uv": [3, 15.1, 5, 15.9], "texture": "#0", "rotation": 90},
				"down": {"uv": [0, 0, 8.7, 16], "texture": "#0", "rotation": 270}
			}
		},
		{
			"from": [5.87916, -3, 8.7],
			"to": [10.12116, 2, 8.75],
			"rotation": {"angle": 0, "axis": "y", "origin": [8.62116, 12, 7.25]},
			"faces": {
				"south": {"uv": [9.05, 0, 15.95, 16], "texture": "#0", "rotation": 180},
				"down": {"uv": [12.5, 12.5, 16, 16], "texture": "#1", "rotation": 90}
			}
		},
		{
			"from": [6.49984, -3, 7.25],
			"to": [9.49984, 2, 10.25],
			"rotation": {"angle": -45, "axis": "y", "origin": [7.99984, 12, 8.75]},
			"faces": {
				"north": {"uv": [9.05, 0, 15.95, 16], "texture": "#0", "rotation": 180},
				"west": {"uv": [15.95, 0, 9.05, 16], "texture": "#0", "rotation": 180},
				"down": {"uv": [0, 0, 15.5, 15.5], "texture": "#1", "rotation": 90}
			}
		}
	],
	"display": {
		"head": {
			"scale": [0.50015, 1, 0.70721],
			"rotation": [0, 90, 0],
			"translation": [0, 3, 0]
		},
		"thirdperson_righthand": {
			"scale": [0.50015, 1, 0.70721],
			"translation": [0, 5, 0],
			"rotation": [0, 90, 0]
		},
		"fixed": {
			"scale": [0.50015, 1, 0.70721],
			"rotation": [0, 0, 0],
			"translation": [0, 0, 0]
		},
		"ground": {
			"scale": [0.50015, 1, 0.70721],
			"rotation": [0, 90, 0],
			"translation": [0, 4, 0]
		},
		"thirdperson_lefthand": {
			"scale": [0.50015, 1, 0.70721],
			"rotation": [0, 90, 0],
			"translation": [0, 3, 0]
		},
		"firstperson_righthand": {
			"scale": [0.50015, 1, 0.70721],
			"rotation": [0, -90, 43],
			"translation": [0, 2.5, 3.5]
		},
		"firstperson_lefthand": {
			"scale": [0.50015, 1, 0.70721],
			"rotation": [0, -90, 43],
			"translation": [0, 2.5, 3.5]
		},
		"gui": {
			"scale": [0.50015, 1, 0.70721],
			"rotation": [12, 41, 23],
			"translation": [0, 0, 0]
		}
	}
}