{
    "textures": {
        "particle": "decorations/board/wario/bob_omb",
        "0": "decorations/board/wario/bob_omb"
    },
	"display": {
		"head": {
			"scale": [ 3, 3, 3],
			"rotation": [ 0, 180, 0],
			"translation": [ 0, -20, 0]
			},
		"gui": {
			"scale": [1.25, 1.25, 1.25],
			"rotation": [ 10, -30, 0],
			"translation": [ 0, 2, 0 ]
			},
		"firstperson_righthand":{
			"rotation": [0, 180, 0],
			"translation": [-9, 0, -4] 
			},
		"thirdperson_righthand":{
			"rotation": [90, 180, 0],
			"scale": [1.2, 1.2, 1.2],
			"translation": [-6, 0, -10] 
			},
		"fixed": {
			"rotation": [ 0, 180, 0]
			}
		},
    "elements": [
        {
            "name": "Cube",
            "from": [ 5.0, 0.0, 5.0 ], 
            "to": [ 7.0, 2.0, 8.0 ], 
            "faces": {
                "north": { "texture": "#0", "uv": [ 0.0, 13.0, 1.0, 16.0 ] },
                "east": { "texture": "#0", "uv": [ 0.0, 13.0, 1.0, 16.0 ] },
                "south": { "texture": "#0", "uv": [ 0.0, 13.0, 1.0, 16.0 ] },
                "west": { "texture": "#0", "uv": [ 0.0, 13.0, 1.0, 16.0 ] },
                "up": { "texture": "#0", "uv": [ 0.0, 13.0, 1.0, 14.0 ] },
                "down": { "texture": "#0", "uv": [ 0.0, 15.0, 1.0, 16.0 ] }
            }
        },
        {
            "name": "Cube",
            "from": [ 9.0, 0.0, 8.0 ], 
            "to": [ 11.0, 1.33333, 9.0 ], 
            "faces": {
                "north": { "texture": "#0", "uv": [ 0.0, 14.0, 1.0, 16.0 ] },
                "east": { "texture": "#0", "uv": [ 0.0, 14.0, 1.0, 16.0 ] },
                "south": { "texture": "#0", "uv": [ 0.0, 14.0, 1.0, 16.0 ] },
                "west": { "texture": "#0", "uv": [ 0.0, 14.0, 1.0, 16.0 ] },
                "up": { "texture": "#0", "uv": [ 0.0, 13.0, 1.0, 14.0 ] },
                "down": { "texture": "#0", "uv": [ 0.0, 15.0, 1.0, 16.0 ] }
            }
        },
        {
            "name": "Cube",
            "from": [ 4.0, 3.0, 4.0 ], 
            "to": [ 12.0, 9.0, 10.0 ], 
            "faces": {
                "north": { "texture": "#0", "uv": [ 0.0, 0.0, 1.0, 1.0 ] },
                "east": { "texture": "#0", "uv": [ 0.0, 0.0, 1.0, 1.0 ] },
                "south": { "texture": "#0", "uv": [ 0.0, 0.0, 1.0, 1.0 ] },
                "west": { "texture": "#0", "uv": [ 0.0, 0.0, 1.0, 1.0 ] },
                "up": { "texture": "#0", "uv": [ 0.0, 0.0, 1.0, 1.0 ] },
                "down": { "texture": "#0", "uv": [ 0.0, 0.0, 1.0, 1.0 ] }
            }
        },
        {
            "name": "Cube",
            "from": [ 5.0, 2.0, 4.0 ], 
            "to": [ 11.0, 10.0, 10.0 ], 
            "faces": {
                "north": { "texture": "#0", "uv": [ 0.0, 0.0, 1.0, 1.0 ] },
                "east": { "texture": "#0", "uv": [ 0.0, 0.0, 1.0, 1.0 ] },
                "south": { "texture": "#0", "uv": [ 0.0, 0.0, 1.0, 1.0 ] },
                "west": { "texture": "#0", "uv": [ 0.0, 0.0, 1.0, 1.0 ] },
                "up": { "texture": "#0", "uv": [ 2.0, 5.0, 6.0, 9.0 ] },
                "down": { "texture": "#0", "uv": [ 0.0, 0.0, 1.0, 1.0 ] }
            }
        },
        {
            "name": "Cube",
            "from": [ 9.0, 0.0, 5.0 ], 
            "to": [ 11.0, 2.0, 8.0 ], 
            "faces": {
                "north": { "texture": "#0", "uv": [ 0.0, 13.0, 1.0, 16.0 ] },
                "east": { "texture": "#0", "uv": [ 0.0, 13.0, 1.0, 16.0 ] },
                "south": { "texture": "#0", "uv": [ 0.0, 13.0, 1.0, 16.0 ] },
                "west": { "texture": "#0", "uv": [ 0.0, 13.0, 1.0, 16.0 ] },
                "up": { "texture": "#0", "uv": [ 0.0, 13.0, 1.0, 14.0 ] },
                "down": { "texture": "#0", "uv": [ 0.0, 15.0, 1.0, 16.0 ] }
            }
        },
        {
            "name": "Cube",
            "from": [ 5.0, 0.0, 8.0 ], 
            "to": [ 7.0, 1.33333, 9.0 ], 
            "faces": {
                "north": { "texture": "#0", "uv": [ 0.0, 14.0, 1.0, 16.0 ] },
                "east": { "texture": "#0", "uv": [ 0.0, 14.0, 1.0, 16.0 ] },
                "south": { "texture": "#0", "uv": [ 0.0, 14.0, 1.0, 16.0 ] },
                "west": { "texture": "#0", "uv": [ 0.0, 14.0, 1.0, 16.0 ] },
                "up": { "texture": "#0", "uv": [ 0.0, 13.0, 1.0, 14.0 ] },
                "down": { "texture": "#0", "uv": [ 0.0, 15.0, 1.0, 16.0 ] }
            }
        },
        {
            "name": "Cube",
            "from": [ 5.0, 3.0, 3.0 ], 
            "to": [ 11.0, 9.0, 11.0 ], 
            "faces": {
                "north": { "texture": "#0", "uv": [ 0.0, 0.0, 1.0, 1.0 ] },
                "east": { "texture": "#0", "uv": [ 0.0, 0.0, 1.0, 1.0 ] },
                "south": { "texture": "#0", "uv": [ 0.0, 0.0, 1.0, 1.0 ] },
                "west": { "texture": "#0", "uv": [ 0.0, 0.0, 1.0, 1.0 ] },
                "up": { "texture": "#0", "uv": [ 0.0, 0.0, 1.0, 1.0 ] },
                "down": { "texture": "#0", "uv": [ 0.0, 0.0, 1.0, 1.0 ] }
            }
        },
        {
            "name": "Cube",
            "from": [ 5.3, 5.0, 11.099 ], 
            "to": [ 7.3, 8.0, 11.1 ], 
            "faces": {
                "north": { "texture": "#0", "uv": [ 12.0, 0.0, 16.0, 5.0 ] },
                "east": { "texture": "#0", "uv": [ 12.0, 0.0, 16.0, 5.0 ] },
                "south": { "texture": "#0", "uv": [ 12.0, 0.0, 16.0, 5.0 ] },
                "west": { "texture": "#0", "uv": [ 12.0, 0.0, 16.0, 5.0 ] },
                "up": { "texture": "#0", "uv": [ 16.0, 0.0, 16.0, 0.0 ] },
                "down": { "texture": "#0", "uv": [ 16.0, 0.0, 16.0, 0.0 ] }
            }
        },
        {
            "name": "Cube",
            "from": [ 8.7, 5.0, 11.099 ], 
            "to": [ 10.7, 8.0, 11.1 ], 
            "faces": {
                "north": { "texture": "#0", "uv": [ 12.0, 0.0, 16.0, 5.0 ] },
                "east": { "texture": "#0", "uv": [ 12.0, 0.0, 16.0, 5.0 ] },
                "south": { "texture": "#0", "uv": [ 12.0, 0.0, 16.0, 5.0 ] },
                "west": { "texture": "#0", "uv": [ 12.0, 0.0, 16.0, 5.0 ] },
                "up": { "texture": "#0", "uv": [ 16.0, 0.0, 16.0, 0.0 ] },
                "down": { "texture": "#0", "uv": [ 16.0, 0.0, 16.0, 0.0 ] }
            }
        },
        {
            "name": "Cube",
            "from": [ 7.0, 10.0, 5.5 ], 
            "to": [ 9.0, 11.0, 8.5 ], 
            "faces": {
                "north": { "texture": "#0", "uv": [ 15.0, 15.0, 16.0, 16.0 ] },
                "east": { "texture": "#0", "uv": [ 15.0, 15.0, 16.0, 16.0 ] },
                "south": { "texture": "#0", "uv": [ 15.0, 15.0, 16.0, 16.0 ] },
                "west": { "texture": "#0", "uv": [ 15.0, 15.0, 16.0, 16.0 ] },
                "up": { "texture": "#0", "uv": [ 14.0, 15.0, 15.0, 16.0 ] }
            }
        },
        {
            "name": "Cube",
            "from": [ 6.12, 10.0, 6.08 ], 
            "to": [ 8.12, 11.0, 7.7 ], 
            "rotation": { "origin": [ 8.0, 8.0, 8.0 ], "axis": "y", "angle": -22.5 },
            "faces": {
                "north": { "texture": "#0", "uv": [ 15.0, 15.0, 16.0, 16.0 ] },
                "east": { "texture": "#0", "uv": [ 15.0, 15.0, 16.0, 16.0 ] },
                "south": { "texture": "#0", "uv": [ 15.0, 15.0, 16.0, 16.0 ] },
                "west": { "texture": "#0", "uv": [ 15.0, 15.0, 16.0, 16.0 ] },
                "up": { "texture": "#0", "uv": [ 14.0, 15.0, 15.0, 16.0 ] }
            }
        },
        {
            "name": "Cube",
            "from": [ 6.88, 10.0, 6.45 ], 
            "to": [ 8.88, 11.0, 8.07 ], 
            "rotation": { "origin": [ 8.0, 8.0, 8.0 ], "axis": "y", "angle": 22.5 },
            "faces": {
                "north": { "texture": "#0", "uv": [ 15.0, 15.0, 16.0, 16.0 ] },
                "east": { "texture": "#0", "uv": [ 15.0, 15.0, 16.0, 16.0 ] },
                "south": { "texture": "#0", "uv": [ 15.0, 15.0, 16.0, 16.0 ] },
                "west": { "texture": "#0", "uv": [ 15.0, 15.0, 16.0, 16.0 ] },
                "up": { "texture": "#0", "uv": [ 14.0, 15.0, 15.0, 16.0 ] }
            }
        },
        {
            "name": "Cube",
            "from": [ 7.89, 10.0, 6.08 ], 
            "to": [ 9.89, 11.0, 7.68 ], 
            "rotation": { "origin": [ 8.0, 8.0, 8.0 ], "axis": "y", "angle": 22.5 },
            "faces": {
                "north": { "texture": "#0", "uv": [ 15.0, 15.0, 16.0, 16.0 ] },
                "east": { "texture": "#0", "uv": [ 15.0, 15.0, 16.0, 16.0 ] },
                "south": { "texture": "#0", "uv": [ 15.0, 15.0, 16.0, 16.0 ] },
                "west": { "texture": "#0", "uv": [ 15.0, 15.0, 16.0, 16.0 ] },
                "up": { "texture": "#0", "uv": [ 14.0, 15.0, 15.0, 16.0 ] }
            }
        },
        {
            "name": "Cube",
            "from": [ 7.11, 10.0, 6.44 ], 
            "to": [ 9.11, 11.0, 8.08 ], 
            "rotation": { "origin": [ 8.0, 8.0, 8.0 ], "axis": "y", "angle": -22.5 },
            "faces": {
                "north": { "texture": "#0", "uv": [ 15.0, 15.0, 16.0, 16.0 ] },
                "east": { "texture": "#0", "uv": [ 15.0, 15.0, 16.0, 16.0 ] },
                "south": { "texture": "#0", "uv": [ 15.0, 15.0, 16.0, 16.0 ] },
                "west": { "texture": "#0", "uv": [ 15.0, 15.0, 16.0, 16.0 ] },
                "up": { "texture": "#0", "uv": [ 14.0, 15.0, 15.0, 16.0 ] }
            }
        },
        {
            "name": "Cube",
            "from": [ 1.65, 5.9, 4.0 ], 
            "to": [ 2.65, 7.3, 10.0 ], 
            "rotation": { "origin": [ 8.0, 8.0, 8.0 ], "axis": "z", "angle": 45.0 },
            "faces": {
                "north": { "texture": "#0", "uv": [ 0.0, 0.0, 1.0, 1.0 ] },
                "east": { "texture": "#0", "uv": [ 0.0, 0.0, 1.0, 1.0 ] },
                "south": { "texture": "#0", "uv": [ 0.0, 0.0, 1.0, 1.0 ] },
                "west": { "texture": "#0", "uv": [ 0.0, 0.0, 1.0, 1.0 ] },
                "up": { "texture": "#0", "uv": [ 0.0, 0.0, 1.0, 1.0 ] },
                "down": { "texture": "#0", "uv": [ 0.0, 0.0, 1.0, 1.0 ] }
            }
        },
        {
            "name": "Cube",
            "from": [ 5.9, 1.65, 4.0 ], 
            "to": [ 7.3, 2.65, 10.0 ], 
            "rotation": { "origin": [ 8.0, 8.0, 8.0 ], "axis": "z", "angle": 45.0 },
            "faces": {
                "north": { "texture": "#0", "uv": [ 0.0, 0.0, 1.0, 1.0 ] },
                "east": { "texture": "#0", "uv": [ 0.0, 0.0, 1.0, 1.0 ] },
                "south": { "texture": "#0", "uv": [ 0.0, 0.0, 1.0, 1.0 ] },
                "west": { "texture": "#0", "uv": [ 0.0, 0.0, 1.0, 1.0 ] },
                "up": { "texture": "#0", "uv": [ 0.0, 0.0, 1.0, 1.0 ] },
                "down": { "texture": "#0", "uv": [ 0.0, 0.0, 1.0, 1.0 ] }
            }
        },
        {
            "name": "Cube",
            "from": [ 10.55, 5.9, 4.0 ], 
            "to": [ 11.55, 7.3, 10.0 ], 
            "rotation": { "origin": [ 8.0, 8.0, 8.0 ], "axis": "z", "angle": 45.0 },
            "faces": {
                "north": { "texture": "#0", "uv": [ 0.0, 0.0, 1.0, 1.0 ] },
                "east": { "texture": "#0", "uv": [ 0.0, 0.0, 1.0, 1.0 ] },
                "south": { "texture": "#0", "uv": [ 0.0, 0.0, 1.0, 1.0 ] },
                "west": { "texture": "#0", "uv": [ 0.0, 0.0, 1.0, 1.0 ] },
                "up": { "texture": "#0", "uv": [ 0.0, 0.0, 1.0, 1.0 ] },
                "down": { "texture": "#0", "uv": [ 0.0, 0.0, 1.0, 1.0 ] }
            }
        },
        {
            "name": "Cube",
            "from": [ 5.9, 10.55, 4.0 ], 
            "to": [ 7.3, 11.55, 10.0 ], 
            "rotation": { "origin": [ 8.0, 8.0, 8.0 ], "axis": "z", "angle": 45.0 },
            "faces": {
                "north": { "texture": "#0", "uv": [ 0.0, 0.0, 1.0, 1.0 ] },
                "east": { "texture": "#0", "uv": [ 0.0, 0.0, 1.0, 1.0 ] },
                "south": { "texture": "#0", "uv": [ 0.0, 0.0, 1.0, 1.0 ] },
                "west": { "texture": "#0", "uv": [ 0.0, 0.0, 1.0, 1.0 ] },
                "up": { "texture": "#0", "uv": [ 0.0, 0.0, 1.0, 1.0 ] },
                "down": { "texture": "#0", "uv": [ 0.0, 0.0, 1.0, 1.0 ] }
            }
        },
        {
            "name": "Cube",
            "from": [ 5.0, 5.15, 3.75 ], 
            "to": [ 11.0, 6.55, 4.75 ], 
            "rotation": { "origin": [ 8.0, 8.0, 8.0 ], "axis": "x", "angle": 45.0 },
            "faces": {
                "north": { "texture": "#0", "uv": [ 0.0, 0.0, 1.0, 1.0 ] },
                "east": { "texture": "#0", "uv": [ 0.0, 0.0, 1.0, 1.0 ] },
                "south": { "texture": "#0", "uv": [ 0.0, 0.0, 1.0, 1.0 ] },
                "west": { "texture": "#0", "uv": [ 0.0, 0.0, 1.0, 1.0 ] },
                "up": { "texture": "#0", "uv": [ 0.0, 0.0, 1.0, 1.0 ] },
                "down": { "texture": "#0", "uv": [ 0.0, 0.0, 1.0, 1.0 ] }
            }
        },
        {
            "name": "Cube",
            "from": [ 5.0, 5.15, 12.65 ], 
            "to": [ 11.0, 6.55, 13.65 ], 
            "rotation": { "origin": [ 8.0, 8.0, 8.0 ], "axis": "x", "angle": 45.0 },
            "faces": {
                "north": { "texture": "#0", "uv": [ 0.0, 0.0, 1.0, 1.0 ] },
                "east": { "texture": "#0", "uv": [ 0.0, 0.0, 1.0, 1.0 ] },
                "south": { "texture": "#0", "uv": [ 0.0, 0.0, 1.0, 1.0 ] },
                "west": { "texture": "#0", "uv": [ 0.0, 0.0, 1.0, 1.0 ] },
                "up": { "texture": "#0", "uv": [ 0.0, 0.0, 1.0, 1.0 ] },
                "down": { "texture": "#0", "uv": [ 0.0, 0.0, 1.0, 1.0 ] }
            }
        },
        {
            "name": "Cube",
            "from": [ 5.0, 6.6, 9.85 ], 
            "to": [ 11.0, 8.0, 10.85 ], 
            "rotation": { "origin": [ 8.0, 8.0, 8.0 ], "axis": "x", "angle": -45.0 },
            "faces": {
                "north": { "texture": "#0", "uv": [ 0.0, 0.0, 1.0, 1.0 ] },
                "east": { "texture": "#0", "uv": [ 0.0, 0.0, 1.0, 1.0 ] },
                "south": { "texture": "#0", "uv": [ 0.0, 0.0, 1.0, 1.0 ] },
                "west": { "texture": "#0", "uv": [ 0.0, 0.0, 1.0, 1.0 ] },
                "up": { "texture": "#0", "uv": [ 0.0, 0.0, 1.0, 1.0 ] },
                "down": { "texture": "#0", "uv": [ 0.0, 0.0, 1.0, 1.0 ] }
            }
        },
        {
            "name": "Cube",
            "from": [ 5.0, 6.6, 0.95 ], 
            "to": [ 11.0, 8.0, 1.95 ], 
            "rotation": { "origin": [ 8.0, 8.0, 8.0 ], "axis": "x", "angle": -45.0 },
            "faces": {
                "north": { "texture": "#0", "uv": [ 0.0, 0.0, 1.0, 1.0 ] },
                "east": { "texture": "#0", "uv": [ 0.0, 0.0, 1.0, 1.0 ] },
                "south": { "texture": "#0", "uv": [ 0.0, 0.0, 1.0, 1.0 ] },
                "west": { "texture": "#0", "uv": [ 0.0, 0.0, 1.0, 1.0 ] },
                "up": { "texture": "#0", "uv": [ 0.0, 0.0, 1.0, 1.0 ] },
                "down": { "texture": "#0", "uv": [ 0.0, 0.0, 1.0, 1.0 ] }
            }
        },
        {
            "name": "Cube",
            "from": [ 6.58, 3.0, 2.35 ], 
            "to": [ 7.98, 9.0, 3.35 ], 
            "rotation": { "origin": [ 8.0, 8.0, 8.0 ], "axis": "y", "angle": -45.0 },
            "faces": {
                "north": { "texture": "#0", "uv": [ 0.0, 0.0, 1.0, 1.0 ] },
                "east": { "texture": "#0", "uv": [ 0.0, 0.0, 1.0, 1.0 ] },
                "south": { "texture": "#0", "uv": [ 0.0, 0.0, 1.0, 1.0 ] },
                "west": { "texture": "#0", "uv": [ 0.0, 0.0, 1.0, 1.0 ] },
                "up": { "texture": "#0", "uv": [ 0.0, 0.0, 1.0, 1.0 ] },
                "down": { "texture": "#0", "uv": [ 0.0, 0.0, 1.0, 1.0 ] }
            }
        },
        {
            "name": "Cube",
            "from": [ 6.58, 3.0, 11.25 ], 
            "to": [ 7.98, 9.0, 12.25 ], 
            "rotation": { "origin": [ 8.0, 8.0, 8.0 ], "axis": "y", "angle": -45.0 },
            "faces": {
                "north": { "texture": "#0", "uv": [ 0.0, 0.0, 1.0, 1.0 ] },
                "east": { "texture": "#0", "uv": [ 0.0, 0.0, 1.0, 1.0 ] },
                "south": { "texture": "#0", "uv": [ 0.0, 0.0, 1.0, 1.0 ] },
                "west": { "texture": "#0", "uv": [ 0.0, 0.0, 1.0, 1.0 ] },
                "up": { "texture": "#0", "uv": [ 0.0, 0.0, 1.0, 1.0 ] },
                "down": { "texture": "#0", "uv": [ 0.0, 0.0, 1.0, 1.0 ] }
            }
        },
        {
            "name": "Cube",
            "from": [ 8.0, 3.0, 11.25 ], 
            "to": [ 9.4, 9.0, 12.25 ], 
            "rotation": { "origin": [ 8.0, 8.0, 8.0 ], "axis": "y", "angle": 45.0 },
            "faces": {
                "north": { "texture": "#0", "uv": [ 0.0, 0.0, 1.0, 1.0 ] },
                "east": { "texture": "#0", "uv": [ 0.0, 0.0, 1.0, 1.0 ] },
                "south": { "texture": "#0", "uv": [ 0.0, 0.0, 1.0, 1.0 ] },
                "west": { "texture": "#0", "uv": [ 0.0, 0.0, 1.0, 1.0 ] },
                "up": { "texture": "#0", "uv": [ 0.0, 0.0, 1.0, 1.0 ] },
                "down": { "texture": "#0", "uv": [ 0.0, 0.0, 1.0, 1.0 ] }
            }
        },
        {
            "name": "Cube",
            "from": [ 8.0, 3.0, 2.35 ], 
            "to": [ 9.4, 9.0, 3.35 ], 
            "rotation": { "origin": [ 8.0, 8.0, 8.0 ], "axis": "y", "angle": 45.0 },
            "faces": {
                "north": { "texture": "#0", "uv": [ 0.0, 0.0, 1.0, 1.0 ] },
                "east": { "texture": "#0", "uv": [ 0.0, 0.0, 1.0, 1.0 ] },
                "south": { "texture": "#0", "uv": [ 0.0, 0.0, 1.0, 1.0 ] },
                "west": { "texture": "#0", "uv": [ 0.0, 0.0, 1.0, 1.0 ] },
                "up": { "texture": "#0", "uv": [ 0.0, 0.0, 1.0, 1.0 ] },
                "down": { "texture": "#0", "uv": [ 0.0, 0.0, 1.0, 1.0 ] }
            }
        }
    ]
}