{
    "textures": {
        "0": "decorations/board/wario/cannon_bowser"
	},
	"display": {
		"head": {
			"scale": [ 6, 6, 6 ],
			"translation": [ 0, -16, 10 ],
			"rotation": [ -45, 0, 0 ]
			}
		},
    "elements": [
        {
            "name": "Cube",
            "from": [ 6.0, 2.0, 4.0 ], 
            "to": [ 10.0, 18.0, 5.0 ], 
            "faces": {
                "north": { "texture": "#0", "uv": [ 3.0, 0.0, 8.0, 16.0 ] },
                "east": { "texture": "#0", "uv": [ 3.0, 0.0, 4.0, 16.0 ] },
                "south": { "texture": "#0", "uv": [ 3.0, 0.0, 8.0, 16.0 ] },
                "west": { "texture": "#0", "uv": [ 7.0, 0.0, 8.0, 16.0 ] },
                "up": { "texture": "#0", "uv": [ 5.0, 0.0, 6.0, 1.0 ] },
                "down": { "texture": "#0", "uv": [ 0.0, 15.0, 1.0, 16.0 ] }
            }
        },
        {
            "name": "Cube",
            "from": [ 6.0, 2.0, 11.0 ], 
            "to": [ 10.0, 18.0, 12.0 ], 
            "faces": {
                "north": { "texture": "#0", "uv": [ 3.0, 0.0, 8.0, 16.0 ] },
                "east": { "texture": "#0", "uv": [ 3.0, 0.0, 4.0, 16.0 ] },
                "south": { "texture": "#0", "uv": [ 3.0, 0.0, 8.0, 16.0 ] },
                "west": { "texture": "#0", "uv": [ 7.0, 0.0, 8.0, 16.0 ] },
                "up": { "texture": "#0", "uv": [ 5.0, 0.0, 6.0, 1.0 ] },
                "down": { "texture": "#0", "uv": [ 0.0, 15.0, 1.0, 16.0 ] }
            }
        },
        {
            "name": "Cube",
            "from": [ -1.4, 2.0, 14.55 ], 
            "to": [ 1.4, 18.0, 15.55 ], 
            "rotation": { "origin": [ 0.0, 0.0, 0.0 ], "axis": "y", "angle": 45.0 },
            "faces": {
                "north": { "texture": "#0", "uv": [ 8.0, 0.0, 12.8, 16.0 ] },
                "east": { "texture": "#0", "uv": [ 12.0, 0.0, 13.0, 16.0 ] },
                "south": { "texture": "#0", "uv": [ 8.0, 0.0, 12.8, 16.0 ] },
                "west": { "texture": "#0", "uv": [ 8.0, 0.0, 9.0, 16.0 ] },
                "up": { "texture": "#0", "uv": [ 5.0, 0.0, 6.0, 1.0 ] },
                "down": { "texture": "#0", "uv": [ 0.0, 15.0, 1.0, 16.0 ] }
            }
        },
        {
            "name": "Cube",
            "from": [ 11.0, 2.0, 6.0 ], 
            "to": [ 12.0, 18.0, 10.0 ], 
            "faces": {
                "north": { "texture": "#0", "uv": [ 3.0, 0.0, 4.0, 16.0 ] },
                "east": { "texture": "#0", "uv": [ 3.0, 0.0, 8.0, 16.0 ] },
                "south": { "texture": "#0", "uv": [ 3.0, 0.0, 4.0, 16.0 ] },
                "west": { "texture": "#0", "uv": [ 3.0, 0.0, 8.0, 16.0 ] },
                "up": { "texture": "#0", "uv": [ 5.0, 0.0, 6.0, 1.0 ] },
                "down": { "texture": "#0", "uv": [ 0.0, 15.0, 1.0, 16.0 ] }
            }
        },
        {
            "name": "Cube",
            "from": [ 4.0, 2.0, 6.0 ], 
            "to": [ 5.0, 18.0, 10.0 ], 
            "faces": {
                "north": { "texture": "#0", "uv": [ 7.0, 0.0, 8.0, 16.0 ] },
                "east": { "texture": "#0", "uv": [ 3.0, 0.0, 8.0, 16.0 ] },
                "south": { "texture": "#0", "uv": [ 3.0, 0.0, 4.0, 16.0 ] },
                "west": { "texture": "#0", "uv": [ 3.0, 0.0, 8.0, 16.0 ] },
                "up": { "texture": "#0", "uv": [ 5.0, 0.0, 6.0, 1.0 ] },
                "down": { "texture": "#0", "uv": [ 0.0, 15.0, 1.0, 16.0 ] }
            }
        },
        {
            "name": "Cube",
            "from": [ 6.0, 0.0, 6.0 ], 
            "to": [ 10.0, 1.0, 10.0 ], 
            "faces": {
                "north": { "texture": "#0", "uv": [ 0.0, 15.0, 4.0, 16.0 ] },
                "east": { "texture": "#0", "uv": [ 0.0, 15.0, 4.0, 16.0 ] },
                "south": { "texture": "#0", "uv": [ 0.0, 15.0, 4.0, 16.0 ] },
                "west": { "texture": "#0", "uv": [ 0.0, 15.0, 4.0, 16.0 ] },
                "up": { "texture": "#0", "uv": [ 0.0, 15.0, 4.0, 16.0 ] },
                "down": { "texture": "#0", "uv": [ 0.0, 15.0, 4.0, 16.0 ] }
            }
        },
        {
            "name": "Cube",
            "from": [ 5.0, 1.0, 6.0 ], 
            "to": [ 6.0, 2.0, 10.0 ], 
            "faces": {
                "north": { "texture": "#0", "uv": [ 0.0, 15.0, 1.0, 16.0 ] },
                "east": { "texture": "#0", "uv": [ 0.0, 15.0, 4.0, 16.0 ] },
                "south": { "texture": "#0", "uv": [ 0.0, 15.0, 1.0, 16.0 ] },
                "west": { "texture": "#0", "uv": [ 0.0, 15.0, 4.0, 16.0 ] },
                "up": { "texture": "#0", "uv": [ 0.0, 15.0, 1.0, 16.0 ] },
                "down": { "texture": "#0", "uv": [ 0.0, 15.0, 1.0, 16.0 ] }
            }
        },
        {
            "name": "Cube",
            "from": [ 10.0, 1.0, 6.0 ], 
            "to": [ 11.0, 2.0, 10.0 ], 
            "faces": {
                "north": { "texture": "#0", "uv": [ 0.0, 15.0, 1.0, 16.0 ] },
                "east": { "texture": "#0", "uv": [ 0.0, 15.0, 4.0, 16.0 ] },
                "south": { "texture": "#0", "uv": [ 0.0, 15.0, 1.0, 16.0 ] },
                "west": { "texture": "#0", "uv": [ 0.0, 15.0, 4.0, 16.0 ] },
                "up": { "texture": "#0", "uv": [ 0.0, 15.0, 1.0, 16.0 ] },
                "down": { "texture": "#0", "uv": [ 0.0, 15.0, 1.0, 16.0 ] }
            }
        },
        {
            "name": "Cube",
            "from": [ 6.0, 1.0, 5.0 ], 
            "to": [ 10.0, 2.0, 6.0 ], 
            "faces": {
                "north": { "texture": "#0", "uv": [ 0.0, 15.0, 4.0, 16.0 ] },
                "east": { "texture": "#0", "uv": [ 0.0, 15.0, 1.0, 16.0 ] },
                "south": { "texture": "#0", "uv": [ 0.0, 15.0, 4.0, 16.0 ] },
                "west": { "texture": "#0", "uv": [ 0.0, 15.0, 1.0, 16.0 ] },
                "up": { "texture": "#0", "uv": [ 0.0, 15.0, 4.0, 16.0 ] },
                "down": { "texture": "#0", "uv": [ 0.0, 15.0, 4.0, 16.0 ] }
            }
        },
        {
            "name": "Cube",
            "from": [ 6.0, 1.0, 10.0 ], 
            "to": [ 10.0, 2.0, 11.0 ], 
            "faces": {
                "north": { "texture": "#0", "uv": [ 0.0, 15.0, 4.0, 16.0 ] },
                "east": { "texture": "#0", "uv": [ 0.0, 15.0, 1.0, 16.0 ] },
                "south": { "texture": "#0", "uv": [ 0.0, 15.0, 4.0, 16.0 ] },
                "west": { "texture": "#0", "uv": [ 0.0, 15.0, 1.0, 16.0 ] },
                "up": { "texture": "#0", "uv": [ 0.0, 15.0, 4.0, 16.0 ] },
                "down": { "texture": "#0", "uv": [ 0.0, 15.0, 4.0, 16.0 ] }
            }
        },
        {
            "name": "Cube",
            "from": [ 9.9, 2.0, 3.25 ], 
            "to": [ 12.7, 18.0, 4.25 ], 
            "rotation": { "origin": [ 0.0, 0.0, 0.0 ], "axis": "y", "angle": -45.0 },
            "faces": {
                "north": { "texture": "#0", "uv": [ 8.0, 0.0, 12.8, 16.0 ] },
                "east": { "texture": "#0", "uv": [ 8.0, 0.0, 9.0, 16.0 ] },
                "south": { "texture": "#0", "uv": [ 8.0, 0.0, 12.8, 16.0 ] },
                "west": { "texture": "#0", "uv": [ 12.0, 0.0, 13.0, 16.0 ] },
                "up": { "texture": "#0", "uv": [ 5.0, 0.0, 6.0, 1.0 ] },
                "down": { "texture": "#0", "uv": [ 0.0, 15.0, 0.7999999999999998, 16.0 ] }
            }
        },
        {
            "name": "Cube",
            "from": [ -1.4, 2.0, 7.1 ], 
            "to": [ 1.4, 18.0, 8.1 ], 
            "rotation": { "origin": [ 0.0, 0.0, 0.0 ], "axis": "y", "angle": 45.0 },
            "faces": {
                "north": { "texture": "#0", "uv": [ 8.0, 0.0, 12.8, 16.0 ] },
                "east": { "texture": "#0", "uv": [ 8.0, 0.0, 9.0, 16.0 ] },
                "south": { "texture": "#0", "uv": [ 8.0, 0.0, 12.8, 16.0 ] },
                "west": { "texture": "#0", "uv": [ 12.0, 0.0, 13.0, 16.0 ] },
                "up": { "texture": "#0", "uv": [ 5.0, 0.0, 6.0, 1.0 ] },
                "down": { "texture": "#0", "uv": [ 0.0, 15.0, 1.0, 16.0 ] }
            }
        },
        {
            "name": "Cube",
            "from": [ 9.9, 2.0, -4.2 ], 
            "to": [ 12.7, 18.0, -3.2 ], 
            "rotation": { "origin": [ 0.0, 0.0, 0.0 ], "axis": "y", "angle": -45.0 },
            "faces": {
                "north": { "texture": "#0", "uv": [ 8.0, 0.0, 12.8, 16.0 ] },
                "east": { "texture": "#0", "uv": [ 8.0, 0.0, 9.0, 16.0 ] },
                "south": { "texture": "#0", "uv": [ 8.0, 0.0, 12.8, 16.0 ] },
                "west": { "texture": "#0", "uv": [ 12.0, 0.0, 13.0, 16.0 ] },
                "up": { "texture": "#0", "uv": [ 5.0, 0.0, 6.0, 1.0 ] },
                "down": { "texture": "#0", "uv": [ 0.0, 15.0, 1.0, 16.0 ] }
            }
        },
        {
            "name": "Cube",
            "from": [ 10.0, 2.0, 10.0 ], 
            "to": [ 11.0, 3.0, 11.0 ], 
            "faces": {
                "north": { "texture": "#0", "uv": [ 0.0, 15.0, 1.0, 16.0 ] },
                "east": { "texture": "#0", "uv": [ 0.0, 15.0, 1.0, 16.0 ] },
                "south": { "texture": "#0", "uv": [ 0.0, 15.0, 1.0, 16.0 ] },
                "west": { "texture": "#0", "uv": [ 0.0, 15.0, 1.0, 16.0 ] },
                "up": { "texture": "#0", "uv": [ 0.0, 15.0, 1.0, 16.0 ] },
                "down": { "texture": "#0", "uv": [ 0.0, 15.0, 1.0, 16.0 ] }
            }
        },
        {
            "name": "Cube",
            "from": [ 5.0, 2.0, 10.0 ], 
            "to": [ 6.0, 3.0, 11.0 ], 
            "faces": {
                "north": { "texture": "#0", "uv": [ 0.0, 15.0, 1.0, 16.0 ] },
                "east": { "texture": "#0", "uv": [ 0.0, 15.0, 1.0, 16.0 ] },
                "south": { "texture": "#0", "uv": [ 0.0, 15.0, 1.0, 16.0 ] },
                "west": { "texture": "#0", "uv": [ 0.0, 15.0, 1.0, 16.0 ] },
                "up": { "texture": "#0", "uv": [ 0.0, 15.0, 1.0, 16.0 ] },
                "down": { "texture": "#0", "uv": [ 0.0, 15.0, 1.0, 16.0 ] }
            }
        },
        {
            "name": "Cube",
            "from": [ 5.0, 2.0, 5.0 ], 
            "to": [ 6.0, 3.0, 6.0 ], 
            "faces": {
                "north": { "texture": "#0", "uv": [ 0.0, 15.0, 1.0, 16.0 ] },
                "east": { "texture": "#0", "uv": [ 0.0, 15.0, 1.0, 16.0 ] },
                "south": { "texture": "#0", "uv": [ 0.0, 15.0, 1.0, 16.0 ] },
                "west": { "texture": "#0", "uv": [ 0.0, 15.0, 1.0, 16.0 ] },
                "up": { "texture": "#0", "uv": [ 0.0, 15.0, 1.0, 16.0 ] },
                "down": { "texture": "#0", "uv": [ 0.0, 15.0, 1.0, 16.0 ] }
            }
        },
        {
            "name": "Cube",
            "from": [ 10.0, 2.0, 5.0 ], 
            "to": [ 11.0, 3.0, 6.0 ], 
            "faces": {
                "north": { "texture": "#0", "uv": [ 0.0, 15.0, 1.0, 16.0 ] },
                "east": { "texture": "#0", "uv": [ 0.0, 15.0, 1.0, 16.0 ] },
                "south": { "texture": "#0", "uv": [ 0.0, 15.0, 1.0, 16.0 ] },
                "west": { "texture": "#0", "uv": [ 0.0, 15.0, 1.0, 16.0 ] },
                "up": { "texture": "#0", "uv": [ 0.0, 15.0, 1.0, 16.0 ] },
                "down": { "texture": "#0", "uv": [ 0.0, 15.0, 1.0, 16.0 ] }
            }
        },
        {
            "name": "Horn",
            "from": [ 4.0, 15.0, 10.8 ], 
            "to": [ 6.0, 16.0, 11.8 ], 
            "faces": {
                "north": { "texture": "#0", "uv": [ 14.0, 15.0, 15.0, 16.0 ] },
                "east": { "texture": "#0", "uv": [ 14.0, 15.0, 15.0, 16.0 ] },
                "south": { "texture": "#0", "uv": [ 14.0, 15.0, 15.0, 16.0 ] },
                "west": { "texture": "#0", "uv": [ 14.0, 15.0, 15.0, 16.0 ] },
                "up": { "texture": "#0", "uv": [ 14.0, 15.0, 15.0, 16.0 ] },
                "down": { "texture": "#0", "uv": [ 14.0, 15.0, 15.0, 16.0 ] }
            }
        },
        {
            "name": "Horn",
            "from": [ 2.5, 15.0, 6.8 ], 
            "to": [ 4.5, 16.0, 7.8 ], 
            "rotation": { "origin": [ 8.0, 8.0, 8.0 ], "axis": "y", "angle": 45.0 },
            "faces": {
                "north": { "texture": "#0", "uv": [ 14.0, 15.0, 15.0, 16.0 ] },
                "east": { "texture": "#0", "uv": [ 14.0, 15.0, 15.0, 16.0 ] },
                "south": { "texture": "#0", "uv": [ 14.0, 15.0, 15.0, 16.0 ] },
                "west": { "texture": "#0", "uv": [ 14.0, 15.0, 15.0, 16.0 ] },
                "up": { "texture": "#0", "uv": [ 14.0, 15.0, 15.0, 16.0 ] },
                "down": { "texture": "#0", "uv": [ 14.0, 15.0, 15.0, 16.0 ] }
            }
        },
        {
            "name": "Horn",
            "from": [ 3.25, 15.0, 11.05 ], 
            "to": [ 5.25, 16.0, 11.8 ], 
            "faces": {
                "north": { "texture": "#0", "uv": [ 14.0, 15.0, 15.0, 16.0 ] },
                "east": { "texture": "#0", "uv": [ 14.0, 15.0, 15.0, 16.0 ] },
                "south": { "texture": "#0", "uv": [ 14.0, 15.0, 15.0, 16.0 ] },
                "west": { "texture": "#0", "uv": [ 14.0, 15.0, 15.0, 16.0 ] },
                "up": { "texture": "#0", "uv": [ 14.0, 15.0, 15.0, 16.0 ] },
                "down": { "texture": "#0", "uv": [ 14.0, 15.0, 15.0, 16.0 ] }
            }
        },
        {
            "name": "Cube",
            "from": [ 10.75, 15.0, 11.05 ], 
            "to": [ 12.75, 16.0, 11.8 ], 
            "faces": {
                "north": { "texture": "#0", "uv": [ 14.0, 15.0, 15.0, 16.0 ] },
                "east": { "texture": "#0", "uv": [ 14.0, 15.0, 15.0, 16.0 ] },
                "south": { "texture": "#0", "uv": [ 14.0, 15.0, 15.0, 16.0 ] },
                "west": { "texture": "#0", "uv": [ 14.0, 15.0, 15.0, 16.0 ] },
                "up": { "texture": "#0", "uv": [ 14.0, 15.0, 15.0, 16.0 ] },
                "down": { "texture": "#0", "uv": [ 14.0, 15.0, 15.0, 16.0 ] }
            }
        },
        {
            "name": "Cube",
            "from": [ 10.0, 15.0, 10.8 ], 
            "to": [ 12.0, 16.0, 11.8 ], 
            "faces": {
                "north": { "texture": "#0", "uv": [ 14.0, 15.0, 15.0, 16.0 ] },
                "east": { "texture": "#0", "uv": [ 14.0, 15.0, 15.0, 16.0 ] },
                "south": { "texture": "#0", "uv": [ 14.0, 15.0, 15.0, 16.0 ] },
                "west": { "texture": "#0", "uv": [ 14.0, 15.0, 15.0, 16.0 ] },
                "up": { "texture": "#0", "uv": [ 14.0, 15.0, 15.0, 16.0 ] },
                "down": { "texture": "#0", "uv": [ 14.0, 15.0, 15.0, 16.0 ] }
            }
        },
        {
            "name": "Cube",
            "from": [ 11.5, 15.0, 6.800000000000001 ], 
            "to": [ 13.5, 16.0, 7.800000000000001 ], 
            "rotation": { "origin": [ 8.0, 8.0, 8.0 ], "axis": "y", "angle": -45.0 },
            "faces": {
                "north": { "texture": "#0", "uv": [ 14.0, 15.0, 15.0, 16.0 ] },
                "east": { "texture": "#0", "uv": [ 14.0, 15.0, 15.0, 16.0 ] },
                "south": { "texture": "#0", "uv": [ 14.0, 15.0, 15.0, 16.0 ] },
                "west": { "texture": "#0", "uv": [ 14.0, 15.0, 15.0, 16.0 ] },
                "up": { "texture": "#0", "uv": [ 14.0, 15.0, 15.0, 16.0 ] },
                "down": { "texture": "#0", "uv": [ 14.0, 15.0, 15.0, 16.0 ] }
            }
        }
    ]
}