{
    "textures": {
        "0": "decorations/board/wario/cannon_black"
    },
	"display": {
		"head": {
			"scale": [ 6, 6, 6 ],
			"translation": [ 0, -16, 10 ],
			"rotation": [ -45, 0, 0 ]
			}
		},
    "elements": [
        {
            "name": "Cube",
            "from": [ 6.0, 2.0, 4.0 ], 
            "to": [ 10.0, 18.0, 5.0 ], 
            "faces": {
                "north": { "texture": "#0", "uv": [ 0.0, 0.0, 4.0, 16.0 ] },
                "east": { "texture": "#0", "uv": [ 0.0, 0.0, 1.0, 16.0 ] },
                "south": { "texture": "#0", "uv": [ 0.0, 0.0, 4.0, 16.0 ] },
                "west": { "texture": "#0", "uv": [ 0.0, 0.0, 1.0, 16.0 ] },
                "up": { "texture": "#0", "uv": [ 0.0, 0.0, 4.0, 1.0 ] },
                "down": { "texture": "#0", "uv": [ 0.0, 15.0, 4.0, 16.0 ] }
            }
        },
        {
            "name": "Cube",
            "from": [ 6.0, 2.0, 11.0 ], 
            "to": [ 10.0, 18.0, 12.0 ], 
            "faces": {
                "north": { "texture": "#0", "uv": [ 0.0, 0.0, 4.0, 16.0 ] },
                "east": { "texture": "#0", "uv": [ 0.0, 0.0, 1.0, 16.0 ] },
                "south": { "texture": "#0", "uv": [ 0.0, 0.0, 4.0, 16.0 ] },
                "west": { "texture": "#0", "uv": [ 0.0, 0.0, 1.0, 16.0 ] },
                "up": { "texture": "#0", "uv": [ 0.0, 0.0, 4.0, 1.0 ] },
                "down": { "texture": "#0", "uv": [ 0.0, 15.0, 4.0, 16.0 ] }
            }
        },
        {
            "name": "Cube",
            "from": [ -1.4, 2.0, 14.55 ], 
            "to": [ 1.4, 18.0, 15.55 ], 
            "rotation": { "origin": [ 0.0, 0.0, 0.0 ], "axis": "y", "angle": 45.0 },
            "faces": {
                "north": { "texture": "#0", "uv": [ 0.0, 0.0, 2.8, 16.0 ] },
                "east": { "texture": "#0", "uv": [ 0.0, 0.0, 1.0, 16.0 ] },
                "south": { "texture": "#0", "uv": [ 0.0, 0.0, 2.8, 16.0 ] },
                "west": { "texture": "#0", "uv": [ 0.0, 0.0, 1.0, 16.0 ] },
                "up": { "texture": "#0", "uv": [ 0.0, 0.0, 2.8, 1.0 ] },
                "down": { "texture": "#0", "uv": [ 0.0, 15.0, 2.8, 16.0 ] }
            }
        },
        {
            "name": "Cube",
            "from": [ 11.0, 2.0, 6.0 ], 
            "to": [ 12.0, 18.0, 10.0 ], 
            "faces": {
                "north": { "texture": "#0", "uv": [ 0.0, 0.0, 1.0, 16.0 ] },
                "east": { "texture": "#0", "uv": [ 0.0, 0.0, 4.0, 16.0 ] },
                "south": { "texture": "#0", "uv": [ 0.0, 0.0, 1.0, 16.0 ] },
                "west": { "texture": "#0", "uv": [ 0.0, 0.0, 4.0, 16.0 ] },
                "up": { "texture": "#0", "uv": [ 0.0, 0.0, 1.0, 4.0 ] },
                "down": { "texture": "#0", "uv": [ 0.0, 12.0, 1.0, 16.0 ] }
            }
        },
        {
            "name": "Cube",
            "from": [ 4.0, 2.0, 6.0 ], 
            "to": [ 5.0, 18.0, 10.0 ], 
            "faces": {
                "north": { "texture": "#0", "uv": [ 0.0, 0.0, 1.0, 16.0 ] },
                "east": { "texture": "#0", "uv": [ 0.0, 0.0, 4.0, 16.0 ] },
                "south": { "texture": "#0", "uv": [ 0.0, 0.0, 1.0, 16.0 ] },
                "west": { "texture": "#0", "uv": [ 0.0, 0.0, 4.0, 16.0 ] },
                "up": { "texture": "#0", "uv": [ 0.0, 0.0, 1.0, 4.0 ] },
                "down": { "texture": "#0", "uv": [ 0.0, 12.0, 1.0, 16.0 ] }
            }
        },
        {
            "name": "Cube",
            "from": [ 6.0, 0.0, 6.0 ], 
            "to": [ 10.0, 1.0, 10.0 ], 
            "faces": {
                "north": { "texture": "#0", "uv": [ 0.0, 15.0, 4.0, 16.0 ] },
                "east": { "texture": "#0", "uv": [ 0.0, 15.0, 4.0, 16.0 ] },
                "south": { "texture": "#0", "uv": [ 0.0, 15.0, 4.0, 16.0 ] },
                "west": { "texture": "#0", "uv": [ 0.0, 15.0, 4.0, 16.0 ] },
                "up": { "texture": "#0", "uv": [ 0.0, 15.0, 4.0, 16.0 ] },
                "down": { "texture": "#0", "uv": [ 0.0, 15.0, 4.0, 16.0 ] }
            }
        },
        {
            "name": "Cube",
            "from": [ 5.0, 1.0, 6.0 ], 
            "to": [ 6.0, 2.0, 10.0 ], 
            "faces": {
                "north": { "texture": "#0", "uv": [ 0.0, 15.0, 1.0, 16.0 ] },
                "east": { "texture": "#0", "uv": [ 0.0, 15.0, 4.0, 16.0 ] },
                "south": { "texture": "#0", "uv": [ 0.0, 15.0, 1.0, 16.0 ] },
                "west": { "texture": "#0", "uv": [ 0.0, 15.0, 4.0, 16.0 ] },
                "up": { "texture": "#0", "uv": [ 0.0, 15.0, 1.0, 16.0 ] },
                "down": { "texture": "#0", "uv": [ 0.0, 15.0, 1.0, 16.0 ] }
            }
        },
        {
            "name": "Cube",
            "from": [ 10.0, 1.0, 6.0 ], 
            "to": [ 11.0, 2.0, 10.0 ], 
            "faces": {
                "north": { "texture": "#0", "uv": [ 0.0, 15.0, 1.0, 16.0 ] },
                "east": { "texture": "#0", "uv": [ 0.0, 15.0, 4.0, 16.0 ] },
                "south": { "texture": "#0", "uv": [ 0.0, 15.0, 1.0, 16.0 ] },
                "west": { "texture": "#0", "uv": [ 0.0, 15.0, 4.0, 16.0 ] },
                "up": { "texture": "#0", "uv": [ 0.0, 15.0, 1.0, 16.0 ] },
                "down": { "texture": "#0", "uv": [ 0.0, 15.0, 1.0, 16.0 ] }
            }
        },
        {
            "name": "Cube",
            "from": [ 6.0, 1.0, 5.0 ], 
            "to": [ 10.0, 2.0, 6.0 ], 
            "faces": {
                "north": { "texture": "#0", "uv": [ 0.0, 15.0, 4.0, 16.0 ] },
                "east": { "texture": "#0", "uv": [ 0.0, 15.0, 1.0, 16.0 ] },
                "south": { "texture": "#0", "uv": [ 0.0, 15.0, 4.0, 16.0 ] },
                "west": { "texture": "#0", "uv": [ 0.0, 15.0, 1.0, 16.0 ] },
                "up": { "texture": "#0", "uv": [ 0.0, 15.0, 4.0, 16.0 ] },
                "down": { "texture": "#0", "uv": [ 0.0, 15.0, 4.0, 16.0 ] }
            }
        },
        {
            "name": "Cube",
            "from": [ 6.0, 1.0, 10.0 ], 
            "to": [ 10.0, 2.0, 11.0 ], 
            "faces": {
                "north": { "texture": "#0", "uv": [ 0.0, 15.0, 4.0, 16.0 ] },
                "east": { "texture": "#0", "uv": [ 0.0, 15.0, 1.0, 16.0 ] },
                "south": { "texture": "#0", "uv": [ 0.0, 15.0, 4.0, 16.0 ] },
                "west": { "texture": "#0", "uv": [ 0.0, 15.0, 1.0, 16.0 ] },
                "up": { "texture": "#0", "uv": [ 0.0, 15.0, 4.0, 16.0 ] },
                "down": { "texture": "#0", "uv": [ 0.0, 15.0, 4.0, 16.0 ] }
            }
        },
        {
            "name": "Cube",
            "from": [ 9.9, 2.0, 3.25 ], 
            "to": [ 12.7, 18.0, 4.25 ], 
            "rotation": { "origin": [ 0.0, 0.0, 0.0 ], "axis": "y", "angle": -45.0 },
            "faces": {
                "north": { "texture": "#0", "uv": [ 0.0, 0.0, 2.8, 16.0 ] },
                "east": { "texture": "#0", "uv": [ 0.0, 0.0, 1.0, 16.0 ] },
                "south": { "texture": "#0", "uv": [ 0.0, 0.0, 2.8, 16.0 ] },
                "west": { "texture": "#0", "uv": [ 0.0, 0.0, 1.0, 16.0 ] },
                "up": { "texture": "#0", "uv": [ 0.0, 0.0, 2.8, 1.0 ] },
                "down": { "texture": "#0", "uv": [ 0.0, 15.0, 2.8, 16.0 ] }
            }
        },
        {
            "name": "Cube",
            "from": [ -1.4, 2.0, 7.1 ], 
            "to": [ 1.4, 18.0, 8.1 ], 
            "rotation": { "origin": [ 0.0, 0.0, 0.0 ], "axis": "y", "angle": 45.0 },
            "faces": {
                "north": { "texture": "#0", "uv": [ 0.0, 0.0, 2.8, 16.0 ] },
                "east": { "texture": "#0", "uv": [ 0.0, 0.0, 1.0, 16.0 ] },
                "south": { "texture": "#0", "uv": [ 0.0, 0.0, 2.8, 16.0 ] },
                "west": { "texture": "#0", "uv": [ 0.0, 0.0, 1.0, 16.0 ] },
                "up": { "texture": "#0", "uv": [ 0.0, 0.0, 2.8, 1.0 ] },
                "down": { "texture": "#0", "uv": [ 0.0, 15.0, 2.8, 16.0 ] }
            }
        },
        {
            "name": "Cube",
            "from": [ 9.9, 2.0, -4.2 ], 
            "to": [ 12.7, 18.0, -3.2 ], 
            "rotation": { "origin": [ 0.0, 0.0, 0.0 ], "axis": "y", "angle": -45.0 },
            "faces": {
                "north": { "texture": "#0", "uv": [ 0.0, 0.0, 2.8, 16.0 ] },
                "east": { "texture": "#0", "uv": [ 0.0, 0.0, 1.0, 16.0 ] },
                "south": { "texture": "#0", "uv": [ 0.0, 0.0, 2.8, 16.0 ] },
                "west": { "texture": "#0", "uv": [ 0.0, 0.0, 1.0, 16.0 ] },
                "up": { "texture": "#0", "uv": [ 0.0, 0.0, 2.8, 1.0 ] },
                "down": { "texture": "#0", "uv": [ 0.0, 15.0, 2.8, 16.0 ] }
            }
        },
        {
            "name": "Cube",
            "from": [ 10.0, 2.0, 10.0 ], 
            "to": [ 11.0, 3.0, 11.0 ], 
            "faces": {
                "north": { "texture": "#0", "uv": [ 0.0, 15.0, 1.0, 16.0 ] },
                "east": { "texture": "#0", "uv": [ 0.0, 15.0, 1.0, 16.0 ] },
                "south": { "texture": "#0", "uv": [ 0.0, 15.0, 1.0, 16.0 ] },
                "west": { "texture": "#0", "uv": [ 0.0, 15.0, 1.0, 16.0 ] },
                "up": { "texture": "#0", "uv": [ 0.0, 15.0, 1.0, 16.0 ] },
                "down": { "texture": "#0", "uv": [ 0.0, 15.0, 1.0, 16.0 ] }
            }
        },
        {
            "name": "Cube",
            "from": [ 5.0, 2.0, 10.0 ], 
            "to": [ 6.0, 3.0, 11.0 ], 
            "faces": {
                "north": { "texture": "#0", "uv": [ 0.0, 15.0, 1.0, 16.0 ] },
                "east": { "texture": "#0", "uv": [ 0.0, 15.0, 1.0, 16.0 ] },
                "south": { "texture": "#0", "uv": [ 0.0, 15.0, 1.0, 16.0 ] },
                "west": { "texture": "#0", "uv": [ 0.0, 15.0, 1.0, 16.0 ] },
                "up": { "texture": "#0", "uv": [ 0.0, 15.0, 1.0, 16.0 ] },
                "down": { "texture": "#0", "uv": [ 0.0, 15.0, 1.0, 16.0 ] }
            }
        },
        {
            "name": "Cube",
            "from": [ 5.0, 2.0, 5.0 ], 
            "to": [ 6.0, 3.0, 6.0 ], 
            "faces": {
                "north": { "texture": "#0", "uv": [ 0.0, 15.0, 1.0, 16.0 ] },
                "east": { "texture": "#0", "uv": [ 0.0, 15.0, 1.0, 16.0 ] },
                "south": { "texture": "#0", "uv": [ 0.0, 15.0, 1.0, 16.0 ] },
                "west": { "texture": "#0", "uv": [ 0.0, 15.0, 1.0, 16.0 ] },
                "up": { "texture": "#0", "uv": [ 0.0, 15.0, 1.0, 16.0 ] },
                "down": { "texture": "#0", "uv": [ 0.0, 15.0, 1.0, 16.0 ] }
            }
        },
        {
            "name": "Cube",
            "from": [ 10.0, 2.0, 5.0 ], 
            "to": [ 11.0, 3.0, 6.0 ], 
            "faces": {
                "north": { "texture": "#0", "uv": [ 0.0, 15.0, 1.0, 16.0 ] },
                "east": { "texture": "#0", "uv": [ 0.0, 15.0, 1.0, 16.0 ] },
                "south": { "texture": "#0", "uv": [ 0.0, 15.0, 1.0, 16.0 ] },
                "west": { "texture": "#0", "uv": [ 0.0, 15.0, 1.0, 16.0 ] },
                "up": { "texture": "#0", "uv": [ 0.0, 15.0, 1.0, 16.0 ] },
                "down": { "texture": "#0", "uv": [ 0.0, 15.0, 1.0, 16.0 ] }
            }
        }
    ]
}