{
	"credit": "Model made by dragonmaster95 with Blockbench, a free, modern block model editor by JannisX11",
	"textures": {
		"0": "minigames/kw/carpet_and_door",
		"particle": "minigames/kw/carpet_and_door"
	},
	"elements": [
		{
			"name": "s",
			"from": [-16, 16, -16],
			"to": [32, 17, 16],
			"faces": {
				"east": {"uv": [0.016, 0.016, 0.25, 15.984], "texture": "#0", "rotation": 270, "cullface": "up"},
				"west": {"uv": [0.016, 0.016, 0.25, 15.984], "texture": "#0", "rotation": 270, "cullface": "up"},
				"up": {"uv": [0, 8, 7.96797, 15.96797], "texture": "#0", "cullface": "up"}
			}
		}
	]
}