{
	"credit": "Model made by dragonmaster95 with Blockbench, a free, modern block model editor by JannisX11",
	"parent": "block/block",
	"textures": {
		"0": "minigames/kw/carpet_and_door",
		"particle": "minigames/kw/carpet_and_door"
	},
	"elements": [
		{
			"from": [-16, -16, 0],
			"to": [32, 32, 16],
			"faces": {
				"north": {"uv": [8, 0, 16, 16], "texture": "#0"},
				"east": {"uv": [8.25, 0, 9.75, 16], "texture": "#0"},
				"south": {"uv": [16, 0, 8, 16], "texture": "#0"},
				"west": {"uv": [9.75, 0, 8.25, 16], "texture": "#0"},
				"up": {"uv": [8, 0.25, 16, 2.25], "texture": "#0", "rotation": 180},
				"down": {"uv": [8, 0.25, 16, 2.25], "texture": "#0"}
			}
		}
	],
	"display": {
		"thirdperson_righthand": {
			"scale": [1.5, 2.33333, 1],
			"translation": [-2, -2, -4],
			"rotation": [90, 0, 0]
		},
		"thirdperson_lefthand": {
			"scale": [1.5, 2.33333, 1],
			"rotation": [90, 180, 0],
			"translation": [-2, -2, -4]
		}
	}
}