{
	"credit": "Model made by dragonmaster95 with Blockbench, a free, modern block model editor by JannisX11",
	"textures": {
		"0": "minigames/kw/key",
		"particle": "minigames/kw/key"
	},
	"elements": [
		{
			"from": [4, 0, 7],
			"to": [8, 1, 9],
			"rotation": {"angle": -22.5, "axis": "z", "origin": [8, 0, 9]},
			"faces": {
				"north": {"uv": [0, 15, 1, 16], "texture": "#0"},
				"south": {"uv": [0, 15, 1, 16], "texture": "#0"},
				"down": {"uv": [0, 15, 1, 16], "texture": "#0", "rotation": 180}
			}
		},
		{
			"from": [10.19552, 1.53073, 6.995],
			"to": [11.69552, 4.53073, 9.005],
			"rotation": {"angle": -22.5, "axis": "z", "origin": [11.69552, 1.53073, 7]},
			"faces": {
				"north": {"uv": [0, 8.5, 1, 15], "texture": "#0"},
				"east": {"uv": [0, 8.5, 1, 15], "texture": "#0"},
				"south": {"uv": [0, 8.5, 1, 15], "texture": "#0"}
			}
		},
		{
			"from": [8, 0, 7],
			"to": [12, 1, 9],
			"rotation": {"angle": 22.5, "axis": "z", "origin": [8, 0, 7]},
			"faces": {
				"north": {"uv": [0, 16, 1, 16], "texture": "#0"},
				"south": {"uv": [0, 15, 1, 16], "texture": "#0"},
				"down": {"uv": [0, 15, 1, 16], "texture": "#0"}
			}
		},
		{
			"from": [9, 7.60474, 6.995],
			"to": [12, 8.60474, 9.005],
			"rotation": {"angle": -22.5, "axis": "z", "origin": [8, 8.60474, 7]},
			"faces": {
				"north": {"uv": [0, 2, 1, 3.8], "texture": "#0", "rotation": 90},
				"south": {"uv": [0, 2, 1, 3.8], "texture": "#0", "rotation": 270},
				"up": {"uv": [0, 2, 1, 3.8], "texture": "#0", "rotation": 270}
			}
		},
		{
			"from": [10.69552, 4.07401, 7],
			"to": [11.69552, 7.07401, 9],
			"rotation": {"angle": 22.5, "axis": "z", "origin": [11.69552, 7.07401, 7]},
			"faces": {
				"north": {"uv": [0, 3.8, 1, 10.3], "texture": "#0"},
				"east": {"uv": [0, 3.8, 1, 10.3], "texture": "#0"},
				"south": {"uv": [0, 3.8, 1, 10.3], "texture": "#0"}
			}
		},
		{
			"from": [5.56097, 1, 6.99],
			"to": [10.42683, 7.59756, 9.01],
			"rotation": {"angle": 0, "axis": "z", "origin": [8, 0, 7]},
			"faces": {
				"north": {"uv": [0, 2.80547, 1, 15.99997], "texture": "#0"},
				"east": {"uv": [0, 2.80547, 1, 15.99997], "texture": "#0"},
				"south": {"uv": [0, 2.80547, 1, 15.99997], "texture": "#0"},
				"west": {"uv": [0, 2.80547, 1, 15.99997], "texture": "#0"},
				"up": {"uv": [0, 2.80547, 1, 2.99922], "texture": "#0"},
				"down": {"uv": [0, 15.80547, 1, 15.99922], "texture": "#0"}
			}
		},
		{
			"from": [4.29878, 1.56098, 6.99],
			"to": [11.70122, 7.01219, 9.01],
			"rotation": {"angle": 0, "axis": "z", "origin": [8, 0, 7]},
			"faces": {
				"north": {"uv": [0, 4, 1, 14.88], "texture": "#0"},
				"east": {"uv": [0, 4, 1, 14.88], "texture": "#0"},
				"south": {"uv": [0, 4, 1, 14.88], "texture": "#0"},
				"west": {"uv": [0, 4, 1, 14.88], "texture": "#0"},
				"up": {"uv": [0, 4.36484, 1, 4.66563], "texture": "#0"},
				"down": {"uv": [0, 14.36484, 1, 14.66563], "texture": "#0"}
			}
		},
		{
			"from": [4, 7.60474, 6.995],
			"to": [7, 8.60474, 9.005],
			"rotation": {"angle": 22.5, "axis": "z", "origin": [8, 8.60474, 9]},
			"faces": {
				"north": {"uv": [0, 2, 1, 3.8], "texture": "#0", "rotation": 270},
				"south": {"uv": [0, 2, 1, 3.8], "texture": "#0", "rotation": 90},
				"up": {"uv": [0, 2, 1, 3.8], "texture": "#0", "rotation": 90}
			}
		},
		{
			"from": [4.30448, 4.07401, 7],
			"to": [5.30448, 7.07401, 9],
			"rotation": {"angle": -22.5, "axis": "z", "origin": [4.30448, 7.07401, 9]},
			"faces": {
				"north": {"uv": [0, 3.8, 1, 10.3], "texture": "#0"},
				"south": {"uv": [0, 3.8, 1, 10.3], "texture": "#0"},
				"west": {"uv": [0, 3.8, 1, 10.3], "texture": "#0"}
			}
		},
		{
			"from": [4.30448, 1.53073, 6.995],
			"to": [5.80448, 4.53073, 9.005],
			"rotation": {"angle": 22.5, "axis": "z", "origin": [4.30448, 1.53073, 9]},
			"faces": {
				"north": {"uv": [0, 8.5, 1, 15], "texture": "#0"},
				"south": {"uv": [0, 8.5, 1, 15], "texture": "#0"},
				"west": {"uv": [0, 8.5, 1, 15], "texture": "#0"}
			}
		},
		{
			"from": [7.07612, 7.22206, 6.995],
			"to": [8.92388, 8.22206, 9.005],
			"rotation": {"angle": 0, "axis": "z", "origin": [9.92388, 8.22206, 9]},
			"faces": {
				"north": {"uv": [0, 2, 1, 3], "texture": "#0", "rotation": 270},
				"south": {"uv": [0, 2, 1, 3], "texture": "#0", "rotation": 270},
				"up": {"uv": [0, 2, 1, 3], "texture": "#0", "rotation": 270}
			}
		},
		{
			"from": [5.91145, 13.08128, 7.355],
			"to": [8.94079, 13.92315, 8.645],
			"rotation": {"angle": 22.5, "axis": "z", "origin": [6.19079, 13.04815, 7.22884]},
			"faces": {
				"north": {"uv": [11, 0, 12, 1], "texture": "#0", "rotation": 270},
				"south": {"uv": [11, 0, 12, 1], "texture": "#0", "rotation": 270},
				"up": {"uv": [11, 0, 12, 1], "texture": "#0", "rotation": 270}
			}
		},
		{
			"from": [7.09756, 8, 7.25],
			"to": [8.90244, 17, 8.75],
			"faces": {
				"north": {"uv": [0, 0, 16, 1], "texture": "#0", "rotation": 270},
				"east": {"uv": [0, 0, 16, 1], "texture": "#0", "rotation": 270},
				"south": {"uv": [0, 0, 16, 1], "texture": "#0", "rotation": 270},
				"west": {"uv": [0, 0, 16, 1], "texture": "#0", "rotation": 270},
				"up": {"uv": [15, 0, 16, 1], "texture": "#0", "rotation": 270}
			}
		},
		{
			"from": [5.09756, 15.5, 7.35],
			"to": [7.34756, 17, 8.65],
			"faces": {
				"north": {"uv": [12, 0, 16, 1], "texture": "#0", "rotation": 270},
				"south": {"uv": [12, 0, 16, 1], "texture": "#0", "rotation": 270},
				"west": {"uv": [12, 0, 16, 1], "texture": "#0", "rotation": 270},
				"up": {"uv": [15, 0, 16, 1], "texture": "#0", "rotation": 90},
				"down": {"uv": [8, 1, 9, 2], "texture": "#0", "rotation": 270}
			}
		},
		{
			"from": [5.63764, 15.28145, 7.355],
			"to": [8.66698, 16.62331, 8.645],
			"rotation": {"angle": -22.5, "axis": "z", "origin": [5.91698, 16.74831, 7.22884]},
			"faces": {
				"north": {"uv": [12, 0, 13, 1], "texture": "#0", "rotation": 270},
				"south": {"uv": [12, 0, 13, 1], "texture": "#0", "rotation": 270},
				"down": {"uv": [12, 0, 13, 1], "texture": "#0", "rotation": 270}
			}
		},
		{
			"from": [6.13764, 12.78145, 7.355],
			"to": [9.16698, 13.47087, 8.645],
			"rotation": {"angle": -22.5, "axis": "z", "origin": [6.41698, 14.24831, 7.22884]},
			"faces": {
				"north": {"uv": [8, 0, 9, 1], "texture": "#0", "rotation": 270},
				"south": {"uv": [8, 0, 9, 1], "texture": "#0", "rotation": 270},
				"down": {"uv": [8, 0, 9, 1], "texture": "#0", "rotation": 270}
			}
		},
		{
			"from": [5.59756, 13, 7.35],
			"to": [7.84756, 13.75, 8.65],
			"faces": {
				"north": {"uv": [8, 0, 12, 1], "texture": "#0", "rotation": 270},
				"south": {"uv": [8, 0, 12, 1], "texture": "#0", "rotation": 270},
				"west": {"uv": [8, 0, 12, 1], "texture": "#0", "rotation": 270},
				"up": {"uv": [15, 1, 16, 2], "texture": "#0", "rotation": 90},
				"down": {"uv": [8, 1, 9, 2], "texture": "#0", "rotation": 270}
			}
		},
		{
			"from": [1.41355, 0.36562, 7.005],
			"to": [1.82771, 2.75721, 8.995],
			"rotation": {"angle": 0, "axis": "z", "origin": [3.15553, 3.44585, 8.995]},
			"faces": {
				"north": {"uv": [0, 12.62, 1, 15.12], "texture": "#0"},
				"east": {"uv": [0, 12.62, 1, 15.12], "texture": "#0"},
				"south": {"uv": [0, 12.62, 1, 15.12], "texture": "#0"},
				"west": {"uv": [0.475, 8.5, 1.475, 15], "texture": "#0"},
				"down": {"uv": [0, 14.5, 1, 15], "texture": "#0", "rotation": 180}
			}
		},
		{
			"from": [1.82887, 2.17184, 7.005],
			"to": [5.30447, 3.70843, 8.995],
			"rotation": {"angle": 0, "axis": "z", "origin": [3.80447, 2.17184, 8.995]},
			"faces": {
				"north": {"uv": [0, 10, 1, 13.5], "texture": "#0"},
				"south": {"uv": [0, 10, 1, 13.5], "texture": "#0"},
				"down": {"uv": [0, 13, 1, 13.5], "texture": "#0", "rotation": 180}
			}
		},
		{
			"from": [0.40553, 3.29951, 7],
			"to": [5.15553, 4.44585, 9],
			"rotation": {"angle": 22.5, "axis": "z", "origin": [3.65553, 3.44585, 8.995]},
			"faces": {
				"north": {"uv": [0, 8.5, 1, 11], "texture": "#0"},
				"south": {"uv": [0, 8.5, 1, 11], "texture": "#0"},
				"west": {"uv": [0, 8.5, 1, 11], "texture": "#0"},
				"up": {"uv": [0, 8.5, 1, 9], "texture": "#0", "rotation": 180},
				"down": {"uv": [15, 12.5, 16, 13.5], "texture": "#0", "rotation": 180}
			}
		},
		{
			"from": [0.40553, 1.45805, 7],
			"to": [0.75309, 3.29951, 9],
			"rotation": {"angle": 22.5, "axis": "z", "origin": [3.65553, 3.44585, 8.995]},
			"faces": {
				"north": {"uv": [0, 13, 1, 14.85], "texture": "#0"},
				"south": {"uv": [0, 13, 1, 14.85], "texture": "#0"},
				"west": {"uv": [0, 13, 1, 14.85], "texture": "#0"}
			}
		},
		{
			"from": [0.75396, 2.28699, 7],
			"to": [1.18957, 3.30317, 9],
			"rotation": {"angle": 22.5, "axis": "z", "origin": [3.66518, 3.44553, 9.00466]},
			"faces": {
				"north": {"uv": [0, 13, 1, 14.02], "texture": "#0"},
				"south": {"uv": [0, 13, 1, 14.02], "texture": "#0"}
			}
		},
		{
			"from": [14.17229, 0.36562, 7.005],
			"to": [14.58645, 2.75721, 8.995],
			"rotation": {"angle": 0, "axis": "z", "origin": [12.84447, 3.44585, 7.005]},
			"faces": {
				"north": {"uv": [0, 12.62, 1, 15.12], "texture": "#0"},
				"east": {"uv": [0.475, 8.5, 1.475, 15], "texture": "#0"},
				"south": {"uv": [0, 12.62, 1, 15.12], "texture": "#0"},
				"west": {"uv": [0, 12.62, 1, 15.12], "texture": "#0"},
				"down": {"uv": [0, 14.5, 1, 15], "texture": "#0"}
			}
		},
		{
			"from": [10.69553, 2.17184, 7.005],
			"to": [14.17113, 3.70843, 8.995],
			"rotation": {"angle": 0, "axis": "z", "origin": [12.19553, 2.17184, 7.005]},
			"faces": {
				"north": {"uv": [0, 10, 1, 13.5], "texture": "#0"},
				"south": {"uv": [0, 10, 1, 13.5], "texture": "#0"},
				"down": {"uv": [0, 13, 1, 13.5], "texture": "#0"}
			}
		},
		{
			"from": [10.84447, 3.29951, 7],
			"to": [15.59447, 4.44585, 9],
			"rotation": {"angle": -22.5, "axis": "z", "origin": [12.34447, 3.44585, 7.005]},
			"faces": {
				"north": {"uv": [0, 8.5, 1, 11], "texture": "#0"},
				"east": {"uv": [0, 8.5, 1, 11], "texture": "#0"},
				"south": {"uv": [0, 8.5, 1, 11], "texture": "#0"},
				"up": {"uv": [0, 8.5, 1, 9], "texture": "#0"},
				"down": {"uv": [15, 12.5, 16, 13.5], "texture": "#0"}
			}
		},
		{
			"from": [15.24691, 1.45805, 7],
			"to": [15.59447, 3.29951, 9],
			"rotation": {"angle": -22.5, "axis": "z", "origin": [12.34447, 3.44585, 7.005]},
			"faces": {
				"north": {"uv": [0, 13, 1, 14.85], "texture": "#0"},
				"east": {"uv": [0, 13, 1, 14.85], "texture": "#0"},
				"south": {"uv": [0, 13, 1, 14.85], "texture": "#0"}
			}
		},
		{
			"from": [14.81043, 2.28699, 7],
			"to": [15.24604, 3.30317, 9],
			"rotation": {"angle": -22.5, "axis": "z", "origin": [12.33482, 3.44553, 6.99534]},
			"faces": {
				"north": {"uv": [0, 13, 1, 14.02], "texture": "#0"},
				"south": {"uv": [0, 13, 1, 14.02], "texture": "#0"}
			}
		}
	],
	"display": {
		"head": {
			"scale": [2, 1.6, 2],
			"translation": [0, 32, 0]
		},
		"thirdperson_righthand": {
			"scale": [0.001, 1.3, 1.6],
			"rotation": [90, 0, 40],
			"translation": [-10, 1, 6]
		},
		"thirdperson_lefthand": {
			"scale": [1.6, 1.3, 1.6],
			"rotation": [90, 0, 40],
			"translation": [-9, 1, 7]
		},
		"firstperson_lefthand": {
			"scale": [0.001, 1, 1]
		},
		"ground": {
			"scale": [2, 1.6, 2],
			"translation": [0, 7, 0]
		},
		"gui": {
			"rotation": [19, 20, 180]
		}
	},
	"groups": [
		{
			"name": "group",
			"isOpen": true,
			"shade": true,
			"display": {
				"visibility": true,
				"autouv": false
			},
			"children": [0, 1, 2, 3, 4, 5, 6, 7, 8, 9, 10]
		},
		{
			"name": "group",
			"isOpen": true,
			"shade": true,
			"display": {
				"visibility": true,
				"autouv": false
			},
			"children": [11, 12, 13, 14, 15, 16]
		},
		{
			"name": "group",
			"isOpen": true,
			"shade": true,
			"display": {
				"visibility": true,
				"autouv": false
			},
			"children": [17, 18, 19, 20, 21]
		},
		{
			"name": "group",
			"isOpen": true,
			"shade": true,
			"display": {
				"visibility": true,
				"autouv": false
			},
			"children": [22, 23, 24, 25, 26]
		}
	]
}