{
	"credit": "Made with Blockbench by dragonmaster95",
	"textures": {
		"0": "minigames/kw/lamp",
		"particle": "minigames/kw/lamp"
	},
	"elements": [
		{
			"from": [6.6667, 13.6668, 0.66665],
			"to": [9.3333, 16.3334, 6.6665],
			"faces": {
				"east": {"uv": [14.5, 1, 15.5, 6], "texture": "#0"},
				"west": {"uv": [14.5, 1, 15.5, 6], "texture": "#0"},
				"up": {"uv": [14.5, 0.5, 15.5, 1.5], "texture": "#0"},
				"down": {"uv": [15.5, 5.5, 16, 6.5], "texture": "#0"}
			}
		},
		{
			"from": [6.6667, 16.3334, 6.6665],
			"to": [9.3333, 19, 9.3331],
			"faces": {
				"north": {"uv": [14.5, 0.5, 15.5, 1.5], "texture": "#0"},
				"east": {"uv": [14.5, 1.032, 15.5, 5.968], "rotation": 90, "texture": "#0"},
				"south": {"uv": [15.5, 5.5, 16, 6.5], "texture": "#0"},
				"west": {"uv": [14.5, 1.032, 15.5, 5.968], "rotation": 270, "texture": "#0"}
			}
		},
		{
			"from": [6.66803, 14.28608, 5.60477],
			"to": [9.33197, 18.05721, 7.83804],
			"rotation": {"angle": 45, "axis": "x", "origin": [8, 15.39061, 6.50474]},
			"faces": {
				"north": {"uv": [14.5, 0.5, 15.5, 1.5], "texture": "#0"},
				"east": {"uv": [14.5, 0.1, 15.5, 5.95], "rotation": 90, "texture": "#0"},
				"south": {"uv": [15.5, 5.5, 16, 6.5], "texture": "#0"},
				"west": {"uv": [14.5, 0.1, 15.5, 5.95], "rotation": 270, "texture": "#0"}
			}
		},
		{
			"name": "octagon",
			"from": [9.06664, 22.9999, 7.33707],
			"to": [9.59996, 25.6665, 8.66253],
			"rotation": {"angle": 45, "axis": "y", "origin": [8, 24.66653, 7.9998]},
			"faces": {
				"east": {"uv": [13.5, 15.1, 15, 15.9], "rotation": 270, "texture": "#0"},
				"west": {"uv": [15.5, 15.5, 16, 16], "texture": "#0"},
				"up": {"uv": [15.5, 15.5, 16, 16], "texture": "#0"}
			}
		},
		{
			"name": "octagon",
			"from": [7.33727, 22.9999, 9.06644],
			"to": [8.66268, 25.6665, 9.59976],
			"faces": {
				"north": {"uv": [15.5, 15.5, 16, 16], "texture": "#0"},
				"south": {"uv": [13.5, 15.1, 15, 15.9], "rotation": 270, "texture": "#0"},
				"up": {"uv": [15.5, 15.5, 16, 16], "texture": "#0"}
			}
		},
		{
			"name": "octagon",
			"from": [7.33727, 22.9999, 9.06644],
			"to": [8.66273, 25.6665, 9.59976],
			"rotation": {"angle": 45, "axis": "y", "origin": [8, 24.66653, 7.9998]},
			"faces": {
				"north": {"uv": [15.5, 15.5, 16, 16], "texture": "#0"},
				"south": {"uv": [13.5, 15.1, 15, 15.9], "rotation": 270, "texture": "#0"},
				"up": {"uv": [15.5, 15.5, 16, 16], "texture": "#0"}
			}
		},
		{
			"name": "octagon",
			"from": [6.40004, 22.9999, 7.33707],
			"to": [6.93336, 25.6665, 8.66253],
			"faces": {
				"east": {"uv": [15.5, 15.5, 16, 16], "texture": "#0"},
				"west": {"uv": [13.5, 15.1, 15, 15.9], "rotation": 270, "texture": "#0"},
				"up": {"uv": [15.5, 15.5, 16, 16], "texture": "#0"}
			}
		},
		{
			"name": "octagon",
			"from": [6.40004, 22.9999, 7.33707],
			"to": [6.93336, 25.6665, 8.66253],
			"rotation": {"angle": 45, "axis": "y", "origin": [8, 24.66653, 7.9998]},
			"faces": {
				"east": {"uv": [15.5, 15.5, 16, 16], "rotation": 180, "texture": "#0"},
				"west": {"uv": [13.5, 15.1, 15, 15.9], "rotation": 270, "texture": "#0"},
				"up": {"uv": [15.5, 15.5, 16, 16], "texture": "#0"}
			}
		},
		{
			"name": "octagon",
			"from": [7.33727, 22.9999, 6.39984],
			"to": [8.66268, 25.6665, 6.93316],
			"faces": {
				"north": {"uv": [13.5, 15.1, 15, 15.9], "rotation": 270, "texture": "#0"},
				"south": {"uv": [15.5, 15.5, 16, 16], "texture": "#0"},
				"up": {"uv": [15.5, 15.5, 16, 16], "texture": "#0"}
			}
		},
		{
			"name": "octagon",
			"from": [7.33727, 22.9999, 6.39984],
			"to": [8.66273, 25.6665, 6.93316],
			"rotation": {"angle": 45, "axis": "y", "origin": [8, 24.66653, 7.9998]},
			"faces": {
				"north": {"uv": [13.5, 15.1, 15, 15.9], "rotation": 270, "texture": "#0"},
				"south": {"uv": [15.5, 15.5, 16, 16], "texture": "#0"},
				"up": {"uv": [15.5, 15.5, 16, 16], "texture": "#0"}
			}
		},
		{
			"name": "octagon",
			"from": [9.06664, 22.9999, 7.33707],
			"to": [9.59996, 25.6665, 8.66253],
			"faces": {
				"east": {"uv": [13.5, 15.1, 15, 15.9], "rotation": 270, "texture": "#0"},
				"west": {"uv": [15.5, 15.5, 16, 16], "rotation": 90, "texture": "#0"},
				"up": {"uv": [15.5, 15.5, 16, 16], "texture": "#0"}
			}
		},
		{
			"name": "octagon",
			"from": [7.17159, 13.00015, 0],
			"to": [8.82841, 17.00005, 0.66665],
			"rotation": {"angle": 45, "axis": "z", "origin": [8, 15.0001, 0.66665]},
			"faces": {
				"north": {"uv": [15.5, 15.5, 16, 16], "texture": "#0"},
				"south": {"uv": [15.5, 15.5, 16, 16], "texture": "#0"},
				"up": {"uv": [15.5, 15.5, 16, 16], "texture": "#0"},
				"down": {"uv": [15.5, 15.5, 16, 16], "texture": "#0"}
			}
		},
		{
			"name": "octagon",
			"from": [7.17159, 13.00015, 0],
			"to": [8.82841, 17.00005, 0.66665],
			"faces": {
				"north": {"uv": [15.5, 15.5, 16, 16], "texture": "#0"},
				"south": {"uv": [15.5, 15.5, 16, 16], "texture": "#0"},
				"up": {"uv": [15.5, 15.5, 16, 16], "texture": "#0"},
				"down": {"uv": [15.5, 15.5, 16, 16], "texture": "#0"}
			}
		},
		{
			"name": "octagon",
			"from": [6.00005, 14.17169, 0],
			"to": [9.99995, 15.82851, 0.66665],
			"rotation": {"angle": 45, "axis": "z", "origin": [8, 15.0001, 0.66665]},
			"faces": {
				"north": {"uv": [15.5, 15.5, 16, 16], "texture": "#0"},
				"east": {"uv": [15.5, 15.5, 16, 16], "texture": "#0"},
				"south": {"uv": [15.5, 15.5, 16, 16], "texture": "#0"},
				"west": {"uv": [15.5, 15.5, 16, 16], "texture": "#0"}
			}
		},
		{
			"name": "octagon",
			"from": [6.00005, 14.17169, 0],
			"to": [9.99995, 15.82851, 0.66665],
			"faces": {
				"north": {"uv": [15.5, 15.5, 16, 16], "texture": "#0"},
				"east": {"uv": [15.5, 15.5, 16, 16], "texture": "#0"},
				"south": {"uv": [15.5, 15.5, 16, 16], "texture": "#0"},
				"west": {"uv": [15.5, 15.5, 16, 16], "texture": "#0"}
			}
		},
		{
			"name": "octagon",
			"from": [6.00005, 18.33335, 7.17139],
			"to": [9.99995, 23.21323, 8.82821],
			"rotation": {"angle": 45, "axis": "y", "origin": [8, 19, 7.9998]},
			"faces": {
				"east": {"uv": [15, 8, 16, 16], "texture": "#0"},
				"west": {"uv": [5, 8, 10, 16], "texture": "#0"},
				"up": {"uv": [5, 8, 10, 9], "rotation": 90, "texture": "#0"},
				"down": {"uv": [15.5, 15.5, 16, 16], "texture": "#0"}
			}
		},
		{
			"name": "octagon",
			"from": [7.17159, 18.33335, 5.99985],
			"to": [8.82835, 23.21323, 9.99975],
			"faces": {
				"north": {"uv": [15, 8, 16, 16], "texture": "#0"},
				"south": {"uv": [15, 8, 16, 16], "texture": "#0"},
				"down": {"uv": [15.5, 15.5, 16, 16], "texture": "#0"}
			}
		},
		{
			"name": "octagon",
			"from": [7.17159, 18.33335, 5.99985],
			"to": [8.82841, 23.21323, 9.99975],
			"rotation": {"angle": 45, "axis": "y", "origin": [8, 19, 7.9998]},
			"faces": {
				"north": {"uv": [5, 8, 10, 16], "texture": "#0"},
				"south": {"uv": [15, 8, 16, 16], "texture": "#0"},
				"up": {"uv": [5, 8, 10, 9], "rotation": 180, "texture": "#0"},
				"down": {"uv": [15.5, 15.5, 16, 16], "texture": "#0"}
			}
		},
		{
			"name": "octagon",
			"from": [6.00005, 18.33335, 7.17139],
			"to": [9.99995, 23.21323, 8.82821],
			"faces": {
				"east": {"uv": [15, 8, 16, 16], "texture": "#0"},
				"west": {"uv": [15, 8, 16, 16], "texture": "#0"},
				"up": {"uv": [15, 8, 16, 9], "rotation": 180, "texture": "#0"},
				"down": {"uv": [15.5, 15.5, 16, 16], "texture": "#0"}
			}
		},
		{
			"name": "hexadecagon",
			"from": [7.43493, 19.30066, 5.14584],
			"to": [8.57217, 22.79071, 10.86312],
			"rotation": {"angle": -45, "axis": "y", "origin": [8.00355, 21.24174, 8.00448]},
			"faces": {
				"north": {"uv": [10, 8, 13, 14], "texture": "#0"},
				"south": {"uv": [10, 8, 13, 14], "texture": "#0"},
				"up": {"uv": [3, 8, 8, 9], "rotation": 180, "texture": "#0"},
				"down": {"uv": [6, 4.97, 9, 6.03], "rotation": 180, "texture": "#0"}
			}
		},
		{
			"name": "hexadecagon",
			"from": [7.43493, 19.29999, 5.14584],
			"to": [8.57217, 22.79004, 10.86312],
			"rotation": {"angle": -22.5, "axis": "y", "origin": [8.00355, 21.24174, 8.00448]},
			"faces": {
				"north": {"uv": [1, 8, 4, 14], "texture": "#0"},
				"south": {"uv": [1, 8, 4, 14], "texture": "#0"},
				"up": {"uv": [1, 8, 4, 9], "rotation": 180, "texture": "#0"},
				"down": {"uv": [8, 4.97, 11, 6.03], "rotation": 180, "texture": "#0"}
			}
		},
		{
			"name": "hexadecagon",
			"from": [7.43493, 19.29999, 5.14584],
			"to": [8.57217, 22.79004, 10.86312],
			"rotation": {"angle": 22.5, "axis": "y", "origin": [8.00355, 21.24174, 8.00448]},
			"faces": {
				"north": {"uv": [5, 8, 8, 14], "texture": "#0"},
				"south": {"uv": [5, 8, 8, 14], "texture": "#0"},
				"up": {"uv": [7, 8, 10, 9], "rotation": 180, "texture": "#0"},
				"down": {"uv": [8, 4.97, 11, 6.03], "rotation": 180, "texture": "#0"}
			}
		},
		{
			"name": "hexadecagon",
			"from": [7.43493, 19.30066, 5.14584],
			"to": [8.57217, 22.79071, 10.86312],
			"rotation": {"angle": 45, "axis": "y", "origin": [8.00355, 21.24174, 8.00448]},
			"faces": {
				"north": {"uv": [10, 8, 13, 14], "texture": "#0"},
				"south": {"uv": [10, 8, 13, 14], "texture": "#0"},
				"up": {"uv": [3, 8, 8, 9], "rotation": 180, "texture": "#0"},
				"down": {"uv": [6, 4.97, 9, 6.03], "rotation": 180, "texture": "#0"}
			}
		},
		{
			"name": "hexadecagon",
			"from": [5.14492, 19.29999, 7.43587],
			"to": [10.86218, 22.79004, 8.57309],
			"rotation": {"angle": -22.5, "axis": "y", "origin": [8.00355, 21.24174, 8.00448]},
			"faces": {
				"east": {"uv": [1, 8, 4, 14], "texture": "#0"},
				"west": {"uv": [1, 8, 4, 14], "texture": "#0"},
				"up": {"uv": [1, 8, 4, 9], "rotation": 90, "texture": "#0"},
				"down": {"uv": [9, 4.97, 12, 6.03], "rotation": 270, "texture": "#0"}
			}
		},
		{
			"name": "hexadecagon",
			"from": [5.14492, 19.29999, 7.43587],
			"to": [10.86218, 22.79004, 8.57309],
			"rotation": {"angle": 22.5, "axis": "y", "origin": [8.00355, 21.24174, 8.00448]},
			"faces": {
				"east": {"uv": [5, 8, 8, 14], "texture": "#0"},
				"west": {"uv": [5, 8, 8, 14], "texture": "#0"},
				"up": {"uv": [7, 8, 10, 9], "rotation": 270, "texture": "#0"},
				"down": {"uv": [9, 4.97, 12, 6.03], "rotation": 90, "texture": "#0"}
			}
		},
		{
			"name": "hexadecagon",
			"from": [7.16962, 20.74669, 3.82789],
			"to": [8.83915, 21.7368, 12.17608],
			"rotation": {"angle": -45, "axis": "y", "origin": [8.0052, 21.24174, 7.99689]},
			"faces": {
				"north": {"uv": [4, 10, 7, 11], "texture": "#0"},
				"south": {"uv": [4, 10, 7, 11], "texture": "#0"},
				"up": {"uv": [4, 10, 7, 11], "texture": "#0"},
				"down": {"uv": [1, 10, 4, 11], "texture": "#0"}
			}
		},
		{
			"name": "hexadecagon",
			"from": [7.17389, 20.74669, 3.82732],
			"to": [8.82981, 21.7368, 12.17816],
			"rotation": {"angle": -22.5, "axis": "y", "origin": [8.0052, 21.24174, 8.00271]},
			"faces": {
				"north": {"uv": [8, 10, 11, 11], "texture": "#0"},
				"south": {"uv": [8, 10, 11, 11], "texture": "#0"},
				"up": {"uv": [4, 10, 7, 11], "texture": "#0"},
				"down": {"uv": [4, 10, 7, 11], "texture": "#0"}
			}
		},
		{
			"name": "hexadecagon",
			"from": [7.16859, 20.74669, 3.82144],
			"to": [8.82817, 21.7368, 12.17004],
			"rotation": {"angle": 22.5, "axis": "y", "origin": [8.0052, 21.24174, 7.99689]},
			"faces": {
				"north": {"uv": [4, 10, 7, 11], "texture": "#0"},
				"south": {"uv": [1, 10, 4, 11], "texture": "#0"},
				"up": {"uv": [4, 10, 7, 11], "texture": "#0"},
				"down": {"uv": [8, 10, 11, 11], "texture": "#0"}
			}
		},
		{
			"name": "hexadecagon",
			"from": [7.17021, 20.74669, 3.81913],
			"to": [8.83015, 21.7368, 12.16843],
			"rotation": {"angle": 45, "axis": "y", "origin": [8.0052, 21.24174, 7.99689]},
			"faces": {
				"north": {"uv": [4, 10, 7, 11], "texture": "#0"},
				"south": {"uv": [4, 10, 7, 11], "texture": "#0"},
				"up": {"uv": [1, 10, 4, 11], "texture": "#0"},
				"down": {"uv": [1, 10, 4, 11], "texture": "#0"}
			}
		},
		{
			"name": "hexadecagon",
			"from": [3.8259, 20.74669, 7.16955],
			"to": [12.17488, 21.7368, 8.82821],
			"rotation": {"angle": -22.5, "axis": "y", "origin": [8.0052, 21.24174, 7.99689]},
			"faces": {
				"east": {"uv": [8, 10, 11, 11], "texture": "#0"},
				"west": {"uv": [8, 10, 11, 11], "texture": "#0"},
				"up": {"uv": [4, 10, 7, 11], "rotation": 90, "texture": "#0"},
				"down": {"uv": [4, 10, 7, 11], "texture": "#0"}
			}
		},
		{
			"name": "hexadecagon",
			"from": [3.82437, 20.74669, 7.16927],
			"to": [12.17488, 21.7368, 8.82423],
			"rotation": {"angle": 22.5, "axis": "y", "origin": [8.0052, 21.24174, 7.99689]},
			"faces": {
				"east": {"uv": [4, 10, 7, 11], "texture": "#0"},
				"west": {"uv": [1, 10, 4, 11], "texture": "#0"},
				"up": {"uv": [8, 10, 11, 11], "rotation": 90, "texture": "#0"},
				"down": {"uv": [8, 10, 11, 11], "texture": "#0"}
			}
		},
		{
			"name": "hexadecagon",
			"from": [7.2565, 19.97998, 4.23583],
			"to": [8.75286, 22.30325, 11.75855],
			"rotation": {"angle": -45, "axis": "y", "origin": [8.00468, 21.24174, 7.99719]},
			"faces": {
				"north": {"uv": [3, 9.875, 6, 12.225], "texture": "#0"},
				"south": {"uv": [3, 9.875, 6, 12.225], "texture": "#0"},
				"up": {"uv": [0, 0.9725, 3, 2.0275], "texture": "#0"},
				"down": {"uv": [3, 4.955, 6, 6.045], "rotation": 180, "texture": "#0"}
			}
		},
		{
			"name": "hexadecagon",
			"from": [7.2565, 19.98004, 4.23583],
			"to": [8.75286, 22.30345, 11.75855],
			"rotation": {"angle": -22.5, "axis": "y", "origin": [8.00468, 21.24174, 7.99719]},
			"faces": {
				"north": {"uv": [6, 9.875, 9, 12.225], "texture": "#0"},
				"south": {"uv": [6, 9.875, 9, 12.225], "texture": "#0"},
				"up": {"uv": [3, 0.9725, 6, 2.0275], "texture": "#0"},
				"down": {"uv": [0, 4.955, 3, 6.045], "rotation": 180, "texture": "#0"}
			}
		},
		{
			"name": "hexadecagon",
			"from": [7.2565, 19.98004, 4.23583],
			"to": [8.75286, 22.30345, 11.75855],
			"rotation": {"angle": 22.5, "axis": "y", "origin": [8.00468, 21.24174, 7.99719]},
			"faces": {
				"north": {"uv": [0, 9.875, 3, 12.225], "texture": "#0"},
				"south": {"uv": [0, 9.875, 3, 12.225], "texture": "#0"},
				"up": {"uv": [3, 0.9725, 6, 2.0275], "texture": "#0"},
				"down": {"uv": [0, 4.955, 3, 6.045], "rotation": 180, "texture": "#0"}
			}
		},
		{
			"name": "hexadecagon",
			"from": [7.2565, 19.97998, 4.23583],
			"to": [8.75286, 22.30325, 11.75855],
			"rotation": {"angle": 45, "axis": "y", "origin": [8.00468, 21.24174, 7.99719]},
			"faces": {
				"north": {"uv": [3, 9.875, 6, 12.225], "texture": "#0"},
				"south": {"uv": [3, 9.875, 6, 12.225], "texture": "#0"},
				"up": {"uv": [0, 0.9725, 3, 2.0275], "texture": "#0"},
				"down": {"uv": [3, 4.955, 6, 6.045], "rotation": 180, "texture": "#0"}
			}
		},
		{
			"name": "hexadecagon",
			"from": [4.24331, 19.98004, 7.24901],
			"to": [11.76604, 22.30345, 8.74537],
			"rotation": {"angle": -22.5, "axis": "y", "origin": [8.00468, 21.24174, 7.99719]},
			"faces": {
				"east": {"uv": [6, 9.875, 9, 12.225], "texture": "#0"},
				"west": {"uv": [6, 9.875, 9, 12.225], "texture": "#0"},
				"up": {"uv": [3, 0.9725, 6, 2.0275], "rotation": 90, "texture": "#0"},
				"down": {"uv": [2, 4.955, 5, 6.045], "rotation": 270, "texture": "#0"}
			}
		},
		{
			"name": "hexadecagon",
			"from": [4.24331, 19.98004, 7.24901],
			"to": [11.76604, 22.30345, 8.74537],
			"rotation": {"angle": 22.5, "axis": "y", "origin": [8.00468, 21.24174, 7.99719]},
			"faces": {
				"east": {"uv": [0, 9.875, 3, 12.225], "texture": "#0"},
				"west": {"uv": [0, 9.875, 3, 12.225], "texture": "#0"},
				"up": {"uv": [3, 0.9725, 6, 2.0275], "rotation": 90, "texture": "#0"},
				"down": {"uv": [2, 4.955, 5, 6.045], "rotation": 270, "texture": "#0"}
			}
		},
		{
			"name": "octagon",
			"from": [6.00005, 23.59989, 7.17139],
			"to": [9.99995, 24.26653, 8.82821],
			"rotation": {"angle": 45, "axis": "y", "origin": [8, 34.93294, 7.9998]},
			"faces": {
				"east": {"uv": [15.5, 15.5, 16, 16], "rotation": 180, "texture": "#0"},
				"west": {"uv": [15.5, 15.5, 16, 16], "texture": "#0"},
				"up": {"uv": [15.5, 15.5, 16, 16], "texture": "#0"},
				"down": {"uv": [15.5, 15.5, 16, 16], "rotation": 270, "texture": "#0"}
			}
		},
		{
			"name": "octagon",
			"from": [7.17159, 23.59989, 5.99985],
			"to": [8.82835, 24.26653, 9.99975],
			"faces": {
				"north": {"uv": [15.5, 15.5, 16, 16], "rotation": 180, "texture": "#0"},
				"south": {"uv": [15.5, 15.5, 16, 16], "texture": "#0"},
				"up": {"uv": [15.5, 15.5, 16, 16], "texture": "#0"},
				"down": {"uv": [15.5, 15.5, 16, 16], "texture": "#0"}
			}
		},
		{
			"name": "octagon",
			"from": [7.17159, 23.59989, 5.99985],
			"to": [8.82841, 24.26653, 9.99975],
			"rotation": {"angle": 45, "axis": "y", "origin": [8, 34.93294, 7.9998]},
			"faces": {
				"north": {"uv": [15.5, 15.5, 16, 16], "rotation": 90, "texture": "#0"},
				"south": {"uv": [15.5, 15.5, 16, 16], "rotation": 270, "texture": "#0"},
				"up": {"uv": [15.5, 15.5, 16, 16], "texture": "#0"},
				"down": {"uv": [15.5, 15.5, 16, 16], "rotation": 270, "texture": "#0"}
			}
		},
		{
			"name": "octagon",
			"from": [6.00005, 23.59989, 7.17139],
			"to": [9.99995, 24.26653, 8.82821],
			"faces": {
				"east": {"uv": [15.5, 15.5, 16, 16], "rotation": 270, "texture": "#0"},
				"west": {"uv": [15.5, 15.5, 16, 16], "rotation": 90, "texture": "#0"},
				"up": {"uv": [15.5, 15.5, 16, 16], "texture": "#0"},
				"down": {"uv": [15.5, 15.5, 16, 16], "texture": "#0"}
			}
		},
		{
			"name": "octagon",
			"from": [7.83334, 23.59989, 7.83804],
			"to": [8.16666, 26.59981, 8.16156],
			"faces": {
				"north": {"uv": [13.25, 5.25, 13.75, 5.75], "rotation": 90, "texture": "#0"},
				"east": {"uv": [13.25, 5.25, 13.75, 5.75], "rotation": 90, "texture": "#0"},
				"south": {"uv": [13.25, 5.25, 13.75, 5.75], "rotation": 90, "texture": "#0"},
				"west": {"uv": [13.25, 5.25, 13.75, 5.75], "rotation": 90, "texture": "#0"},
				"up": {"uv": [13.25, 5.25, 13.75, 5.75], "rotation": 90, "texture": "#0"}
			}
		},
		{
			"name": "hexadecagon",
			"from": [7.17119, 18.80578, 8.37066],
			"to": [8.83782, 20.46836, 9.69409],
			"rotation": {"angle": -22.5, "axis": "x", "origin": [8.00451, 22.97033, 8.86571]},
			"faces": {
				"east": {"uv": [4, 13, 7, 15], "rotation": 270, "texture": "#0"},
				"west": {"uv": [4, 13, 7, 15], "rotation": 90, "texture": "#0"},
				"down": {"uv": [4, 13, 7, 15], "texture": "#0"}
			}
		},
		{
			"name": "hexadecagon",
			"from": [7.17122, 22.23957, 11.13198],
			"to": [8.83785, 23.22968, 12.79456],
			"rotation": {"angle": 45, "axis": "x", "origin": [8.00451, 22.73463, 8.63001]},
			"faces": {
				"east": {"uv": [4, 12, 7, 14], "texture": "#0"},
				"south": {"uv": [9, 12, 12, 14], "texture": "#0"},
				"west": {"uv": [4, 12, 7, 14], "texture": "#0"}
			}
		},
		{
			"name": "hexadecagon",
			"from": [7.16989, 21.69592, 10.76872],
			"to": [8.83918, 22.3527, 12.4313],
			"rotation": {"angle": 22.5, "axis": "x", "origin": [8.00451, 22.19097, 8.26677]},
			"faces": {
				"north": {"uv": [15, 11, 16, 12], "rotation": 180, "texture": "#0"},
				"east": {"uv": [15, 11, 16, 12], "rotation": 180, "texture": "#0"},
				"south": {"uv": [4, 11, 7, 12], "texture": "#0"},
				"west": {"uv": [15, 11, 16, 12], "rotation": 180, "texture": "#0"}
			}
		},
		{
			"name": "hexadecagon",
			"from": [7.17119, 20.74669, 10.5136],
			"to": [8.83782, 21.7368, 12.17619],
			"faces": {
				"north": {"uv": [15, 10, 16, 11], "rotation": 180, "texture": "#0"},
				"south": {"uv": [10, 10, 13, 11], "texture": "#0"}
			}
		},
		{
			"name": "hexadecagon",
			"from": [7.17119, 20.2069, 11.15139],
			"to": [8.83782, 20.53036, 12.81397],
			"rotation": {"angle": -22.5, "axis": "x", "origin": [8.00451, 19.36866, 8.64944]},
			"faces": {
				"east": {"uv": [4, 10, 7, 11], "texture": "#0"},
				"south": {"uv": [4, 10, 7, 11], "texture": "#0"},
				"west": {"uv": [4, 10, 7, 11], "texture": "#0"}
			}
		},
		{
			"name": "hexadecagon",
			"from": [7.17122, 21.0001, 8.20533],
			"to": [8.83651, 22.66268, 8.86211],
			"rotation": {"angle": 45, "axis": "x", "origin": [8.00451, 18.49813, 9.70036]},
			"faces": {
				"east": {"uv": [4, 9, 7, 11], "texture": "#0"},
				"west": {"uv": [4, 9, 7, 11], "texture": "#0"},
				"up": {"uv": [4, 9, 7, 11], "texture": "#0"}
			}
		},
		{
			"name": "hexadecagon",
			"from": [7.17119, 20.83369, 8.07373],
			"to": [8.83782, 22.49627, 9.93049],
			"rotation": {"angle": 22.5, "axis": "x", "origin": [8.00451, 18.33174, 10.76873]},
			"faces": {
				"east": {"uv": [15, 8, 16, 9], "rotation": 180, "texture": "#0"},
				"west": {"uv": [15, 8, 16, 9], "rotation": 180, "texture": "#0"},
				"up": {"uv": [4, 7, 7, 9], "texture": "#0"}
			}
		},
		{
			"name": "hexadecagon",
			"from": [7.17119, 21.77797, 9.4225],
			"to": [8.83782, 22.56808, 11.21841],
			"rotation": {"angle": -22.5, "axis": "x", "origin": [8.00451, 19.67309, 7.52053]},
			"faces": {
				"east": {"uv": [15, 8, 16, 9], "rotation": 180, "texture": "#0"},
				"south": {"uv": [1, 8, 4, 9], "rotation": 180, "texture": "#0"},
				"west": {"uv": [15, 8, 16, 9], "rotation": 180, "texture": "#0"}
			}
		},
		{
			"name": "hexadecagon",
			"from": [7.16719, 18.80578, 6.3101],
			"to": [8.83382, 20.46836, 7.63353],
			"rotation": {"angle": 22.5, "axis": "x", "origin": [8.00051, 22.97033, 7.13847]},
			"faces": {
				"east": {"uv": [4, 13, 7, 15], "rotation": 90, "texture": "#0"},
				"west": {"uv": [4, 13, 7, 15], "rotation": 270, "texture": "#0"},
				"down": {"uv": [4, 13, 7, 15], "rotation": 180, "texture": "#0"}
			}
		},
		{
			"name": "hexadecagon",
			"from": [7.16722, 18.57008, 6.87912],
			"to": [8.83385, 20.23266, 7.86923],
			"rotation": {"angle": 45, "axis": "x", "origin": [8.00051, 22.73463, 7.37418]},
			"faces": {
				"east": {"uv": [4, 12, 7, 14], "rotation": 90, "texture": "#0"},
				"west": {"uv": [4, 12, 7, 14], "rotation": 270, "texture": "#0"},
				"down": {"uv": [5, 12, 8, 14], "rotation": 180, "texture": "#0"}
			}
		},
		{
			"name": "hexadecagon",
			"from": [7.16589, 21.69592, 3.57288],
			"to": [8.83518, 22.3527, 5.23547],
			"rotation": {"angle": -22.5, "axis": "x", "origin": [8.00051, 22.19097, 7.73742]},
			"faces": {
				"north": {"uv": [4, 11, 7, 12], "texture": "#0"},
				"east": {"uv": [15, 11, 16, 12], "texture": "#0"},
				"west": {"uv": [15, 11, 16, 12], "rotation": 180, "texture": "#0"}
			}
		},
		{
			"name": "hexadecagon",
			"from": [7.16719, 20.74669, 3.828],
			"to": [8.83382, 21.7368, 5.49058],
			"faces": {
				"north": {"uv": [10, 10, 13, 11], "texture": "#0"}
			}
		},
		{
			"name": "hexadecagon",
			"from": [7.16719, 20.2069, 3.19021],
			"to": [8.83382, 20.53036, 4.8528],
			"rotation": {"angle": 22.5, "axis": "x", "origin": [8.00051, 19.36866, 7.35475]},
			"faces": {
				"north": {"uv": [4, 10, 7, 11], "texture": "#0"},
				"east": {"uv": [4, 10, 7, 11], "texture": "#0"},
				"west": {"uv": [4, 10, 7, 11], "texture": "#0"}
			}
		},
		{
			"name": "hexadecagon",
			"from": [7.1685, 19.33638, 2.13928],
			"to": [8.83379, 19.99316, 3.80186],
			"rotation": {"angle": 45, "axis": "x", "origin": [8.00051, 18.49813, 6.30383]},
			"faces": {
				"north": {"uv": [4, 9, 7, 11], "texture": "#0"},
				"east": {"uv": [4, 9, 7, 11], "texture": "#0"},
				"west": {"uv": [4, 9, 7, 11], "texture": "#0"}
			}
		},
		{
			"name": "hexadecagon",
			"from": [7.16719, 20.83369, 6.0737],
			"to": [8.83382, 22.49627, 7.93046],
			"rotation": {"angle": -22.5, "axis": "x", "origin": [8.00051, 18.33174, 5.23546]},
			"faces": {
				"east": {"uv": [15, 8, 16, 9], "rotation": 180, "texture": "#0"},
				"west": {"uv": [15, 8, 16, 9], "rotation": 180, "texture": "#0"},
				"up": {"uv": [4, 7, 7, 9], "rotation": 180, "texture": "#0"}
			}
		},
		{
			"name": "hexadecagon",
			"from": [7.16719, 21.77797, 4.78577],
			"to": [8.83382, 22.56808, 6.58169],
			"rotation": {"angle": 22.5, "axis": "x", "origin": [8.00051, 19.67309, 8.48365]},
			"faces": {
				"north": {"uv": [7, 8, 10, 9], "rotation": 180, "texture": "#0"},
				"east": {"uv": [15, 8, 16, 9], "rotation": 180, "texture": "#0"},
				"west": {"uv": [15, 8, 16, 9], "rotation": 180, "texture": "#0"}
			}
		},
		{
			"name": "hexadecagon",
			"from": [8.36856, 18.80578, 7.16558],
			"to": [9.692, 20.46836, 8.83221],
			"rotation": {"angle": 22.5, "axis": "z", "origin": [8.86362, 22.97033, 7.99889]},
			"faces": {
				"north": {"uv": [4, 13, 7, 15], "rotation": 270, "texture": "#0"},
				"south": {"uv": [4, 13, 7, 15], "rotation": 90, "texture": "#0"},
				"down": {"uv": [8, 13, 11, 15], "rotation": 90, "texture": "#0"}
			}
		},
		{
			"name": "hexadecagon",
			"from": [8.13286, 18.57008, 7.16555],
			"to": [9.12297, 20.23266, 8.83218],
			"rotation": {"angle": 45, "axis": "z", "origin": [8.62792, 22.73463, 7.99889]},
			"faces": {
				"north": {"uv": [4, 12, 7, 14], "rotation": 270, "texture": "#0"},
				"south": {"uv": [4, 12, 7, 14], "rotation": 90, "texture": "#0"},
				"down": {"uv": [5, 12, 8, 14], "rotation": 90, "texture": "#0"}
			}
		},
		{
			"name": "hexadecagon",
			"from": [10.76662, 21.69592, 7.16422],
			"to": [12.42921, 22.3527, 8.83351],
			"rotation": {"angle": -22.5, "axis": "z", "origin": [8.26467, 22.19097, 7.99889]},
			"faces": {
				"north": {"uv": [16, 11, 15, 12], "texture": "#0"},
				"east": {"uv": [4, 11, 7, 12], "texture": "#0"},
				"south": {"uv": [16, 11, 15, 12], "rotation": 180, "texture": "#0"}
			}
		},
		{
			"name": "hexadecagon",
			"from": [10.51151, 20.74669, 7.16558],
			"to": [12.1741, 21.7368, 8.83221],
			"faces": {
				"east": {"uv": [10, 10, 13, 11], "texture": "#0"}
			}
		},
		{
			"name": "hexadecagon",
			"from": [11.14929, 20.2069, 7.16558],
			"to": [12.81188, 20.53036, 8.83221],
			"rotation": {"angle": 22.5, "axis": "z", "origin": [8.64734, 19.36866, 7.99889]},
			"faces": {
				"north": {"uv": [4, 10, 7, 11], "texture": "#0"},
				"east": {"uv": [4, 10, 7, 11], "texture": "#0"},
				"south": {"uv": [4, 10, 7, 11], "texture": "#0"}
			}
		},
		{
			"name": "hexadecagon",
			"from": [12.20023, 19.33638, 7.16561],
			"to": [13.86281, 19.99316, 8.8309],
			"rotation": {"angle": 45, "axis": "z", "origin": [9.69826, 18.49813, 7.99889]},
			"faces": {
				"north": {"uv": [4, 9, 7, 11], "texture": "#0"},
				"east": {"uv": [4, 9, 7, 11], "texture": "#0"},
				"south": {"uv": [4, 9, 7, 11], "texture": "#0"}
			}
		},
		{
			"name": "hexadecagon",
			"from": [8.07164, 20.83369, 7.16558],
			"to": [9.92839, 22.49627, 8.83221],
			"rotation": {"angle": -22.5, "axis": "z", "origin": [10.76664, 18.33174, 7.99889]},
			"faces": {
				"north": {"uv": [16, 8, 15, 9], "rotation": 180, "texture": "#0"},
				"south": {"uv": [16, 8, 15, 9], "rotation": 180, "texture": "#0"},
				"up": {"uv": [4, 7, 7, 9], "rotation": 270, "texture": "#0"}
			}
		},
		{
			"name": "hexadecagon",
			"from": [9.4204, 21.77797, 7.16558],
			"to": [11.21632, 22.56808, 8.83221],
			"rotation": {"angle": 22.5, "axis": "z", "origin": [7.51844, 19.67309, 7.99889]},
			"faces": {
				"north": {"uv": [16, 8, 15, 9], "rotation": 180, "texture": "#0"},
				"east": {"uv": [8, 8, 11, 9], "rotation": 180, "texture": "#0"},
				"south": {"uv": [16, 8, 15, 9], "rotation": 180, "texture": "#0"}
			}
		},
		{
			"name": "hexadecagon",
			"from": [6.308, 18.80578, 7.16558],
			"to": [7.63144, 20.46836, 8.83221],
			"rotation": {"angle": -22.5, "axis": "z", "origin": [7.13638, 22.97033, 7.99889]},
			"faces": {
				"north": {"uv": [4, 13, 7, 15], "rotation": 90, "texture": "#0"},
				"south": {"uv": [4, 13, 7, 15], "rotation": 270, "texture": "#0"},
				"down": {"uv": [4, 13, 7, 15], "rotation": 270, "texture": "#0"}
			}
		},
		{
			"name": "hexadecagon",
			"from": [6.87703, 18.57008, 7.16555],
			"to": [7.86714, 20.23266, 8.83218],
			"rotation": {"angle": -45, "axis": "z", "origin": [7.37208, 22.73463, 7.99889]},
			"faces": {
				"north": {"uv": [4, 12, 7, 14], "rotation": 90, "texture": "#0"},
				"south": {"uv": [4, 12, 7, 14], "rotation": 270, "texture": "#0"},
				"down": {"uv": [4, 12, 7, 14], "rotation": 270, "texture": "#0"}
			}
		},
		{
			"name": "hexadecagon",
			"from": [3.57079, 21.69592, 7.16422],
			"to": [5.23338, 22.3527, 8.83351],
			"rotation": {"angle": 22.5, "axis": "z", "origin": [7.73533, 22.19097, 7.99889]},
			"faces": {
				"north": {"uv": [15, 11, 16, 12], "texture": "#0"},
				"south": {"uv": [15, 11, 16, 12], "rotation": 180, "texture": "#0"},
				"west": {"uv": [4, 11, 7, 12], "texture": "#0"}
			}
		},
		{
			"name": "hexadecagon",
			"from": [3.8259, 20.74669, 7.16558],
			"to": [5.48849, 21.7368, 8.83221],
			"faces": {
				"west": {"uv": [10, 10, 13, 11], "texture": "#0"}
			}
		},
		{
			"name": "hexadecagon",
			"from": [3.18812, 20.2069, 7.16558],
			"to": [4.85071, 20.53036, 8.83221],
			"rotation": {"angle": -22.5, "axis": "z", "origin": [7.35266, 19.36866, 7.99889]},
			"faces": {
				"north": {"uv": [4, 10, 7, 11], "texture": "#0"},
				"south": {"uv": [4, 10, 7, 11], "texture": "#0"},
				"west": {"uv": [4, 10, 7, 11], "texture": "#0"}
			}
		},
		{
			"name": "hexadecagon",
			"from": [2.13719, 19.33638, 7.16561],
			"to": [3.79977, 19.99316, 8.8309],
			"rotation": {"angle": -45, "axis": "z", "origin": [6.30174, 18.49813, 7.99889]},
			"faces": {
				"north": {"uv": [4, 9, 7, 11], "texture": "#0"},
				"south": {"uv": [4, 9, 7, 11], "texture": "#0"},
				"west": {"uv": [4, 9, 7, 11], "texture": "#0"}
			}
		},
		{
			"name": "hexadecagon",
			"from": [6.07161, 20.83369, 7.16558],
			"to": [7.92836, 22.49627, 8.83221],
			"rotation": {"angle": 22.5, "axis": "z", "origin": [5.23336, 18.33174, 7.99889]},
			"faces": {
				"north": {"uv": [15, 8, 16, 9], "rotation": 180, "texture": "#0"},
				"south": {"uv": [15, 8, 16, 9], "rotation": 180, "texture": "#0"},
				"up": {"uv": [4, 7, 7, 9], "rotation": 90, "texture": "#0"}
			}
		},
		{
			"name": "hexadecagon",
			"from": [4.78368, 21.77797, 7.16558],
			"to": [6.5796, 22.56808, 8.83221],
			"rotation": {"angle": -22.5, "axis": "z", "origin": [8.48156, 19.67309, 7.99889]},
			"faces": {
				"north": {"uv": [15, 8, 16, 9], "rotation": 180, "texture": "#0"},
				"south": {"uv": [15, 8, 16, 9], "rotation": 180, "texture": "#0"},
				"west": {"uv": [6, 8, 9, 9], "rotation": 180, "texture": "#0"}
			}
		}
	],
	"groups": [0, 1, 2,
		{
			"name": "octagon",
			"origin": [8, 11, 3],
			"children": [3, 4, 5, 6, 7, 8, 9, 10]
		},
		{
			"name": "octagon",
			"origin": [8, 4, 0],
			"children": [11, 12, 13, 14]
		},
		{
			"name": "octagon",
			"origin": [8, 11, 3],
			"children": [15, 16, 17, 18]
		},
		{
			"name": "hexadecagon",
			"children": [19, 20, 21, 22, 23, 24]
		},
		{
			"name": "hexadecagon",
			"children": [25, 26, 27, 28, 29, 30]
		},
		{
			"name": "hexadecagon",
			"children": [31, 32, 33, 34, 35, 36]
		},
		{
			"name": "octagon",
			"origin": [8, 11, 3],
			"children": [37, 38, 39, 40, 41]
		},
		{
			"name": "hexadecagon",
			"children": [42, 43, 44, 45, 46, 47, 48, 49]
		},
		{
			"name": "hexadecagon",
			"children": [50, 51, 52, 53, 54, 55, 56, 57]
		},
		{
			"name": "hexadecagon",
			"children": [58, 59, 60, 61, 62, 63, 64, 65]
		},
		{
			"name": "hexadecagon",
			"children": [66, 67, 68, 69, 70, 71, 72, 73]
		}
	]
}