{
	"credit": "Model made by dragonmaster95 with Blockbench, a free, modern block model editor by JannisX11",
	"textures": {
		"0": "minigames/kw/spike_koopa",
		"1": "decorations/board/general/bowser/spikes",
		"particle": "minigames/kw/spike_koopa"
	},
	"elements": [
		{
			"name": "spike_top",
			"from": [8, 9, 6.46927],
			"to": [8, 13, 9.53073],
			"rotation": {"angle": 22.5, "axis": "z", "origin": [8, 13, 8]},
			"faces": {
				"east": {"uv": [0, 0, 5.75, 9.75], "texture": "#0"}
			}
		},
		{
			"name": "spike_top",
			"from": [6.46927, 9, 8],
			"to": [9.53073, 13, 8],
			"rotation": {"angle": -22.5, "axis": "x", "origin": [8, 13, 8]},
			"faces": {
				"south": {"uv": [0, 0, 5.75, 9.75], "texture": "#0"}
			}
		},
		{
			"name": "spike_top",
			"from": [8, 9, 6.46927],
			"to": [8, 13, 9.53073],
			"rotation": {"angle": -22.5, "axis": "z", "origin": [8, 13, 8]},
			"faces": {
				"west": {"uv": [0, 0, 5.75, 9.75], "texture": "#0"}
			}
		},
		{
			"name": "spike_top",
			"from": [6.46927, 9, 8],
			"to": [9.53073, 13, 8],
			"rotation": {"angle": 22.5, "axis": "x", "origin": [8, 13, 8]},
			"faces": {
				"north": {"uv": [0, 0, 5.75, 9.75], "texture": "#0"}
			}
		},
		{
			"from": [5.23986, 8.12057, 5.0424],
			"to": [7.79986, 9.37057, 7.0424],
			"rotation": {"angle": 45, "axis": "z", "origin": [6.98986, 8.37057, 7.0424]},
			"faces": {
				"north": {"uv": [14.5, 8.5, 15.75, 10.5], "texture": "#0", "rotation": 270},
				"up": {"uv": [15, 9.25, 16, 10.75], "texture": "#0", "rotation": 270}
			}
		},
		{
			"from": [6.20947, 6.22803, 5.0424],
			"to": [9.30947, 7.91823, 6.46596],
			"rotation": {"angle": 22.5, "axis": "z", "origin": [7.75072, 6.57313, 6.04158]},
			"faces": {
				"north": {"uv": [15.88984, 8.25, 13.75, 12.37969], "texture": "#0", "rotation": 270},
				"east": {"uv": [15, 9.25, 16, 10.75], "texture": "#0"},
				"down": {"uv": [15, 9.25, 16, 10.75], "texture": "#0", "rotation": 90}
			}
		},
		{
			"from": [5.0455, 6.25, 5.0426],
			"to": [6.5455, 7.84, 6.5542],
			"faces": {
				"north": {"uv": [15.57969, 10.60938, 14.82969, 13.75938], "texture": "#0", "rotation": 180},
				"west": {"uv": [15.57969, 10.60938, 14.82969, 13.75938], "texture": "#0"}
			}
		},
		{
			"from": [5.0453, 5.86831, 5.7261],
			"to": [6.46705, 6.45666, 7.2561],
			"rotation": {"angle": 22.5, "axis": "x", "origin": [7.53877, 7.77804, 6.34365]},
			"faces": {
				"west": {"uv": [14.87, 8.5, 15.87, 10.5], "texture": "#0", "rotation": 90},
				"down": {"uv": [15, 9.25, 16, 10.75], "texture": "#0", "rotation": 180}
			}
		},
		{
			"from": [5.95285, 5.8238, 5.0425],
			"to": [7.48285, 6.42142, 6.45818],
			"rotation": {"angle": -22.5, "axis": "z", "origin": [6.57039, 8.31814, 6.95445]},
			"faces": {
				"north": {"uv": [14.87, 8.5, 15.87, 10.5], "texture": "#0", "rotation": 90},
				"down": {"uv": [15, 9.25, 16, 10.75], "texture": "#0", "rotation": 90}
			}
		},
		{
			"name": "spikes",
			"from": [3.42811, 6.105, 7.20842],
			"to": [5.03811, 7.05, 8.15342],
			"rotation": {"angle": -45, "axis": "x", "origin": [4.67811, 6.6, 7.70342]},
			"faces": {
				"south": {"uv": [0.016, 0.016, 7.984, 15.984], "texture": "#1", "rotation": 270},
				"up": {"uv": [7.766, 0.016, 15.734, 15.984], "texture": "#1", "rotation": 270}
			}
		},
		{
			"name": "spikes",
			"from": [3.14566, 6.70434, 7.02842],
			"to": [4.94566, 6.70434, 8.37842],
			"rotation": {"angle": -22.5, "axis": "z", "origin": [4.64566, 6.30434, 7.70342]},
			"faces": {
				"down": {"uv": [0.016, 0.016, 15.734, 15.984], "texture": "#1", "rotation": 270}
			}
		},
		{
			"from": [4.96055, 6.7142, 4.99303],
			"to": [8.11055, 9.0544, 8.14303],
			"faces": {
				"north": {"uv": [8.5, 9.25, 12.63828, 15.37969], "texture": "#0", "rotation": 270},
				"west": {"uv": [12.63828, 9.25, 8.5, 15.62969], "texture": "#0", "rotation": 90}
			}
		},
		{
			"name": "spikes",
			"from": [6.92066, 6.70434, 3.25342],
			"to": [8.27066, 6.70434, 5.05342],
			"rotation": {"angle": 22.5, "axis": "x", "origin": [7.59566, 6.30434, 4.75342]},
			"faces": {
				"down": {"uv": [0.016, 0.016, 15.734, 15.984], "texture": "#1", "rotation": 180}
			}
		},
		{
			"name": "spikes",
			"from": [7.14566, 6.105, 3.53587],
			"to": [8.09066, 7.05, 5.14587],
			"rotation": {"angle": -45, "axis": "z", "origin": [7.59566, 6.6, 4.78587]},
			"faces": {
				"west": {"uv": [0.016, 0.016, 7.984, 15.984], "texture": "#1", "rotation": 270},
				"up": {"uv": [7.766, 0.016, 15.734, 15.984], "texture": "#1"}
			}
		},
		{
			"from": [6.85551, 7.80043, 5.0422],
			"to": [8.16551, 9.65043, 7.0422],
			"rotation": {"angle": 0, "axis": "z", "origin": [8.60551, 8.65043, 7.04229]},
			"faces": {
				"north": {"uv": [14.5, 8.5, 15.75, 10.5], "texture": "#0", "rotation": 270},
				"up": {"uv": [15, 9.25, 16, 10.75], "texture": "#0", "rotation": 270}
			}
		},
		{
			"from": [7.96133, 6.81596, 5.0423],
			"to": [8.91133, 9.40096, 7.0423],
			"rotation": {"angle": 22.5, "axis": "z", "origin": [7.91133, 7.65096, 7.0424]},
			"faces": {
				"north": {"uv": [14.5, 8.5, 15.75, 10.5], "texture": "#0", "rotation": 180},
				"east": {"uv": [15, 9.25, 16, 10.75], "texture": "#0"}
			}
		},
		{
			"from": [5.5454, 6.8392, 6.20651],
			"to": [10.04585, 9.3044, 8.30626],
			"rotation": {"angle": 45, "axis": "y", "origin": [7.79562, 7.4593, 7.75639]},
			"faces": {
				"east": {"uv": [15.25, 15, 16, 16], "texture": "#0", "rotation": 270},
				"west": {"uv": [15.25, 15, 16, 16], "texture": "#0", "rotation": 270},
				"up": {"uv": [15.25, 15, 16, 16], "texture": "#0", "rotation": 270}
			}
		},
		{
			"from": [5.0452, 6.22804, 6.20644],
			"to": [6.46876, 7.46824, 9.30644],
			"rotation": {"angle": -22.5, "axis": "x", "origin": [6.04448, 6.57314, 7.74769]},
			"faces": {
				"south": {"uv": [16, 9.25, 15, 10.75], "texture": "#0"},
				"west": {"uv": [14.25, 8.25, 15.88984, 12.37969], "texture": "#0", "rotation": 90},
				"down": {"uv": [15, 9.25, 16, 10.75], "texture": "#0", "rotation": 180}
			}
		},
		{
			"from": [5.0424, 6.81596, 7.96133],
			"to": [7.0424, 9.40096, 8.91133],
			"rotation": {"angle": -22.5, "axis": "x", "origin": [7.0424, 7.65096, 7.91133]},
			"faces": {
				"south": {"uv": [16, 9.25, 15, 10.75], "texture": "#0"},
				"west": {"uv": [15.75, 8.5, 14.5, 10.5], "texture": "#0", "rotation": 180}
			}
		},
		{
			"from": [5.0423, 7.90043, 6.8555],
			"to": [7.0423, 9.65043, 8.1655],
			"rotation": {"angle": 0, "axis": "x", "origin": [7.0423, 8.65043, 8.6055]},
			"faces": {
				"west": {"uv": [14.5, 8.5, 15.75, 10.5], "texture": "#0", "rotation": 270},
				"up": {"uv": [15, 10.75, 16, 9.25], "texture": "#0", "rotation": 180}
			}
		},
		{
			"from": [5.0424, 8.12057, 5.23986],
			"to": [7.0424, 9.37057, 7.79986],
			"rotation": {"angle": -45, "axis": "x", "origin": [7.0424, 8.37057, 6.98986]},
			"faces": {
				"west": {"uv": [14.5, 8.5, 15.75, 10.5], "texture": "#0", "rotation": 270},
				"up": {"uv": [15, 9.25, 16, 10.75], "texture": "#0", "rotation": 180}
			}
		},
		{
			"from": [6.3204, 5.4892, 6.13151],
			"to": [9.32085, 8.3044, 8.33126],
			"rotation": {"angle": 45, "axis": "y", "origin": [7.82063, 6.4593, 7.78139]},
			"faces": {
				"east": {"uv": [15.25, 15, 16, 16], "texture": "#0", "rotation": 270},
				"west": {"uv": [15.25, 15, 16, 16], "texture": "#0", "rotation": 270},
				"down": {"uv": [15.25, 15, 16, 16], "texture": "#0", "rotation": 270}
			}
		},
		{
			"from": [6.59268, 6.83596, 6.5562],
			"to": [9.77668, 9.3044, 9.73697],
			"rotation": {"angle": 0, "axis": "y", "origin": [7.52646, 7.45606, 8.10607]},
			"faces": {
				"east": {"uv": [15.25, 15, 16, 16], "texture": "#0", "rotation": 270},
				"south": {"uv": [15.25, 15, 16, 16], "texture": "#0", "rotation": 270},
				"up": {"uv": [15.25, 15, 16, 16], "texture": "#0", "rotation": 270}
			}
		},
		{
			"from": [7.14778, 5.48921, 7.11154],
			"to": [9.27133, 8.3132, 9.22954],
			"rotation": {"angle": 0, "axis": "y", "origin": [8.08155, 6.46487, 7.59864]},
			"faces": {
				"east": {"uv": [15.25, 15, 16, 16], "texture": "#0", "rotation": 270},
				"south": {"uv": [15.25, 15, 16, 16], "texture": "#0", "rotation": 270},
				"down": {"uv": [15.25, 15, 16, 16], "texture": "#0", "rotation": 270}
			}
		},
		{
			"from": [6.70947, 5.72803, 5.5423],
			"to": [8.80947, 6.41823, 6.96586],
			"rotation": {"angle": 22.5, "axis": "z", "origin": [8.25072, 6.07313, 6.54158]},
			"faces": {
				"north": {"uv": [15.25, 15, 16, 16], "texture": "#0", "rotation": 270},
				"east": {"uv": [15, 9.25, 16, 10.75], "texture": "#0"},
				"down": {"uv": [15.25, 15, 16, 16], "texture": "#0", "rotation": 270}
			}
		},
		{
			"from": [6.45285, 5.3238, 5.5424],
			"to": [7.98285, 5.92142, 6.95808],
			"rotation": {"angle": -22.5, "axis": "z", "origin": [7.07039, 7.81814, 7.45445]},
			"faces": {
				"north": {"uv": [15.25, 15, 16, 16], "texture": "#0", "rotation": 270},
				"down": {"uv": [15.25, 15, 16, 16], "texture": "#0", "rotation": 270}
			}
		},
		{
			"from": [5.5452, 5.72804, 6.70644],
			"to": [6.96876, 6.41824, 8.80644],
			"rotation": {"angle": -22.5, "axis": "x", "origin": [6.54448, 6.07314, 8.24769]},
			"faces": {
				"south": {"uv": [16, 9.25, 15, 10.75], "texture": "#0"},
				"west": {"uv": [15.25, 15, 16, 16], "texture": "#0", "rotation": 270},
				"down": {"uv": [15.25, 15, 16, 16], "texture": "#0", "rotation": 270}
			}
		},
		{
			"from": [5.5453, 5.36831, 6.2261],
			"to": [6.96705, 5.95666, 7.7561],
			"rotation": {"angle": 22.5, "axis": "x", "origin": [8.03877, 7.27804, 6.84365]},
			"faces": {
				"west": {"uv": [15.25, 15, 16, 16], "texture": "#0", "rotation": 270},
				"down": {"uv": [15.25, 15, 16, 16], "texture": "#0", "rotation": 270}
			}
		},
		{
			"from": [5.52167, 5.96796, 6.84042],
			"to": [10.26523, 6.85856, 8.26497],
			"rotation": {"angle": 45, "axis": "y", "origin": [8.01501, 6.58846, 7.84009]},
			"faces": {
				"east": {"uv": [15.25, 15, 16, 16], "texture": "#0", "rotation": 270},
				"west": {"uv": [15.25, 15, 16, 16], "texture": "#0", "rotation": 270},
				"up": {"uv": [15.25, 15, 16, 16], "texture": "#0", "rotation": 270},
				"down": {"uv": [15.25, 15, 16, 16], "texture": "#0", "rotation": 270}
			}
		},
		{
			"from": [6.55407, 5.96611, 6.55152],
			"to": [9.90767, 6.85857, 9.90573],
			"rotation": {"angle": 0, "axis": "y", "origin": [7.65959, 6.58523, 8.10063]},
			"faces": {
				"east": {"uv": [15.25, 15, 16, 16], "texture": "#0", "rotation": 270},
				"south": {"uv": [15.25, 15, 16, 16], "texture": "#0", "rotation": 270},
				"up": {"uv": [15.25, 15, 16, 16], "texture": "#0", "rotation": 270},
				"down": {"uv": [15.25, 15, 16, 16], "texture": "#0", "rotation": 270}
			}
		},
		{
			"from": [5.55, 5.96798, 8.60644],
			"to": [6.97382, 6.71824, 8.89639],
			"rotation": {"angle": 0, "axis": "x", "origin": [6.54448, 6.07314, 8.24769]},
			"faces": {
				"west": {"uv": [15.25, 15, 16, 16], "texture": "#0", "rotation": 270}
			}
		},
		{
			"from": [8.61158, 5.9636, 5.54416],
			"to": [8.90153, 6.71387, 6.96798],
			"rotation": {"angle": 0, "axis": "z", "origin": [8.25283, 6.06877, 9.53864]},
			"faces": {
				"north": {"uv": [16, 15, 15.25, 16], "texture": "#0", "rotation": 270}
			}
		},
		{
			"from": [5.54457, 5.7484, 5.54473],
			"to": [7.07457, 6.34602, 6.96041],
			"rotation": {"angle": 0, "axis": "z", "origin": [6.16211, 8.24274, 7.45678]},
			"faces": {
				"north": {"uv": [15.25, 15, 16, 16], "texture": "#0", "rotation": 270},
				"west": {"uv": [15.25, 15, 16, 16], "texture": "#0", "rotation": 270}
			}
		}
	],
	"display": {
		"head": {
			"rotation": [-6, -45, 0],
			"translation": [0, -11, 2],
			"scale": [2.6, 2.6, 2.6]
		}
	},
	"groups": [
		{
			"name": "spike_hat",
			"isOpen": true,
			"shade": true,
			"display": {
				"visibility": true,
				"autouv": false
			},
			"children": [0, 1, 2, 3]
		}, 4, 5, 6, 7, 8, 9, 10, 11, 12, 13, 14, 15, 16, 17, 18, 19, 20, 21, 22, 23, 24, 25, 26, 27, 28, 29, 30, 31, 32]
}