{
	"credit": "Model made by dragonmaster95 with Blockbench, a free, modern block model editor by JannisX11",
	"textures": {
		"0": "minigames/kw/spike_koopa",
		"particle": "minigames/kw/spike_koopa"
	},
	"elements": [
		{
			"from": [5.85698, 8.69163, 1.96494],
			"to": [7.85698, 10.89163, 3.96494],
			"rotation": {"angle": -45, "axis": "y", "origin": [6.85698, 9.79163, 2.96494]},
			"faces": {
				"north": {"uv": [7, 9, 7.5, 9.5], "texture": "#0"},
				"east": {"uv": [7, 9, 7.5, 9.5], "texture": "#0"},
				"south": {"uv": [7, 9, 7.5, 9.5], "texture": "#0"},
				"west": {"uv": [7, 9, 7.5, 9.5], "texture": "#0"},
				"up": {"uv": [7, 9, 7.5, 9.5], "texture": "#0", "rotation": 90},
				"down": {"uv": [7, 9, 7.5, 9.5], "texture": "#0", "rotation": 270}
			}
		},
		{
			"from": [6.47051, 8.79295, 2.96431],
			"to": [8.27051, 10.79295, 5.96431],
			"rotation": {"angle": 0, "axis": "x", "origin": [15.77051, 4.89295, -3.03569]},
			"faces": {
				"north": {"uv": [7, 9, 7.5, 9.5], "texture": "#0"},
				"east": {"uv": [7, 9, 7.5, 9.5], "texture": "#0"},
				"south": {"uv": [7, 9, 7.5, 9.5], "texture": "#0"},
				"west": {"uv": [7, 9, 7.5, 9.5], "texture": "#0"},
				"up": {"uv": [7, 9, 7.5, 9.5], "texture": "#0", "rotation": 90},
				"down": {"uv": [7, 9, 7.5, 9.5], "texture": "#0", "rotation": 270}
			}
		},
		{
			"from": [9.67554, 8.96989, 13.02404],
			"to": [10.22554, 10.66989, 17.12404],
			"rotation": {"angle": -45, "axis": "y", "origin": [17.82554, 4.91989, 7.02404]},
			"faces": {
				"north": {"uv": [7, 9, 7.5, 9.5], "texture": "#0"},
				"east": {"uv": [7, 9, 7.5, 9.5], "texture": "#0"},
				"south": {"uv": [7, 9, 7.5, 9.5], "texture": "#0"},
				"west": {"uv": [7, 9, 7.5, 9.5], "texture": "#0"},
				"up": {"uv": [7, 9, 7.5, 9.5], "texture": "#0", "rotation": 90},
				"down": {"uv": [7, 9, 7.5, 9.5], "texture": "#0", "rotation": 270}
			}
		},
		{
			"from": [8.16557, 8.96991, 8.19056],
			"to": [8.74057, 10.66991, 12.29056],
			"rotation": {"angle": -22.5, "axis": "y", "origin": [16.31557, 4.91991, 2.19056]},
			"faces": {
				"north": {"uv": [7, 9, 7.5, 9.5], "texture": "#0"},
				"east": {"uv": [7, 9, 7.5, 9.5], "texture": "#0"},
				"south": {"uv": [7, 9, 7.5, 9.5], "texture": "#0"},
				"west": {"uv": [7, 9, 7.5, 9.5], "texture": "#0"},
				"up": {"uv": [7, 9, 7.5, 9.5], "texture": "#0", "rotation": 90},
				"down": {"uv": [7, 9, 7.5, 9.5], "texture": "#0", "rotation": 270}
			}
		},
		{
			"from": [12.06557, 8.96991, 10.39056],
			"to": [12.76557, 10.66991, 13.14056],
			"rotation": {"angle": -45, "axis": "y", "origin": [16.31557, 4.91991, 2.19056]},
			"faces": {
				"north": {"uv": [7, 9, 7.5, 9.5], "texture": "#0"},
				"east": {"uv": [7, 9, 7.5, 9.5], "texture": "#0"},
				"south": {"uv": [7, 9, 7.5, 9.5], "texture": "#0"},
				"west": {"uv": [7, 9, 7.5, 9.5], "texture": "#0"},
				"up": {"uv": [7, 9, 7.5, 9.5], "texture": "#0", "rotation": 90},
				"down": {"uv": [7, 9, 7.5, 9.5], "texture": "#0", "rotation": 270}
			}
		}
	],
	"display": {
		"thirdperson_righthand": {
			"scale": [1.2, 1.3, 1],
			"rotation": [60, 7, -7],
			"translation": [1, -4, -3]
		},
		"thirdperson_lefthand": {
			"scale": [-1.2, 1.3, 1],
			"rotation": [60, 7, -7],
			"translation": [1, -4, -3]
		}
	}
}