{
	"credit": "Model made by dragonmaster95 with Blockbench, a free, modern block model editor by JannisX11",
	"textures": {
		"0": "minigames/kw/spike_koopa",
		"1": "decorations/board/general/bowser/spikes",
		"particle": "minigames/kw/spike_koopa"
	},
	"elements": [
		{
			"name": "xl",
			"from": [3.79953, 3.87306, 9.76622],
			"to": [9.45653, 8.53006, 11.23622],
			"rotation": {"angle": -22.5, "axis": "z", "origin": [6.11933, 7.01534, 9.71933]},
			"faces": {
				"north": {"uv": [4.766, 9.766, 7.984, 12.734], "texture": "#0", "rotation": 90},
				"south": {"uv": [15.984, 0.016, 8.1, 7.984], "texture": "#0"},
				"down": {"uv": [8.016, 7.516, 15.984, 7.984], "texture": "#0", "rotation": 180}
			}
		},
		{
			"name": "xl",
			"from": [6.54347, 3.87306, 9.79622],
			"to": [12.20047, 8.53006, 11.23622],
			"rotation": {"angle": 22.5, "axis": "z", "origin": [9.88067, 7.01534, 9.71933]},
			"faces": {
				"north": {"uv": [3.266, 13.016, 7.984, 15.984], "texture": "#0", "rotation": 90},
				"south": {"uv": [8.1, 0.016, 15.984, 7.984], "texture": "#0"},
				"down": {"uv": [8.016, 7.516, 15.984, 7.984], "texture": "#0", "rotation": 180}
			}
		},
		{
			"name": "xl",
			"from": [7.97639, 5, 9.74822],
			"to": [13.22639, 11, 11.24822],
			"faces": {
				"north": {"uv": [0.766, 12.766, 7.234, 15.984], "texture": "#0", "rotation": 90},
				"east": {"uv": [8.016, 7.516, 15.984, 7.984], "texture": "#0", "rotation": 90},
				"south": {"uv": [8.016, 0.016, 15.984, 7.984], "texture": "#0", "rotation": 270}
			}
		},
		{
			"name": "xl",
			"from": [6.54347, 7.46994, 9.79622],
			"to": [12.20047, 12.12694, 11.23622],
			"rotation": {"angle": -22.5, "axis": "z", "origin": [9.88067, 8.98466, 9.71933]},
			"faces": {
				"north": {"uv": [0.016, 12.516, 5.734, 15.984], "texture": "#0", "rotation": 90},
				"south": {"uv": [15.984, 0.016, 8.1, 7.984], "texture": "#0", "rotation": 180},
				"up": {"uv": [8.016, 7.516, 15.984, 7.984], "texture": "#0"}
			}
		},
		{
			"name": "xl",
			"from": [3.79953, 7.46994, 9.76622],
			"to": [9.45653, 12.12694, 11.23622],
			"rotation": {"angle": 22.5, "axis": "z", "origin": [6.11933, 8.98466, 9.71933]},
			"faces": {
				"north": {"uv": [0.016, 9.766, 4.234, 12.734], "texture": "#0", "rotation": 90},
				"south": {"uv": [8.1, 0.016, 15.984, 7.984], "texture": "#0", "rotation": 180},
				"up": {"uv": [8.016, 7.516, 15.984, 7.984], "texture": "#0"}
			}
		},
		{
			"name": "xl",
			"from": [2.77361, 5, 9.74822],
			"to": [8.02361, 11, 11.24822],
			"faces": {
				"north": {"uv": [0.766, 9.766, 7.234, 12.984], "texture": "#0", "rotation": 90},
				"south": {"uv": [8.016, 0.016, 15.984, 7.984], "texture": "#0", "rotation": 90},
				"west": {"uv": [8.016, 7.516, 15.984, 7.984], "texture": "#0", "rotation": 270}
			}
		},
		{
			"name": "l",
			"from": [4.13557, 4.20321, 11.23622],
			"to": [9.34001, 8.48765, 11.83622],
			"rotation": {"angle": -22.5, "axis": "z", "origin": [6.26979, 7.09411, 10.31933]},
			"faces": {
				"south": {"uv": [8.26563, 0.01563, 15.48359, 7.48359], "texture": "#0"},
				"down": {"uv": [8.266, 7.016, 15.734, 7.484], "texture": "#0", "rotation": 180}
			}
		},
		{
			"name": "l",
			"from": [6.65999, 4.20321, 11.23622],
			"to": [11.86443, 8.48765, 11.83622],
			"rotation": {"angle": 22.5, "axis": "z", "origin": [9.73021, 7.09411, 10.31933]},
			"faces": {
				"south": {"uv": [8.51563, 0.01563, 15.73359, 7.48359], "texture": "#0"},
				"down": {"uv": [8.266, 7.016, 15.734, 7.484], "texture": "#0", "rotation": 180}
			}
		},
		{
			"name": "l",
			"from": [7.97828, 5.24, 11.24822],
			"to": [12.80828, 10.76, 11.84822],
			"faces": {
				"east": {"uv": [8.266, 7.016, 15.734, 7.484], "texture": "#0", "rotation": 90},
				"south": {"uv": [8.266, 0.016, 15.734, 7.484], "texture": "#0", "rotation": 270}
			}
		},
		{
			"name": "l",
			"from": [6.65999, 7.51235, 11.23622],
			"to": [11.86443, 11.79679, 11.83622],
			"rotation": {"angle": -22.5, "axis": "z", "origin": [9.73021, 8.90589, 10.31933]},
			"faces": {
				"south": {"uv": [8.26563, 0.01563, 15.48359, 7.48359], "texture": "#0", "rotation": 180},
				"up": {"uv": [8.266, 7.016, 15.734, 7.484], "texture": "#0"}
			}
		},
		{
			"name": "l",
			"from": [4.13557, 7.51235, 11.23622],
			"to": [9.34001, 11.79679, 11.83622],
			"rotation": {"angle": 22.5, "axis": "z", "origin": [6.26979, 8.90589, 10.31933]},
			"faces": {
				"south": {"uv": [8.51563, 0.01563, 15.73359, 7.48359], "texture": "#0", "rotation": 180},
				"up": {"uv": [8.266, 7.016, 15.734, 7.484], "texture": "#0"}
			}
		},
		{
			"name": "l",
			"from": [3.19172, 5.24, 11.24822],
			"to": [8.02172, 10.76, 11.84822],
			"faces": {
				"south": {"uv": [8.266, 0.016, 15.734, 7.484], "texture": "#0", "rotation": 90},
				"west": {"uv": [8.266, 7.016, 15.734, 7.484], "texture": "#0", "rotation": 270}
			}
		},
		{
			"name": "m",
			"from": [5.20417, 5.25311, 11.39022],
			"to": [8.96946, 8.35281, 12.59022],
			"rotation": {"angle": -22.5, "axis": "z", "origin": [6.74823, 7.34461, 11.37671]},
			"faces": {
				"south": {"uv": [9.6, 0.01563, 14.23359, 4.98359], "texture": "#0"},
				"down": {"uv": [9.516, 4.766, 14.484, 4.984], "texture": "#0", "rotation": 180}
			}
		},
		{
			"name": "m",
			"from": [7.03053, 5.25311, 11.39022],
			"to": [10.79583, 8.35281, 12.59022],
			"rotation": {"angle": 22.5, "axis": "z", "origin": [9.25177, 7.34461, 11.37671]},
			"faces": {
				"south": {"uv": [9.85, 0.01563, 14.48359, 4.98359], "texture": "#0"},
				"down": {"uv": [9.516, 4.766, 14.484, 4.984], "texture": "#0", "rotation": 180}
			}
		},
		{
			"name": "m",
			"from": [7.98428, 6.0032, 11.39022],
			"to": [11.47868, 9.9968, 12.59122],
			"faces": {
				"east": {"uv": [9.516, 4.766, 14.484, 4.984], "texture": "#0"},
				"south": {"uv": [9.5, 0.01563, 14.4836, 4.98359], "texture": "#0", "rotation": 270}
			}
		},
		{
			"name": "m",
			"from": [7.03054, 7.64719, 11.39022],
			"to": [10.79583, 10.74689, 12.59022],
			"rotation": {"angle": -22.5, "axis": "z", "origin": [9.25177, 8.65539, 11.37671]},
			"faces": {
				"south": {"uv": [9.6, 0.01563, 14.23359, 4.98359], "texture": "#0", "rotation": 180},
				"up": {"uv": [9.516, 4.766, 14.484, 4.984], "texture": "#0", "rotation": 180}
			}
		},
		{
			"name": "m",
			"from": [5.20417, 7.64719, 11.39022],
			"to": [8.96947, 10.74689, 12.59022],
			"rotation": {"angle": 22.5, "axis": "z", "origin": [6.74823, 8.65539, 11.37671]},
			"faces": {
				"south": {"uv": [9.85, 0.01563, 14.48359, 4.98359], "texture": "#0", "rotation": 180},
				"up": {"uv": [9.516, 4.766, 14.484, 4.984], "texture": "#0", "rotation": 180}
			}
		},
		{
			"name": "m",
			"from": [4.52132, 6.0032, 11.39022],
			"to": [8.01572, 9.9968, 12.59122],
			"faces": {
				"south": {"uv": [9.5, 0.01563, 14.4836, 4.98359], "texture": "#0", "rotation": 90},
				"west": {"uv": [9.516, 4.766, 14.484, 4.984], "texture": "#0"}
			}
		},
		{
			"name": "s",
			"from": [6.15475, 6.18705, 12.59022],
			"to": [8.63985, 8.23285, 13.19022],
			"rotation": {"angle": -22.5, "axis": "z", "origin": [7.17383, 7.56744, 11.97671]},
			"faces": {
				"south": {"uv": [10.51563, 0.01563, 12.98359, 2.98359], "texture": "#0"},
				"down": {"uv": [10.516, 2.766, 13.484, 2.984], "texture": "#0", "rotation": 180}
			}
		},
		{
			"name": "s",
			"from": [7.36015, 6.18705, 12.59022],
			"to": [9.84525, 8.23285, 13.19022],
			"rotation": {"angle": 22.5, "axis": "z", "origin": [8.82617, 7.56744, 11.97671]},
			"faces": {
				"south": {"uv": [11.01563, 0.01563, 13.48359, 2.98359], "texture": "#0"},
				"down": {"uv": [10.516, 2.766, 13.484, 2.984], "texture": "#0", "rotation": 180}
			}
		},
		{
			"name": "s",
			"from": [7.98963, 6.68211, 12.59022],
			"to": [10.29593, 9.31789, 13.19022],
			"faces": {
				"east": {"uv": [10.516, 2.766, 13.484, 2.984], "texture": "#0"},
				"south": {"uv": [10.51563, 0.01563, 13.48359, 2.98359], "texture": "#0", "rotation": 270}
			}
		},
		{
			"name": "s",
			"from": [7.36015, 7.76715, 12.59022],
			"to": [9.84525, 9.81295, 13.19022],
			"rotation": {"angle": -22.5, "axis": "z", "origin": [8.82617, 8.43256, 11.97671]},
			"faces": {
				"south": {"uv": [10.51563, 0.01563, 12.98359, 2.98359], "texture": "#0", "rotation": 180},
				"up": {"uv": [10.516, 2.766, 13.484, 2.984], "texture": "#0", "rotation": 180}
			}
		},
		{
			"name": "s",
			"from": [6.15475, 7.76715, 12.59022],
			"to": [8.63985, 9.81295, 13.19022],
			"rotation": {"angle": 22.5, "axis": "z", "origin": [7.17383, 8.43256, 11.97671]},
			"faces": {
				"south": {"uv": [11.01563, 0.01563, 13.48359, 2.98359], "texture": "#0", "rotation": 180},
				"up": {"uv": [10.516, 2.766, 13.484, 2.984], "texture": "#0", "rotation": 180}
			}
		},
		{
			"name": "s",
			"from": [5.70407, 6.68211, 12.59022],
			"to": [8.01037, 9.31789, 13.19022],
			"faces": {
				"south": {"uv": [10.51563, 0.01563, 13.48359, 2.98359], "texture": "#0", "rotation": 90},
				"west": {"uv": [10.516, 2.766, 13.484, 2.984], "texture": "#0"}
			}
		},
		{
			"name": "m",
			"from": [5.20417, 5.25311, 7.72022],
			"to": [8.96946, 8.35281, 8.89022],
			"rotation": {"angle": -22.5, "axis": "z", "origin": [6.74823, 7.34461, 9.80372]},
			"faces": {
				"north": {"uv": [5.516, 11.016, 7.234, 13.234], "texture": "#0", "rotation": 90},
				"down": {"uv": [6.766, 11.016, 7.234, 13.234], "texture": "#0", "rotation": 270}
			}
		},
		{
			"name": "m",
			"from": [7.03053, 5.25311, 7.72],
			"to": [10.79583, 8.35281, 8.89],
			"rotation": {"angle": 22.5, "axis": "z", "origin": [9.25177, 7.34461, 9.8035]},
			"faces": {
				"north": {"uv": [5.516, 12.766, 7.234, 14.984], "texture": "#0", "rotation": 90},
				"down": {"uv": [6.766, 12.766, 7.234, 14.984], "texture": "#0", "rotation": 270}
			}
		},
		{
			"name": "m",
			"from": [7.98428, 6.0032, 7.69022],
			"to": [11.47868, 9.9968, 8.89022],
			"faces": {
				"north": {"uv": [1.766, 13.016, 6.234, 15.234], "texture": "#0", "rotation": 90},
				"east": {"uv": [1.766, 14.766, 6.234, 15.234], "texture": "#0", "rotation": 90}
			}
		},
		{
			"name": "m",
			"from": [7.03054, 7.64719, 7.72022],
			"to": [10.79583, 10.74689, 8.89022],
			"rotation": {"angle": -22.5, "axis": "z", "origin": [9.25177, 8.65539, 9.80372]},
			"faces": {
				"north": {"uv": [0.766, 13.016, 2.484, 15.234], "texture": "#0", "rotation": 90},
				"up": {"uv": [0.766, 13.016, 1.234, 15.234], "texture": "#0", "rotation": 270}
			}
		},
		{
			"name": "m",
			"from": [5.20417, 7.64719, 7.72],
			"to": [8.96947, 10.74689, 8.89],
			"rotation": {"angle": 22.5, "axis": "z", "origin": [6.74823, 8.65539, 9.8035]},
			"faces": {
				"north": {"uv": [0.766, 10.766, 2.484, 12.984], "texture": "#0", "rotation": 90},
				"up": {"uv": [0.516, 10.516, 0.984, 12.734], "texture": "#0", "rotation": 270}
			}
		},
		{
			"name": "m",
			"from": [4.52132, 6.0032, 7.69022],
			"to": [8.01572, 9.9968, 8.89022],
			"faces": {
				"north": {"uv": [1.766, 10.766, 6.234, 12.984], "texture": "#0", "rotation": 90},
				"west": {"uv": [1.766, 10.766, 6.234, 11.234], "texture": "#0", "rotation": 90}
			}
		},
		{
			"name": "m",
			"from": [4.36542, 4.42904, 8.72022],
			"to": [9.2603, 8.45865, 9.89022],
			"rotation": {"angle": -22.5, "axis": "z", "origin": [6.3727, 7.14799, 10.80372]},
			"faces": {
				"north": {"uv": [5.5, 10.5, 7.21797, 12.71797], "texture": "#0", "rotation": 90},
				"down": {"uv": [6.766, 11.016, 7.234, 13.234], "texture": "#0", "rotation": 270}
			}
		},
		{
			"name": "m",
			"from": [6.73969, 4.42904, 8.72022],
			"to": [11.63458, 8.45865, 9.89022],
			"rotation": {"angle": 22.5, "axis": "z", "origin": [9.6273, 7.14799, 10.80372]},
			"faces": {
				"north": {"uv": [5.5, 13, 7.21797, 15.21797], "texture": "#0", "rotation": 90},
				"down": {"uv": [6.766, 12.766, 7.234, 14.984], "texture": "#0", "rotation": 270}
			}
		},
		{
			"name": "m",
			"from": [3.47772, 5.40416, 8.69022],
			"to": [8.02044, 10.59584, 9.89022],
			"faces": {
				"north": {"uv": [1.125, 10.5, 7.09297, 12.96797], "texture": "#0", "rotation": 90},
				"west": {"uv": [1.125, 10.5, 7.09297, 11.21797], "texture": "#0", "rotation": 90}
			}
		},
		{
			"name": "m",
			"from": [4.36542, 7.54135, 8.72022],
			"to": [9.26031, 11.57096, 9.89022],
			"rotation": {"angle": 22.5, "axis": "z", "origin": [6.3727, 8.85201, 10.80372]},
			"faces": {
				"north": {"uv": [0.5, 10.75, 2.21797, 12.96797], "texture": "#0", "rotation": 90},
				"up": {"uv": [0.516, 10.516, 0.984, 12.734], "texture": "#0", "rotation": 270}
			}
		},
		{
			"name": "m",
			"from": [6.7397, 7.54135, 8.72],
			"to": [11.63458, 11.57096, 9.88],
			"rotation": {"angle": -22.5, "axis": "z", "origin": [9.6273, 8.85201, 10.8035]},
			"faces": {
				"north": {"uv": [0.5, 12.5, 2.21797, 14.71797], "texture": "#0", "rotation": 90},
				"up": {"uv": [0.766, 13.016, 1.234, 15.234], "texture": "#0", "rotation": 270}
			}
		},
		{
			"name": "m",
			"from": [7.97956, 5.40416, 8.69022],
			"to": [12.52228, 10.59584, 9.89022],
			"faces": {
				"north": {"uv": [1.125, 13, 7.09297, 15.46797], "texture": "#0", "rotation": 90},
				"east": {"uv": [1.125, 14.75, 7.09297, 15.46797], "texture": "#0", "rotation": 90}
			}
		},
		{
			"name": "spikes",
			"from": [4.07852, 9.25, 11.95408],
			"to": [4.07852, 10.75, 13.95408],
			"rotation": {"angle": -22.5, "axis": "y", "origin": [4.57852, 10, 12.45408]},
			"faces": {
				"east": {"uv": [0.016, 0.016, 15.734, 15.984], "texture": "#1", "rotation": 270}
			}
		},
		{
			"name": "spikes",
			"from": [3.75, 9.45, 11.8],
			"to": [4.8, 10.5, 13.65],
			"rotation": {"angle": 45, "axis": "z", "origin": [4.25, 10, 12.4]},
			"faces": {
				"west": {"uv": [7.766, 0.016, 15.734, 15.984], "texture": "#1", "rotation": 90},
				"up": {"uv": [0.016, 0.016, 7.984, 15.984], "texture": "#1", "rotation": 180}
			}
		},
		{
			"name": "spikes",
			"from": [7.25, 11.72148, 11.95408],
			"to": [8.75, 11.72148, 13.95408],
			"rotation": {"angle": -22.5, "axis": "x", "origin": [8, 11.22148, 12.45408]},
			"faces": {
				"down": {"uv": [0.016, 0.016, 15.734, 15.984], "texture": "#1"}
			}
		},
		{
			"name": "spikes",
			"from": [7.45, 11, 11.8],
			"to": [8.5, 12.05, 13.65],
			"rotation": {"angle": 45, "axis": "z", "origin": [8, 11.55, 12.4]},
			"faces": {
				"east": {"uv": [0.016, 0.016, 7.984, 15.984], "texture": "#1", "rotation": 270},
				"up": {"uv": [7.766, 0.016, 15.734, 15.984], "texture": "#1", "rotation": 180}
			}
		},
		{
			"name": "spikes",
			"from": [4.07852, 5, 11.95408],
			"to": [4.07852, 6.5, 13.95408],
			"rotation": {"angle": -22.5, "axis": "y", "origin": [4.57852, 5.75, 12.45408]},
			"faces": {
				"east": {"uv": [0.016, 0.016, 15.734, 15.984], "texture": "#1", "rotation": 270}
			}
		},
		{
			"name": "spikes",
			"from": [3.75, 5.2, 11.8],
			"to": [4.8, 6.25, 13.65],
			"rotation": {"angle": 45, "axis": "z", "origin": [4.25, 5.75, 12.4]},
			"faces": {
				"west": {"uv": [7.766, 0.016, 15.734, 15.984], "texture": "#1", "rotation": 90},
				"up": {"uv": [0.016, 0.016, 7.984, 15.984], "texture": "#1", "rotation": 180}
			}
		},
		{
			"name": "spikes",
			"from": [11.92148, 5.25, 11.95408],
			"to": [11.92148, 6.75, 13.95408],
			"rotation": {"angle": 22.5, "axis": "y", "origin": [11.42148, 6, 12.45408]},
			"faces": {
				"west": {"uv": [0.016, 0.016, 15.734, 15.984], "texture": "#1", "rotation": 90}
			}
		},
		{
			"name": "spikes",
			"from": [11.2, 5.5, 11.8],
			"to": [12.25, 6.55, 13.65],
			"rotation": {"angle": 45, "axis": "z", "origin": [11.75, 6, 12.4]},
			"faces": {
				"east": {"uv": [7.766, 0.016, 15.734, 15.984], "texture": "#1", "rotation": 270},
				"down": {"uv": [0.016, 0.016, 7.984, 15.984], "texture": "#1"}
			}
		},
		{
			"name": "spikes",
			"from": [11.92148, 9.5, 11.95408],
			"to": [11.92148, 11, 13.95408],
			"rotation": {"angle": 22.5, "axis": "y", "origin": [11.42148, 10.25, 12.45408]},
			"faces": {
				"west": {"uv": [0.016, 0.016, 15.734, 15.984], "texture": "#1", "rotation": 90}
			}
		},
		{
			"name": "spikes",
			"from": [11.2, 9.75, 11.8],
			"to": [12.25, 10.8, 13.65],
			"rotation": {"angle": 45, "axis": "z", "origin": [11.75, 10.25, 12.4]},
			"faces": {
				"east": {"uv": [7.766, 0.016, 15.734, 15.984], "texture": "#1", "rotation": 270},
				"down": {"uv": [0.016, 0.016, 7.984, 15.984], "texture": "#1"}
			}
		},
		{
			"name": "spikes",
			"from": [7.25, 4.27852, 11.95408],
			"to": [8.75, 4.27852, 13.95408],
			"rotation": {"angle": 22.5, "axis": "x", "origin": [8, 4.77852, 12.45408]},
			"faces": {
				"up": {"uv": [0.016, 0.016, 15.734, 15.984], "texture": "#1", "rotation": 180}
			}
		},
		{
			"name": "spikes",
			"from": [7.5, 3.95, 11.8],
			"to": [8.55, 5, 13.65],
			"rotation": {"angle": 45, "axis": "z", "origin": [8, 4.45, 12.4]},
			"faces": {
				"west": {"uv": [0.016, 0.016, 7.984, 15.984], "texture": "#1", "rotation": 90},
				"down": {"uv": [7.766, 0.016, 15.734, 15.984], "texture": "#1"}
			}
		},
		{
			"name": "spikes",
			"from": [7.4, 7.8, 13.21],
			"to": [8.66, 9.06, 15.43],
			"rotation": {"angle": 45, "axis": "z", "origin": [8, 8.4, 13.93]},
			"faces": {
				"west": {"uv": [0.016, 0.016, 7.984, 15.984], "texture": "#1", "rotation": 90},
				"down": {"uv": [7.766, 0.016, 15.734, 15.984], "texture": "#1"}
			}
		},
		{
			"name": "spikes",
			"from": [7.1, 8.19422, 13.3949],
			"to": [8.9, 8.19422, 15.7949],
			"rotation": {"angle": 22.5, "axis": "x", "origin": [8, 8.79422, 13.9949]},
			"faces": {
				"up": {"uv": [0.016, 0.016, 15.734, 15.984], "texture": "#1", "rotation": 180}
			}
		}
	],
	"display": {
		"head": {
			"scale": [2.3, 2.6, 2.3],
			"translation": [0, -16, 2.5],
			"rotation": [-8, 0, 0]
		}
	},
	"groups": [
		{
			"name": "shell",
			"isOpen": true,
			"shade": true,
			"display": {
				"visibility": true,
				"autouv": false
			},
			"children": [0, 1, 2, 3, 4, 5, 6, 7, 8, 9, 10, 11, 12, 13, 14, 15, 16, 17, 18, 19, 20, 21, 22, 23, 24, 25, 26, 27, 28, 29, 30, 31, 32, 33, 34, 35]
		},
		{
			"name": "spikes",
			"isOpen": true,
			"shade": true,
			"display": {
				"visibility": true,
				"autouv": false
			},
			"children": [36, 37, 38, 39, 40, 41, 42, 43, 44, 45, 46, 47, 48, 49]
		}
	]
}