{
    "__comment": "Model generated using MrCrayfish's Model Creator (http://mrcrayfish.com/modelcreator/)",
    "textures": {
        "0": "decorations/board/peach/goomba_lottery_plant"
    },
	"display": {
		"head": {
			"scale": [ 2.4, 2.4, 2.4 ],
			"translation": [ 0, 14, 0 ],
			"rotation": [ -16.25, 0, 0 ]
			}
		},
    "elements": [
        {
            "name": "Stalk",
            "from": [ 7.5, -16.0, 7.5 ], 
            "to": [ 8.5, 3.5, 8.5 ], 
            "rotation": { "origin": [ 8.0, 4.0, 8.0 ], "axis": "x", "angle": 22.5 },
            "faces": {
                "north": { "texture": "#0", "uv": [ 15.0, 15.0, 15.9, 15.9 ] },
                "east": { "texture": "#0", "uv": [ 15.0, 15.0, 15.9, 15.9 ] },
                "south": { "texture": "#0", "uv": [ 15.0, 15.0, 15.9, 15.9 ] },
                "west": { "texture": "#0", "uv": [ 15.0, 15.0, 15.9, 15.9 ] },
                "up": { "texture": "#0", "uv": [ 15.0, 15.0, 15.9, 15.9 ] },
                "down": { "texture": "#0", "uv": [ 15.0, 15.0, 15.9, 15.9 ] }
            }
        },
        {
            "name": "leaf",
            "from": [ 8.300000004470348, -8.5, 4.0 ], 
            "to": [ 16.30000000447035, -4.5, 4.01 ], 
            "faces": {
                "north": { "texture": "#0", "uv": [ 0.0, 12.0, 8.9, 15.9 ] },
                "south": { "texture": "#0", "uv": [ 0.0, 12.0, 8.9, 15.9 ], "rotation": 180 }
            }
        },
        {
            "name": "leaf",
            "from": [ -0.30000000894069667, -8.5, 4.0 ], 
            "to": [ 7.699999991059303, -4.5, 4.01 ], 
            "faces": {
                "north": { "texture": "#0", "uv": [ 0.0, 12.0, 8.9, 15.9 ], "rotation": 180 },
                "south": { "texture": "#0", "uv": [ 0.0, 12.0, 8.9, 15.9 ] }
            }
        },
        {
            "name": "Petal red",
            "from": [ 0.9999999955296517, 2.0, 8.51 ], 
            "to": [ 7.9999999955296515, 6.0, 8.52 ], 
            "faces": {
                "north": { "texture": "#0", "uv": [ 0.0, 6.0, 7.500000000000002, 11.9 ], "rotation": 180 },
                "south": { "texture": "#0", "uv": [ 0.0, 6.0, 7.5, 12.0 ] }
            }
        },
        {
            "name": "Petal red",
            "from": [ 7.999999980628491, 2.0, 8.51 ], 
            "to": [ 14.999999980628491, 6.0, 8.52 ], 
            "faces": {
                "north": { "texture": "#0", "uv": [ 0.0, 6.0, 7.500000000000002, 11.9 ] },
                "south": { "texture": "#0", "uv": [ 0.0, 6.0, 7.5, 12.0 ], "rotation": 180 }
            }
        },
        {
            "name": "Petal red",
            "from": [ 5.9999999955296515, 4.0, 8.52 ], 
            "to": [ 9.999999995529652, 11.0, 8.53 ], 
            "faces": {
                "north": { "texture": "#0", "uv": [ 0.0, 6.0, 7.500000000000002, 11.9 ], "rotation": 90 },
                "south": { "texture": "#0", "uv": [ 0.0, 6.0, 7.5, 12.0 ], "rotation": 90 }
            }
        },
        {
            "name": "Petal red",
            "from": [ 5.9999999955296515, -3.0, 8.52 ], 
            "to": [ 9.999999995529652, 4.0, 8.53 ], 
            "faces": {
                "north": { "texture": "#0", "uv": [ 0.0, 6.0, 7.500000000000002, 11.9 ], "rotation": 270 },
                "south": { "texture": "#0", "uv": [ 0.0, 6.0, 7.5, 12.0 ], "rotation": 270 }
            }
        },
        {
            "name": "Petal red 45",
            "from": [ 0.9999999955296517, 2.0, 8.53 ], 
            "to": [ 7.9999999955296515, 6.0, 8.54 ], 
            "rotation": { "origin": [ 8.0, 4.0, 8.0 ], "axis": "z", "angle": 45.0 },
            "faces": {
                "north": { "texture": "#0", "uv": [ 0.0, 6.0, 7.500000000000002, 11.9 ], "rotation": 180 },
                "south": { "texture": "#0", "uv": [ 0.0, 6.0, 7.5, 12.0 ] }
            }
        },
        {
            "name": "Petal red 45",
            "from": [ 0.9999999955296517, 2.0, 8.54 ], 
            "to": [ 7.9999999955296515, 6.0, 8.549999999999999 ], 
            "rotation": { "origin": [ 8.0, 4.0, 8.0 ], "axis": "z", "angle": -45.0 },
            "faces": {
                "north": { "texture": "#0", "uv": [ 0.0, 6.0, 7.500000000000002, 11.9 ], "rotation": 180 },
                "south": { "texture": "#0", "uv": [ 0.0, 6.0, 7.5, 12.0 ] }
            }
        },
        {
            "name": "Petal red 45",
            "from": [ 7.999999980628491, 2.0, 8.53 ], 
            "to": [ 14.999999980628491, 6.0, 8.54 ], 
            "rotation": { "origin": [ 8.0, 4.0, 8.0 ], "axis": "z", "angle": 45.0 },
            "faces": {
                "north": { "texture": "#0", "uv": [ 0.0, 6.0, 7.500000000000002, 11.9 ] },
                "south": { "texture": "#0", "uv": [ 0.0, 6.0, 7.5, 12.0 ], "rotation": 180 }
            }
        },
        {
            "name": "Petal red 45",
            "from": [ 7.999999980628491, 2.0, 8.54 ], 
            "to": [ 14.999999980628491, 6.0, 8.549999999999999 ], 
            "rotation": { "origin": [ 8.0, 4.0, 8.0 ], "axis": "z", "angle": -45.0 },
            "faces": {
                "north": { "texture": "#0", "uv": [ 0.0, 6.0, 7.500000000000002, 11.9 ] },
                "south": { "texture": "#0", "uv": [ 0.0, 6.0, 7.5, 12.0 ], "rotation": 180 }
            }
        },
        {
            "name": "Petal pink 45",
            "from": [ 11.999999980628491, 1.0, 8.52 ], 
            "to": [ 18.99999998062849, 7.0, 8.53 ], 
            "rotation": { "origin": [ 8.0, 4.0, 8.0 ], "axis": "z", "angle": -45.0 },
            "faces": {
                "north": { "texture": "#0", "uv": [ 0.0, 0.0, 7.500000000000002, 5.9 ] },
                "south": { "texture": "#0", "uv": [ 0.0, 0.0, 7.5, 6.0 ], "rotation": 180 }
            }
        },
        {
            "name": "Petal pink 45",
            "from": [ 11.999999980628491, 1.0, 8.52 ], 
            "to": [ 18.99999998062849, 7.0, 8.53 ], 
            "rotation": { "origin": [ 8.0, 4.0, 8.0 ], "axis": "z", "angle": 45.0 },
            "faces": {
                "north": { "texture": "#0", "uv": [ 0.0, 0.0, 7.500000000000002, 5.9 ] },
                "south": { "texture": "#0", "uv": [ 0.0, 0.0, 7.5, 6.0 ], "rotation": 180 }
            }
        },
        {
            "name": "Petal pink 45",
            "from": [ -3.0000000044703485, 1.0, 8.52 ], 
            "to": [ 3.9999999955296515, 7.0, 8.53 ], 
            "rotation": { "origin": [ 8.0, 4.0, 8.0 ], "axis": "z", "angle": 45.0 },
            "faces": {
                "north": { "texture": "#0", "uv": [ 0.0, 0.0, 7.500000000000002, 5.9 ], "rotation": 180 },
                "south": { "texture": "#0", "uv": [ 0.0, 0.0, 7.5, 6.0 ] }
            }
        },
        {
            "name": "Petal pink 45",
            "from": [ -3.0000000044703485, 1.0, 8.52 ], 
            "to": [ 3.9999999955296515, 7.0, 8.53 ], 
            "rotation": { "origin": [ 8.0, 4.0, 8.0 ], "axis": "z", "angle": -45.0 },
            "faces": {
                "north": { "texture": "#0", "uv": [ 0.0, 0.0, 7.500000000000002, 5.9 ], "rotation": 180 },
                "south": { "texture": "#0", "uv": [ 0.0, 0.0, 7.5, 6.0 ] }
            }
        },
        {
            "name": "Flower inner",
            "from": [ 4.0, 2.0, 8.5 ], 
            "to": [ 12.0, 6.0, 9.5 ], 
            "faces": {
                "north": { "texture": "#0", "uv": [ 13.0, 15.0, 13.9, 15.9 ] },
                "east": { "texture": "#0", "uv": [ 13.0, 15.0, 13.9, 15.9 ] },
                "south": { "texture": "#0", "uv": [ 13.0, 15.0, 13.9, 15.9 ] },
                "west": { "texture": "#0", "uv": [ 13.0, 15.0, 13.9, 15.9 ] },
                "up": { "texture": "#0", "uv": [ 13.0, 15.0, 13.9, 15.9 ] },
                "down": { "texture": "#0", "uv": [ 13.0, 15.0, 13.9, 15.9 ] }
            }
        },
        {
            "name": "Flower inner",
            "from": [ 6.0, 0.0, 8.5 ], 
            "to": [ 10.0, 8.0, 9.5 ], 
            "faces": {
                "north": { "texture": "#0", "uv": [ 13.0, 15.0, 13.9, 15.9 ] },
                "east": { "texture": "#0", "uv": [ 13.0, 15.0, 13.9, 15.9 ] },
                "south": { "texture": "#0", "uv": [ 13.0, 15.0, 13.9, 15.9 ] },
                "west": { "texture": "#0", "uv": [ 13.0, 15.0, 13.9, 15.9 ] },
                "up": { "texture": "#0", "uv": [ 13.0, 15.0, 13.9, 15.9 ] },
                "down": { "texture": "#0", "uv": [ 13.0, 15.0, 13.9, 15.9 ] }
            }
        },
        {
            "name": "Flower inner 45",
            "from": [ 6.58, -0.24, 8.5 ], 
            "to": [ 9.41, 8.24, 9.5 ], 
            "rotation": { "origin": [ 8.0, 4.0, 8.0 ], "axis": "z", "angle": 45.0 },
            "faces": {
                "north": { "texture": "#0", "uv": [ 13.0, 15.0, 13.9, 15.9 ] },
                "east": { "texture": "#0", "uv": [ 13.0, 15.0, 13.9, 15.9 ] },
                "south": { "texture": "#0", "uv": [ 13.0, 15.0, 13.9, 15.9 ] },
                "west": { "texture": "#0", "uv": [ 13.0, 15.0, 13.9, 15.9 ] },
                "up": { "texture": "#0", "uv": [ 13.0, 15.0, 13.9, 15.9 ] },
                "down": { "texture": "#0", "uv": [ 13.0, 15.0, 13.9, 15.9 ] }
            }
        },
        {
            "name": "Flower inner 45",
            "from": [ 6.58, -0.24, 8.5 ], 
            "to": [ 9.41, 8.24, 9.5 ], 
            "rotation": { "origin": [ 8.0, 4.0, 8.0 ], "axis": "z", "angle": -45.0 },
            "faces": {
                "north": { "texture": "#0", "uv": [ 13.0, 15.0, 13.9, 15.9 ] },
                "east": { "texture": "#0", "uv": [ 13.0, 15.0, 13.9, 15.9 ] },
                "south": { "texture": "#0", "uv": [ 13.0, 15.0, 13.9, 15.9 ] },
                "west": { "texture": "#0", "uv": [ 13.0, 15.0, 13.9, 15.9 ] },
                "up": { "texture": "#0", "uv": [ 13.0, 15.0, 13.9, 15.9 ] },
                "down": { "texture": "#0", "uv": [ 13.0, 15.0, 13.9, 15.9 ] }
            }
        },
        {
            "name": "Face",
            "from": [ 5.0, 1.0, 9.51 ], 
            "to": [ 11.0, 7.0, 9.52 ], 
            "faces": {
                "north": { "texture": "#0", "uv": [ 9.51, 7.01, 15.99, 13.99 ] },
                "south": { "texture": "#0", "uv": [ 9.51, 7.01, 15.99, 13.99 ] }
            }
        }
    ]
}