{
	"credit": "Made with Blockbench by dragonmaster95",
	"textures": {
		"0": "decorations/board/peach/goomba_2"
	},
	"elements": [
		{
			"name": "front right",
			"from": [7.65, 12.095, 11.88],
			"to": [8.35, 12.595, 11.88],
			"rotation": {"angle": -45, "axis": "x", "origin": [8.33289, 12.77981, 10.26536]},
			"faces": {
				"south": {"uv": [0, 0, 16, 8], "texture": "#0"}
			}
		},
		{
			"name": "back right",
			"from": [11.88, 12.095, 7.65],
			"to": [11.88, 12.595, 8.35],
			"rotation": {"angle": 45, "axis": "z", "origin": [10.26652, 12.77777, 7.66711]},
			"faces": {
				"east": {"uv": [0, 0, 16, 8], "texture": "#0"}
			}
		},
		{
			"name": "back left",
			"from": [7.65, 12.095, 4.12],
			"to": [8.35, 12.595, 4.12],
			"rotation": {"angle": 45, "axis": "x", "origin": [7.66826, 12.77672, 5.73337]},
			"faces": {
				"north": {"uv": [0, 0, 16, 8], "texture": "#0"}
			}
		},
		{
			"name": "front left",
			"from": [4.12, 12.095, 7.65],
			"to": [4.12, 12.595, 8.35],
			"rotation": {"angle": -45, "axis": "z", "origin": [5.73336, 12.77993, 7.66507]},
			"faces": {
				"west": {"uv": [0, 0, 16, 8], "texture": "#0"}
			}
		},
		{
			"name": "front right",
			"from": [5.9, 1.77, 14.2],
			"to": [10.1, 4.77, 14.2],
			"rotation": {"angle": -45, "axis": "x", "origin": [10, 6, 4.5]},
			"faces": {
				"south": {"uv": [0, 0, 16, 8], "texture": "#0"}
			}
		},
		{
			"name": "back right",
			"from": [14.2, 1.77, 5.9],
			"to": [14.2, 4.77, 10.1],
			"rotation": {"angle": 45, "axis": "z", "origin": [4.5, 6, 6]},
			"faces": {
				"east": {"uv": [0, 0, 16, 8], "texture": "#0"}
			}
		},
		{
			"name": "back left",
			"from": [5.9, 1.77, 1.8],
			"to": [10.1, 4.77, 1.8],
			"rotation": {"angle": 45, "axis": "x", "origin": [6, 6, 11.5]},
			"faces": {
				"north": {"uv": [0, 0, 16, 8], "texture": "#0"}
			}
		},
		{
			"name": "front left",
			"from": [1.8, 1.77, 5.9],
			"to": [1.8, 4.77, 10.1],
			"rotation": {"angle": -45, "axis": "z", "origin": [11.5, 6, 6]},
			"faces": {
				"west": {"uv": [0, 0, 16, 8], "texture": "#0"}
			}
		}
	],
	"display": {
		"thirdperson_righthand": {
			"rotation": [90, 135, 0],
			"translation": [-6, -2, -5.77],
			"scale": [1.25, 1.75, 1.25]
		},
		"thirdperson_lefthand": {
			"rotation": [90, 135, 0],
			"translation": [-6, -2, -5.77],
			"scale": [1.25, 1.75, 1.25]
		},
		"head": {
			"translation": [0, -28.72, 0.85],
			"scale": [2, 2.02, 2]
		}
	},
	"groups": [
		{
			"name": "top corner",
			"children": [0, 1, 2, 3]
		},
		{
			"name": "lower corners",
			"children": [4, 5, 6, 7]
		}
	]
}