{
	"credit": "Made with Blockbench by dragonmaster95",
	"ambientocclusion": false,
	"textures": {
		"0": "decorations/board/peach/goomba"
	},
	"elements": [
		{
			"name": "Cube",
			"from": [6.25, 1, 6.25],
			"to": [9.75, 4, 9.75],
			"faces": {
				"north": {"uv": [0, 0, 1, 1], "texture": "#0"},
				"east": {"uv": [0, 0, 1, 1], "texture": "#0"},
				"south": {"uv": [0, 0, 1, 1], "texture": "#0"},
				"down": {"uv": [0, 0, 1, 1], "rotation": 180, "texture": "#0"}
			}
		},
		{
			"name": "Cube",
			"from": [6.25, 1.18745, 5.69378],
			"to": [9.75, 3.78805, 7.19309],
			"rotation": {"angle": -22.5, "axis": "x", "origin": [7.95992, 2.49188, 6.44309]},
			"faces": {
				"north": {"uv": [0, 0, 1, 1], "texture": "#0"},
				"east": {"uv": [0, 0, 1, 1], "texture": "#0"},
				"west": {"uv": [0, 0, 1, 1], "texture": "#0"},
				"down": {"uv": [0, 0, 1, 1], "rotation": 180, "texture": "#0"}
			}
		},
		{
			"name": "Cube",
			"from": [6.25, 1.19282, 8.79939],
			"to": [9.75, 3.79221, 10.31816],
			"rotation": {"angle": 22.5, "axis": "x", "origin": [7.95992, 2.52458, 9.54939]},
			"faces": {
				"east": {"uv": [0, 0, 1, 1], "texture": "#0"},
				"south": {"uv": [0, 0, 1, 1], "texture": "#0"},
				"west": {"uv": [0, 0, 1, 1], "texture": "#0"}
			}
		},
		{
			"name": "Cube",
			"from": [5.69389, 1.17079, 6.25],
			"to": [7.15125, 3.78612, 9.75],
			"rotation": {"angle": 22.5, "axis": "z", "origin": [6.40125, 2.48327, 7.99843]},
			"faces": {
				"north": {"uv": [0, 0, 1, 1], "texture": "#0"},
				"south": {"uv": [0, 0, 1, 1], "texture": "#0"},
				"west": {"uv": [0, 0, 1, 1], "texture": "#0"},
				"up": {"uv": [0, 0, 1, 1], "rotation": 180, "texture": "#0"},
				"down": {"uv": [0, 0, 1, 1], "rotation": 180, "texture": "#0"}
			}
		},
		{
			"name": "Cube",
			"from": [8.76526, 1.2034, 6.25],
			"to": [10.2922, 3.81424, 9.75],
			"rotation": {"angle": -22.5, "axis": "z", "origin": [9.51526, 2.49188, 7.99843]},
			"faces": {
				"north": {"uv": [0, 0, 1, 1], "texture": "#0"},
				"east": {"uv": [0, 0, 1, 1], "texture": "#0"},
				"south": {"uv": [0, 0, 1, 1], "texture": "#0"},
				"down": {"uv": [0, 0, 1, 1], "rotation": 180, "texture": "#0"}
			}
		},
		{
			"name": "Cube",
			"from": [5.24915, 3.41625, 6.25],
			"to": [10.7391, 4, 9.75],
			"faces": {
				"north": {"uv": [0, 0, 1, 1], "texture": "#0"},
				"east": {"uv": [0, 0, 1, 1], "texture": "#0"},
				"south": {"uv": [0, 0, 1, 1], "texture": "#0"},
				"west": {"uv": [0, 0, 1, 1], "texture": "#0"},
				"down": {"uv": [0, 0, 1, 1], "rotation": 180, "texture": "#0"}
			}
		},
		{
			"name": "Cube",
			"from": [6.25, 3.40153, 5.25479],
			"to": [9.75, 4, 10.74474],
			"faces": {
				"north": {"uv": [0, 0, 1, 1], "texture": "#0"},
				"east": {"uv": [0, 0, 1, 1], "texture": "#0"},
				"south": {"uv": [0, 0, 1, 1], "texture": "#0"},
				"west": {"uv": [0, 0, 1, 1], "texture": "#0"},
				"down": {"uv": [0, 0, 1, 1], "rotation": 180, "texture": "#0"}
			}
		},
		{
			"name": "feet",
			"from": [8.30992, 0, 4.24843],
			"to": [11.30992, 1, 8.74843],
			"faces": {
				"north": {"uv": [2, 0, 3, 1], "texture": "#0"},
				"east": {"uv": [2, 0, 3, 1], "texture": "#0"},
				"south": {"uv": [2, 0, 3, 1], "texture": "#0"},
				"west": {"uv": [2, 0, 3, 1], "texture": "#0"},
				"up": {"uv": [2, 0, 3, 1], "rotation": 180, "texture": "#0"},
				"down": {"uv": [2, 0, 3, 1], "rotation": 180, "texture": "#0"}
			}
		},
		{
			"name": "feet",
			"from": [8.80992, 1, 4.74843],
			"to": [10.80992, 1.5, 8.74843],
			"faces": {
				"north": {"uv": [2, 0, 3, 1], "texture": "#0"},
				"east": {"uv": [2, 0, 3, 1], "texture": "#0"},
				"south": {"uv": [2, 0, 3, 1], "texture": "#0"},
				"west": {"uv": [2, 0, 3, 1], "texture": "#0"},
				"up": {"uv": [2, 0, 3, 1], "rotation": 180, "texture": "#0"}
			}
		},
		{
			"name": "feet",
			"from": [4.60992, 0, 4.24843],
			"to": [7.60992, 1, 8.74843],
			"faces": {
				"north": {"uv": [2, 0, 3, 1], "texture": "#0"},
				"east": {"uv": [2, 0, 3, 1], "texture": "#0"},
				"south": {"uv": [2, 0, 3, 1], "texture": "#0"},
				"west": {"uv": [2, 0, 3, 1], "texture": "#0"},
				"up": {"uv": [2, 0, 3, 1], "rotation": 180, "texture": "#0"},
				"down": {"uv": [2, 0, 3, 1], "rotation": 180, "texture": "#0"}
			}
		},
		{
			"name": "feet",
			"from": [5.10992, 1, 4.74843],
			"to": [7.10992, 1.5, 8.74843],
			"faces": {
				"north": {"uv": [2, 0, 3, 1], "texture": "#0"},
				"east": {"uv": [2, 0, 3, 1], "texture": "#0"},
				"south": {"uv": [2, 0, 3, 1], "texture": "#0"},
				"west": {"uv": [2, 0, 3, 1], "texture": "#0"},
				"up": {"uv": [2, 0, 3, 1], "rotation": 180, "texture": "#0"}
			}
		},
		{
			"name": "Head",
			"from": [5, 4.49357, 2.00316],
			"to": [11, 7.00362, 13.99943],
			"faces": {
				"north": {"uv": [2, 0, 3, 1], "texture": "#0"},
				"south": {"uv": [2, 0, 3, 1], "texture": "#0"},
				"down": {"uv": [2, 0, 3, 1], "rotation": 180, "texture": "#0"}
			}
		},
		{
			"name": "Head",
			"from": [2.00057, 4.49357, 5],
			"to": [14.00315, 7.00362, 11],
			"faces": {
				"east": {"uv": [2, 0, 3, 1], "texture": "#0"},
				"west": {"uv": [2, 0, 3, 1], "texture": "#0"},
				"down": {"uv": [2, 0, 3, 1], "rotation": 180, "texture": "#0"}
			}
		},
		{
			"name": "Head",
			"from": [5.86598, 4.49357, 1.67164],
			"to": [10.10598, 7.00362, 14.40138],
			"rotation": {"angle": 45, "axis": "y", "origin": [7.95096, 5.75, 8.00178]},
			"faces": {
				"north": {"uv": [2, 0, 3, 1], "texture": "#0"},
				"south": {"uv": [2, 0, 3, 1], "texture": "#0"},
				"up": {"uv": [2, 0, 3, 1], "rotation": 270, "texture": "#0"},
				"down": {"uv": [2, 0, 3, 1], "rotation": 90, "texture": "#0"}
			}
		},
		{
			"name": "Head",
			"from": [1.63089, 4.49357, 5.90906],
			"to": [14.35617, 7.00362, 10.15169],
			"rotation": {"angle": 45, "axis": "y", "origin": [7.96325, 5.75, 8.00737]},
			"faces": {
				"east": {"uv": [2, 0, 3, 1], "texture": "#0"},
				"west": {"uv": [2, 0, 3, 1], "texture": "#0"},
				"up": {"uv": [2, 0, 3, 1], "rotation": 180, "texture": "#0"},
				"down": {"uv": [2, 0, 3, 1], "rotation": 180, "texture": "#0"}
			}
		},
		{
			"name": "Mouth",
			"from": [4.95992, 5.2, 1.97843],
			"to": [10.95992, 6.5, 2.99843],
			"faces": {
				"north": {"uv": [0, 12, 16, 16], "texture": "#0"}
			}
		},
		{
			"name": "Chin",
			"from": [5, 4, 2.5],
			"to": [11, 4.5, 13.5],
			"faces": {
				"north": {"uv": [2, 0, 3, 1], "texture": "#0"},
				"south": {"uv": [2, 0, 3, 1], "texture": "#0"},
				"down": {"uv": [2, 0, 3, 1], "rotation": 180, "texture": "#0"}
			}
		},
		{
			"name": "Chin",
			"from": [2.5, 4, 5],
			"to": [13.5, 4.5, 11],
			"faces": {
				"east": {"uv": [2, 0, 3, 1], "texture": "#0"},
				"west": {"uv": [2, 0, 3, 1], "texture": "#0"},
				"down": {"uv": [2, 0, 3, 1], "rotation": 180, "texture": "#0"}
			}
		},
		{
			"name": "Chin",
			"from": [1.99309, 4, 6.21222],
			"to": [14.0139, 4.5, 9.74776],
			"rotation": {"angle": -45, "axis": "y", "origin": [7.97759, 4.25, 7.98577]},
			"faces": {
				"east": {"uv": [2, 0, 3, 1], "texture": "#0"},
				"west": {"uv": [2, 0, 3, 1], "texture": "#0"},
				"down": {"uv": [2, 0, 3, 1], "rotation": 180, "texture": "#0"}
			}
		},
		{
			"name": "Chin",
			"from": [1.95161, 4, 6.28209],
			"to": [13.97243, 4.5, 9.81762],
			"rotation": {"angle": 45, "axis": "y", "origin": [7.92083, 4.25, 7.97908]},
			"faces": {
				"east": {"uv": [2, 0, 3, 1], "texture": "#0"},
				"west": {"uv": [2, 0, 3, 1], "texture": "#0"},
				"down": {"uv": [2, 0, 3, 1], "rotation": 180, "texture": "#0"}
			}
		},
		{
			"name": "Eyes",
			"from": [5, 8.07624, 4.22548],
			"to": [11, 11.75124, 6.22548],
			"shade": false,
			"rotation": {"angle": 22.5, "axis": "x", "origin": [8, 9.92624, 5.22548]},
			"faces": {
				"north": {"uv": [2, 0.5, 14, 7.5], "texture": "#0"},
				"east": {"uv": [2, 0, 3, 1], "texture": "#0"},
				"west": {"uv": [2, 0, 3, 1], "texture": "#0"}
			}
		},
		{
			"name": "Eyes",
			"from": [5, 5.92282, 2.62985],
			"to": [11, 9.22282, 4.87985],
			"shade": false,
			"rotation": {"angle": 45, "axis": "x", "origin": [8, 7.22282, 3.61985]},
			"faces": {
				"north": {"uv": [2, 5.5, 14, 11.9], "texture": "#0"},
				"east": {"uv": [2, 0, 3, 1], "texture": "#0"},
				"west": {"uv": [2, 0, 3, 1], "texture": "#0"}
			}
		},
		{
			"name": "Top",
			"from": [5.5, 11.275, 5.5],
			"to": [10.5, 12.495, 10.5],
			"faces": {
				"up": {"uv": [2, 0, 3, 1], "rotation": 180, "texture": "#0"}
			}
		},
		{
			"name": "Eyebrow Right",
			"from": [7.62162, 10.47236, 3.79843],
			"to": [11.62162, 10.97236, 4.29843],
			"rotation": {"angle": 45, "axis": "z", "origin": [9.62162, 10.72236, 4.04843]},
			"faces": {
				"north": {"uv": [7.5, 13, 8, 13.5], "texture": "#0"},
				"south": {"uv": [7.5, 13, 8, 13.5], "texture": "#0"},
				"west": {"uv": [7.5, 13, 8, 13.5], "texture": "#0"},
				"up": {"uv": [7.5, 13, 8, 13.5], "rotation": 180, "texture": "#0"},
				"down": {"uv": [7.5, 13, 8, 13.5], "rotation": 180, "texture": "#0"}
			}
		},
		{
			"name": "Eyebrow Right",
			"from": [8.8386, 10.47902, 3.79843],
			"to": [12.5386, 10.97902, 4.29843],
			"rotation": {"angle": 22.5, "axis": "z", "origin": [10.6386, 10.67902, 4.04843]},
			"faces": {
				"north": {"uv": [7.5, 13, 8, 13.5], "texture": "#0"},
				"south": {"uv": [7.5, 13, 8, 13.5], "texture": "#0"},
				"down": {"uv": [7.5, 13, 8, 13.5], "rotation": 180, "texture": "#0"}
			}
		},
		{
			"name": "Eyebrow Right",
			"from": [10.66823, 11.35403, 3.79843],
			"to": [13.26823, 11.85403, 4.29843],
			"rotation": {"angle": -22.5, "axis": "z", "origin": [11.91823, 11.60403, 4.04843]},
			"faces": {
				"north": {"uv": [7.5, 13, 8, 13.5], "texture": "#0"},
				"south": {"uv": [7.5, 13, 8, 13.5], "texture": "#0"},
				"up": {"uv": [7.5, 13, 8, 13.5], "rotation": 180, "texture": "#0"}
			}
		},
		{
			"name": "Eyebrow Right",
			"from": [9.87802, 10.63631, 3.79843],
			"to": [11.77802, 11.63631, 4.29843],
			"rotation": {"angle": 22.5, "axis": "z", "origin": [10.82802, 11.13631, 4.04843]},
			"faces": {
				"north": {"uv": [7.5, 13, 8, 13.5], "texture": "#0"},
				"south": {"uv": [7.5, 13, 8, 13.5], "texture": "#0"},
				"west": {"uv": [7.5, 13, 8, 13.5], "texture": "#0"},
				"up": {"uv": [7.5, 13, 8, 13.5], "rotation": 180, "texture": "#0"}
			}
		},
		{
			"name": "Eyebrow Right",
			"from": [11.16114, 10.71837, 3.79843],
			"to": [13.26114, 11.31837, 4.29843],
			"faces": {
				"north": {"uv": [7.5, 13, 8, 13.5], "texture": "#0"},
				"east": {"uv": [7.5, 13, 8, 13.5], "texture": "#0"},
				"south": {"uv": [7.5, 13, 8, 13.5], "texture": "#0"},
				"down": {"uv": [7.5, 13, 8, 13.5], "rotation": 180, "texture": "#0"}
			}
		},
		{
			"name": "Cube",
			"from": [5.5, 11.39601, 5.24811],
			"to": [10.5, 12.39601, 5.95522],
			"rotation": {"angle": -45, "axis": "x", "origin": [8.5, 11.89601, 5.60811]},
			"faces": {
				"east": {"uv": [2, 0, 3, 1], "texture": "#0"},
				"west": {"uv": [2, 0, 3, 1], "texture": "#0"},
				"up": {"uv": [2, 0, 3, 1], "rotation": 180, "texture": "#0"}
			}
		},
		{
			"name": "Head",
			"from": [11.01827, 5.76878, 5],
			"to": [13.26827, 8.76878, 11],
			"rotation": {"angle": 45, "axis": "z", "origin": [12.14327, 7.26878, 8]},
			"faces": {
				"north": {"uv": [2, 0, 3, 1], "texture": "#0"},
				"east": {"uv": [0.5, 8.25, 1, 9], "texture": "#0"},
				"south": {"uv": [2, 0, 3, 1], "texture": "#0"}
			}
		},
		{
			"name": "Eyes",
			"from": [9.77452, 8.10124, 5],
			"to": [11.77452, 11.75124, 11],
			"shade": false,
			"rotation": {"angle": 22.5, "axis": "z", "origin": [10.77452, 9.92624, 8]},
			"faces": {
				"north": {"uv": [2, 0, 3, 1], "texture": "#0"},
				"east": {"uv": [2, 1, 14, 3.5], "texture": "#0"},
				"south": {"uv": [2, 0, 3, 1], "texture": "#0"}
			}
		},
		{
			"name": "Head",
			"from": [5, 5.76878, 11.01827],
			"to": [11, 8.76878, 13.26827],
			"rotation": {"angle": -45, "axis": "x", "origin": [8, 7.26878, 12.14327]},
			"faces": {
				"east": {"uv": [2, 0, 3, 1], "texture": "#0"},
				"south": {"uv": [0.5, 8.25, 1, 9], "texture": "#0"},
				"west": {"uv": [2, 0, 3, 1], "texture": "#0"}
			}
		},
		{
			"name": "Eyes",
			"from": [5, 8.10124, 9.77452],
			"to": [11, 11.75124, 11.77452],
			"shade": false,
			"rotation": {"angle": -22.5, "axis": "x", "origin": [8, 9.92624, 10.77452]},
			"faces": {
				"east": {"uv": [2, 0, 3, 1], "texture": "#0"},
				"south": {"uv": [2, 1, 14, 3.5], "texture": "#0"},
				"west": {"uv": [2, 0, 3, 1], "texture": "#0"}
			}
		},
		{
			"name": "Head",
			"from": [2.73173, 5.76878, 5],
			"to": [4.98173, 8.76878, 11],
			"rotation": {"angle": -45, "axis": "z", "origin": [3.85673, 7.26878, 8]},
			"faces": {
				"north": {"uv": [2, 0, 3, 1], "texture": "#0"},
				"south": {"uv": [2, 0, 3, 1], "texture": "#0"},
				"west": {"uv": [0.5, 8.25, 1, 9], "texture": "#0"}
			}
		},
		{
			"name": "Eyes",
			"from": [4.22548, 8.10124, 5],
			"to": [6.22548, 11.75124, 11],
			"shade": false,
			"rotation": {"angle": -22.5, "axis": "z", "origin": [5.22548, 9.92624, 8]},
			"faces": {
				"north": {"uv": [2, 0, 3, 1], "texture": "#0"},
				"south": {"uv": [2, 0, 3, 1], "texture": "#0"},
				"west": {"uv": [2, 1, 14, 3.5], "texture": "#0"}
			}
		},
		{
			"name": "Cube",
			"from": [10.0376, 11.40323, 5.5],
			"to": [10.74471, 12.42779, 10.5],
			"rotation": {"angle": -45, "axis": "z", "origin": [10.34994, 11.90323, 7.99843]},
			"faces": {
				"north": {"uv": [2, 0, 3, 1], "texture": "#0"},
				"south": {"uv": [2, 0, 3, 1], "texture": "#0"},
				"up": {"uv": [2, 0, 3, 1], "rotation": 270, "texture": "#0"}
			}
		},
		{
			"name": "Cube",
			"from": [5.5, 11.40323, 10.04888],
			"to": [10.5, 12.40055, 10.75599],
			"rotation": {"angle": 45, "axis": "x", "origin": [7.95992, 11.90323, 10.38845]},
			"faces": {
				"east": {"uv": [2, 0, 3, 1], "texture": "#0"},
				"west": {"uv": [2, 0, 3, 1], "texture": "#0"},
				"up": {"uv": [2, 0, 3, 1], "texture": "#0"}
			}
		},
		{
			"name": "Cube",
			"from": [5.23181, 11.40323, 5.5],
			"to": [5.93892, 12.3711, 10.5],
			"rotation": {"angle": 45, "axis": "z", "origin": [5.56989, 11.90323, 7.99843]},
			"faces": {
				"north": {"uv": [2, 0, 3, 1], "texture": "#0"},
				"south": {"uv": [2, 0, 3, 1], "texture": "#0"},
				"up": {"uv": [2, 0, 3, 1], "rotation": 90, "texture": "#0"}
			}
		},
		{
			"name": "Top",
			"from": [5, 10.775, 5],
			"to": [11, 11.995, 11],
			"faces": {
				"up": {"uv": [2, 0, 3, 1], "rotation": 180, "texture": "#0"}
			}
		},
		{
			"name": "Eyebrow Right",
			"from": [4.37838, 10.47236, 3.79843],
			"to": [8.37838, 10.97236, 4.29843],
			"rotation": {"angle": -45, "axis": "z", "origin": [6.37838, 10.72236, 4.04843]},
			"faces": {
				"north": {"uv": [8, 13, 7.5, 13.5], "texture": "#0"},
				"east": {"uv": [8, 13, 7.5, 13.5], "texture": "#0"},
				"south": {"uv": [8, 13, 7.5, 13.5], "texture": "#0"},
				"up": {"uv": [8, 13, 7.5, 13.5], "rotation": 180, "texture": "#0"},
				"down": {"uv": [8, 13, 7.5, 13.5], "rotation": 180, "texture": "#0"}
			}
		},
		{
			"name": "Eyebrow Right",
			"from": [4.22198, 10.63631, 3.79843],
			"to": [6.12198, 11.63631, 4.29843],
			"rotation": {"angle": -22.5, "axis": "z", "origin": [5.17198, 11.13631, 4.04843]},
			"faces": {
				"north": {"uv": [8, 13, 7.5, 13.5], "texture": "#0"},
				"east": {"uv": [8, 13, 7.5, 13.5], "texture": "#0"},
				"south": {"uv": [8, 13, 7.5, 13.5], "texture": "#0"},
				"up": {"uv": [8, 13, 7.5, 13.5], "rotation": 180, "texture": "#0"}
			}
		},
		{
			"name": "Eyebrow Right",
			"from": [3.4614, 10.47902, 3.79843],
			"to": [7.1614, 10.97902, 4.29843],
			"rotation": {"angle": -22.5, "axis": "z", "origin": [5.3614, 10.67902, 4.04843]},
			"faces": {
				"north": {"uv": [8, 13, 7.5, 13.5], "texture": "#0"},
				"south": {"uv": [8, 13, 7.5, 13.5], "texture": "#0"},
				"down": {"uv": [8, 13, 7.5, 13.5], "rotation": 180, "texture": "#0"}
			}
		},
		{
			"name": "Eyebrow Right",
			"from": [2.73177, 11.35403, 3.79843],
			"to": [5.33177, 11.85403, 4.29843],
			"rotation": {"angle": 22.5, "axis": "z", "origin": [4.08177, 11.60403, 4.04843]},
			"faces": {
				"north": {"uv": [8, 13, 7.5, 13.5], "texture": "#0"},
				"south": {"uv": [8, 13, 7.5, 13.5], "texture": "#0"},
				"up": {"uv": [8, 13, 7.5, 13.5], "rotation": 180, "texture": "#0"}
			}
		},
		{
			"name": "Eyebrow Right",
			"from": [2.73886, 10.71837, 3.79843],
			"to": [4.83886, 11.31837, 4.29843],
			"faces": {
				"north": {"uv": [8, 13, 7.5, 13.5], "texture": "#0"},
				"south": {"uv": [8, 13, 7.5, 13.5], "texture": "#0"},
				"west": {"uv": [8, 13, 7.5, 13.5], "texture": "#0"},
				"down": {"uv": [8, 13, 7.5, 13.5], "rotation": 180, "texture": "#0"}
			}
		}
	],
	"display": {
		"head": {
			"translation": [0, -26, 0],
			"scale": [2, 2, 2]
		},
		"fixed": {
			"rotation": [0, 180, 0]
		}
	}
}