{
	"credit": "Made by dragonmaster95 with Blockbench, a free, modern block model editor by JannisX11",
	"textures": {
		"0": "decorations/board/peach/piranha_plant"
	},
	"elements": [
		{
			"name": "Stalk",
			"from": [6.75, -1, 6.75],
			"to": [9.25, 4, 9.25],
			"rotation": {"angle": 22.5, "axis": "z", "origin": [6.75, 0, 6.75]},
			"faces": {
				"north": {"uv": [12, 12, 16, 16], "texture": "#0"},
				"east": {"uv": [12, 12, 16, 16], "texture": "#0"},
				"south": {"uv": [12, 12, 16, 16], "texture": "#0"},
				"west": {"uv": [12, 12, 16, 16], "texture": "#0"}
			}
		},
		{
			"name": "Stalk",
			"from": [5.21927, 3.69552, 6.76],
			"to": [7.71927, 11.69552, 9.25],
			"faces": {
				"north": {"uv": [12, 12, 16, 16], "texture": "#0"},
				"east": {"uv": [12, 12, 16, 16], "texture": "#0"},
				"south": {"uv": [12, 12, 16, 16], "texture": "#0"},
				"west": {"uv": [12, 12, 16, 16], "texture": "#0"}
			}
		},
		{
			"name": "Stalk",
			"from": [5.32822, 11.78325, 6.75],
			"to": [7.82822, 19.78325, 9.25],
			"rotation": {"angle": -22.5, "axis": "z", "origin": [5.05322, 12.01325, 6.75]},
			"faces": {
				"north": {"uv": [12, 12, 16, 16], "texture": "#0"},
				"east": {"uv": [12, 12, 16, 16], "texture": "#0"},
				"south": {"uv": [12, 12, 16, 16], "texture": "#0"},
				"west": {"uv": [12, 12, 16, 16], "texture": "#0"}
			}
		},
		{
			"name": "Leaf",
			"from": [2.5, 0, -4],
			"to": [13.5, 0.01, 7],
			"rotation": {"angle": 22.5, "axis": "x", "origin": [8, 0, 7]},
			"faces": {
				"up": {"uv": [8, 0, 16, 8], "texture": "#0"}
			}
		},
		{
			"name": "Leaf",
			"from": [2.5, 0, 9],
			"to": [13.5, 0.01, 20],
			"rotation": {"angle": -22.5, "axis": "x", "origin": [8, 0, 9]},
			"faces": {
				"up": {"uv": [8, 0, 16, 8], "texture": "#0", "rotation": 180}
			}
		},
		{
			"name": "Head",
			"from": [13.11799, 15.95, -1.01],
			"to": [21.1, 23.42043, 16.98832],
			"rotation": {"angle": 22.5, "axis": "z", "origin": [7.8, 18.1, 8]},
			"faces": {
				"north": {"uv": [0, 3.5, 8, 12.5], "texture": "#0", "rotation": 90},
				"south": {"uv": [0, 9, 8, 16], "texture": "#0", "rotation": 180},
				"up": {"uv": [0, 1, 8, 6], "texture": "#0", "rotation": 270}
			}
		},
		{
			"name": "Head",
			"from": [7.78854, 18.10056, -1],
			"to": [13.15, 25.62, 17],
			"rotation": {"angle": -22.5, "axis": "z", "origin": [7.8, 18.1, 8]},
			"faces": {
				"north": {"uv": [0, 7, 8, 16], "texture": "#0"},
				"south": {"uv": [0, 8, 8, 16], "texture": "#0", "rotation": 270},
				"west": {"uv": [0, 0, 8, 4], "texture": "#0"}
			}
		},
		{
			"name": "Head",
			"from": [13.42641, 26.775, -1],
			"to": [21.4, 31.236, 16.9712],
			"rotation": {"angle": -22.5, "axis": "z", "origin": [7.8, 18.1, 8]},
			"faces": {
				"north": {"uv": [0, 11, 5, 16], "texture": "#0", "rotation": 180},
				"south": {"uv": [0, 4.5, 7.5, 8.5], "texture": "#0"},
				"up": {"uv": [0, 6, 8, 11], "texture": "#0", "rotation": 270}
			}
		},
		{
			"name": "Head",
			"from": [11.65, 14.19, -0.98],
			"to": [26.72511, 17.77286, 16.95675],
			"rotation": {"angle": 22.5, "axis": "z", "origin": [7.8, 18.1, 8]},
			"faces": {
				"north": {"uv": [0, 4.5, 3, 7.5], "texture": "#0"},
				"east": {"uv": [0, 0, 1, 1], "texture": "#0"},
				"south": {"uv": [0, 3.5, 2.5, 6.5], "texture": "#0"},
				"down": {"uv": [10.5, 13, 11.5, 14], "texture": "#0"}
			}
		},
		{
			"name": "Head",
			"from": [7.8, 12.1, -0.98],
			"to": [13.4, 18.1, 16.97],
			"rotation": {"angle": 22.5, "axis": "z", "origin": [7.8, 18.1, 8]},
			"faces": {
				"north": {"uv": [0, 3.5, 1, 4.5], "texture": "#0"},
				"east": {"uv": [10.5, 13, 11.5, 14], "texture": "#0"},
				"south": {"uv": [0, 5, 1, 6], "texture": "#0"},
				"west": {"uv": [5, 8, 8, 14], "texture": "#0", "rotation": 90}
			}
		},
		{
			"name": "Lips Right",
			"from": [8.71555, 12.31776, -2],
			"to": [9.71555, 13.51776, 18],
			"rotation": {"angle": 45, "axis": "z", "origin": [7.01555, 15.71776, 8]},
			"faces": {
				"north": {"uv": [8.5, 13, 9.5, 14], "texture": "#0"},
				"south": {"uv": [8.5, 13, 9.5, 14], "texture": "#0"},
				"up": {"uv": [8.5, 13, 9.5, 14], "texture": "#0"}
			}
		},
		{
			"name": "Lips Right",
			"from": [9.5, 13.5, 16],
			"to": [27.5, 15.2, 18],
			"rotation": {"angle": 22.5, "axis": "z", "origin": [7.8, 18.1, 8]},
			"faces": {
				"north": {"uv": [8.5, 13, 9.5, 14], "texture": "#0"},
				"south": {"uv": [8.5, 13, 9.5, 14], "texture": "#0"},
				"up": {"uv": [8.5, 13, 9.5, 14], "texture": "#0"},
				"down": {"uv": [8.5, 13, 9.5, 14], "texture": "#0"}
			}
		},
		{
			"name": "Lips Left",
			"from": [9.5, 13.5, -2],
			"to": [27.5, 15.2, 0],
			"rotation": {"angle": 22.5, "axis": "z", "origin": [7.8, 18.1, 8]},
			"faces": {
				"north": {"uv": [8.5, 13, 9.5, 14], "texture": "#0"},
				"south": {"uv": [8.5, 13, 9.5, 14], "texture": "#0"},
				"up": {"uv": [8.5, 13, 9.5, 14], "texture": "#0"},
				"down": {"uv": [8.5, 13, 9.5, 14], "texture": "#0"}
			}
		},
		{
			"name": "Lips LU",
			"from": [20.1742, 7.54356, -2],
			"to": [23.1742, 9.15356, 0],
			"rotation": {"angle": 45, "axis": "z", "origin": [7.2742, 17.64356, 8]},
			"faces": {
				"north": {"uv": [8.5, 13, 9.5, 14], "texture": "#0"},
				"south": {"uv": [8.5, 13, 9.5, 14], "texture": "#0"},
				"west": {"uv": [8.5, 13, 9.5, 14], "texture": "#0"},
				"up": {"uv": [8.5, 13, 9.5, 14], "texture": "#0"},
				"down": {"uv": [8.5, 13, 9.5, 14], "texture": "#0"}
			}
		},
		{
			"name": "Lips RU",
			"from": [20.1742, 7.54356, 16],
			"to": [23.1742, 9.15356, 18],
			"rotation": {"angle": 45, "axis": "z", "origin": [7.2742, 17.64356, 8]},
			"faces": {
				"north": {"uv": [8.5, 13, 9.5, 14], "texture": "#0"},
				"south": {"uv": [8.5, 13, 9.5, 14], "texture": "#0"},
				"west": {"uv": [8.5, 13, 9.5, 14], "texture": "#0"},
				"up": {"uv": [8.5, 13, 9.5, 14], "texture": "#0"},
				"down": {"uv": [8.5, 13, 9.5, 14], "texture": "#0"}
			}
		},
		{
			"name": "Lips Up",
			"from": [22.9621, 8.14561, -2],
			"to": [24.9621, 9.64561, 18],
			"rotation": {"angle": 45, "axis": "z", "origin": [7.7621, 18.14561, 8]},
			"faces": {
				"north": {"uv": [8.5, 13, 9.5, 14], "texture": "#0"},
				"east": {"uv": [8.5, 13, 9.5, 14], "texture": "#0"},
				"south": {"uv": [8.5, 13, 9.5, 14], "texture": "#0"},
				"up": {"uv": [8.5, 13, 9.5, 14], "texture": "#0"}
			}
		},
		{
			"name": "Lips Up",
			"from": [25.5, 13.5, -2],
			"to": [27.5, 15.5, 18],
			"rotation": {"angle": 22.5, "axis": "z", "origin": [7.8, 18.1, 8]},
			"faces": {
				"north": {"uv": [8.5, 13, 9.5, 14], "texture": "#0"},
				"east": {"uv": [8.5, 13, 9.5, 14], "texture": "#0"},
				"south": {"uv": [8.5, 13, 9.5, 14], "texture": "#0"},
				"west": {"uv": [8.5, 13, 9.5, 14], "texture": "#0"},
				"down": {"uv": [8.5, 13, 9.5, 14], "texture": "#0"}
			}
		},
		{
			"name": "Teeth DL",
			"from": [22.54, 11.15, -1],
			"to": [25.54, 12.65, -1.01],
			"rotation": {"angle": 22.5, "axis": "z", "origin": [7.8, 18.1, 8]},
			"faces": {
				"north": {"uv": [8, 8, 16, 12], "texture": "#0"}
			}
		},
		{
			"name": "Teeth DL",
			"from": [18.79, 11.15, -1],
			"to": [21.79, 12.65, -1.01],
			"rotation": {"angle": 22.5, "axis": "z", "origin": [7.8, 18.1, 8]},
			"faces": {
				"north": {"uv": [8, 8, 16, 12], "texture": "#0"}
			}
		},
		{
			"name": "Teeth DL",
			"from": [18.24, 15.65, -1],
			"to": [19.74, 17.15, -1.01],
			"faces": {
				"north": {"uv": [12, 8, 16, 12], "texture": "#0"}
			}
		},
		{
			"name": "Teeth DR",
			"from": [22.89, 11.15, 17],
			"to": [25.89, 12.65, 17.01],
			"rotation": {"angle": 22.5, "axis": "z", "origin": [7.8, 18.1, 8]},
			"faces": {
				"south": {"uv": [8, 8, 16, 12], "texture": "#0"}
			}
		},
		{
			"name": "Teeth DR",
			"from": [19.34, 11.15, 17],
			"to": [22.34, 12.65, 17.01],
			"rotation": {"angle": 22.5, "axis": "z", "origin": [7.8, 18.1, 8]},
			"faces": {
				"south": {"uv": [8, 8, 16, 12], "texture": "#0"}
			}
		},
		{
			"name": "Teeth DR",
			"from": [17.84, 15.65, 17],
			"to": [20.84, 17.15, 17.01],
			"faces": {
				"south": {"uv": [8, 8, 16, 12], "texture": "#0"}
			}
		},
		{
			"name": "Teeth UR",
			"from": [25.54, 12.15, 17],
			"to": [27.04, 13.65, 17.01],
			"rotation": {"angle": 22.5, "axis": "z", "origin": [7.8, 18.1, 8]},
			"faces": {
				"south": {"uv": [12, 8, 16, 12], "texture": "#0", "rotation": 180}
			}
		},
		{
			"name": "Teeth UR",
			"from": [22.04, 12.15, 17],
			"to": [25.04, 13.65, 17.01],
			"rotation": {"angle": 22.5, "axis": "z", "origin": [7.8, 18.1, 8]},
			"faces": {
				"south": {"uv": [8, 8, 16, 12], "texture": "#0", "rotation": 180}
			}
		},
		{
			"name": "Teeth UR",
			"from": [18.64, 12.15, 17],
			"to": [21.64, 13.65, 17.01],
			"rotation": {"angle": 22.5, "axis": "z", "origin": [7.8, 18.1, 8]},
			"faces": {
				"south": {"uv": [8, 8, 16, 12], "texture": "#0", "rotation": 180}
			}
		},
		{
			"name": "Teeth UL",
			"from": [23.34, 12.15, -1],
			"to": [26.34, 13.65, -1.01],
			"rotation": {"angle": 22.5, "axis": "z", "origin": [7.8, 18.1, 8]},
			"faces": {
				"north": {"uv": [8, 8, 16, 12], "texture": "#0", "rotation": 180}
			}
		},
		{
			"name": "Teeth UL",
			"from": [19.74, 12.15, -1],
			"to": [22.74, 13.65, -1.01],
			"rotation": {"angle": 22.5, "axis": "z", "origin": [7.8, 18.1, 8]},
			"faces": {
				"north": {"uv": [8, 8, 16, 12], "texture": "#0", "rotation": 180}
			}
		},
		{
			"name": "Teeth UL",
			"from": [17.84, 12.15, -1],
			"to": [19.34, 13.65, -1.01],
			"rotation": {"angle": 22.5, "axis": "z", "origin": [7.8, 18.1, 8]},
			"faces": {
				"north": {"uv": [12, 8, 16, 12], "texture": "#0", "rotation": 180}
			}
		},
		{
			"name": "Teeth Front Down",
			"from": [26.54, 11.15, -0.5],
			"to": [26.541, 12.65, 2.5],
			"rotation": {"angle": 22.5, "axis": "z", "origin": [7.8, 18.1, 8]},
			"faces": {
				"east": {"uv": [8, 8, 16, 12], "texture": "#0"}
			}
		},
		{
			"name": "Teeth Front Down",
			"from": [26.54, 11.15, 3],
			"to": [26.541, 12.65, 6],
			"rotation": {"angle": 22.5, "axis": "z", "origin": [7.8, 18.1, 8]},
			"faces": {
				"east": {"uv": [8, 8, 16, 12], "texture": "#0"}
			}
		},
		{
			"name": "Teeth Front Down",
			"from": [26.54, 11.15, 6.5],
			"to": [26.541, 12.65, 9.5],
			"rotation": {"angle": 22.5, "axis": "z", "origin": [7.8, 18.1, 8]},
			"faces": {
				"east": {"uv": [8, 8, 16, 12], "texture": "#0"}
			}
		},
		{
			"name": "Teeth Front Down",
			"from": [26.54, 11.15, 10],
			"to": [26.541, 12.65, 13],
			"rotation": {"angle": 22.5, "axis": "z", "origin": [7.8, 18.1, 8]},
			"faces": {
				"east": {"uv": [8, 8, 16, 12], "texture": "#0"}
			}
		},
		{
			"name": "Teeth Front Down",
			"from": [26.54, 11.15, 13.5],
			"to": [26.541, 12.65, 16.5],
			"rotation": {"angle": 22.5, "axis": "z", "origin": [7.8, 18.1, 8]},
			"faces": {
				"east": {"uv": [8, 8, 16, 12], "texture": "#0"}
			}
		},
		{
			"name": "Teeth Front Up",
			"from": [26.54, 12.15, 10.8],
			"to": [26.541, 13.65, 13.8],
			"rotation": {"angle": 22.5, "axis": "z", "origin": [7.8, 18.1, 8]},
			"faces": {
				"east": {"uv": [8, 8, 16, 12], "texture": "#0", "rotation": 180}
			}
		},
		{
			"name": "Teeth Front Up",
			"from": [26.54, 12.15, 7.4],
			"to": [26.541, 13.65, 10.4],
			"rotation": {"angle": 22.5, "axis": "z", "origin": [7.8, 18.1, 8]},
			"faces": {
				"east": {"uv": [8, 8, 16, 12], "texture": "#0", "rotation": 180}
			}
		},
		{
			"name": "Teeth Front Up",
			"from": [26.54, 12.15, 3.9],
			"to": [26.541, 13.65, 6.9],
			"rotation": {"angle": 22.5, "axis": "z", "origin": [7.8, 18.1, 8]},
			"faces": {
				"east": {"uv": [8, 8, 16, 12], "texture": "#0", "rotation": 180}
			}
		},
		{
			"name": "Teeth Front Up",
			"from": [26.54, 12.15, 0.4],
			"to": [26.541, 13.65, 3.4],
			"rotation": {"angle": 22.5, "axis": "z", "origin": [7.8, 18.1, 8]},
			"faces": {
				"east": {"uv": [8, 8, 16, 12], "texture": "#0", "rotation": 180}
			}
		},
		{
			"name": "Lips Right",
			"from": [9.77327, 14.5, -2],
			"to": [11.1, 15.3642, 18],
			"rotation": {"angle": 0, "axis": "z", "origin": [7.57327, 12.6642, 8]},
			"faces": {
				"north": {"uv": [8.5, 13, 9.5, 14], "texture": "#0", "rotation": 270},
				"south": {"uv": [8.5, 13, 9.5, 14], "texture": "#0", "rotation": 270},
				"west": {"uv": [8.5, 13, 9.5, 14], "texture": "#0", "rotation": 270},
				"down": {"uv": [8.5, 13, 9.5, 14], "texture": "#0", "rotation": 270}
			}
		},
		{
			"name": "Lips LD",
			"from": [11.1, 14.5, -2],
			"to": [21.1, 16, 0],
			"faces": {
				"north": {"uv": [8.5, 13, 9.5, 14], "texture": "#0"},
				"east": {"uv": [8.5, 13, 9.5, 14], "texture": "#0"},
				"south": {"uv": [8.5, 13, 9.5, 14], "texture": "#0"},
				"up": {"uv": [8.5, 13, 9.5, 14], "texture": "#0"},
				"down": {"uv": [8.5, 13, 9.5, 14], "texture": "#0"}
			}
		},
		{
			"name": "Head",
			"from": [13.36265, 15.83738, -1.02],
			"to": [19.4, 21.5, 17.00324],
			"rotation": {"angle": -45, "axis": "z", "origin": [7.8, 18.1, 8]},
			"faces": {
				"north": {"uv": [1, 10, 8, 16], "texture": "#0"},
				"south": {"uv": [0, 0, 8, 4.5], "texture": "#0", "rotation": 180},
				"up": {"uv": [10.5, 15, 11.5, 16], "texture": "#0", "rotation": 180},
				"down": {"uv": [3, 4, 7, 13], "texture": "#0"}
			}
		},
		{
			"name": "Head",
			"from": [15.67444, 4.25938, -1.02],
			"to": [20.2, 10.2, 16.98],
			"rotation": {"angle": 22.5, "axis": "z", "origin": [7.8, 18.1, 8]},
			"faces": {
				"north": {"uv": [1, 10, 8, 16], "texture": "#0"},
				"south": {"uv": [2, 3.5, 7.5, 9.5], "texture": "#0"},
				"down": {"uv": [3, 4, 7, 13], "texture": "#0"}
			}
		},
		{
			"name": "Head",
			"from": [13.96929, 0.54038, -1.01],
			"to": [21.02195, 4.42457, 16.88004],
			"rotation": {"angle": 45, "axis": "z", "origin": [7.77195, 18.07457, 7.96142]},
			"faces": {
				"north": {"uv": [0.5, 4.5, 5.5, 12.5], "texture": "#0", "rotation": 270},
				"south": {"uv": [0, 5, 1, 6], "texture": "#0"},
				"down": {"uv": [3.5, 0, 8, 11], "texture": "#0", "rotation": 180}
			}
		},
		{
			"name": "Lips LD",
			"from": [18.7, 9.7, -2],
			"to": [27.5, 11.2, 0],
			"rotation": {"angle": 22.5, "axis": "z", "origin": [7.8, 18.1, 8]},
			"faces": {
				"north": {"uv": [8.5, 13, 9.5, 14], "texture": "#0"},
				"south": {"uv": [8.5, 13, 9.5, 14], "texture": "#0"},
				"up": {"uv": [8.5, 13, 9.5, 14], "texture": "#0"},
				"down": {"uv": [8.5, 13, 9.5, 14], "texture": "#0"}
			}
		},
		{
			"name": "Lips Down",
			"from": [26.64197, 16.35328, -2],
			"to": [29.21497, 17.87828, 18],
			"faces": {
				"north": {"uv": [8.5, 13, 9.5, 14], "texture": "#0"},
				"east": {"uv": [8.5, 13, 9.5, 14], "texture": "#0"},
				"south": {"uv": [8.5, 13, 9.5, 14], "texture": "#0"},
				"west": {"uv": [8.5, 13, 9.5, 14], "texture": "#0"},
				"up": {"uv": [8.5, 13, 9.5, 14], "texture": "#0"},
				"down": {"uv": [8.5, 13, 9.5, 14], "texture": "#0"}
			}
		},
		{
			"name": "Head",
			"from": [11.61378, 6.94239, -1],
			"to": [26.72342, 10.66291, 16.88864],
			"rotation": {"angle": 22.5, "axis": "z", "origin": [7.76378, 18.07291, 7.95292]},
			"faces": {
				"north": {"uv": [0, 4.5, 2, 6.5], "texture": "#0", "rotation": 180},
				"east": {"uv": [0, 0, 3.5, 11], "texture": "#0", "rotation": 90},
				"south": {"uv": [0, 0.5, 8, 3.5], "texture": "#0"},
				"up": {"uv": [10.5, 13, 11.5, 14], "texture": "#0"}
			}
		},
		{
			"name": "Head",
			"from": [14.40253, 8.29765, -1.01],
			"to": [20.4, 15.3, 16.97324],
			"faces": {
				"north": {"uv": [0, 3.5, 1, 4.5], "texture": "#0"},
				"south": {"uv": [0, 5, 1, 6], "texture": "#0"},
				"up": {"uv": [10.5, 13, 11.5, 14], "texture": "#0"},
				"down": {"uv": [0, 4, 8, 9], "texture": "#0", "rotation": 90}
			}
		},
		{
			"name": "Lips RD",
			"from": [11.1, 14.5, 16],
			"to": [21.1, 16, 18],
			"faces": {
				"north": {"uv": [8.5, 13, 9.5, 14], "texture": "#0"},
				"east": {"uv": [8.5, 13, 9.5, 14], "texture": "#0"},
				"south": {"uv": [8.5, 13, 9.5, 14], "texture": "#0"},
				"up": {"uv": [8.5, 13, 9.5, 14], "texture": "#0"},
				"down": {"uv": [8.5, 13, 9.5, 14], "texture": "#0"}
			}
		},
		{
			"name": "Lips RD",
			"from": [18.7, 9.7, 16],
			"to": [27.5, 11.2, 18],
			"rotation": {"angle": 22.5, "axis": "z", "origin": [7.8, 18.1, 8]},
			"faces": {
				"north": {"uv": [8.5, 13, 9.5, 14], "texture": "#0"},
				"south": {"uv": [8.5, 13, 9.5, 14], "texture": "#0"},
				"up": {"uv": [8.5, 13, 9.5, 14], "texture": "#0"},
				"down": {"uv": [8.5, 13, 9.5, 14], "texture": "#0"}
			}
		},
		{
			"name": "Lips Down",
			"from": [25.14197, 16.35328, -2],
			"to": [26.64197, 16.85328, 18],
			"faces": {
				"north": {"uv": [8.5, 13, 9.5, 14], "texture": "#0"},
				"south": {"uv": [8.5, 13, 9.5, 14], "texture": "#0"},
				"down": {"uv": [8.5, 13, 9.5, 14], "texture": "#0"}
			}
		},
		{
			"name": "Lips Down",
			"from": [25.5, 9.7, -2],
			"to": [27.5, 11.2, 18],
			"rotation": {"angle": 22.5, "axis": "z", "origin": [7.8, 18.1, 8]},
			"faces": {
				"east": {"uv": [8.5, 13, 9.5, 14], "texture": "#0"},
				"west": {"uv": [8.5, 13, 9.5, 14], "texture": "#0"},
				"up": {"uv": [8.5, 13, 9.5, 14], "texture": "#0"}
			}
		},
		{
			"name": "Teeth Front Up",
			"from": [26.54, 12.15, 14.3],
			"to": [26.541, 13.65, 15.8],
			"rotation": {"angle": 22.5, "axis": "z", "origin": [7.8, 18.1, 8]},
			"faces": {
				"east": {"uv": [12, 8, 16, 12], "texture": "#0", "rotation": 180}
			}
		}
	],
	"display": {
		"gui": {
			"scale": [0.3, 0.3, 0.3],
			"translation": [0, -2, 0],
			"rotation": [0, -45, 0]
		},
		"firstperson_righthand": {
			"scale": [0.2, 0.2, 0.2]
		},
		"head": {
			"rotation": [0, 90, 0],
			"scale": [2, 2, 2],
			"translation": [0, -27, 0]
		},
		"thirdperson_righthand": {
			"scale": [0.2, 0.2, 0.2]
		},
		"ground": {
			"scale": [0.3, 0.3, 0.3]
		}
	},
	"groups": [0, 1, 2, 3, 4, 5, 6, 7, 8, 9, 10, 11, 12, 13, 14, 15, 16, 17, 18, 19, 20, 21, 22, 23, 24, 25, 26, 27, 28, 29, 30, 31, 32, 33, 34, 35, 36, 37, 38,
		{
			"name": "group",
			"isOpen": true,
			"shade": true,
			"display": {
				"visibility": true,
				"autouv": false
			},
			"children": [39, 40, 41, 42, 43, 44, 45, 46, 47, 48, 49, 50]
		}, 51]
}