{
    "textures": {
        "0": "decorations/board/peach/seed"
    }, 
    "display": {
		"head": {
			"scale": [ 2, 2, 2]
				}
	}, 
    "elements": [
        {
            "name": "Seed",
            "from": [ 7.0, 6.0, 7.0 ], 
            "to": [ 9.0, 10.0, 9.0 ], 
            "faces": {
                "north": { "texture": "#0", "uv": [ 4.0, 0.0, 7.5, 7.0 ] },
                "east": { "texture": "#0", "uv": [ 4.0, 0.0, 7.5, 7.0 ] },
                "south": { "texture": "#0", "uv": [ 4.0, 0.0, 7.5, 7.0 ] },
                "west": { "texture": "#0", "uv": [ 4.0, 0.0, 7.5, 7.0 ] },
                "up": { "texture": "#0", "uv": [ 5.0, 0.0, 7.0, 1.0 ] },
                "down": { "texture": "#0", "uv": [ 5.0, 6.0, 7.0, 7.0 ] }
            }
        },
        {
            "name": "Seed",
            "from": [ 7.25, 5.75, 7.25 ], 
            "to": [ 8.75, 10.25, 8.75 ], 
            "faces": {
                "north": { "texture": "#0", "uv": [ 4.0, 0.0, 7.5, 7.0 ] },
                "east": { "texture": "#0", "uv": [ 4.0, 0.0, 7.5, 7.0 ] },
                "south": { "texture": "#0", "uv": [ 4.0, 0.0, 7.5, 7.0 ] },
                "west": { "texture": "#0", "uv": [ 4.0, 0.0, 7.5, 7.0 ] },
                "up": { "texture": "#0", "uv": [ 5.0, 0.0, 7.0, 1.0 ] },
                "down": { "texture": "#0", "uv": [ 5.0, 6.0, 7.0, 7.0 ] }
            }
        },
        {
            "name": "Seed",
            "from": [ 7.5, 5.5, 7.5 ], 
            "to": [ 8.5, 10.5, 8.5 ], 
            "faces": {
                "north": { "texture": "#0", "uv": [ 4.0, 0.0, 7.5, 7.0 ] },
                "east": { "texture": "#0", "uv": [ 4.0, 0.0, 7.5, 7.0 ] },
                "south": { "texture": "#0", "uv": [ 4.0, 0.0, 7.5, 7.0 ] },
                "west": { "texture": "#0", "uv": [ 4.0, 0.0, 7.5, 7.0 ] },
                "up": { "texture": "#0", "uv": [ 5.0, 0.0, 7.0, 1.0 ] },
                "down": { "texture": "#0", "uv": [ 5.0, 6.0, 7.0, 7.0 ] }
            }
        }
    ]
}