{
	"parent": "item/handheld",
	"textures": {
		"layer0": "item/carrot_on_a_stick"
	},
	"overrides": [
		{ "predicate": {"damaged": 0, "damage": 0}, "model": "item/carrot_on_a_stick"},
		{ "predicate": {"damaged": 0, "damage": 0.04}, "model": "item/carrot_on_a_stick"},
		{ "predicate": {"damaged": 0, "damage": 0.08}, "model": "item/carrot_on_a_stick"},
		{ "predicate": {"damaged": 0, "damage": 0.12}, "model": "item/carrot_on_a_stick"},
		{ "predicate": {"damaged": 0, "damage": 0.16}, "model": "item/carrot_on_a_stick"},
		{ "predicate": {"damaged": 0, "damage": 0.2}, "model": "item/carrot_on_a_stick"},
		{ "predicate": {"damaged": 0, "damage": 0.24}, "model": "item/carrot_on_a_stick"},
		{ "predicate": {"damaged": 0, "damage": 0.28}, "model": "item/carrot_on_a_stick"},
		{ "predicate": {"damaged": 0, "damage": 0.32}, "model": "item/carrot_on_a_stick"},
		{ "predicate": {"damaged": 0, "damage": 0.36}, "model": "item/carrot_on_a_stick"},
		{ "predicate": {"damaged": 0, "damage": 0.4}, "model": "item/carrot_on_a_stick"},
		{ "predicate": {"damaged": 0, "damage": 0.44}, "model": "item/carrot_on_a_stick"},
		{ "predicate": {"damaged": 0, "damage": 0.48}, "model": "item/carrot_on_a_stick"},
		{ "predicate": {"damaged": 0, "damage": 0.52}, "model": "item/carrot_on_a_stick"},
		{ "predicate": {"damaged": 0, "damage": 0.56}, "model": "item/carrot_on_a_stick"},
		{ "predicate": {"damaged": 0, "damage": 0.6}, "model": "item/carrot_on_a_stick"},
		{ "predicate": {"damaged": 0, "damage": 0.64}, "model": "item/carrot_on_a_stick"},
		{ "predicate": {"damaged": 0, "damage": 0.68}, "model": "item/carrot_on_a_stick"},
		{ "predicate": {"damaged": 0, "damage": 0.72}, "model": "item/carrot_on_a_stick"},
		{ "predicate": {"damaged": 0, "damage": 0.76}, "model": "item/carrot_on_a_stick"},
		{ "predicate": {"damaged": 0, "damage": 0.8}, "model": "item/carrot_on_a_stick"},
		{ "predicate": {"damaged": 0, "damage": 0.84}, "model": "item/carrot_on_a_stick"},
		{ "predicate": {"damaged": 0, "damage": 0.88}, "model": "item/carrot_on_a_stick"},
		{ "predicate": {"damaged": 0, "damage": 0.92}, "model": "item/carrot_on_a_stick"},
		{ "predicate": {"damaged": 0, "damage": 0.96}, "model": "item/carrot_on_a_stick"},
		{ "predicate": {"damaged": 1, "damage": 0}, "model": "item/carrot_on_a_stick"}
	]
}