{
    "__comment": "Model generated using MrCrayfish's Model Creator (http://mrcrayfish.com/modelcreator/)",
    "textures": {
        "0": "decorations/village/shop/cash_register",
		"1": "decorations/village/shop/mushroom"
    }, 
    "display": {
		"head": {
			"scale": [ 1.8, 1.8, 1.8],
			"rotation": [ 0, 150, 0],
			"translation": [ 0, -3.5, 0]
				}
    }, 
    "elements": [
        {
            "name": "Cube",
            "from": [ 3.0, 0.0, 3.0 ], 
            "to": [ 12.0, 1.0, 13.0 ], 
            "faces": {
                "north": { "texture": "#0", "uv": [ 2.5000000000000004, 2.5, 3.5000000000000004, 3.5 ] },
                "east": { "texture": "#0", "uv": [ 2.0, 2.0, 3.0, 3.0 ] },
                "south": { "texture": "#0", "uv": [ 2.0, 2.0, 3.0, 3.0 ] },
                "west": { "texture": "#0", "uv": [ 2.0, 2.0, 3.0, 3.0 ] },
                "up": { "texture": "#0", "uv": [ 2.5000000000000004, 0.5, 3.5000000000000004, 1.5 ] },
                "down": { "texture": "#0", "uv": [ 2.0, 2.0, 3.0, 3.0 ] }
            }
        },
        {
            "name": "Cube",
            "from": [ 3.0, 1.1000000014901161, 4.0 ], 
            "to": [ 12.0, 3.1000000163912773, 13.0 ], 
            "faces": {
                "north": { "texture": "#0", "uv": [ 2.5000000000000004, 0.5, 3.5000000000000004, 1.5 ] },
                "east": { "texture": "#0", "uv": [ 2.0, 2.0, 3.0, 3.0 ] },
                "south": { "texture": "#0", "uv": [ 2.0, 2.0, 3.0, 3.0 ] },
                "west": { "texture": "#0", "uv": [ 2.0, 2.0, 3.0, 3.0 ] },
                "up": { "texture": "#0", "uv": [ 2.5000000000000004, 0.5, 3.5000000000000004, 1.5 ] },
                "down": { "texture": "#0", "uv": [ 2.0, 2.0, 3.0, 3.0 ] }
            }
        },
        {
            "name": "Cube",
            "from": [ 3.100000001490116, 0.0, 4.100000001490116 ], 
            "to": [ 11.899999998509884, 2.0, 12.899999998509884 ], 
            "faces": {
                "north": { "texture": "#0", "uv": [ 2.5000000000000004, 0.5, 3.5000000000000004, 1.5 ] },
                "east": { "texture": "#0", "uv": [ 2.0, 2.0, 3.0, 3.0 ] },
                "south": { "texture": "#0", "uv": [ 2.0, 2.0, 3.0, 3.0 ] },
                "west": { "texture": "#0", "uv": [ 2.0, 2.0, 3.0, 3.0 ] },
                "up": { "texture": "#0", "uv": [ 2.5000000000000004, 0.5, 3.5000000000000004, 1.5 ] },
                "down": { "texture": "#0", "uv": [ 2.0, 2.0, 3.0, 3.0 ] }
            }
        },
        {
            "name": "22.5 degree",
            "from": [ 3.0, 1.1000000014901161, 3.0 ], 
            "to": [ 12.0, 3.1000000163912773, 13.0 ], 
            "rotation": { "origin": [ 8.0, 3.0, 13.0 ], "axis": "x", "angle": 22.5 },
            "faces": {
                "north": { "texture": "#0", "uv": [ 2.5000000000000004, 0.5, 3.5000000000000004, 1.5 ] },
                "east": { "texture": "#0", "uv": [ 2.0, 2.0, 3.0, 3.0 ] },
                "south": { "texture": "#0", "uv": [ 2.0, 2.0, 3.0, 3.0 ] },
                "west": { "texture": "#0", "uv": [ 2.0, 2.0, 3.0, 3.0 ] },
                "up": { "texture": "#0", "uv": [ 2.5000000000000004, 0.5, 3.5000000000000004, 1.5 ] },
                "down": { "texture": "#0", "uv": [ 2.0, 2.0, 3.0, 3.0 ] }
            }
        },
        {
            "name": "45 degree",
            "from": [ 3.0, 1.3000000044703484, 8.699999995529652 ], 
            "to": [ 12.0, 3.3000000193715096, 13.600000008940697 ], 
            "rotation": { "origin": [ 8.0, 10.0, 13.0 ], "axis": "x", "angle": 45.0 },
            "faces": {
                "north": { "texture": "#0", "uv": [ 2.5000000000000004, 2.5, 3.5000000000000004, 3.5 ] },
                "east": { "texture": "#0", "uv": [ 2.0, 2.0, 3.0, 3.0 ] },
                "south": { "texture": "#0", "uv": [ 2.0, 2.0, 3.0, 3.0 ] },
                "west": { "texture": "#0", "uv": [ 2.0, 2.0, 3.0, 3.0 ] },
                "up": { "texture": "#0", "uv": [ 2.5000000000000004, 0.5, 3.5000000000000004, 1.5 ] },
                "down": { "texture": "#0", "uv": [ 2.0, 2.0, 3.0, 3.0 ] }
            }
        },
        {
            "name": "Cube",
            "from": [ 3.0, 3.100000001490116, 3.06 ], 
            "to": [ 12.0, 5.100000016391277, 7.960000013411046 ], 
            "faces": {
                "north": { "texture": "#0", "uv": [ 2.5000000000000004, 2.5, 3.5000000000000004, 3.5 ] },
                "east": { "texture": "#0", "uv": [ 2.0, 2.0, 3.0, 3.0 ] },
                "south": { "texture": "#0", "uv": [ 2.0, 2.0, 3.0, 3.0 ] },
                "west": { "texture": "#0", "uv": [ 2.0, 2.0, 3.0, 3.0 ] },
                "up": { "texture": "#0", "uv": [ 2.5000000000000004, 0.5, 3.5000000000000004, 1.5 ] },
                "down": { "texture": "#0", "uv": [ 2.0, 2.0, 3.0, 3.0 ] }
            }
        },
        {
            "name": "Cube",
            "from": [ 3.0, 2.700000010430813, 3.06 ], 
            "to": [ 12.0, 5.100000016391277, 7.960000013411046 ], 
            "rotation": { "origin": [ 8.0, 4.200000002980232, 8.0 ], "axis": "x", "angle": -22.5 },
            "faces": {
                "north": { "texture": "#0", "uv": [ 2.5000000000000004, 2.5, 3.5000000000000004, 3.5 ] },
                "east": { "texture": "#0", "uv": [ 2.0, 2.0, 3.0, 3.0 ] },
                "south": { "texture": "#0", "uv": [ 2.0, 2.0, 3.0, 3.0 ] },
                "west": { "texture": "#0", "uv": [ 2.0, 2.0, 3.0, 3.0 ] },
                "up": { "texture": "#0", "uv": [ 2.5000000000000004, 0.5, 3.5000000000000004, 1.5 ] },
                "down": { "texture": "#0", "uv": [ 2.0, 2.0, 3.0, 3.0 ] }
            }
        },
        {
            "name": "Cube",
            "from": [ 3.100000001490116, 1.3000000044703484, 5.100000001490116 ], 
            "to": [ 11.899999998509884, 2.7999999970197678, 13.099999986588955 ], 
            "faces": {
                "north": { "texture": "#0", "uv": [ 2.5000000000000004, 0.5, 3.5000000000000004, 1.5 ] },
                "east": { "texture": "#0", "uv": [ 2.0, 2.0, 3.0, 3.0 ] },
                "south": { "texture": "#0", "uv": [ 2.0, 2.0, 3.0, 3.0 ] },
                "west": { "texture": "#0", "uv": [ 2.0, 2.0, 3.0, 3.0 ] },
                "up": { "texture": "#0", "uv": [ 2.5000000000000004, 0.5, 3.5000000000000004, 1.5 ] },
                "down": { "texture": "#0", "uv": [ 2.0, 2.0, 3.0, 3.0 ] }
            }
        },
        {
            "name": "Cube",
            "from": [ 2.100000001490116, 2.3000000044703484, 4.100000001490116 ], 
            "to": [ 3.2000000029802322, 4.5999999940395355, 7.100000001490116 ], 
            "faces": {
                "north": { "texture": "#0", "uv": [ 0.5000000000000004, 1.5, 1.5000000000000004, 2.5 ] },
                "south": { "texture": "#0", "uv": [ 0.5, 1.4999999999999996, 1.5000000000000004, 2.4999999999999996 ] },
                "west": { "texture": "#0", "uv": [ 0.5, 1.5000000000000004, 1.5000000000000004, 2.4999999999999996 ] },
                "down": { "texture": "#0", "uv": [ 0.0, 2.0, 1.0, 3.0 ] }
            }
        },
        {
            "name": "Cube",
            "from": [ 2.100000001490116, 3.900000013411045, 4.100000001490116 ], 
            "to": [ 3.2000000029802322, 4.5999999940395355, 5.7500000014901165 ], 
            "rotation": { "origin": [ 3.0, 4.5999999940395355, 4.100000001490116 ], "axis": "x", "angle": -22.5 },
            "faces": {
                "north": { "texture": "#0", "uv": [ 0.5000000000000004, 0.5, 1.5000000000000004, 1.5 ] },
                "west": { "texture": "#0", "uv": [ 0.5, 0.5000000000000004, 1.5000000000000004, 1.4999999999999996 ] },
                "up": { "texture": "#0", "uv": [ 0.5000000000000004, 0.5, 1.5000000000000004, 1.5 ] }
            }
        },
        {
            "name": "Cube",
            "from": [ 2.100000001490116, 4.3000000193715096, 4.500000007450581 ], 
            "to": [ 3.2000000029802322, 5.0, 6.100000001490116 ], 
            "rotation": { "origin": [ 3.0, 2.299999989569187, 5.65 ], "axis": "x", "angle": 22.5 },
            "faces": {
                "south": { "texture": "#0", "uv": [ 0.5, 0.49999999999999956, 1.5000000000000004, 1.4999999999999996 ] },
                "west": { "texture": "#0", "uv": [ 0.5, 0.5000000000000004, 1.5000000000000004, 1.4999999999999996 ] },
                "up": { "texture": "#0", "uv": [ 0.5000000000000004, 0.5, 1.5000000000000004, 1.5 ] }
            }
        },
        {
            "name": "Cube",
            "from": [ 7.4000000059604645, 1.5000000074505806, 8.50000000745058 ], 
            "to": [ 8.899999998509884, 3.000000014901161, 8.600000023841858 ], 
            "rotation": { "origin": [ 8.0, 10.0, 13.0 ], "axis": "x", "angle": 45.0 },
            "faces": {
                "north": { "texture": "#0", "uv": [ 10.5, 8.5, 15.5, 15.5 ] },
                "east": { "texture": "#0", "uv": [ 10.0, 8.0, 11.0, 16.0 ] },
                "west": { "texture": "#0", "uv": [ 15.0, 8.0, 16.0, 16.0 ] },
                "up": { "texture": "#0", "uv": [ 10.100000000000001, 8.100000000000001, 15.899999999999999, 8.900000000000002 ] },
                "down": { "texture": "#0", "uv": [ 10.0, 15.0, 16.0, 16.0 ], "rotation": 180 }
            }
        },
        {
            "name": "Cube",
            "from": [ 3.5000000074505806, 1.800000011920929, 8.50000000745058 ], 
            "to": [ 4.499999992549419, 2.800000011920929, 8.600000023841858 ], 
            "rotation": { "origin": [ 8.0, 10.0, 13.0 ], "axis": "x", "angle": 45.0 },
            "faces": {
                "north": { "texture": "#0", "uv": [ 10.5, 14.5, 11.5, 15.5 ] },
                "east": { "texture": "#0", "uv": [ 10.0, 15.0, 11.0, 16.0 ] },
                "south": { "texture": "#0", "uv": [ 10.0, 15.0, 11.0, 16.0 ] },
                "west": { "texture": "#0", "uv": [ 11.0, 15.0, 12.0, 16.0 ] },
                "up": { "texture": "#0", "uv": [ 10.5, 14.5, 11.5, 15.5 ] },
                "down": { "texture": "#0", "uv": [ 11.0, 15.0, 12.0, 16.0 ] }
            }
        },
        {
            "name": "Cube",
            "from": [ 9.600000008940697, 1.5000000074505806, 8.50000000745058 ], 
            "to": [ 11.100000001490116, 3.000000014901161, 8.600000023841858 ], 
            "rotation": { "origin": [ 8.0, 10.0, 13.0 ], "axis": "x", "angle": 45.0 },
            "faces": {
                "north": { "texture": "#0", "uv": [ 10.5, 8.5, 15.5, 15.5 ] },
                "east": { "texture": "#0", "uv": [ 10.0, 8.0, 11.0, 16.0 ] },
                "west": { "texture": "#0", "uv": [ 15.0, 8.0, 16.0, 16.0 ] },
                "up": { "texture": "#0", "uv": [ 10.100000000000001, 8.100000000000001, 15.899999999999999, 8.900000000000002 ] },
                "down": { "texture": "#0", "uv": [ 10.0, 15.0, 16.0, 16.0 ] }
            }
        },
        {
            "name": "Cube",
            "from": [ 5.200000002980232, 1.5000000074505806, 8.50000000745058 ], 
            "to": [ 6.699999995529652, 3.000000014901161, 8.600000023841858 ], 
            "rotation": { "origin": [ 8.0, 10.0, 13.0 ], "axis": "x", "angle": 45.0 },
            "faces": {
                "north": { "texture": "#0", "uv": [ 10.5, 8.5, 15.5, 15.5 ] },
                "east": { "texture": "#0", "uv": [ 10.0, 8.0, 11.0, 16.0 ] },
                "west": { "texture": "#0", "uv": [ 15.0, 8.0, 16.0, 16.0 ] },
                "up": { "texture": "#0", "uv": [ 10.100000000000001, 8.100000000000001, 15.899999999999999, 8.900000000000002 ] },
                "down": { "texture": "#0", "uv": [ 10.0, 15.0, 16.0, 16.0 ] }
            }
        },
        {
            "name": "Cube",
            "from": [ 3.5000000074505806, 4.5999999940395355, 10.0 ], 
            "to": [ 4.300000004470348, 5.499999992549419, 10.799999997019768 ], 
            "rotation": { "origin": [ 8.0, 8.0, 8.0 ], "axis": "x", "angle": 22.5 },
            "faces": {
                "north": { "texture": "#0", "uv": [ 13.0, 0.0, 16.0, 3.0 ] },
                "east": { "texture": "#0", "uv": [ 13.0, 0.0, 16.0, 3.0 ] },
                "south": { "texture": "#0", "uv": [ 13.0, 0.0, 16.0, 3.0 ] },
                "west": { "texture": "#0", "uv": [ 13.0, 0.0, 16.0, 3.0 ] },
                "up": { "texture": "#0", "uv": [ 13.799999999999997, 0.7999999999999999, 15.200000000000003, 2.1999999999999993 ] }
            }
        },
        {
            "name": "Cube",
            "from": [ 3.5000000074505806, 4.5999999940395355, 11.50000000745058 ], 
            "to": [ 4.300000004470348, 5.499999992549419, 12.300000004470348 ], 
            "rotation": { "origin": [ 8.0, 8.0, 8.0 ], "axis": "x", "angle": 22.5 },
            "faces": {
                "north": { "texture": "#0", "uv": [ 13.0, 0.0, 16.0, 3.0 ] },
                "east": { "texture": "#0", "uv": [ 13.0, 0.0, 16.0, 3.0 ] },
                "south": { "texture": "#0", "uv": [ 13.0, 0.0, 16.0, 3.0 ] },
                "west": { "texture": "#0", "uv": [ 13.0, 0.0, 16.0, 3.0 ] },
                "up": { "texture": "#0", "uv": [ 13.799999999999997, 0.7999999999999999, 15.200000000000003, 2.1999999999999993 ] }
            }
        },
        {
            "name": "Cube",
            "from": [ 3.5000000074505806, 4.5999999940395355, 13.0 ], 
            "to": [ 4.300000004470348, 5.499999992549419, 13.799999997019768 ], 
            "rotation": { "origin": [ 8.0, 8.0, 8.0 ], "axis": "x", "angle": 22.5 },
            "faces": {
                "north": { "texture": "#0", "uv": [ 13.0, 0.0, 16.0, 3.0 ] },
                "east": { "texture": "#0", "uv": [ 13.0, 0.0, 16.0, 3.0 ] },
                "south": { "texture": "#0", "uv": [ 13.0, 0.0, 16.0, 3.0 ] },
                "west": { "texture": "#0", "uv": [ 13.0, 0.0, 16.0, 3.0 ] },
                "up": { "texture": "#0", "uv": [ 13.799999999999997, 0.7999999999999999, 15.200000000000003, 2.1999999999999993 ] }
            }
        },
        {
            "name": "Cube",
            "from": [ 6.500000007450581, 4.5999999940395355, 13.0 ], 
            "to": [ 7.300000004470348, 5.499999992549419, 13.799999997019768 ], 
            "rotation": { "origin": [ 8.0, 8.0, 8.0 ], "axis": "x", "angle": 22.5 },
            "faces": {
                "north": { "texture": "#0", "uv": [ 13.0, 0.0, 16.0, 3.0 ] },
                "east": { "texture": "#0", "uv": [ 13.0, 0.0, 16.0, 3.0 ] },
                "south": { "texture": "#0", "uv": [ 13.0, 0.0, 16.0, 3.0 ] },
                "west": { "texture": "#0", "uv": [ 13.0, 0.0, 16.0, 3.0 ] },
                "up": { "texture": "#0", "uv": [ 13.799999999999997, 0.7999999999999999, 15.200000000000003, 2.1999999999999993 ] }
            }
        },
        {
            "name": "Cube",
            "from": [ 5.0, 4.5999999940395355, 13.0 ], 
            "to": [ 5.799999997019768, 5.499999992549419, 13.799999997019768 ], 
            "rotation": { "origin": [ 8.0, 8.0, 8.0 ], "axis": "x", "angle": 22.5 },
            "faces": {
                "north": { "texture": "#0", "uv": [ 13.0, 0.0, 16.0, 3.0 ] },
                "east": { "texture": "#0", "uv": [ 13.0, 0.0, 16.0, 3.0 ] },
                "south": { "texture": "#0", "uv": [ 13.0, 0.0, 16.0, 3.0 ] },
                "west": { "texture": "#0", "uv": [ 13.0, 0.0, 16.0, 3.0 ] },
                "up": { "texture": "#0", "uv": [ 13.799999999999997, 0.7999999999999999, 15.200000000000003, 2.1999999999999993 ] }
            }
        },
        {
            "name": "Cube",
            "from": [ 5.0, 4.5999999940395355, 10.0 ], 
            "to": [ 5.799999997019768, 5.499999992549419, 10.799999997019768 ], 
            "rotation": { "origin": [ 8.0, 8.0, 8.0 ], "axis": "x", "angle": 22.5 },
            "faces": {
                "north": { "texture": "#0", "uv": [ 13.0, 0.0, 16.0, 3.0 ] },
                "east": { "texture": "#0", "uv": [ 13.0, 0.0, 16.0, 3.0 ] },
                "south": { "texture": "#0", "uv": [ 13.0, 0.0, 16.0, 3.0 ] },
                "west": { "texture": "#0", "uv": [ 13.0, 0.0, 16.0, 3.0 ] },
                "up": { "texture": "#0", "uv": [ 13.799999999999997, 0.7999999999999999, 15.200000000000003, 2.1999999999999993 ] }
            }
        },
        {
            "name": "Cube",
            "from": [ 5.0, 4.5999999940395355, 11.50000000745058 ], 
            "to": [ 5.799999997019768, 5.499999992549419, 12.300000004470348 ], 
            "rotation": { "origin": [ 8.0, 8.0, 8.0 ], "axis": "x", "angle": 22.5 },
            "faces": {
                "north": { "texture": "#0", "uv": [ 13.0, 0.0, 16.0, 3.0 ] },
                "east": { "texture": "#0", "uv": [ 13.0, 0.0, 16.0, 3.0 ] },
                "south": { "texture": "#0", "uv": [ 13.0, 0.0, 16.0, 3.0 ] },
                "west": { "texture": "#0", "uv": [ 13.0, 0.0, 16.0, 3.0 ] },
                "up": { "texture": "#0", "uv": [ 13.799999999999997, 0.7999999999999999, 15.200000000000003, 2.1999999999999993 ] }
            }
        },
        {
            "name": "Cube",
            "from": [ 6.500000007450581, 4.5999999940395355, 11.50000000745058 ], 
            "to": [ 7.300000004470348, 5.499999992549419, 12.300000004470348 ], 
            "rotation": { "origin": [ 8.0, 8.0, 8.0 ], "axis": "x", "angle": 22.5 },
            "faces": {
                "north": { "texture": "#0", "uv": [ 13.0, 0.0, 16.0, 3.0 ] },
                "east": { "texture": "#0", "uv": [ 13.0, 0.0, 16.0, 3.0 ] },
                "south": { "texture": "#0", "uv": [ 13.0, 0.0, 16.0, 3.0 ] },
                "west": { "texture": "#0", "uv": [ 13.0, 0.0, 16.0, 3.0 ] },
                "up": { "texture": "#0", "uv": [ 13.799999999999997, 0.7999999999999999, 15.200000000000003, 2.1999999999999993 ] }
            }
        },
        {
            "name": "Cube",
            "from": [ 6.500000007450581, 4.5999999940395355, 10.0 ], 
            "to": [ 7.300000004470348, 5.499999992549419, 10.799999997019768 ], 
            "rotation": { "origin": [ 8.0, 8.0, 8.0 ], "axis": "x", "angle": 22.5 },
            "faces": {
                "north": { "texture": "#0", "uv": [ 13.0, 0.0, 16.0, 3.0 ] },
                "east": { "texture": "#0", "uv": [ 13.0, 0.0, 16.0, 3.0 ] },
                "south": { "texture": "#0", "uv": [ 13.0, 0.0, 16.0, 3.0 ] },
                "west": { "texture": "#0", "uv": [ 13.0, 0.0, 16.0, 3.0 ] },
                "up": { "texture": "#0", "uv": [ 13.799999999999997, 0.7999999999999999, 15.200000000000003, 2.1999999999999993 ] }
            }
        },
        {
            "name": "Cube",
            "from": [ 3.5000000074505806, 5.5999999940395355, 6.5999999940395355 ], 
            "to": [ 11.300000004470348, 6.399999991059303, 9.399999991059303 ], 
            "rotation": { "origin": [ 8.0, 8.0, 8.0 ], "axis": "x", "angle": 45.0 },
            "faces": {
                "north": { "texture": "#0", "uv": [ 14.0, 1.0, 15.0, 2.0 ] },
                "east": { "texture": "#0", "uv": [ 14.0, 1.0, 15.0, 2.0 ] },
                "south": { "texture": "#0", "uv": [ 14.0, 1.0, 15.0, 2.0 ] },
                "west": { "texture": "#0", "uv": [ 14.0, 1.0, 15.0, 2.0 ] },
                "up": { "texture": "#0", "uv": [ 14.099999999999996, 1.0999999999999999, 14.900000000000004, 1.899999999999999 ] }
            }
        },
        {
            "name": "Cube",
            "from": [ 3.3000000044703484, 5.5999999940395355, 6.399999991059303 ], 
            "to": [ 11.600000008940697, 6.299999989569187, 9.699999995529652 ], 
            "rotation": { "origin": [ 8.0, 8.0, 8.0 ], "axis": "x", "angle": 45.0 },
            "faces": {
                "north": { "texture": "#0", "uv": [ 2.0, 2.0, 3.0, 3.0 ] },
                "east": { "texture": "#0", "uv": [ 2.0, 2.0, 3.0, 3.0 ] },
                "south": { "texture": "#0", "uv": [ 2.0, 2.0, 3.0, 3.0 ] },
                "west": { "texture": "#0", "uv": [ 2.0, 2.0, 3.0, 3.0 ] },
                "up": { "texture": "#0", "uv": [ 2.099999999999996, 2.0999999999999996, 2.900000000000004, 2.899999999999999 ] }
            }
        },
        {
            "name": "Cube",
            "from": [ 3.4000000059604645, 4.5999999940395355, 9.900000013411045 ], 
            "to": [ 7.4000000059604645, 5.399999991059303, 13.900000013411045 ], 
            "rotation": { "origin": [ 8.0, 8.0, 8.0 ], "axis": "x", "angle": 22.5 },
            "faces": {
                "north": { "texture": "#0", "uv": [ 2.0, 2.0, 3.0, 3.0 ] },
                "east": { "texture": "#0", "uv": [ 2.0, 2.0, 3.0, 3.0 ] },
                "south": { "texture": "#0", "uv": [ 2.0, 2.0, 3.0, 3.0 ] },
                "west": { "texture": "#0", "uv": [ 2.0, 2.0, 3.0, 3.0 ] },
                "up": { "texture": "#0", "uv": [ 2.0999999999999974, 2.1, 2.9000000000000026, 2.899999999999999 ] }
            }
        },
        {
            "name": "Cube",
            "from": [ 3.0, 5.5999999940395355, 10.299999989569187 ], 
            "to": [ 12.0, 6.249999994039536, 10.399999991059303 ], 
            "rotation": { "origin": [ 8.0, 8.0, 8.0 ], "axis": "x", "angle": 45.0 },
            "faces": {
                "north": { "texture": "#0", "uv": [ 2.0, 2.0, 3.0, 3.0 ] },
                "east": { "texture": "#0", "uv": [ 2.0, 2.0, 3.0, 3.0 ] },
                "south": { "texture": "#0", "uv": [ 2.0, 2.0, 3.0, 3.0 ] },
                "west": { "texture": "#0", "uv": [ 2.0, 2.0, 3.0, 3.0 ] },
                "up": { "texture": "#0", "uv": [ 2.099999999999996, 2.0999999999999996, 2.900000000000004, 2.899999999999999 ] }
            }
        },
        {
            "name": "Cube",
            "from": [ 7.699999995529652, 4.5999999940395355, 9.800000011920929 ], 
            "to": [ 11.699999995529652, 5.399999994039535, 13.800000011920929 ], 
            "rotation": { "origin": [ 8.0, 8.0, 8.0 ], "axis": "x", "angle": 22.5 },
            "faces": {
                "up": { "texture": "#1", "uv": [ 0.1, 0.09999999999999964, 15.9, 15.9 ] }
            }
        }
    ]
}