{
	"credit": "Made with Blockbench by dragonmaster95",
	"textures": {
		"1": "decorations/village/shop/magma_mountain_scroll"
	},
	"elements": [
		{
			"from": [6.83739, 2, 7.24],
			"to": [7.84059, 14, 7.24],
			"rotation": {"angle": 22.5, "axis": "y", "origin": [7.33899, 8, 7.24]},
			"faces": {
				"north": {"uv": [11.016, 0.016, 11.984, 15.984], "texture": "#1"},
				"south": {"uv": [11.984, 0.016, 11.016, 15.984], "texture": "#1"}
			}
		},
		{
			"from": [7.47339, 2, 7.18215],
			"to": [8.47659, 14, 7.18215],
			"rotation": {"angle": -22.5, "axis": "y", "origin": [7.97499, 8, 7.94215]},
			"faces": {
				"north": {"uv": [10.016, 0.016, 11.5, 15.984], "texture": "#1"},
				"south": {"uv": [11.5, 0.016, 10.016, 15.984], "texture": "#1"}
			}
		},
		{
			"from": [6.98212, 2, 9.91105],
			"to": [8.23612, 14, 9.91105],
			"faces": {
				"north": {"uv": [13.5, 0.016, 12.016, 15.984], "texture": "#1"},
				"south": {"uv": [12.016, 0.016, 13.5, 15.984], "texture": "#1"}
			}
		},
		{
			"from": [9.05827, 2, 7.56606],
			"to": [9.05827, 14, 9.08606],
			"rotation": {"angle": 22.5, "axis": "y", "origin": [8.55667, 8, 8.32606]},
			"faces": {
				"east": {"uv": [14.5, 0.016, 15.984, 15.984], "texture": "#1"},
				"west": {"uv": [15.984, 0.016, 14.5, 15.984], "texture": "#1"}
			}
		},
		{
			"from": [8.92044, 2, 8.25897],
			"to": [8.92044, 14, 9.77897],
			"rotation": {"angle": -45, "axis": "y", "origin": [8.41884, 8, 9.01897]},
			"faces": {
				"east": {"uv": [13.5, 0.016, 14.984, 15.984], "texture": "#1"},
				"west": {"uv": [14.984, 0.016, 13.5, 15.984], "texture": "#1"}
			}
		},
		{
			"from": [7.08952, 2, 10.57885],
			"to": [8.59432, 14, 10.57885],
			"rotation": {"angle": -45, "axis": "y", "origin": [8.59432, 8, 8.29885]},
			"faces": {
				"north": {"uv": [11.984, 0.016, 10.016, 15.984], "texture": "#1"},
				"south": {"uv": [10.016, 0.016, 11.984, 15.984], "texture": "#1"}
			}
		},
		{
			"from": [5.91807, 2, 6.567],
			"to": [5.91807, 14, 8.847],
			"faces": {
				"east": {"uv": [15.984, 0.016, 13.5, 15.984], "texture": "#1"},
				"west": {"uv": [13.5, 0.016, 15.984, 15.984], "texture": "#1"}
			}
		},
		{
			"from": [6.79058, 2, 6.39344],
			"to": [8.54618, 14, 6.39344],
			"rotation": {"angle": 22.5, "axis": "y", "origin": [6.79058, 8, 8.67344]},
			"faces": {
				"north": {"uv": [12.016, 0.016, 13.984, 15.984], "texture": "#1"},
				"south": {"uv": [13.984, 0.016, 12.016, 15.984], "texture": "#1"}
			}
		},
		{
			"from": [6.70569, 2, 5.52965],
			"to": [8.21049, 14, 5.52965],
			"rotation": {"angle": -22.5, "axis": "y", "origin": [6.20409, 8, 7.80965]},
			"faces": {
				"north": {"uv": [10.016, 0.016, 11.984, 15.984], "texture": "#1"},
				"south": {"uv": [11.984, 0.016, 10.016, 15.984], "texture": "#1"}
			}
		},
		{
			"from": [7.46499, 2, 5.44854],
			"to": [8.96979, 14, 5.44854],
			"rotation": {"angle": -45, "axis": "y", "origin": [6.96339, 8, 7.72854]},
			"faces": {
				"north": {"uv": [13.016, 0.016, 14.984, 15.984], "texture": "#1"},
				"south": {"uv": [14.984, 0.016, 13.016, 15.984], "texture": "#1"}
			}
		},
		{
			"from": [9.99434, 2, 7.53508],
			"to": [9.99434, 14, 9.81508],
			"faces": {
				"east": {"uv": [10.016, 0.016, 12.984, 15.984], "texture": "#1"},
				"west": {"uv": [12.984, 0.016, 10.016, 15.984], "texture": "#1"}
			}
		},
		{
			"from": [6.33366, 6.21406, 5.249],
			"to": [9.21634, 7.21406, 6.499],
			"faces": {
				"north": {"uv": [0.016, 3.016, 5.5, 13.984], "rotation": 90, "texture": "#1"},
				"south": {"uv": [0.016, 0.016, 2.984, 1.5], "texture": "#1"},
				"down": {"uv": [0.016, 4.016, 2.984, 15.984], "rotation": 90, "texture": "#1"}
			}
		},
		{
			"from": [8.13918, 6.82615, 5.25],
			"to": [9.13918, 8.85115, 6.5],
			"rotation": {"angle": -22.5, "axis": "z", "origin": [7.63918, 6.32615, 8.25]},
			"faces": {
				"north": {"uv": [0.016, 4.016, 2.984, 15.984], "texture": "#1"},
				"east": {"uv": [0.016, 4.016, 4.5, 15.984], "texture": "#1"},
				"south": {"uv": [0.016, 4.016, 2.984, 15.984], "texture": "#1"}
			}
		},
		{
			"from": [7.01247, 7.32551, 5.251],
			"to": [7.73747, 10.82551, 6.501],
			"rotation": {"angle": -45, "axis": "z", "origin": [7.58747, 6.32551, 8.25]},
			"faces": {
				"north": {"uv": [0.016, 0.016, 2.984, 15.984], "texture": "#1"},
				"east": {"uv": [0.016, 0.016, 4.5, 15.984], "texture": "#1"},
				"south": {"uv": [0.016, 0.016, 2.984, 15.984], "texture": "#1"},
				"west": {"uv": [0.016, 0.016, 2.984, 15.984], "texture": "#1"}
			}
		},
		{
			"from": [11.94455, 9.57428, 5.251],
			"to": [12.04455, 11.52098, 6.501],
			"rotation": {"angle": 22.5, "axis": "z", "origin": [11.89455, 6.54928, 8.249]},
			"faces": {
				"north": {"uv": [0.016, 8.1, 0.5, 15.9], "texture": "#1"},
				"east": {"uv": [0.016, 0.016, 4.5, 7.984], "texture": "#1"},
				"south": {"uv": [0.016, 8.1, 0.5, 15.9], "texture": "#1"}
			}
		},
		{
			"from": [10.03389, 9.37434, 5.25],
			"to": [10.78389, 11.19934, 6.5],
			"faces": {
				"north": {"uv": [6.016, 8.016, 9.984, 15.984], "texture": "#1"},
				"south": {"uv": [9.984, 8.016, 6.016, 15.984], "texture": "#1"},
				"west": {"uv": [0.016, 0.016, 4.5, 7.984], "texture": "#1"},
				"up": {"uv": [6.016, 7.875, 9.5, 8.875], "rotation": 270, "texture": "#1"}
			}
		},
		{
			"from": [8.73498, 9.59738, 5.249],
			"to": [11.53498, 10.32238, 6.499],
			"rotation": {"angle": 22.5, "axis": "z", "origin": [11.88498, 6.57238, 8.25]},
			"faces": {
				"north": {"uv": [0.016, 0.016, 2.984, 15.984], "rotation": 90, "texture": "#1"},
				"south": {"uv": [0.016, 0.016, 2.984, 0.725], "texture": "#1"},
				"up": {"uv": [0.016, 0.016, 2.984, 15.984], "rotation": 90, "texture": "#1"},
				"down": {"uv": [0.016, 0.016, 2.984, 1.25], "texture": "#1"}
			}
		},
		{
			"from": [6.275, 8.82238, 5.251],
			"to": [9.275, 9.82238, 6.501],
			"faces": {
				"north": {"uv": [0.016, 0.016, 2.984, 15.984], "rotation": 90, "texture": "#1"},
				"south": {"uv": [0.016, 0.016, 2.984, 0.984], "texture": "#1"},
				"up": {"uv": [0.016, 0.016, 2.984, 15.984], "rotation": 90, "texture": "#1"}
			}
		},
		{
			"from": [6.775, 6.50212, 5.252],
			"to": [8.275, 8.00212, 6.502],
			"rotation": {"angle": -45, "axis": "z", "origin": [7.775, 7.00212, 5.75]},
			"faces": {
				"north": {"uv": [0.016, 4.016, 5.5, 9.984], "rotation": 90, "texture": "#1"},
				"south": {"uv": [0.016, 0.016, 1.75, 1.75], "texture": "#1"},
				"west": {"uv": [0.016, 0.016, 1.25, 1.75], "texture": "#1"},
				"up": {"uv": [0.016, 0.016, 1.75, 1.25], "texture": "#1"}
			}
		},
		{
			"from": [8.67651, 6.48568, 5.252],
			"to": [9.42651, 8.36068, 6.502],
			"rotation": {"angle": 22.5, "axis": "z", "origin": [5.67651, 8.71068, 8.251]},
			"faces": {
				"north": {"uv": [1.016, 1.5, 4.984, 8.5], "texture": "#1"},
				"east": {"uv": [0.016, 1.5, 3.984, 6.5], "texture": "#1"},
				"south": {"uv": [1.016, 1.5, 4.984, 8.5], "texture": "#1"},
				"west": {"uv": [0.016, 0.016, 0.984, 1.25], "rotation": 270, "texture": "#1"}
			}
		},
		{
			"from": [4.01502, 9.59738, 5.249],
			"to": [6.81502, 10.32238, 6.499],
			"rotation": {"angle": -22.5, "axis": "z", "origin": [3.66502, 6.57238, 8.251]},
			"faces": {
				"north": {"uv": [0.016, 15.984, 2.984, 0.016], "rotation": 90, "texture": "#1"},
				"south": {"uv": [2.984, 0.016, 0.016, 0.725], "texture": "#1"},
				"up": {"uv": [0.016, 15.984, 2.984, 0.016], "rotation": 90, "texture": "#1"},
				"down": {"uv": [2.984, 0.016, 0.016, 1.25], "texture": "#1"}
			}
		},
		{
			"from": [6.41082, 6.82615, 5.25],
			"to": [7.41082, 8.85115, 6.5],
			"rotation": {"angle": 22.5, "axis": "z", "origin": [7.91082, 6.32615, 8.251]},
			"faces": {
				"north": {"uv": [2.984, 4.016, 0.016, 15.984], "texture": "#1"},
				"south": {"uv": [2.984, 4.016, 0.016, 15.984], "texture": "#1"},
				"west": {"uv": [4.5, 4.016, 0.016, 15.984], "texture": "#1"}
			}
		},
		{
			"from": [4.76611, 9.37434, 5.25],
			"to": [5.51611, 11.19934, 6.5],
			"faces": {
				"north": {"uv": [9.984, 8.016, 6.016, 15.984], "texture": "#1"},
				"east": {"uv": [4.5, 0.016, 0.016, 7.984], "texture": "#1"},
				"south": {"uv": [6.016, 8.016, 9.984, 15.984], "texture": "#1"},
				"up": {"uv": [6.016, 7.875, 9.5, 8.875], "rotation": 90, "texture": "#1"}
			}
		},
		{
			"from": [3.50545, 9.57428, 5.251],
			"to": [3.60545, 11.52098, 6.501],
			"rotation": {"angle": -22.5, "axis": "z", "origin": [3.65545, 6.54928, 8.25]},
			"faces": {
				"north": {"uv": [0.5, 8.1, 0.016, 15.9], "texture": "#1"},
				"south": {"uv": [0.5, 8.1, 0.016, 15.9], "texture": "#1"},
				"west": {"uv": [4.5, 0.016, 0.016, 7.984], "texture": "#1"}
			}
		},
		{
			"from": [6.12349, 6.48568, 5.252],
			"to": [6.87349, 8.36068, 6.502],
			"rotation": {"angle": -22.5, "axis": "z", "origin": [9.87349, 8.71068, 8.252]},
			"faces": {
				"north": {"uv": [1.016, 8.984, 4.984, 1.5], "rotation": 180, "texture": "#1"},
				"east": {"uv": [0.984, 0.016, 0.016, 1.25], "rotation": 270, "texture": "#1"},
				"south": {"uv": [1.016, 8.984, 4.984, 1.5], "rotation": 180, "texture": "#1"},
				"west": {"uv": [0.016, 6.5, 3.984, 1.5], "rotation": 180, "texture": "#1"}
			}
		},
		{
			"from": [7.81253, 7.32551, 5.251],
			"to": [8.53753, 10.82551, 6.501],
			"rotation": {"angle": 45, "axis": "z", "origin": [7.96253, 6.32551, 8.251]},
			"faces": {
				"north": {"uv": [2.984, 0.016, 0.016, 15.984], "texture": "#1"},
				"east": {"uv": [2.984, 0.016, 0.016, 15.984], "texture": "#1"},
				"south": {"uv": [2.984, 0.016, 0.016, 15.984], "texture": "#1"},
				"west": {"uv": [4.5, 0.016, 0.016, 15.984], "texture": "#1"}
			}
		},
		{
			"from": [5.875, 7.32238, 6.501],
			"to": [10.025, 9.07238, 8.901],
			"faces": {
				"north": {"uv": [0.016, 0.016, 5.984, 15.984], "rotation": 90, "texture": "#1"},
				"east": {"uv": [0.016, 0.016, 5.984, 10.984], "rotation": 90, "texture": "#1"},
				"west": {"uv": [0, 2, 5.968, 12.968], "rotation": 90, "texture": "#1"}
			}
		},
		{
			"from": [7.085, 7.32238, 8.0798],
			"to": [8.635, 9.07238, 10.2298],
			"rotation": {"angle": -45, "axis": "y", "origin": [8.084, 8, 8.1048]},
			"faces": {
				"south": {"uv": [0, 2, 5.968, 7.968], "rotation": 90, "texture": "#1"}
			}
		},
		{
			"from": [6.97102, 7.32238, 8.901],
			"to": [10.025, 9.07238, 9.99702],
			"faces": {
				"east": {"uv": [0, 11, 5.968, 15.968], "rotation": 90, "texture": "#1"},
				"south": {"uv": [0, 2, 5.968, 12.968], "rotation": 90, "texture": "#1"}
			}
		}
	],
	"display": {
		"thirdperson_righthand": {
			"translation": [0, -2, 0]
		},
		"thirdperson_lefthand": {
			"translation": [0, -2.5, 0]
		},
		"ground": {
			"translation": [0, -0.5, 0],
			"scale": [0.5, 0.5, 0.5]
		},
		"gui": {
			"rotation": [-31, 156, 23],
			"scale": [1.1, 1.3, 1.1]
		},
		"head": {
			"rotation": [31, -24, 23],
			"translation": [0, -8, 0],
			"scale": [1.5, 1.6, 1.5]
		},
		"fixed": {
			"rotation": [31, -24, 23],
			"scale": [1.3, 1.5, 1.3]
		}
	},
	"groups": [
		{
			"name": "scroll",
			"origin": [8, 8, 8],
			"children": [0, 1, 2, 3, 4, 5, 6, 7, 8, 9, 10]
		},
		{
			"name": "lock",
			"origin": [8, 8, 8],
			"children": [11, 12, 13, 14, 15, 16, 17, 18, 19, 20, 21, 22, 23, 24, 25, 26, 27, 28]
		}
	]
}