{
	"credit": "Model made by dragonmaster95 with Blockbench, a free, modern block model editor by JannisX11",
	"textures": {
		"0": "decorations/village/shop/table",
		"1": "decorations/village/shop/coin",
		"2": "decorations/village/shop/cards"
	},
	"elements": [
		{
			"name": "Top Middle",
			"from": [0, 14.5, -0.5],
			"to": [16, 16, 8],
			"faces": {
				"north": {"uv": [3.01, 6.01, 3.99, 7.49], "texture": "#0", "cullface": "north"},
				"up": {"uv": [0.01, 4.01, 3.99, 5.99], "texture": "#0", "rotation": 90},
				"down": {"uv": [0.01, 4.01, 3.99, 5.99], "texture": "#0", "rotation": 270}
			}
		},
		{
			"name": "Wood Middle",
			"from": [8, 1.5, 0],
			"to": [16, 14.5, 7.5],
			"faces": {
				"north": {"uv": [4, 0, 16, 8], "texture": "#0", "cullface": "north"}
			}
		},
		{
			"name": "Wood Middle",
			"from": [0, 1.5, 0],
			"to": [8, 14.5, 8],
			"faces": {
				"north": {"uv": [4, 0, 16, 8], "texture": "#0", "cullface": "north"}
			}
		},
		{
			"name": "Wood Middle",
			"from": [8, 1.5, 8],
			"to": [16, 14.5, 16],
			"faces": {
				"south": {"uv": [4, 0, 16, 8], "texture": "#0", "cullface": "south"}
			}
		},
		{
			"name": "Wood Middle",
			"from": [0, 1.5, 8],
			"to": [8, 14.5, 16],
			"faces": {
				"south": {"uv": [4, 0, 16, 8], "texture": "#0", "cullface": "south"}
			}
		},
		{
			"name": "Sign",
			"from": [2, 11.8, 15.49289],
			"to": [14, 12.8, 16.49289],
			"shade": false,
			"rotation": {"angle": 45, "axis": "x", "origin": [8, 12.3, 15.99289]},
			"faces": {
				"north": {"uv": [7, 12.5, 7, 13], "texture": "#0", "rotation": 180, "cullface": "south"},
				"east": {"uv": [7, 12.5, 7, 13], "texture": "#0", "rotation": 90},
				"west": {"uv": [7, 12.5, 7, 13], "texture": "#0", "rotation": 270},
				"up": {"uv": [7, 12.5, 7, 13], "texture": "#0", "cullface": "south"}
			}
		},
		{
			"name": "Sign",
			"from": [2, 5.3, 15.7],
			"to": [14, 12.3, 16.7],
			"shade": false,
			"faces": {
				"south": {"uv": [0, 8, 16, 16], "texture": "#0", "cullface": "south"}
			}
		},
		{
			"name": "Sign",
			"from": [2, 5.00711, 15.99289],
			"to": [14, 6.00711, 16.99289],
			"shade": false,
			"rotation": {"angle": 45, "axis": "x", "origin": [0, 6.00711, 15.99289]},
			"faces": {
				"east": {"uv": [7, 12.5, 7, 13], "texture": "#0"},
				"south": {"uv": [7, 12.5, 7, 13], "texture": "#0", "cullface": "south"},
				"west": {"uv": [7, 12.5, 7, 13], "texture": "#0"},
				"up": {"uv": [7, 12.5, 7, 13], "texture": "#0", "cullface": "south"}
			}
		},
		{
			"name": "Sign",
			"from": [1.29289, 5.3, 15.99289],
			"to": [2.29289, 12.3, 16.99289],
			"shade": false,
			"rotation": {"angle": 45, "axis": "y", "origin": [1.29289, 6, 15.99289]},
			"faces": {
				"south": {"uv": [7, 12.5, 7, 13], "texture": "#0", "cullface": "south"},
				"west": {"uv": [7, 12.5, 7, 13], "texture": "#0", "cullface": "south"},
				"up": {"uv": [7, 12.5, 7, 13], "texture": "#0"},
				"down": {"uv": [7, 12.5, 7, 13], "texture": "#0"}
			}
		},
		{
			"name": "Sign",
			"from": [13.29289, 5.3, 15.99289],
			"to": [14.29289, 12.3, 16.99289],
			"shade": false,
			"rotation": {"angle": 45, "axis": "y", "origin": [13.29289, 6, 15.99289]},
			"faces": {
				"south": {"uv": [7, 12.5, 7, 13], "texture": "#0", "cullface": "south"},
				"west": {"uv": [7, 12.5, 7, 13], "texture": "#0", "cullface": "south"},
				"up": {"uv": [7, 12.5, 7, 13], "texture": "#0"},
				"down": {"uv": [7, 12.5, 7, 13], "texture": "#0"}
			}
		},
		{
			"name": "Coin",
			"from": [3.1, 7.19512, 16.725],
			"to": [6.4, 10.50488, 16.725],
			"shade": false,
			"faces": {
				"south": {"uv": [0, 0, 16, 16], "texture": "#1", "cullface": "south"}
			}
		},
		{
			"name": "Cards",
			"from": [8, 16.8, 5.2],
			"to": [13, 18.4, 10.2],
			"faces": {
				"north": {"uv": [0, 10, 16, 16], "texture": "#2"},
				"east": {"uv": [0, 10, 16, 16], "texture": "#2"},
				"south": {"uv": [0, 10, 16, 16], "texture": "#2"},
				"west": {"uv": [0, 10, 16, 16], "texture": "#2"},
				"up": {"uv": [2, 0, 16, 10], "texture": "#2", "rotation": 270}
			}
		},
		{
			"name": "Cards",
			"from": [7.5, 16, 4.5],
			"to": [13.5, 16.8, 10.5],
			"faces": {
				"north": {"uv": [0, 0, 2, 10], "texture": "#2"},
				"east": {"uv": [0, 0, 2, 10], "texture": "#2"},
				"south": {"uv": [0, 0, 2, 10], "texture": "#2"},
				"west": {"uv": [0, 0, 2, 10], "texture": "#2"},
				"up": {"uv": [0, 3, 1, 4], "texture": "#2"}
			}
		},
		{
			"name": "Top Middle",
			"from": [0, 14.5, 8],
			"to": [16, 16, 16.5],
			"faces": {
				"south": {"uv": [3.01, 6.01, 3.99, 7.49], "texture": "#0", "cullface": "south"},
				"up": {"uv": [0.01, 4.01, 3.99, 5.99], "texture": "#0", "rotation": 270},
				"down": {"uv": [0.01, 4.01, 3.99, 5.99], "texture": "#0", "rotation": 90, "cullface": "south"}
			}
		},
		{
			"name": "Bottom Middle",
			"from": [0, 0, -0.5],
			"to": [16, 1.5, 8],
			"faces": {
				"north": {"uv": [3.01, 6.01, 3.99, 7.49], "texture": "#0", "cullface": "north"},
				"up": {"uv": [0.01, 4.01, 3.99, 5.99], "texture": "#0", "rotation": 90},
				"down": {"uv": [0.01, 4.01, 3.99, 5.99], "texture": "#0", "rotation": 270, "cullface": "down"}
			}
		},
		{
			"name": "Bottom Middle",
			"from": [0, 0, 8],
			"to": [16, 1.5, 16.5],
			"faces": {
				"south": {"uv": [3.01, 6.01, 3.99, 7.49], "texture": "#0", "cullface": "south"},
				"up": {"uv": [0.01, 4.01, 3.99, 5.99], "texture": "#0", "rotation": 270, "cullface": "south"},
				"down": {"uv": [0.01, 4.01, 3.99, 5.99], "texture": "#0", "rotation": 90, "cullface": "down"}
			}
		}
	],
	"display": {
		"head": {
			"scale": [1.6, 1.6, 1.6],
			"translation": [0, -27.2, 0],
			"rotation": [0, 0, 0]
		}
	}
}