{
	"credit": "Model made by dragonmaster95 with Blockbench, a free, modern block model editor by JannisX11",
	"textures": {
		"0": "decorations/village/shop/table"
	},
	"elements": [
		{
			"name": "Top Middle",
			"from": [0, 14.5, -0.5],
			"to": [16, 16, 8],
			"faces": {
				"north": {"uv": [3.01, 6.01, 3.99, 7.49], "texture": "#0"},
				"up": {"uv": [0.01, 4.01, 3.99, 5.99], "texture": "#0", "rotation": 90},
				"down": {"uv": [0.01, 4.01, 3.99, 5.99], "texture": "#0", "rotation": 270}
			}
		},
		{
			"name": "Wood Middle",
			"from": [8, 1.5, 0],
			"to": [16, 14.5, 8],
			"faces": {
				"north": {"uv": [4, 0, 16, 8], "texture": "#0"}
			}
		},
		{
			"name": "Wood Middle",
			"from": [0, 1.5, 0],
			"to": [8, 14.5, 8.5],
			"faces": {
				"north": {"uv": [4, 0, 16, 8], "texture": "#0"}
			}
		},
		{
			"name": "Wood Middle",
			"from": [8, 1.5, 8],
			"to": [16, 14.5, 16],
			"faces": {
				"south": {"uv": [4, 0, 16, 8], "texture": "#0"}
			}
		},
		{
			"name": "Wood Middle",
			"from": [0, 1.5, 8],
			"to": [8, 14.5, 16],
			"faces": {
				"south": {"uv": [4, 0, 16, 8], "texture": "#0"}
			}
		},
		{
			"name": "Top Middle",
			"from": [0, 14.5, 8],
			"to": [16, 16, 16.5],
			"faces": {
				"south": {"uv": [3.01, 6.01, 3.99, 7.49], "texture": "#0"},
				"up": {"uv": [0.01, 4.01, 3.99, 5.99], "texture": "#0", "rotation": 270},
				"down": {"uv": [0.01, 4.01, 3.99, 5.99], "texture": "#0", "rotation": 90}
			}
		},
		{
			"name": "Bottom Middle",
			"from": [0, 0, -0.5],
			"to": [16, 1.5, 8],
			"faces": {
				"north": {"uv": [3.01, 6.01, 3.99, 7.49], "texture": "#0"},
				"up": {"uv": [0.01, 4.01, 3.99, 5.99], "texture": "#0", "rotation": 90},
				"down": {"uv": [0.01, 4.01, 3.99, 5.99], "texture": "#0", "rotation": 270}
			}
		},
		{
			"name": "Bottom Middle",
			"from": [0, 0, 8],
			"to": [16, 1.5, 16.6],
			"faces": {
				"south": {"uv": [3.01, 6.01, 3.99, 7.49], "texture": "#0"},
				"up": {"uv": [0.01, 4.01, 3.99, 5.99], "texture": "#0", "rotation": 270},
				"down": {"uv": [0.01, 4.01, 3.99, 5.99], "texture": "#0", "rotation": 90}
			}
		}
	],
	"display": {
		"head": {
			"scale": [1.6, 1.6, 1.6],
			"translation": [0, -27.2, 0],
			"rotation": [0, 0, 0]
		}
	}
}