{
	"credit": "Model made by dragonmaster95 with Blockbench, a free, modern block model editor by JannisX11",
	"textures": {
		"0": "decorations/village/shop/table"
	},
	"elements": [
		{
			"name": "Top Corner",
			"from": [8, 14.5, 0],
			"to": [16, 16, 8],
			"faces": {
				"up": {"uv": [0.016, 0.016, 3.984, 3.984], "texture": "#0", "rotation": 180}
			}
		},
		{
			"name": "Top Corner",
			"from": [-0.5, 14.5, 8],
			"to": [8, 16, 16.5],
			"faces": {
				"south": {"uv": [3.01, 6.01, 3.99, 7.49], "texture": "#0", "cullface": "south"},
				"west": {"uv": [3.01, 6.01, 3.99, 7.49], "texture": "#0", "cullface": "west"},
				"up": {"uv": [0.016, 4.016, 3.984, 7.984], "texture": "#0"},
				"down": {"uv": [0.016, 4.016, 3.984, 7.984], "texture": "#0", "rotation": 90}
			}
		},
		{
			"name": "Top Corner",
			"from": [-0.5, 14.5, 0],
			"to": [8, 16, 8],
			"faces": {
				"west": {"uv": [3.01, 6.01, 3.99, 7.49], "texture": "#0", "cullface": "west"},
				"up": {"uv": [0.01, 4.01, 3.99, 5.99], "texture": "#0"},
				"down": {"uv": [0.01, 4.01, 3.99, 5.99], "texture": "#0", "cullface": "west"}
			}
		},
		{
			"name": "Top Corner",
			"from": [8, 14.5, 8],
			"to": [16, 16, 16.5],
			"faces": {
				"south": {"uv": [3.01, 6.01, 3.99, 7.49], "texture": "#0", "cullface": "south"},
				"up": {"uv": [0.01, 4.01, 3.99, 5.99], "texture": "#0", "rotation": 270},
				"down": {"uv": [0.01, 4.01, 3.99, 5.99], "texture": "#0", "rotation": 90, "cullface": "south"}
			}
		},
		{
			"name": "Wood Corner",
			"from": [0, 1.5, 0],
			"to": [8, 14.5, 8],
			"faces": {
				"west": {"uv": [4.01, 0.01, 15.99, 7.99], "texture": "#0", "cullface": "west"}
			}
		},
		{
			"name": "Wood Corner",
			"from": [8, 1.5, 8],
			"to": [16, 14.5, 16],
			"faces": {
				"south": {"uv": [4.01, 0.01, 15.99, 7.99], "texture": "#0", "cullface": "south"}
			}
		},
		{
			"name": "Wood Corner",
			"from": [0, 1.5, 8],
			"to": [8, 14.5, 16],
			"faces": {
				"south": {"uv": [4.01, 0.01, 15.99, 7.99], "texture": "#0", "cullface": "south"},
				"west": {"uv": [4.01, 0.01, 15.99, 7.99], "texture": "#0", "cullface": "west"}
			}
		},
		{
			"name": "Bottom Corner",
			"from": [8, 0, 0],
			"to": [16, 1.5, 8],
			"faces": {
				"up": {"uv": [0.016, 0.016, 3.984, 3.984], "texture": "#0", "rotation": 180}
			}
		},
		{
			"name": "Bottom Corner",
			"from": [-0.5, 0, 8],
			"to": [8, 1.5, 16.5],
			"faces": {
				"south": {"uv": [3.01, 6.01, 3.99, 7.49], "texture": "#0", "cullface": "south"},
				"west": {"uv": [3.01, 6.01, 3.99, 7.49], "texture": "#0", "cullface": "west"},
				"up": {"uv": [0.016, 4.016, 3.984, 7.984], "texture": "#0"},
				"down": {"uv": [0.016, 4.016, 3.984, 7.984], "texture": "#0", "rotation": 90, "cullface": "down"}
			}
		},
		{
			"name": "Bottom Corner",
			"from": [-0.5, 0, 0],
			"to": [8, 1.5, 8],
			"faces": {
				"west": {"uv": [3.01, 6.01, 3.99, 7.49], "texture": "#0", "cullface": "west"},
				"up": {"uv": [0.01, 4.01, 3.99, 5.99], "texture": "#0", "cullface": "west"},
				"down": {"uv": [0.01, 4.01, 3.99, 5.99], "texture": "#0", "cullface": "down"}
			}
		},
		{
			"name": "Bottom Corner",
			"from": [8, 0, 8],
			"to": [16, 1.5, 16.5],
			"faces": {
				"south": {"uv": [3.01, 6.01, 3.99, 7.49], "texture": "#0", "cullface": "south"},
				"up": {"uv": [0.01, 4.01, 3.99, 5.99], "texture": "#0", "rotation": 270, "cullface": "south"},
				"down": {"uv": [0.01, 4.01, 3.99, 5.99], "texture": "#0", "rotation": 90, "cullface": "down"}
			}
		}
	],
	"display": {
		"head": {
			"scale": [1.6, 1.6, 1.6],
			"translation": [0, -27.2, 0],
			"rotation": [0, 0, 0]
		}
	}
}