{
	"credit": "Model made by dragonmaster95 with Blockbench, a free, modern block model editor by JannisX11",
	"textures": {
		"0": "decorations/village/shop/table"
	},
	"elements": [
		{
			"name": "Top Edge",
			"from": [8, 14.5, -0.5],
			"to": [16.5, 16, 8],
			"faces": {
				"north": {"uv": [3.01, 6.01, 3.99, 7.49], "texture": "#0", "cullface": "north"},
				"east": {"uv": [3.01, 6.01, 3.99, 7.49], "texture": "#0", "cullface": "east"},
				"up": {"uv": [0.01, 4.01, 3.99, 7.99], "texture": "#0", "rotation": 180},
				"down": {"uv": [0.01, 4.01, 3.99, 7.99], "texture": "#0", "rotation": 270}
			}
		},
		{
			"name": "Top Edge",
			"from": [8, 14.5, 8],
			"to": [16.5, 16, 16.5],
			"faces": {
				"east": {"uv": [3.01, 6.01, 3.99, 7.49], "texture": "#0", "cullface": "east"},
				"south": {"uv": [3.01, 6.01, 3.99, 7.49], "texture": "#0", "cullface": "south"},
				"up": {"uv": [0.01, 4.01, 3.99, 7.99], "texture": "#0", "rotation": 270},
				"down": {"uv": [0.01, 4.01, 3.99, 7.99], "texture": "#0", "rotation": 180}
			}
		},
		{
			"name": "Top Edge",
			"from": [0, 14.5, 8],
			"to": [8, 16, 16.5],
			"faces": {
				"south": {"uv": [3.01, 6.01, 3.99, 7.49], "texture": "#0", "cullface": "south"},
				"up": {"uv": [0.01, 4.01, 3.99, 5.99], "texture": "#0", "rotation": 270},
				"down": {"uv": [0.01, 4.01, 3.99, 5.99], "texture": "#0", "rotation": 90, "cullface": "south"}
			}
		},
		{
			"name": "Top Edge",
			"from": [0, 14.5, -0.5],
			"to": [8, 16, 8],
			"faces": {
				"north": {"uv": [3.01, 6.01, 3.99, 7.49], "texture": "#0", "cullface": "north"},
				"up": {"uv": [0.01, 4.01, 3.99, 5.99], "texture": "#0", "rotation": 90},
				"down": {"uv": [0.01, 4.01, 3.99, 5.99], "texture": "#0", "rotation": 270, "cullface": "north"}
			}
		},
		{
			"name": "Wood Edge",
			"from": [0, 1.5, 0],
			"to": [8, 14.5, 8],
			"faces": {
				"north": {"uv": [4, 0, 16, 8], "texture": "#0", "cullface": "north"}
			}
		},
		{
			"name": "Wood Edge",
			"from": [8, 1.5, 0],
			"to": [16, 14.5, 8],
			"faces": {
				"north": {"uv": [4, 0, 16, 8], "texture": "#0", "cullface": "north"},
				"east": {"uv": [4, 0, 16, 8], "texture": "#0", "cullface": "east"}
			}
		},
		{
			"name": "Wood Edge",
			"from": [8, 1.5, 8],
			"to": [16, 14.5, 16],
			"faces": {
				"east": {"uv": [4, 0, 16, 8], "texture": "#0", "cullface": "east"},
				"south": {"uv": [4, 0, 16, 8], "texture": "#0", "cullface": "south"}
			}
		},
		{
			"name": "Wood Edge",
			"from": [0, 1.5, 8],
			"to": [8, 14.5, 16],
			"faces": {
				"south": {"uv": [4, 0, 16, 8], "texture": "#0", "cullface": "south"}
			}
		},
		{
			"name": "Bottom Edge",
			"from": [8, 0, -0.5],
			"to": [16.5, 1.5, 8],
			"faces": {
				"north": {"uv": [3.01, 6.01, 3.99, 7.49], "texture": "#0", "cullface": "north"},
				"east": {"uv": [3.01, 6.01, 3.99, 7.49], "texture": "#0", "cullface": "east"},
				"up": {"uv": [0.01, 4.01, 3.99, 7.99], "texture": "#0", "rotation": 180},
				"down": {"uv": [0.01, 4.01, 3.99, 7.99], "texture": "#0", "rotation": 270, "cullface": "down"}
			}
		},
		{
			"name": "Bottom Edge",
			"from": [8, 0, 8],
			"to": [16.5, 1.5, 16.5],
			"faces": {
				"east": {"uv": [3.01, 6.01, 3.99, 7.49], "texture": "#0", "cullface": "east"},
				"south": {"uv": [3.01, 6.01, 3.99, 7.49], "texture": "#0", "cullface": "south"},
				"up": {"uv": [0.01, 4.01, 3.99, 7.99], "texture": "#0", "rotation": 270},
				"down": {"uv": [0.01, 4.01, 3.99, 7.99], "texture": "#0", "rotation": 180, "cullface": "down"}
			}
		},
		{
			"name": "Bottom Edge",
			"from": [0, 0, 8],
			"to": [8, 1.5, 16.5],
			"faces": {
				"south": {"uv": [3.01, 6.01, 3.99, 7.49], "texture": "#0", "cullface": "south"},
				"up": {"uv": [0.01, 4.01, 3.99, 5.99], "texture": "#0", "rotation": 270, "cullface": "south"},
				"down": {"uv": [0.01, 4.01, 3.99, 5.99], "texture": "#0", "rotation": 90, "cullface": "down"}
			}
		},
		{
			"name": "Bottom Edge",
			"from": [0, 0, -0.5],
			"to": [8, 1.5, 8],
			"faces": {
				"north": {"uv": [3.01, 6.01, 3.99, 7.49], "texture": "#0", "cullface": "north"},
				"up": {"uv": [0.01, 4.01, 3.99, 5.99], "texture": "#0", "rotation": 90, "cullface": "north"},
				"down": {"uv": [0.01, 4.01, 3.99, 5.99], "texture": "#0", "rotation": 270, "cullface": "down"}
			}
		}
	],
	"display": {
		"head": {
			"scale": [1.6, 1.6, 1.6],
			"translation": [0, -27.2, 0],
			"rotation": [0, 0, 0]
		}
	}
}