{
	"credit": "Made with Blockbench by dragonmaster95",
	"textures": {
		"0": "decorations/village/shop/wanted_poster",
		"particle": "decorations/village/shop/wanted_poster"
	},
	"elements": [
		{
			"from": [-16, 0, 7.5],
			"to": [32, 31, 8.5],
			"rotation": {"angle": 0, "axis": "y", "origin": [8, 8, 16.5]},
			"faces": {
				"north": {"uv": [4, 0, 16, 16], "texture": "#0"},
				"east": {"uv": [15.563, 0, 16, 16], "texture": "#0"},
				"south": {"uv": [0, 0, 1, 1], "texture": "#0"},
				"west": {"uv": [4, 0, 4.438, 16], "texture": "#0"},
				"up": {"uv": [4, 15.563, 16, 16], "rotation": 180, "texture": "#0"},
				"down": {"uv": [4, 0, 16, 0.437], "rotation": 180, "texture": "#0"}
			}
		}
	],
	"display": {
		"fixed": {
			"translation": [0, 0, 0.25],
			"scale": [2, 2, 2.01]
		}
	}
}