{
	"credit": "Made with Blockbench by dragonmaster95",
	"textures": {
		"0": "decorations/board/yoshi/bubba/eye",
		"1": "decorations/board/yoshi/bubba/scales",
		"2": "decorations/board/luigi/screw_red",
		"3": "block/pink_concrete",
		"4": "decorations/board/yoshi/bubba/eye_side"
	},
	"elements": [
		{
			"from": [10.69992, 0.94269, 0],
			"to": [13.69992, 3.94269, 3.25],
			"rotation": {"angle": 22.5, "axis": "z", "origin": [7.69992, 6.94269, 8.25]},
			"faces": {
				"north": {"uv": [0, 0, 1, 1], "texture": "#3"},
				"east": {"uv": [0, 0, 1, 1], "texture": "#3"},
				"south": {"uv": [0, 0, 1, 1], "texture": "#3"},
				"west": {"uv": [0, 0, 1, 1], "texture": "#3"},
				"down": {"uv": [0, 0, 1, 1], "texture": "#3"}
			}
		},
		{
			"from": [2.96994, 4.31031, 0],
			"to": [6.16994, 7.31031, 3.25],
			"rotation": {"angle": -22.5, "axis": "z", "origin": [0.16994, 10.31031, 8.25]},
			"faces": {
				"north": {"uv": [0, 0, 1, 1], "texture": "#3"},
				"east": {"uv": [0, 0, 1, 1], "texture": "#3"},
				"south": {"uv": [0, 0, 1, 1], "texture": "#3"},
				"west": {"uv": [0, 0, 1, 1], "texture": "#3"},
				"down": {"uv": [0, 0, 1, 1], "texture": "#3"}
			}
		},
		{
			"from": [0.3825, 1.13194, -0.75],
			"to": [5.2925, 4.63194, 3.25],
			"rotation": {"angle": 22.5, "axis": "z", "origin": [-3.6175, 8.63194, 8.5]},
			"faces": {
				"north": {"uv": [0, 0, 1, 1], "texture": "#3"},
				"west": {"uv": [0, 0, 1, 1], "texture": "#3"},
				"up": {"uv": [0, 0, 1, 1], "texture": "#3"},
				"down": {"uv": [0, 0, 1, 1], "texture": "#3"}
			}
		},
		{
			"from": [11.8493, 6.87218, -0.75],
			"to": [16.7593, 10.37218, 3.25],
			"rotation": {"angle": -22.5, "axis": "z", "origin": [5.75935, 14.37218, 8.5]},
			"faces": {
				"north": {"uv": [0, 0, 1, 1], "texture": "#3"},
				"east": {"uv": [0, 0, 1, 1], "texture": "#3"},
				"up": {"uv": [0, 0, 1, 1], "texture": "#3"},
				"down": {"uv": [0, 0, 1, 1], "texture": "#3"}
			}
		},
		{
			"from": [2.02517, 0.75, 2.9],
			"to": [12.82517, 5.35, 4],
			"faces": {
				"north": {"uv": [15, 15, 16, 16], "texture": "#2"}
			}
		},
		{
			"from": [6.145, 4.84613, -1.25],
			"to": [9.855, 8.34613, 2.75],
			"faces": {
				"north": {"uv": [0, 0, 1, 1], "texture": "#3"},
				"east": {"uv": [0, 0, 1, 1], "texture": "#3"},
				"west": {"uv": [0, 0, 1, 1], "texture": "#3"},
				"up": {"uv": [0, 0, 1, 1], "texture": "#3"},
				"down": {"uv": [0, 0, 1, 1], "texture": "#3"}
			}
		},
		{
			"from": [3.92513, 8.92359, -0.5],
			"to": [7.92513, 13.02359, 2.5],
			"rotation": {"angle": -22.5, "axis": "z", "origin": [7.92513, 9.52359, 7.85]},
			"faces": {
				"north": {"uv": [15.7, 0, 15.95, 1], "texture": "#4"},
				"south": {"uv": [15.75, 16, 13.5, 9.5], "rotation": 180, "texture": "#4"},
				"west": {"uv": [13.5, 16, 15.75, 9.5], "rotation": 180, "texture": "#4"},
				"up": {"uv": [13.5, 14, 15.75, 9.5], "rotation": 270, "texture": "#4"}
			}
		},
		{
			"from": [4, 7.4, -0.5],
			"to": [12, 10.5, 2.5],
			"faces": {
				"north": {"uv": [15.7, 0, 15.95, 1], "texture": "#4"},
				"east": {"uv": [15.75, 11, 13.5, 16], "rotation": 180, "texture": "#4"},
				"west": {"uv": [13.5, 11, 15.75, 16], "rotation": 180, "texture": "#4"}
			}
		},
		{
			"from": [7.69427, 10.83701, -0.5],
			"to": [11.69427, 14.93701, 2.5],
			"rotation": {"angle": 22.5, "axis": "z", "origin": [12.69427, 11.43701, 7.85]},
			"faces": {
				"north": {"uv": [15.7, 0, 15.95, 1], "texture": "#4"},
				"east": {"uv": [15.75, 16, 13.5, 9.5], "rotation": 180, "texture": "#4"},
				"south": {"uv": [13.5, 16, 15.75, 9.5], "rotation": 180, "texture": "#4"},
				"up": {"uv": [13.5, 14, 15.75, 9.5], "rotation": 270, "texture": "#4"}
			}
		},
		{
			"from": [6, 8, -0.6],
			"to": [7.5, 11.75, 0.4],
			"faces": {
				"north": {"uv": [3, 0, 13, 16], "texture": "#0"}
			}
		},
		{
			"from": [8.5, 8, -0.6],
			"to": [10, 11.75, 0.4],
			"faces": {
				"north": {"uv": [3, 0, 13, 16], "texture": "#0"}
			}
		},
		{
			"from": [1.25, 2.6795, 3.25],
			"to": [14.75, 6.6795, 7],
			"faces": {
				"north": {"uv": [0, 6, 16, 16], "texture": "#1"},
				"east": {"uv": [0, 0, 3.75, 4], "texture": "#1"},
				"west": {"uv": [0, 0, 3.75, 4], "rotation": 180, "texture": "#1"},
				"up": {"uv": [0, 0, 3.75, 16], "rotation": 270, "texture": "#1"},
				"down": {"uv": [0, 0, 13.5, 3.75], "texture": "#1"}
			}
		},
		{
			"from": [2.25, 6.67952, 2.85],
			"to": [13.75, 8.17952, 6.6],
			"faces": {
				"east": {"uv": [6.9, 9.5, 10.65, 11], "texture": "#1"},
				"west": {"uv": [11, 9.5, 14.75, 11], "rotation": 180, "texture": "#1"},
				"up": {"uv": [0, 5.1, 11.5, 8.85], "rotation": 180, "texture": "#1"}
			}
		},
		{
			"from": [4, 9.4, 2.5],
			"to": [12, 10.5, 6.25],
			"faces": {
				"east": {"uv": [8.25, 8.8, 12, 10.3], "texture": "#1"},
				"west": {"uv": [8.25, 8.8, 12, 10.3], "rotation": 180, "texture": "#1"},
				"up": {"uv": [1.45, 1.55, 5.3, 11.05], "rotation": 270, "texture": "#1"}
			}
		},
		{
			"from": [4.8, 10.47952, 2.5],
			"to": [11.2, 12.47952, 6],
			"faces": {
				"east": {"uv": [6.95, 2.35, 10.45, 4.35], "texture": "#1"},
				"west": {"uv": [6.95, 2.35, 10.45, 4.35], "rotation": 180, "texture": "#1"},
				"up": {"uv": [6.95, 2.35, 10.45, 8.95], "rotation": 270, "texture": "#1"}
			}
		},
		{
			"from": [5.569, 12.2879, 2.5],
			"to": [10.429, 14.2979, 5.5],
			"faces": {
				"north": {"uv": [0, 5.15, 2.75, 10.80938], "rotation": 90, "texture": "#1"},
				"east": {"uv": [8.8, 7.45, 11.8, 9.45], "texture": "#1"},
				"west": {"uv": [8.8, 7.45, 11.8, 9.45], "rotation": 180, "texture": "#1"},
				"up": {"uv": [8.8, 7.95, 11.8, 11.3], "rotation": 270, "texture": "#1"}
			}
		},
		{
			"from": [3.25, 8.17952, 2.35],
			"to": [12.75, 9.42952, 6.35],
			"faces": {
				"east": {"uv": [7.15, 9.45, 10.9, 10.95], "texture": "#1"},
				"west": {"uv": [11, 9.5, 14.75, 11], "rotation": 180, "texture": "#1"},
				"up": {"uv": [1.85, 0.8, 5.45, 10.3], "rotation": 270, "texture": "#1"}
			}
		},
		{
			"from": [2.14, -0.1, 2.01955],
			"to": [13.86, 1.9, 7.01955],
			"faces": {
				"east": {"uv": [4.5, 13.5, 6.5, 15], "texture": "#4"},
				"west": {"uv": [4.5, 13.5, 6.5, 15], "texture": "#4"},
				"down": {"uv": [4.5, 13.5, 6.5, 15], "texture": "#4"}
			}
		},
		{
			"from": [1.425, 1.32952, 4.01955],
			"to": [14.575, 2.67952, 7.01955],
			"faces": {
				"east": {"uv": [4.5, 13.5, 6.5, 15], "texture": "#4"},
				"west": {"uv": [4.5, 13.5, 6.5, 15], "texture": "#4"},
				"down": {"uv": [4.5, 13.5, 6.5, 15], "texture": "#4"}
			}
		},
		{
			"from": [3.88727, -0.1, 1.80369],
			"to": [4.33727, 1.9, 16.62869],
			"rotation": {"angle": 22.5, "axis": "y", "origin": [16.12458, 8, 8.80369]},
			"faces": {
				"west": {"uv": [4.5, 13.5, 6.5, 15], "texture": "#4"},
				"down": {"uv": [4.5, 13.5, 6.5, 15], "texture": "#4"}
			}
		},
		{
			"from": [2.58854, 1.32952, 2.86906],
			"to": [3.23854, 2.67952, 19.36906],
			"rotation": {"angle": 22.5, "axis": "y", "origin": [12.43974, 9.67952, 7.86906]},
			"faces": {
				"south": {"uv": [4.5, 13.5, 6.5, 15], "texture": "#4"},
				"west": {"uv": [4.5, 13.5, 6.5, 15], "texture": "#4"},
				"down": {"uv": [4.5, 13.5, 6.5, 15], "texture": "#4"}
			}
		},
		{
			"from": [15.59474, 1.32952, 8.6252],
			"to": [16.24474, 2.67952, 25.1252],
			"rotation": {"angle": -22.5, "axis": "y", "origin": [19.44594, 9.67952, 3.6252]},
			"faces": {
				"east": {"uv": [4.5, 13.5, 6.5, 15], "texture": "#4"},
				"south": {"uv": [15, 0, 16, 1], "texture": "#4"},
				"down": {"uv": [4.5, 13.5, 6.5, 15], "texture": "#4"}
			}
		},
		{
			"from": [14.1874, 2.6795, 6.75928],
			"to": [15.2874, 6.6895, 23.25928],
			"rotation": {"angle": -22.5, "axis": "y", "origin": [14.41359, 9.67952, 5.52883]},
			"faces": {
				"east": {"uv": [0, 12, 16, 16], "texture": "#1"},
				"up": {"uv": [0, 11, 16, 12], "rotation": 90, "texture": "#1"},
				"down": {"uv": [0, 15.1, 16, 16], "rotation": 90, "texture": "#1"}
			}
		},
		{
			"from": [2.8774, 2.6795, 3.6424],
			"to": [3.9774, 6.6895, 20.1424],
			"rotation": {"angle": 22.5, "axis": "y", "origin": [10.5036, 9.67952, 9.41195]},
			"faces": {
				"west": {"uv": [0, 12, 16, 16], "rotation": 180, "texture": "#1"},
				"up": {"uv": [0, 11, 16, 12], "rotation": 270, "texture": "#1"},
				"down": {"uv": [0, 15.1, 16, 16], "rotation": 90, "texture": "#1"}
			}
		},
		{
			"from": [15.90942, 6.42952, 19.57494],
			"to": [16.51942, 8.17952, 20.18494],
			"rotation": {"angle": -45, "axis": "y", "origin": [12.63562, 9.67952, 9.74449]},
			"faces": {
				"east": {"uv": [0, 0, 0.61, 1.75], "texture": "#1"},
				"south": {"uv": [0, 0, 0.61, 1.75], "texture": "#1"},
				"up": {"uv": [0, 0, 0.61, 0.61], "rotation": 90, "texture": "#1"}
			}
		},
		{
			"from": [2.61392, 6.67952, 4.09046],
			"to": [3.71392, 8.19952, 17.99046],
			"rotation": {"angle": 22.5, "axis": "y", "origin": [8.74013, 11.17952, 6.26001]},
			"faces": {
				"west": {"uv": [1, 9.5, 14.9, 11], "rotation": 180, "texture": "#1"},
				"up": {"uv": [1, 8.4, 14.9, 9.5], "rotation": 270, "texture": "#1"}
			}
		},
		{
			"from": [3.74765, 8.17952, 4.01277],
			"to": [4.54765, 9.43952, 15.61277],
			"rotation": {"angle": 22.5, "axis": "y", "origin": [9.37386, 9.67952, 6.43232]},
			"faces": {
				"west": {"uv": [2.8, 7.15, 15.1, 8.4], "rotation": 180, "texture": "#1"},
				"up": {"uv": [2.8, 6.35, 15.1, 7.15], "rotation": 270, "texture": "#1"}
			}
		},
		{
			"from": [6.14278, 9.4, 3.98336],
			"to": [7.14278, 10.51, 13.43336],
			"rotation": {"angle": 22.5, "axis": "y", "origin": [10.76898, 10.25, 10.50291]},
			"faces": {
				"west": {"uv": [4.85, 5.35, 14.95, 6.45], "rotation": 180, "texture": "#1"},
				"up": {"uv": [4.85, 4.35, 14.95, 5.35], "rotation": 270, "texture": "#1"}
			}
		},
		{
			"from": [6.98464, 10.47952, 3.94383],
			"to": [7.88464, 12.48952, 11.34383],
			"rotation": {"angle": 22.5, "axis": "y", "origin": [11.06085, 9.67952, 10.46338]},
			"faces": {
				"west": {"uv": [6.95, 2.35, 14.85, 4.35], "rotation": 180, "texture": "#1"},
				"up": {"uv": [6.95, 1.45, 14.85, 2.35], "rotation": 270, "texture": "#1"}
			}
		},
		{
			"from": [7.83556, 12.2879, 3.85568],
			"to": [8.44556, 14.2879, 9.55568],
			"rotation": {"angle": 22.5, "axis": "y", "origin": [10.83556, 9.73791, 10.37523]},
			"faces": {
				"west": {"uv": [8.8, 7.45, 15.1, 9.45], "rotation": 180, "texture": "#1"},
				"up": {"uv": [8.8, 6.84, 15.1, 7.45], "rotation": 270, "texture": "#1"}
			}
		},
		{
			"from": [12.96803, 8.17952, 8.39292],
			"to": [13.76803, 9.43952, 19.99292],
			"rotation": {"angle": -22.5, "axis": "y", "origin": [18.39423, 9.67952, 4.81247]},
			"faces": {
				"east": {"uv": [2.8, 7.15, 15.1, 8.4], "texture": "#1"},
				"up": {"uv": [2.8, 6.35, 15.1, 7.15], "rotation": 270, "texture": "#1"}
			}
		},
		{
			"from": [11.6732, 9.4, 7.8265],
			"to": [12.6732, 10.51, 17.2765],
			"rotation": {"angle": -22.5, "axis": "y", "origin": [16.2994, 10.25, 5.34605]},
			"faces": {
				"east": {"uv": [4.85, 5.35, 14.95, 6.45], "texture": "#1"},
				"up": {"uv": [4.85, 4.35, 14.95, 5.35], "rotation": 270, "texture": "#1"}
			}
		},
		{
			"from": [11.00745, 10.47952, 7.40429],
			"to": [11.90745, 12.48952, 14.80429],
			"rotation": {"angle": -22.5, "axis": "y", "origin": [15.08366, 9.67952, 4.92384]},
			"faces": {
				"east": {"uv": [6.95, 2.35, 14.85, 4.35], "texture": "#1"},
				"up": {"uv": [6.95, 1.45, 14.85, 2.35], "rotation": 270, "texture": "#1"}
			}
		},
		{
			"from": [7.14215, 12.2879, 5.91834],
			"to": [7.75215, 14.2879, 11.61834],
			"rotation": {"angle": -22.5, "axis": "y", "origin": [10.14215, 9.73791, 12.43789]},
			"faces": {
				"east": {"uv": [8.8, 7.45, 15.1, 9.45], "texture": "#1"},
				"up": {"uv": [8.8, 6.84, 15.1, 7.45], "rotation": 270, "texture": "#1"}
			}
		},
		{
			"from": [15.1, 3, -0.75],
			"to": [21.75, 4, 5],
			"rotation": {"angle": 22.5, "axis": "y", "origin": [23.5, 8, 5.5]},
			"faces": {
				"north": {"uv": [13.5, 9, 15, 10.5], "texture": "#4"},
				"east": {"uv": [13.5, 9, 15, 10.5], "texture": "#4"},
				"up": {"uv": [13.05, 4, 15.45, 0], "rotation": 90, "texture": "#4"},
				"down": {"uv": [15.45, 4, 13.05, 0], "rotation": 90, "texture": "#4"}
			}
		},
		{
			"from": [12.19062, 3.001, 6.55289],
			"to": [18.44062, 3.999, 12.80289],
			"rotation": {"angle": -22.5, "axis": "y", "origin": [22.19062, 8, 14.30289]},
			"faces": {
				"east": {"uv": [13.5, 9, 15, 10.5], "texture": "#4"},
				"south": {"uv": [13.5, 9, 15, 10.5], "texture": "#4"},
				"up": {"uv": [15.5, 4, 13, 0], "rotation": 90, "texture": "#4"},
				"down": {"uv": [13.025, 4, 15.475, 0], "rotation": 90, "texture": "#4"}
			}
		},
		{
			"from": [-3.5, 3.001, -0.50113],
			"to": [2.75, 3.999, 5.74887],
			"rotation": {"angle": 22.5, "axis": "y", "origin": [10.5, 8, 5.74887]},
			"faces": {
				"south": {"uv": [13.5, 9, 15, 10.5], "texture": "#4"},
				"west": {"uv": [13.5, 9, 15, 10.5], "texture": "#4"},
				"up": {"uv": [13, 4, 15.5, 0], "rotation": 270, "texture": "#4"},
				"down": {"uv": [15.5, 4, 13, 0], "rotation": 270, "texture": "#4"}
			}
		},
		{
			"from": [-6.80938, 3, 5.55289],
			"to": [-1.25938, 4, 11.30289],
			"rotation": {"angle": -22.5, "axis": "y", "origin": [9.19062, 8, 13.30289]},
			"faces": {
				"north": {"uv": [13.5, 9, 15, 10.5], "texture": "#4"},
				"west": {"uv": [13.5, 9, 15, 10.5], "texture": "#4"},
				"up": {"uv": [15.45, 4, 13.05, 0], "rotation": 270, "texture": "#4"},
				"down": {"uv": [13.025, 4, 15.475, 0], "rotation": 270, "texture": "#4"}
			}
		},
		{
			"from": [7.25, 3.25, 22.49887],
			"to": [8.75, 10.5, 29.74887],
			"rotation": {"angle": 45, "axis": "x", "origin": [11.25, 8, 23.74887]},
			"faces": {
				"north": {"uv": [13.5, 9, 15, 10.5], "texture": "#4"},
				"east": {"uv": [13, 6.5, 15.5, 9], "texture": "#4"},
				"south": {"uv": [13.5, 9, 15, 10.5], "texture": "#4"},
				"west": {"uv": [13, 6.5, 15.5, 9], "texture": "#4"},
				"up": {"uv": [13.5, 9, 15, 10.5], "texture": "#4"},
				"down": {"uv": [13.5, 9, 15, 10.5], "texture": "#4"}
			}
		},
		{
			"from": [7.251, 7.25, 15.49887],
			"to": [8.749, 14.5, 17.74887],
			"faces": {
				"north": {"uv": [0, 0, 1, 1], "rotation": 90, "texture": "#4"},
				"east": {"uv": [15, 0, 13, 5], "rotation": 90, "texture": "#4"},
				"south": {"uv": [13.5, 9, 15, 10.5], "texture": "#4"},
				"west": {"uv": [13, 0, 15, 5], "rotation": 270, "texture": "#4"},
				"down": {"uv": [0, 0, 1, 1], "rotation": 90, "texture": "#4"}
			}
		},
		{
			"from": [7.25, 5.18697, 4.14775],
			"to": [8.75, 11.43697, 15.64775],
			"rotation": {"angle": 22.5, "axis": "x", "origin": [11.25, 7.68697, 24.39775]},
			"faces": {
				"north": {"uv": [13, 5, 13.5, 0], "texture": "#4"},
				"east": {"uv": [15.45, 5, 13.05, 0], "texture": "#4"},
				"west": {"uv": [13.05, 5, 15.45, 0], "texture": "#4"},
				"up": {"uv": [13.5, 9, 15, 10.5], "texture": "#4"},
				"down": {"uv": [0, 0, 1, 1], "rotation": 90, "texture": "#4"}
			}
		},
		{
			"from": [-2.62868, 8.17952, 9.20329],
			"to": [-0.12868, 9.41952, 11.20329],
			"rotation": {"angle": -45, "axis": "y", "origin": [10.99752, 9.67952, 13.87284]},
			"faces": {
				"west": {"uv": [10.95, 8.75, 13.35, 10.25], "rotation": 180, "texture": "#1"},
				"up": {"uv": [10.95, 9.55, 13.35, 11.05], "texture": "#1"}
			}
		},
		{
			"from": [15.32252, 8.17952, 7.25704],
			"to": [17.82252, 9.41952, 9.25704],
			"rotation": {"angle": 45, "axis": "y", "origin": [6.94872, 9.67952, 11.92659]},
			"faces": {
				"east": {"uv": [10.95, 9.55, 13.35, 11.05], "texture": "#1"},
				"up": {"uv": [10.95, 9.55, 13.35, 11.05], "texture": "#1"}
			}
		},
		{
			"from": [7.01491, 6.67952, 2.0144],
			"to": [10.51491, 8.18952, 3.7644],
			"rotation": {"angle": 45, "axis": "y", "origin": [5.64111, 11.17952, 8.18395]},
			"faces": {
				"north": {"uv": [6.75, 9.5, 10.5, 11], "rotation": 180, "texture": "#1"},
				"up": {"uv": [0, 6.6, 3.75, 8.95], "texture": "#1"}
			}
		},
		{
			"from": [7.31497, 6.67952, -2.40331],
			"to": [10.81497, 8.18952, -0.65331],
			"rotation": {"angle": -45, "axis": "y", "origin": [5.94117, 9.67952, 3.76624]},
			"faces": {
				"north": {"uv": [10.65, 9.5, 14.4, 11], "texture": "#1"},
				"up": {"uv": [0, 5.1, 3.8, 7.45], "rotation": 180, "texture": "#1"}
			}
		},
		{
			"from": [12.11462, 6.67952, 4.95242],
			"to": [13.21462, 8.18952, 18.85242],
			"rotation": {"angle": -22.5, "axis": "y", "origin": [9.34083, 9.67952, 7.12197]},
			"faces": {
				"east": {"uv": [1, 9.5, 14.9, 11], "texture": "#1"},
				"up": {"uv": [1, 8.4, 14.9, 9.5], "rotation": 270, "texture": "#1"}
			}
		},
		{
			"from": [7.3774, 2.6795, 19.6424],
			"to": [8.4774, 6.6795, 20.6424],
			"faces": {
				"up": {"uv": [0, 0, 1.1, 1], "rotation": 90, "texture": "#1"}
			}
		},
		{
			"from": [7.17, 12.27, 5.45],
			"to": [8.83, 14.27, 9.25],
			"faces": {
				"up": {"uv": [0, 0, 1.66, 3.8], "texture": "#1"}
			}
		},
		{
			"from": [6.2047, 12.285, 5.30222],
			"to": [7.2647, 14.285, 9.52722],
			"rotation": {"angle": -22.5, "axis": "y", "origin": [8.6547, 9.73501, 11.82177]},
			"faces": {
				"up": {"uv": [10.425, 5.59, 15.1, 6.7], "rotation": 270, "texture": "#1"}
			}
		},
		{
			"from": [8.441, 12.2878, 3.68272],
			"to": [9.501, 14.2878, 7.78272],
			"rotation": {"angle": 22.5, "axis": "y", "origin": [10.891, 9.73501, 10.35227]},
			"faces": {
				"up": {"uv": [10.7, 7.45, 15.3, 8.55937], "rotation": 270, "texture": "#1"}
			}
		},
		{
			"from": [2.44, -0.1, 7.01955],
			"to": [13.56, 1.9, 20.16955],
			"faces": {
				"down": {"uv": [0, 3, 13, 15.5], "texture": "#4"}
			}
		},
		{
			"from": [11.66273, -0.1, 1.80369],
			"to": [12.11273, 1.9, 16.62869],
			"rotation": {"angle": -22.5, "axis": "y", "origin": [-0.12458, 8, 8.80369]},
			"faces": {
				"east": {"uv": [6.5, 13.5, 4.5, 15], "texture": "#4"},
				"down": {"uv": [6.5, 13.5, 4.5, 15], "texture": "#4"}
			}
		},
		{
			"from": [7.81328, -0.1, 20.41606],
			"to": [8.18672, 1.9, 21.19106],
			"faces": {
				"east": {"uv": [6.5, 13.5, 4.5, 15], "texture": "#4"},
				"south": {"uv": [6.5, 13.5, 4.5, 15], "texture": "#4"},
				"west": {"uv": [6.5, 13.5, 4.5, 15], "texture": "#4"},
				"down": {"uv": [6.5, 13.5, 4.5, 15], "texture": "#4"}
			}
		},
		{
			"from": [-0.76555, -2.3397, 0.25],
			"to": [1.23445, 1.8603, 4],
			"rotation": {"angle": 22.5, "axis": "z", "origin": [-4.76555, 5.8603, 8.25]},
			"faces": {
				"north": {"uv": [0, 0, 1, 1], "texture": "#3"},
				"south": {"uv": [0, 0, 1, 1], "texture": "#3"},
				"west": {"uv": [0, 0, 1, 1], "texture": "#3"}
			}
		},
		{
			"from": [4.67272, -3.08984, -0.5],
			"to": [10.17272, -0.08984, 4],
			"rotation": {"angle": -22.5, "axis": "z", "origin": [10.67272, 4.91016, 9]},
			"faces": {
				"north": {"uv": [0, 0, 1, 1], "texture": "#3"},
				"south": {"uv": [0, 0, 1, 1], "texture": "#3"},
				"west": {"uv": [0, 0, 1, 1], "texture": "#3"},
				"up": {"uv": [0, 0, 1, 1], "texture": "#3"},
				"down": {"uv": [0, 0, 1, 1], "texture": "#3"}
			}
		},
		{
			"from": [7.11069, -2.28953, -0.75],
			"to": [8.85069, 0.71047, 4],
			"faces": {
				"north": {"uv": [0, 0, 1, 1], "texture": "#3"},
				"east": {"uv": [0, 0, 1, 1], "texture": "#3"},
				"south": {"uv": [0, 0, 1, 1], "texture": "#3"},
				"west": {"uv": [0, 0, 1, 1], "texture": "#3"},
				"up": {"uv": [0, 0, 1, 1], "texture": "#3"},
				"down": {"uv": [0, 0, 1, 1], "texture": "#3"}
			}
		},
		{
			"from": [5.73161, -3.10887, -0.5],
			"to": [11.23161, -0.10887, 4],
			"rotation": {"angle": 22.5, "axis": "z", "origin": [5.23161, 5.14113, 9]},
			"faces": {
				"north": {"uv": [0, 0, 1, 1], "texture": "#3"},
				"east": {"uv": [0, 0, 1, 1], "texture": "#3"},
				"south": {"uv": [0, 0, 1, 1], "texture": "#3"},
				"up": {"uv": [0, 0, 1, 1], "texture": "#3"},
				"down": {"uv": [0, 0, 1, 1], "texture": "#3"}
			}
		},
		{
			"from": [15.52676, 1.48714, 0.25],
			"to": [17.52676, 5.68714, 4],
			"rotation": {"angle": -22.5, "axis": "z", "origin": [11.52676, 9.68714, 8]},
			"faces": {
				"north": {"uv": [0, 0, 1, 1], "texture": "#3"},
				"east": {"uv": [0, 0, 1, 1], "texture": "#3"},
				"south": {"uv": [0, 0, 1, 1], "texture": "#3"}
			}
		}
	],
	"display": {
		"thirdperson_righthand": {
			"rotation": [90, 0, 0],
			"translation": [-6, 0, 0],
			"scale": [4, 4, 4]
		},
		"thirdperson_lefthand": {
			"rotation": [90, 0, 0],
			"translation": [-6, 0, 0],
			"scale": [4, 4, 4]
		},
		"ground": {
			"translation": [0, 20, 0],
			"scale": [4, 4, 4]
		},
		"gui": {
			"rotation": [30, -135, 0],
			"scale": [0.625, 0.625, 0.625]
		},
		"fixed": {
			"scale": [0.6, 0.6, 0.6]
		}
	},
	"groups": [
		{
			"name": "bubba",
			"origin": [8, 8, 8],
			"children": [0, 1, 2, 3, 4, 5, 6, 7, 8, 9, 10, 11, 12, 13, 14, 15, 16, 17, 18, 19, 20, 21, 22, 23, 24, 25, 26, 27, 28, 29, 30, 31, 32, 33, 34, 35, 36, 37, 38, 39, 40, 41, 42, 43, 44, 45, 46, 47, 48, 49, 50, 51, 52, 53, 54, 55, 56, 57]
		}
	]
}