{
	"credit": "Model made by dragonmaster95 with Blockbench, a free, modern block model editor by JannisX11",
	"textures": {
		"0": "decorations/village/minigame/book",
		"1": "decorations/village/minigame/book2",
		"particle": "decorations/village/minigame/book"
	},
	"elements": [
		{
			"from": [0, 1, 0],
			"to": [12, 1.25, 16],
			"faces": {
				"north": {"uv": [0, 2, 0.25, 14], "texture": "#1", "rotation": 90},
				"east": {"uv": [0, 0, 0.25, 16], "texture": "#0", "rotation": 90},
				"south": {"uv": [0, 2, 0.25, 14], "texture": "#1", "rotation": 90},
				"west": {"uv": [0, 0, 0.25, 16], "texture": "#1", "rotation": 90},
				"up": {"uv": [0, 0, 16, 16], "texture": "#0", "rotation": 180},
				"down": {"uv": [0, 0, 0.1, 0.1], "texture": "#1"}
			}
		},
		{
			"from": [0, 0, 0.25],
			"to": [11.75, 1, 15.75],
			"faces": {
				"north": {"uv": [2.5, 16, 3.875, 5], "texture": "#1", "rotation": 90},
				"east": {"uv": [2.5, 0, 3.875, 13], "texture": "#1", "rotation": 90},
				"south": {"uv": [2.5, 5, 3.875, 16], "texture": "#1", "rotation": 90},
				"down": {"uv": [5.25, 0, 16, 16], "texture": "#1", "rotation": 180}
			}
		},
		{
			"from": [0, 0, 0],
			"to": [0.25, 1, 16],
			"faces": {
				"north": {"uv": [0.25, 2, 2.25, 2.25], "texture": "#1", "rotation": 90},
				"east": {"uv": [0, 16, 0.25, 0], "texture": "#1", "rotation": 90},
				"south": {"uv": [0.25, 13.75, 2.25, 14], "texture": "#1", "rotation": 90},
				"west": {"uv": [0.25, 16, 1.25, 0], "texture": "#1", "rotation": 90}
			}
		}
	],
	"display": {
		"thirdperson_righthand": {
			"scale": [0.8, 0.8, 0.8],
			"rotation": [-90, 0, 0],
			"translation": [0.375, -2, 4.605]
		},
		"head": {
			"scale": [1.28, 1.28, 1.28],
			"translation": [-10.245, 3.8, 0],
			"rotation": [0, 0, 90]
		}
	},
	"groups": [
		{
			"name": "group",
			"isOpen": true,
			"shade": true,
			"display": {
				"visibility": true,
				"autouv": false
			},
			"children": [0, 1, 2]
		}
	]
}