{
    "textures": {
        "0": "decorations/village/minigame/cabinet"
    },
	"display": {
		"head": {
			"scale": [ 1.6, 1.6, 1.6 ],
			"translation": [ 0, -43.5, 0 ],
			"rotation": [ 0, 0, 0 ]
			},
		"gui": {
			"scale": [ 0.3, 0.3, 0.3 ],
			"translation": [ 0, 0, 0 ],
			"rotation": [ 20, -20, 0 ]
			},
		"firstperson_righthand": {
			"scale": [ 0.3, 0.3, 0.3 ],
			"translation": [ 0, 0, 0 ],
			"rotation": [ -20, -20, 0 ]
			},
		"thirdperson_righthand": {
			"scale": [ 0.6, 0.6, 0.6 ],
			"translation": [ 0, 0, 0 ],
			"rotation": [ 255, 0, 180 ]
			}
		},
    "elements": [
        {
            "name": "Cube",
            "from": [ -8.0, -16.0, 0.0 ], 
            "to": [ 24.0, 32.0, 12.0 ], 
            "faces": {
                "north": { "texture": "#0", "uv": [ 1.9, 0.0, 2.1, 16.0 ] },
                "east": { "texture": "#0", "uv": [ 1.9, 0.0, 2.1, 16.0 ] },
                "south": { "texture": "#0", "uv": [ 1.7, 0.0, 14.3, 16.0 ] },
                "west": { "texture": "#0", "uv": [ 2.0, 0.0, 2.1, 16.0 ] },
                "up": { "texture": "#0", "uv": [ 2.0, 0.0, 14.0, 0.0 ] },
                "down": { "texture": "#0", "uv": [ 3.0, 0.0, 14.0, 0.0 ] }
            }
        },
        {
            "name": "Cube",
            "from": [ -8.0, -16.0, 12.0 ], 
            "to": [ -4.85, 32.0, 17.0 ], 
            "faces": {
                "north": { "texture": "#0", "uv": [ 2.0, 0.0, 2.1, 16.0 ] },
                "east": { "texture": "#0", "uv": [ 2.0, 0.0, 2.1, 16.0 ] },
                "south": { "texture": "#0", "uv": [ 1.7, 0.0, 2.3000000000000007, 16.0 ] },
                "west": { "texture": "#0", "uv": [ 2.0, 0.0, 2.1, 16.0 ] },
                "up": { "texture": "#0", "uv": [ 2.0, 0.0, 14.0, 0.0 ] },
                "down": { "texture": "#0", "uv": [ 3.0, 0.0, 14.0, 0.0 ] }
            }
        },
        {
            "name": "Cube",
            "from": [ 20.9, -16.0, 12.0 ], 
            "to": [ 24.049999999999997, 32.0, 17.0 ], 
            "faces": {
                "north": { "texture": "#0", "uv": [ 2.0, 0.0, 2.1, 16.0 ] },
                "east": { "texture": "#0", "uv": [ 2.0, 0.0, 2.1, 16.0 ] },
                "south": { "texture": "#0", "uv": [ 1.7, 0.0, 2.3000000000000007, 16.0 ] },
                "west": { "texture": "#0", "uv": [ 2.0, 0.0, 2.1, 16.0 ] },
                "up": { "texture": "#0", "uv": [ 2.0, 0.0, 14.0, 0.0 ] },
                "down": { "texture": "#0", "uv": [ 3.0, 0.0, 13.0, 0.0 ] }
            }
        },
        {
            "name": "Cube",
            "from": [ -8.0, -16.0, 11.0 ], 
            "to": [ 22.0, -12.1, 17.0 ], 
            "faces": {
                "north": { "texture": "#0", "uv": [ 2.0, 0.0, 2.1, 16.0 ] },
                "east": { "texture": "#0", "uv": [ 2.0, 0.0, 2.1, 16.0 ] },
                "south": { "texture": "#0", "uv": [ 1.7, 0.0, 2.3000000000000007, 16.0 ] },
                "west": { "texture": "#0", "uv": [ 2.0, 0.0, 2.1, 16.0 ] },
                "up": { "texture": "#0", "uv": [ 2.0, 0.0, 14.0, 0.0 ] },
                "down": { "texture": "#0", "uv": [ 3.0, 0.0, 13.0, 0.0 ] }
            }
        },
        {
            "name": "Cube",
            "from": [ -8.0, -2.15, 11.0 ], 
            "to": [ 22.0, 1.35, 17.0 ], 
            "faces": {
                "north": { "texture": "#0", "uv": [ 2.0, 0.0, 2.1, 16.0 ] },
                "east": { "texture": "#0", "uv": [ 2.0, 0.0, 2.1, 16.0 ] },
                "south": { "texture": "#0", "uv": [ 1.7, 0.0, 2.3000000000000007, 16.0 ] },
                "west": { "texture": "#0", "uv": [ 2.0, 0.0, 2.1, 16.0 ] },
                "up": { "texture": "#0", "uv": [ 2.0, 0.0, 14.0, 0.0 ] },
                "down": { "texture": "#0", "uv": [ 3.0, 0.0, 13.0, 0.0 ] }
            }
        },
        {
            "name": "Cube",
            "from": [ -8.0, 13.9, 11.0 ], 
            "to": [ 22.0, 17.4, 17.0 ], 
            "faces": {
                "north": { "texture": "#0", "uv": [ 2.0, 0.0, 2.1, 16.0 ] },
                "east": { "texture": "#0", "uv": [ 2.0, 0.0, 2.1, 16.0 ] },
                "south": { "texture": "#0", "uv": [ 1.7, 0.0, 2.3000000000000007, 16.0 ] },
                "west": { "texture": "#0", "uv": [ 2.0, 0.0, 2.1, 16.0 ] },
                "up": { "texture": "#0", "uv": [ 2.0, 0.0, 14.0, 0.0 ] },
                "down": { "texture": "#0", "uv": [ 3.0, 0.0, 13.0, 0.0 ] }
            }
        },
        {
            "name": "Cube",
            "from": [ -8.0, 29.0, 11.0 ], 
            "to": [ 22.0, 32.0, 17.0 ], 
            "faces": {
                "north": { "texture": "#0", "uv": [ 2.0, 0.0, 2.1, 16.0 ] },
                "east": { "texture": "#0", "uv": [ 2.0, 0.0, 2.1, 16.0 ] },
                "south": { "texture": "#0", "uv": [ 1.7, 0.0, 2.3000000000000007, 16.0 ] },
                "west": { "texture": "#0", "uv": [ 2.0, 0.0, 2.1, 16.0 ] },
                "up": { "texture": "#0", "uv": [ 2.0, 0.0, 14.0, 0.0 ] },
                "down": { "texture": "#0", "uv": [ 3.0, 0.0, 13.0, 0.0 ] }
            }
        }
    ]
}