{
    "textures": {
        "texture": "decorations/village/option/mecha_fly_guy_1"
    },
	"display":{
		"head":{
			"rotation": [ -30, 180, 0 ],
			"translation": [ 0, 0, 0 ],
			"scale": [ 1.0, 1.1, 1.0] 
		},
		"fixed": {
			"rotation": [ 0, 180, 0]
		}
	},  
    "elements": [
        {
            "name": "Red", 
            "from": [ 5, 1, 6 ], 
            "to":   [ 11, 8, 10 ], 
            "faces": {
                "north": { "texture": "#texture", "uv": [0.125, 0.125, 0.375, 0.375] }, 
                "east":  { "texture": "#texture", "uv": [0.125, 0.125, 0.375, 0.375] }, 
                "south": { "texture": "#texture", "uv": [0.125, 0.125, 0.375, 0.375] }, 
                "west":  { "texture": "#texture", "uv": [0.125, 0.125, 0.375, 0.375] }, 
                "up":    { "texture": "#texture", "uv": [0.125, 0.125, 0.375, 0.375] }, 
                "down":  { "texture": "#texture", "uv": [0.125, 0.125, 0.375, 0.375] }
            }
        }, 
        {
            "name": "Red", 
            "from": [ 6, 1, 5 ], 
            "to":   [ 10, 8, 11 ], 
            "faces": {
                "north": { "texture": "#texture", "uv": [0.125, 0.125, 0.375, 0.375] }, 
                "east":  { "texture": "#texture", "uv": [0.125, 0.125, 0.375, 0.375] }, 
                "south": { "texture": "#texture", "uv": [0.125, 0.125, 0.375, 0.375] }, 
                "west":  { "texture": "#texture", "uv": [0.125, 0.125, 0.375, 0.375] }, 
                "up":    { "texture": "#texture", "uv": [0.125, 0.125, 0.375, 0.375] }, 
                "down":  { "texture": "#texture", "uv": [0.125, 0.125, 0.375, 0.375] }
            }
        }, 
        {
            "name": "Red", 
            "from": [ 6, 3, 6 ], 
            "to":   [ 10, 9, 10 ], 
            "faces": {
                "north": { "texture": "#texture", "uv": [0.125, 0.125, 0.375, 0.375] }, 
                "east":  { "texture": "#texture", "uv": [0.125, 0.125, 0.375, 0.375] }, 
                "south": { "texture": "#texture", "uv": [0.125, 0.125, 0.375, 0.375] }, 
                "west":  { "texture": "#texture", "uv": [0.125, 0.125, 0.375, 0.375] }, 
                "up":    { "texture": "#texture", "uv": [0.125, 0.125, 0.375, 0.375] }, 
                "down":  { "texture": "#texture", "uv": [0.125, 0.125, 0.375, 0.375] }
            }
        }, 
        {
            "name": "Mask", 
            "from": [ 5.499999992549419, 3.3999999910593033, 11.03 ], 
            "to":   [ 10.49999999254942, 8.89999999254942, 11.035 ], 
            "faces": {
                "north": { "texture": "#texture", "uv": [0.55, 0.05, 3.95, 3.95] }, 
                "south": { "texture": "#texture", "uv": [0.55, 0.05, 3.95, 3.95] }
            }
        }, 
        {
            "name": "Face", 
            "from": [ 7, 4.399999991059303, 11.01 ], 
            "to":   [ 9, 6.89999999254942, 11.01 ], 
            "faces": {
                "north": { "texture": "#texture", "uv": [1.25, 1.5, 1.5, 1.75] }, 
                "south": { "texture": "#texture", "uv": [1.25, 1.5, 1.5, 1.75] }
            }
        }, 
        {
            "name": "Eye", 
            "from": [ 7.300000004470348, 5.899999998509884, 11.02 ], 
            "to":   [ 7.699999995529652, 6.600000002980233, 11.02 ], 
            "faces": {
                "north": { "texture": "#texture", "uv": [0.05, 3.625, 0.2, 3.875] }, 
                "south": { "texture": "#texture", "uv": [0.05, 3.625, 0.2, 3.875] }
            }
        }, 
        {
            "name": "Eye", 
            "from": [ 8.30000001937151, 5.899999998509884, 11.02 ], 
            "to":   [ 8.700000010430813, 6.600000002980233, 11.02 ], 
            "faces": {
                "north": { "texture": "#texture", "uv": [0.05, 3.625, 0.2, 3.875] }, 
                "south": { "texture": "#texture", "uv": [0.05, 3.625, 0.2, 3.875] }
            }
        }, 
        {
            "name": "Mouth", 
            "from": [ 7.800000011920929, 4.999999970197678, 11.02 ], 
            "to":   [ 8.200000002980232, 5.399999970197678, 11.02 ], 
            "faces": {
                "north": { "texture": "#texture", "uv": [0.05, 3.625, 0.2, 3.875] }, 
                "south": { "texture": "#texture", "uv": [0.05, 3.625, 0.2, 3.875] }
            }
        }, 
        {
            "name": "Red", 
            "from": [ 8.52, 5.88, 6 ], 
            "to":   [ 10.119999994039535, 7.2942135619999995, 10 ], 
            "rotation":  { "origin": [8, 8, 8], "axis": "z", "angle":45 }, 
            "faces": {
                "north": { "texture": "#texture", "uv": [0.125, 0.125, 0.375, 0.375] }, 
                "east":  { "texture": "#texture", "uv": [0.125, 0.125, 0.375, 0.375] }, 
                "south": { "texture": "#texture", "uv": [0.125, 0.125, 0.375, 0.375] }, 
                "west":  { "texture": "#texture", "uv": [0.125, 0.125, 0.375, 0.375] }, 
                "up":    { "texture": "#texture", "uv": [0.125, 0.125, 0.375, 0.375] }, 
                "down":  { "texture": "#texture", "uv": [0.125, 0.125, 0.375, 0.375] }
            }
        }, 
        {
            "name": "Red", 
            "from": [ 5.88, 8.71, 6 ], 
            "to":   [ 7.2942135619999995, 10.124213562000001, 10 ], 
            "rotation":  { "origin": [8, 8, 8], "axis": "z", "angle":45 }, 
            "faces": {
                "north": { "texture": "#texture", "uv": [0.125, 0.125, 0.375, 0.375] }, 
                "east":  { "texture": "#texture", "uv": [0.125, 0.125, 0.375, 0.375] }, 
                "south": { "texture": "#texture", "uv": [0.125, 0.125, 0.375, 0.375] }, 
                "west":  { "texture": "#texture", "uv": [0.125, 0.125, 0.375, 0.375] }, 
                "up":    { "texture": "#texture", "uv": [0.125, 0.125, 0.375, 0.375] }, 
                "down":  { "texture": "#texture", "uv": [0.125, 0.125, 0.375, 0.375] }
            }
        }, 
        {
            "name": "Red", 
            "from": [ 6.200000002980232, 7.589999995529651, 4.39500000745058 ], 
            "to":   [ 9.799999997019768, 9.004213557529651, 6.009213557529652 ], 
            "faces": {
                "north": { "texture": "#texture", "uv": [0.125, 0.125, 0.375, 0.375] }, 
                "east":  { "texture": "#texture", "uv": [0.125, 0.125, 0.375, 0.375] }, 
                "south": { "texture": "#texture", "uv": [0.125, 0.125, 0.375, 0.375] }, 
                "west":  { "texture": "#texture", "uv": [0.125, 0.125, 0.375, 0.375] }, 
                "up":    { "texture": "#texture", "uv": [0.125, 0.125, 0.375, 0.375] }, 
                "down":  { "texture": "#texture", "uv": [0.125, 0.125, 0.375, 0.375] }
            }
        }, 
        {
            "name": "Red", 
            "from": [ 6, 8.69, 8.69 ], 
            "to":   [ 10, 10.104213562, 10.104213562 ], 
            "rotation":  { "origin": [8, 8, 8], "axis": "x", "angle":45 }, 
            "faces": {
                "north": { "texture": "#texture", "uv": [0.125, 0.125, 0.375, 0.375] }, 
                "east":  { "texture": "#texture", "uv": [0.125, 0.125, 0.375, 0.375] }, 
                "south": { "texture": "#texture", "uv": [0.125, 0.125, 0.375, 0.375] }, 
                "west":  { "texture": "#texture", "uv": [0.125, 0.125, 0.375, 0.375] }, 
                "up":    { "texture": "#texture", "uv": [0.125, 0.125, 0.375, 0.375] }, 
                "down":  { "texture": "#texture", "uv": [0.125, 0.125, 0.375, 0.375] }
            }
        }, 
        {
            "name": "Red", 
            "from": [ 7.300000004470348, 1, 4.45 ], 
            "to":   [ 8.699999995529652, 8, 11.550000001490115 ], 
            "rotation":  { "origin": [8, 8, 8], "axis": "y", "angle":45 }, 
            "faces": {
                "north": { "texture": "#texture", "uv": [0.125, 0.125, 0.375, 0.375] }, 
                "east":  { "texture": "#texture", "uv": [0.125, 0.125, 0.375, 0.375] }, 
                "south": { "texture": "#texture", "uv": [0.125, 0.125, 0.375, 0.375] }, 
                "west":  { "texture": "#texture", "uv": [0.125, 0.125, 0.375, 0.375] }, 
                "up":    { "texture": "#texture", "uv": [0.125, 0.125, 0.375, 0.375] }, 
                "down":  { "texture": "#texture", "uv": [0.125, 0.125, 0.375, 0.375] }
            }
        }, 
        {
            "name": "Red", 
            "from": [ 7.300000004470348, 1, 4.45 ], 
            "to":   [ 8.699999995529652, 8, 11.550000001490115 ], 
            "rotation":  { "origin": [8, 8, 8], "axis": "y", "angle":-45 }, 
            "faces": {
                "north": { "texture": "#texture", "uv": [0.125, 0.125, 0.375, 0.375] }, 
                "east":  { "texture": "#texture", "uv": [0.125, 0.125, 0.375, 0.375] }, 
                "south": { "texture": "#texture", "uv": [0.125, 0.125, 0.375, 0.375] }, 
                "west":  { "texture": "#texture", "uv": [0.125, 0.125, 0.375, 0.375] }, 
                "up":    { "texture": "#texture", "uv": [0.125, 0.125, 0.375, 0.375] }, 
                "down":  { "texture": "#texture", "uv": [0.125, 0.125, 0.375, 0.375] }
            }
        }, 
        {
            "name": "Yellow", 
            "from": [ 7.26, 6.199999988079071, 4.36 ], 
            "to":   [ 8.659999991059303, 6.699999995529652, 11.61 ], 
            "rotation":  { "origin": [8, 8, 8], "axis": "y", "angle":-45 }, 
            "faces": {
                "north": { "texture": "#texture", "uv": [0.05, 3.625, 0.2, 3.875] }, 
                "east":  { "texture": "#texture", "uv": [0.05, 3.625, 0.2, 3.875] }, 
                "south": { "texture": "#texture", "uv": [0.05, 3.625, 0.2, 3.875] }, 
                "west":  { "texture": "#texture", "uv": [0.05, 3.625, 0.2, 3.875] }, 
                "up":    { "texture": "#texture", "uv": [0.05, 3.625, 0.2, 3.875] }, 
                "down":  { "texture": "#texture", "uv": [0.05, 3.625, 0.2, 3.875] }
            }
        }, 
        {
            "name": "Yellow", 
            "from": [ 7.34, 6.199999988079071, 4.36 ], 
            "to":   [ 8.739999991059303, 6.699999995529652, 11.61 ], 
            "rotation":  { "origin": [8, 8, 8], "axis": "y", "angle":45 }, 
            "faces": {
                "north": { "texture": "#texture", "uv": [0.05, 3.625, 0.2, 3.875] }, 
                "east":  { "texture": "#texture", "uv": [0.05, 3.625, 0.2, 3.875] }, 
                "south": { "texture": "#texture", "uv": [0.05, 3.625, 0.2, 3.875] }, 
                "west":  { "texture": "#texture", "uv": [0.05, 3.625, 0.2, 3.875] }, 
                "up":    { "texture": "#texture", "uv": [0.05, 3.625, 0.2, 3.875] }, 
                "down":  { "texture": "#texture", "uv": [0.05, 3.625, 0.2, 3.875] }
            }
        }, 
        {
            "name": "Yellow", 
            "from": [ 5.95, 6.200000002980232, 4.899999998509884 ], 
            "to":   [ 10.050000001490115, 6.699999995529652, 10.799999997019768 ], 
            "faces": {
                "north": { "texture": "#texture", "uv": [0.05, 3.625, 0.2, 3.875] }, 
                "east":  { "texture": "#texture", "uv": [0.05, 3.625, 0.2, 3.875] }, 
                "south": { "texture": "#texture", "uv": [0.05, 3.625, 0.2, 3.875] }, 
                "west":  { "texture": "#texture", "uv": [0.05, 3.625, 0.2, 3.875] }, 
                "up":    { "texture": "#texture", "uv": [0.05, 3.625, 0.2, 3.875] }, 
                "down":  { "texture": "#texture", "uv": [0.05, 3.625, 0.2, 3.875] }
            }
        }, 
        {
            "name": "Yellow", 
            "from": [ 4.899999998509884, 6.2, 5.899999998509884 ], 
            "to":   [ 11.100000001490116, 6.69999999254942, 10 ], 
            "faces": {
                "north": { "texture": "#texture", "uv": [0.05, 3.625, 0.2, 3.875] }, 
                "east":  { "texture": "#texture", "uv": [0.05, 3.625, 0.2, 3.875] }, 
                "south": { "texture": "#texture", "uv": [0.05, 3.625, 0.2, 3.875] }, 
                "west":  { "texture": "#texture", "uv": [0.05, 3.625, 0.2, 3.875] }, 
                "up":    { "texture": "#texture", "uv": [0.05, 3.625, 0.2, 3.875] }, 
                "down":  { "texture": "#texture", "uv": [0.05, 3.625, 0.2, 3.875] }
            }
        }, 
        {
            "name": "Belt", 
            "from": [ 4.899999998509884, 2.6999999925494196, 5.899999998509884 ], 
            "to":   [ 11.100000001490116, 3.199999985098839, 10 ], 
            "faces": {
                "north": { "texture": "#texture", "uv": [1.25, 1.5, 1.5, 1.75] }, 
                "east":  { "texture": "#texture", "uv": [1.25, 1.5, 1.5, 1.75] }, 
                "south": { "texture": "#texture", "uv": [1.25, 1.5, 1.5, 1.75] }, 
                "west":  { "texture": "#texture", "uv": [1.25, 1.5, 1.5, 1.75] }, 
                "up":    { "texture": "#texture", "uv": [1.25, 1.5, 1.5, 1.75] }, 
                "down":  { "texture": "#texture", "uv": [1.25, 1.5, 1.5, 1.75] }
            }
        }, 
        {
            "name": "Belt", 
            "from": [ 5.95, 2.7, 4.95 ], 
            "to":   [ 10.050000001490115, 3.1999999925494196, 11.050000001490115 ], 
            "faces": {
                "north": { "texture": "#texture", "uv": [1.25, 1.5, 1.5, 1.75] }, 
                "east":  { "texture": "#texture", "uv": [1.25, 1.5, 1.5, 1.75] }, 
                "south": { "texture": "#texture", "uv": [1.25, 1.5, 1.5, 1.75] }, 
                "west":  { "texture": "#texture", "uv": [1.25, 1.5, 1.5, 1.75] }, 
                "up":    { "texture": "#texture", "uv": [1.25, 1.5, 1.5, 1.75] }, 
                "down":  { "texture": "#texture", "uv": [1.25, 1.5, 1.5, 1.75] }
            }
        }, 
        {
            "name": "Belt", 
            "from": [ 7.34, 2.7, 4.36 ], 
            "to":   [ 8.739999991059303, 3.2000000074505808, 11.61 ], 
            "rotation":  { "origin": [8, 8, 8], "axis": "y", "angle":45 }, 
            "faces": {
                "north": { "texture": "#texture", "uv": [1.25, 1.5, 1.5, 1.75] }, 
                "east":  { "texture": "#texture", "uv": [1.25, 1.5, 1.5, 1.75] }, 
                "south": { "texture": "#texture", "uv": [1.25, 1.5, 1.5, 1.75] }, 
                "west":  { "texture": "#texture", "uv": [1.25, 1.5, 1.5, 1.75] }, 
                "up":    { "texture": "#texture", "uv": [1.25, 1.5, 1.5, 1.75] }, 
                "down":  { "texture": "#texture", "uv": [1.25, 1.5, 1.5, 1.75] }
            }
        }, 
        {
            "name": "Belt", 
            "from": [ 7.26, 2.7, 4.36 ], 
            "to":   [ 8.659999991059303, 3.2000000074505808, 11.61 ], 
            "rotation":  { "origin": [8, 8, 8], "axis": "y", "angle":-45 }, 
            "faces": {
                "north": { "texture": "#texture", "uv": [1.25, 1.5, 1.5, 1.75] }, 
                "east":  { "texture": "#texture", "uv": [1.25, 1.5, 1.5, 1.75] }, 
                "south": { "texture": "#texture", "uv": [1.25, 1.5, 1.5, 1.75] }, 
                "west":  { "texture": "#texture", "uv": [1.25, 1.5, 1.5, 1.75] }, 
                "up":    { "texture": "#texture", "uv": [1.25, 1.5, 1.5, 1.75] }, 
                "down":  { "texture": "#texture", "uv": [1.25, 1.5, 1.5, 1.75] }
            }
        }, 
        {
            "name": "Yellow", 
            "from": [ 7.500000007450581, 2.65, 10.100000001490116 ], 
            "to":   [ 8.50000000745058, 3.2499999940395354, 11.100000001490116 ], 
            "faces": {
                "north": { "texture": "#texture", "uv": [0.05, 3.625, 0.2, 3.875] }, 
                "east":  { "texture": "#texture", "uv": [0.05, 3.625, 0.2, 3.875] }, 
                "south": { "texture": "#texture", "uv": [0.05, 3.625, 0.2, 3.875] }, 
                "west":  { "texture": "#texture", "uv": [0.05, 3.625, 0.2, 3.875] }, 
                "up":    { "texture": "#texture", "uv": [0.05, 3.625, 0.2, 3.875] }, 
                "down":  { "texture": "#texture", "uv": [0.05, 3.625, 0.2, 3.875] }
            }
        }, 
        {
            "name": "White", 
            "from": [ 7.700000010430813, 9, 7.699999995529652 ], 
            "to":   [ 8.300000004470348, 10.49999999254942, 8.299999989569187 ], 
            "faces": {
                "north": { "texture": "#texture", "uv": [2.125, 1.625, 2.375, 1.875] }, 
                "east":  { "texture": "#texture", "uv": [2.125, 1.625, 2.375, 1.875] }, 
                "south": { "texture": "#texture", "uv": [2.125, 1.625, 2.375, 1.875] }, 
                "west":  { "texture": "#texture", "uv": [2.125, 1.625, 2.375, 1.875] }
            }
        }, 
        {
            "name": "Rotor Blade", 
            "from": [ 7.700000010430813, 10.49999999254942, 7.699999995529652 ], 
            "to":   [ 11.700000010430813, 10.599999994039536, 8.299999989569187 ], 
            "faces": {
                "north": { "texture": "#texture", "uv": [0.125, 1.75, 0.375, 3.416666666666675], "rotation": 90 }, 
                "east":  { "texture": "#texture", "uv": [0.125, 3.125, 0.375, 3.375] }, 
                "south": { "texture": "#texture", "uv": [0.125, 1.75, 0.375, 3.416666666666675], "rotation": 270 }, 
                "west":  { "texture": "#texture", "uv": [0.125, 1.625, 0.375, 1.875], "rotation": 90 }, 
                "up":    { "texture": "#texture", "uv": [0.125, 1.75, 0.375, 3.416666666666675], "rotation": 270 }, 
                "down":  { "texture": "#texture", "uv": [0.125, 1.75, 0.375, 3.416666666666675], "rotation": 270 }
            }
        }, 
        {
            "name": "Rotor Blade", 
            "from": [ 7.700000010430813, 10.49999999254942, 7.699999995529652 ], 
            "to":   [ 8.300000004470348, 10.599999994039536, 11.699999995529652 ], 
            "rotation":  { "origin": [8, 11, 8], "axis": "y", "angle":-45 }, 
            "faces": {
                "north": { "texture": "#texture", "uv": [0.125, 1.625, 0.375, 1.875] }, 
                "east":  { "texture": "#texture", "uv": [0.125, 1.75, 0.375, 3.416666666666675], "rotation": 90 }, 
                "south": { "texture": "#texture", "uv": [0.125, 3.125, 0.375, 3.375] }, 
                "west":  { "texture": "#texture", "uv": [0.125, 1.75, 0.375, 3.416666666666675], "rotation": 270 }, 
                "up":    { "texture": "#texture", "uv": [0.125, 1.75, 0.375, 3.416666666666675] }, 
                "down":  { "texture": "#texture", "uv": [0.125, 1.75, 0.375, 3.416666666666675], "rotation": 180 }
            }
        }, 
        {
            "name": "Rotor Blade", 
            "from": [ 7.700000010430813, 10.49999999254942, 4.300000004470348 ], 
            "to":   [ 8.300000004470348, 10.599999994039536, 8.300000004470348 ], 
            "rotation":  { "origin": [8, 11, 8], "axis": "y", "angle":22.5 }, 
            "faces": {
                "north": { "texture": "#texture", "uv": [0.125, 3.125, 0.375, 3.375] }, 
                "east":  { "texture": "#texture", "uv": [0.125, 1.75, 0.375, 3.416666666666675], "rotation": 270 }, 
                "south": { "texture": "#texture", "uv": [0.125, 1.625, 0.375, 1.875] }, 
                "west":  { "texture": "#texture", "uv": [0.125, 1.75, 0.375, 3.416666666666675], "rotation": 90 }, 
                "up":    { "texture": "#texture", "uv": [0.125, 1.75, 0.375, 3.416666666666675], "rotation": 180 }, 
                "down":  { "texture": "#texture", "uv": [0.125, 1.75, 0.375, 3.416666666666675] }
            }
        }, 
        {
            "name": "Red", 
            "from": [ 5.000000014901161, 3.4999999925494194, 7 ], 
            "to":   [ 6.000000014901161, 5.700000025331974, 11.300000004470348 ], 
            "rotation":  { "origin": [6, 4, 8], "axis": "y", "angle":-22.5 }, 
            "faces": {
                "north": { "texture": "#texture", "uv": [0.125, 0.125, 0.375, 0.375] }, 
                "east":  { "texture": "#texture", "uv": [0.125, 0.125, 0.375, 0.375] }, 
                "south": { "texture": "#texture", "uv": [0.125, 0.125, 0.375, 0.375] }, 
                "west":  { "texture": "#texture", "uv": [0.125, 0.125, 0.375, 0.375] }, 
                "up":    { "texture": "#texture", "uv": [0.125, 0.125, 0.375, 0.375] }, 
                "down":  { "texture": "#texture", "uv": [0.125, 0.125, 0.375, 0.375] }
            }
        }, 
        {
            "name": "Red", 
            "from": [ 10.000000014901161, 3.5000000074505806, 7 ], 
            "to":   [ 11.000000014901161, 5.700000025331974, 11.300000004470348 ], 
            "rotation":  { "origin": [10, 4, 8], "axis": "y", "angle":22.5 }, 
            "faces": {
                "north": { "texture": "#texture", "uv": [0.125, 0.125, 0.375, 0.375] }, 
                "east":  { "texture": "#texture", "uv": [0.125, 0.125, 0.375, 0.375] }, 
                "south": { "texture": "#texture", "uv": [0.125, 0.125, 0.375, 0.375] }, 
                "west":  { "texture": "#texture", "uv": [0.125, 0.125, 0.375, 0.375] }, 
                "up":    { "texture": "#texture", "uv": [0.125, 0.125, 0.375, 0.375] }, 
                "down":  { "texture": "#texture", "uv": [0.125, 0.125, 0.375, 0.375] }
            }
        }, 
        {
            "name": "Red", 
            "from": [ 7.300000004470348, 1, 4.299999997019768 ], 
            "to":   [ 8.699999995529652, 2, 11.699999997019768 ], 
            "rotation":  { "origin": [8, 8, 8], "axis": "y", "angle":-45 }, 
            "faces": {
                "north": { "texture": "#texture", "uv": [0.125, 0.125, 0.375, 0.375] }, 
                "east":  { "texture": "#texture", "uv": [0.125, 0.125, 0.375, 0.375] }, 
                "south": { "texture": "#texture", "uv": [0.125, 0.125, 0.375, 0.375] }, 
                "west":  { "texture": "#texture", "uv": [0.125, 0.125, 0.375, 0.375] }, 
                "up":    { "texture": "#texture", "uv": [0.125, 0.125, 0.375, 0.375] }, 
                "down":  { "texture": "#texture", "uv": [0.125, 0.125, 0.375, 0.375] }
            }
        }, 
        {
            "name": "Red", 
            "from": [ 7.300000004470348, 1, 4.249999997019768 ], 
            "to":   [ 8.699999995529652, 2, 11.650000002980232 ], 
            "rotation":  { "origin": [8, 8, 8], "axis": "y", "angle":45 }, 
            "faces": {
                "north": { "texture": "#texture", "uv": [0.125, 0.125, 0.375, 0.375] }, 
                "east":  { "texture": "#texture", "uv": [0.125, 0.125, 0.375, 0.375] }, 
                "south": { "texture": "#texture", "uv": [0.125, 0.125, 0.375, 0.375] }, 
                "west":  { "texture": "#texture", "uv": [0.125, 0.125, 0.375, 0.375] }, 
                "up":    { "texture": "#texture", "uv": [0.125, 0.125, 0.375, 0.375] }, 
                "down":  { "texture": "#texture", "uv": [0.125, 0.125, 0.375, 0.375] }
            }
        }, 
        {
            "name": "Red", 
            "from": [ 4.899999998509884, 1, 5.899999998509884 ], 
            "to":   [ 11.049999998509884, 2, 10.100000001490116 ], 
            "faces": {
                "north": { "texture": "#texture", "uv": [0.125, 0.125, 0.375, 0.375] }, 
                "east":  { "texture": "#texture", "uv": [0.125, 0.125, 0.375, 0.375] }, 
                "south": { "texture": "#texture", "uv": [0.125, 0.125, 0.375, 0.375] }, 
                "west":  { "texture": "#texture", "uv": [0.125, 0.125, 0.375, 0.375] }, 
                "up":    { "texture": "#texture", "uv": [0.125, 0.125, 0.375, 0.375] }, 
                "down":  { "texture": "#texture", "uv": [0.125, 0.125, 0.375, 0.375] }
            }
        }, 
        {
            "name": "Red", 
            "from": [ 5.899999998509884, 1, 4.899999998509884 ], 
            "to":   [ 10.049999998509884, 2, 11.100000001490116 ], 
            "faces": {
                "north": { "texture": "#texture", "uv": [0.125, 0.125, 0.375, 0.375] }, 
                "east":  { "texture": "#texture", "uv": [0.125, 0.125, 0.375, 0.375] }, 
                "south": { "texture": "#texture", "uv": [0.125, 0.125, 0.375, 0.375] }, 
                "west":  { "texture": "#texture", "uv": [0.125, 0.125, 0.375, 0.375] }, 
                "up":    { "texture": "#texture", "uv": [0.125, 0.125, 0.375, 0.375] }, 
                "down":  { "texture": "#texture", "uv": [0.125, 0.125, 0.375, 0.375] }
            }
        }, 
        {
            "name": "Blue", 
            "from": [ 5.5999999940395355, 0.7000000104308128, 8.100000016391277 ], 
            "to":   [ 7.749999994039536, 1.7000000104308128, 13.100000016391277 ], 
            "rotation":  { "origin": [8, 8, 8], "axis": "x", "angle":22.5 }, 
            "faces": {
                "north": { "texture": "#texture", "uv": [0.125, 0.625, 0.375, 0.875] }, 
                "east":  { "texture": "#texture", "uv": [0.125, 0.625, 0.375, 0.875] }, 
                "south": { "texture": "#texture", "uv": [0.125, 0.625, 0.375, 0.875] }, 
                "west":  { "texture": "#texture", "uv": [0.125, 0.625, 0.375, 0.875] }, 
                "up":    { "texture": "#texture", "uv": [0.125, 0.625, 0.375, 0.875] }, 
                "down":  { "texture": "#texture", "uv": [0.125, 0.625, 0.375, 0.875] }
            }
        }, 
        {
            "name": "Blue", 
            "from": [ 8.199999988079071, 0.6999999955296516, 8.100000001490116 ], 
            "to":   [ 10.349999988079071, 1.6999999955296516, 13.100000001490116 ], 
            "rotation":  { "origin": [8, 8, 8], "axis": "x", "angle":22.5 }, 
            "faces": {
                "north": { "texture": "#texture", "uv": [0.125, 0.625, 0.375, 0.875] }, 
                "east":  { "texture": "#texture", "uv": [0.125, 0.625, 0.375, 0.875] }, 
                "south": { "texture": "#texture", "uv": [0.125, 0.625, 0.375, 0.875] }, 
                "west":  { "texture": "#texture", "uv": [0.125, 0.625, 0.375, 0.875] }, 
                "up":    { "texture": "#texture", "uv": [0.125, 0.625, 0.375, 0.875] }, 
                "down":  { "texture": "#texture", "uv": [0.125, 0.625, 0.375, 0.875] }
            }
        }, 
        {
            "name": "Red", 
            "from": [ 6.300000004470348, 9.65, 4.57 ], 
            "to":   [ 9.699999995529652, 11.264213564980231, 6.184213550079072 ], 
            "rotation":  { "origin": [8, 8, 8], "axis": "x", "angle":-45 }, 
            "faces": {
                "north": { "texture": "#texture", "uv": [0.125, 0.125, 0.375, 0.375] }, 
                "east":  { "texture": "#texture", "uv": [0.125, 0.125, 0.375, 0.375] }, 
                "south": { "texture": "#texture", "uv": [0.125, 0.125, 0.375, 0.375] }, 
                "west":  { "texture": "#texture", "uv": [0.125, 0.125, 0.375, 0.375] }, 
                "up":    { "texture": "#texture", "uv": [0.125, 0.125, 0.375, 0.375] }, 
                "down":  { "texture": "#texture", "uv": [0.125, 0.125, 0.375, 0.375] }
            }
        }, 
        {
            "name": "Red", 
            "from": [ 6.300000004470348, 6.539999997019768, 3.270000010430813 ], 
            "to":   [ 9.699999995529652, 7.890000000000001, 4.4200000104308135 ], 
            "faces": {
                "north": { "texture": "#texture", "uv": [0.125, 0.125, 0.375, 0.375] }, 
                "east":  { "texture": "#texture", "uv": [0.125, 0.125, 0.375, 0.375] }, 
                "south": { "texture": "#texture", "uv": [0.125, 0.125, 0.375, 0.375] }, 
                "west":  { "texture": "#texture", "uv": [0.125, 0.125, 0.375, 0.375] }, 
                "up":    { "texture": "#texture", "uv": [0.125, 0.125, 0.375, 0.375] }, 
                "down":  { "texture": "#texture", "uv": [0.125, 0.125, 0.375, 0.375] }
            }
        }, 
        {
            "name": "YellowL", 
            "from": [ 7.200000002980232, 3.2000000029802322, 2 ], 
            "to":   [ 8.699999995529652, 4.699999995529652, 4.999999985098839 ], 
            "rotation":  { "origin": [8, 4, 4], "axis": "z", "angle":45 }, 
            "faces": {
                "north": { "texture": "#texture", "uv": [0.3, 3.625, 0.45, 3.875] }, 
                "east":  { "texture": "#texture", "uv": [0.3, 3.625, 0.45, 3.875] }, 
                "south": { "texture": "#texture", "uv": [0.3, 3.625, 0.45, 3.875] }, 
                "west":  { "texture": "#texture", "uv": [0.3, 3.625, 0.45, 3.875] }, 
                "up":    { "texture": "#texture", "uv": [0.3, 3.625, 0.45, 3.875] }, 
                "down":  { "texture": "#texture", "uv": [0.3, 3.625, 0.45, 3.875] }
            }
        }, 
        {
            "name": "YellowL", 
            "from": [ 7.500000007450581, 0.4000000059604645, 1.5000000074505806 ], 
            "to":   [ 8.49999999254942, 7.399999991059303, 3.000000014901161 ], 
            "faces": {
                "north": { "texture": "#texture", "uv": [0.3, 3.625, 0.45, 3.875] }, 
                "east":  { "texture": "#texture", "uv": [0.3, 3.625, 0.45, 3.875] }, 
                "south": { "texture": "#texture", "uv": [0.3, 3.625, 0.45, 3.875] }, 
                "west":  { "texture": "#texture", "uv": [0.3, 3.625, 0.45, 3.875] }, 
                "up":    { "texture": "#texture", "uv": [0.3, 3.625, 0.45, 3.875] }, 
                "down":  { "texture": "#texture", "uv": [0.3, 3.625, 0.45, 3.875] }
            }
        }, 
        {
            "name": "YellowL", 
            "from": [ 7.500000007450581, 0.4000000059604645, 0 ], 
            "to":   [ 8.49999999254942, 1.8999999985098839, 1.5000000074505806 ], 
            "faces": {
                "north": { "texture": "#texture", "uv": [0.3, 3.625, 0.45, 3.875] }, 
                "east":  { "texture": "#texture", "uv": [0.3, 3.625, 0.45, 3.875] }, 
                "south": { "texture": "#texture", "uv": [0.3, 3.625, 0.45, 3.875] }, 
                "west":  { "texture": "#texture", "uv": [0.3, 3.625, 0.45, 3.875] }, 
                "up":    { "texture": "#texture", "uv": [0.3, 3.625, 0.45, 3.875] }, 
                "down":  { "texture": "#texture", "uv": [0.3, 3.625, 0.45, 3.875] }
            }
        }, 
        {
            "name": "YellowL", 
            "from": [ 7.500000007450581, 3.2000000029802322, 0 ], 
            "to":   [ 8.49999999254942, 4.699999995529652, 1.5000000074505806 ], 
            "faces": {
                "north": { "texture": "#texture", "uv": [0.3, 3.625, 0.45, 3.875] }, 
                "east":  { "texture": "#texture", "uv": [0.3, 3.625, 0.45, 3.875] }, 
                "south": { "texture": "#texture", "uv": [0.3, 3.625, 0.45, 3.875] }, 
                "west":  { "texture": "#texture", "uv": [0.3, 3.625, 0.45, 3.875] }, 
                "up":    { "texture": "#texture", "uv": [0.3, 3.625, 0.45, 3.875] }, 
                "down":  { "texture": "#texture", "uv": [0.3, 3.625, 0.45, 3.875] }
            }
        }, 
        {
            "name": "YellowL", 
            "from": [ 7.500000007450581, 5.899999998509884, 0 ], 
            "to":   [ 8.49999999254942, 7.399999991059303, 1.5000000074505806 ], 
            "faces": {
                "north": { "texture": "#texture", "uv": [0.3, 3.625, 0.45, 3.875] }, 
                "east":  { "texture": "#texture", "uv": [0.3, 3.625, 0.45, 3.875] }, 
                "south": { "texture": "#texture", "uv": [0.3, 3.625, 0.45, 3.875] }, 
                "west":  { "texture": "#texture", "uv": [0.3, 3.625, 0.45, 3.875] }, 
                "up":    { "texture": "#texture", "uv": [0.3, 3.625, 0.45, 3.875] }, 
                "down":  { "texture": "#texture", "uv": [0.3, 3.625, 0.45, 3.875] }
            }
        }, 
        {
            "name": "YellowL", 
            "from": [ 7.500000007450581, 1.3999999910593033, -1 ], 
            "to":   [ 8.49999999254942, 6.399999991059303, 0.5000000074505806 ], 
            "faces": {
                "north": { "texture": "#texture", "uv": [0.3, 3.625, 0.45, 3.875] }, 
                "east":  { "texture": "#texture", "uv": [0.3, 3.625, 0.45, 3.875] }, 
                "south": { "texture": "#texture", "uv": [0.3, 3.625, 0.45, 3.875] }, 
                "west":  { "texture": "#texture", "uv": [0.3, 3.625, 0.45, 3.875] }, 
                "up":    { "texture": "#texture", "uv": [0.3, 3.625, 0.45, 3.875] }, 
                "down":  { "texture": "#texture", "uv": [0.3, 3.625, 0.45, 3.875] }
            }
        }, 
        {
            "name": "Rotor Blade", 
            "from": [ 7.700000010430813, 10.49999999254942, 7.699999995529652 ], 
            "to":   [ 8.300000010430812, 10.599999994039536, 11.699999995529652 ], 
            "rotation":  { "origin": [8, 10, 8], "axis": "y", "angle":22.5 }, 
            "faces": {
                "north": { "texture": "#texture", "uv": [4.125, 1.625, 4.375, 1.875], "rotation": 90 }, 
                "east":  { "texture": "#texture", "uv": [4.125, 1.75, 4.375, 3.416666666666675], "rotation": 90 }, 
                "south": { "texture": "#texture", "uv": [4.125, 3.125, 4.375, 3.375], "rotation": 270 }, 
                "west":  { "texture": "#texture", "uv": [4.125, 1.75, 4.375, 3.416666666666675], "rotation": 270 }, 
                "up":    { "texture": "#texture", "uv": [4.125, 1.75, 4.375, 3.416666666666675] }, 
                "down":  { "texture": "#texture", "uv": [4.125, 1.75, 4.375, 3.416666666666675], "rotation": 180 }
            }
        }, 
        {
            "name": "Rotor Blade", 
            "from": [ 4.4000000059604645, 10.49999999254942, 7.699999995529652 ], 
            "to":   [ 8.400000005960464, 10.599999994039536, 8.299999989569187 ], 
            "rotation":  { "origin": [8, 10, 8], "axis": "y", "angle":-22.5 }, 
            "faces": {
                "north": { "texture": "#texture", "uv": [4, 1.5, 4.25, 3.5], "rotation": 270 }, 
                "east":  { "texture": "#texture", "uv": [4.125, 1.625, 4.375, 1.875], "rotation": 90 }, 
                "south": { "texture": "#texture", "uv": [4.125, 1.75, 4.375, 3.416666666666675], "rotation": 90 }, 
                "west":  { "texture": "#texture", "uv": [4.125, 3.125, 4.375, 3.375], "rotation": 270 }, 
                "up":    { "texture": "#texture", "uv": [4.125, 1.75, 4.375, 3.416666666666675], "rotation": 90 }, 
                "down":  { "texture": "#texture", "uv": [4.125, 1.75, 4.375, 3.416666666666675], "rotation": 90 }
            }
        }, 
        {
            "name": "Rotor Blade", 
            "from": [ 7.700000010430813, 10.49999999254942, 4.300000004470348 ], 
            "to":   [ 8.300000004470348, 10.599999994039536, 8.300000004470348 ], 
            "rotation":  { "origin": [8, 11, 8], "axis": "y", "angle":-45 }, 
            "faces": {
                "north": { "texture": "#texture", "uv": [4.125, 3.125, 4.375, 3.375] }, 
                "east":  { "texture": "#texture", "uv": [4.125, 1.75, 4.375, 3.416666666666675], "rotation": 270 }, 
                "south": { "texture": "#texture", "uv": [4.125, 1.625, 4.375, 1.875] }, 
                "west":  { "texture": "#texture", "uv": [4.125, 1.75, 4.375, 3.416666666666675], "rotation": 90 }, 
                "up":    { "texture": "#texture", "uv": [4.125, 1.75, 4.375, 3.416666666666675], "rotation": 180 }, 
                "down":  { "texture": "#texture", "uv": [4.125, 1.75, 4.375, 3.416666666666675] }
            }
        },
        {
            "name": "YellowL", 
            "from": [ 7.200000002980232, 3.2000000029802322, 2 ], 
            "to":   [ 8.699999995529652, 4.699999995529652, 4.999999985098839 ], 
            "rotation":  { "origin": [8, 4, 4], "axis": "z", "angle":22.5 }, 
            "faces": {
                "north": { "texture": "#texture", "uv": [4.3, 3.6249999999999996, 4.45, 3.8749999999999996] }, 
                "east":  { "texture": "#texture", "uv": [4.25, 3.5, 4.5, 3.75] }, 
                "south": { "texture": "#texture", "uv": [4.25, 3.5, 4.5, 3.75] }, 
                "west":  { "texture": "#texture", "uv": [4.25, 3.5, 4.5, 3.75] }, 
                "up":    { "texture": "#texture", "uv": [4.25, 3.5, 4.5, 3.75] }, 
                "down":  { "texture": "#texture", "uv": [4.25, 3.5, 4.5, 3.75] }
            }
        }, 
        {
            "name": "YellowL", 
            "from": [ 7.500000007450581, 0.4000000059604645, 1.5000000074505806 ], 
            "to":   [ 8.49999999254942, 7.399999991059303, 3.000000014901161 ], 
            "rotation":  { "origin": [8, 4, 4], "axis": "z", "angle":-22.5 }, 
            "faces": {
                "north": { "texture": "#texture", "uv": [4.3, 3.6249999999999996, 4.45, 3.8749999999999996] }, 
                "east":  { "texture": "#texture", "uv": [4.25, 3.5, 4.5, 3.75] }, 
                "south": { "texture": "#texture", "uv": [4.25, 3.5, 4.5, 3.75] }, 
                "west":  { "texture": "#texture", "uv": [4.25, 3.5, 4.5, 3.75] }, 
                "up":    { "texture": "#texture", "uv": [4.25, 3.5, 4.5, 3.75] }, 
                "down":  { "texture": "#texture", "uv": [4.25, 3.5, 4.5, 3.75] }
            }
        }, 
        {
            "name": "YellowL", 
            "from": [ 7.500000007450581, 0.4000000059604645, 0 ], 
            "to":   [ 8.49999999254942, 1.8999999985098839, 1.5000000074505806 ], 
            "rotation":  { "origin": [8, 4, 4], "axis": "z", "angle":-22.5 }, 
            "faces": {
                "north": { "texture": "#texture", "uv": [4.3, 3.6249999999999996, 4.45, 3.8749999999999996] }, 
                "east":  { "texture": "#texture", "uv": [4.25, 3.5, 4.5, 3.75] }, 
                "south": { "texture": "#texture", "uv": [4.25, 3.5, 4.5, 3.75] }, 
                "west":  { "texture": "#texture", "uv": [4.25, 3.5, 4.5, 3.75] }, 
                "up":    { "texture": "#texture", "uv": [4.25, 3.5, 4.5, 3.75] }, 
                "down":  { "texture": "#texture", "uv": [4.25, 3.5, 4.5, 3.75] }
            }
        }, 
        {
            "name": "YellowL", 
            "from": [ 7.500000007450581, 3.2000000029802322, 0 ], 
            "to":   [ 8.49999999254942, 4.699999995529652, 1.5000000074505806 ], 
            "rotation":  { "origin": [8, 4, 4], "axis": "z", "angle":-22.5 }, 
            "faces": {
                "north": { "texture": "#texture", "uv": [4.3, 3.6249999999999996, 4.45, 3.8749999999999996] }, 
                "east":  { "texture": "#texture", "uv": [4.25, 3.5, 4.5, 3.75] }, 
                "south": { "texture": "#texture", "uv": [4.25, 3.5, 4.5, 3.75] }, 
                "west":  { "texture": "#texture", "uv": [4.25, 3.5, 4.5, 3.75] }, 
                "up":    { "texture": "#texture", "uv": [4.25, 3.5, 4.5, 3.75] }, 
                "down":  { "texture": "#texture", "uv": [4.25, 3.5, 4.5, 3.75] }
            }
        }, 
        {
            "name": "YellowL", 
            "from": [ 7.500000007450581, 5.899999998509884, 0 ], 
            "to":   [ 8.49999999254942, 7.399999991059303, 1.5000000074505806 ], 
            "rotation":  { "origin": [8, 4, 4], "axis": "z", "angle":-22.5 }, 
            "faces": {
                "north": { "texture": "#texture", "uv": [4.3, 3.6249999999999996, 4.45, 3.8749999999999996] }, 
                "east":  { "texture": "#texture", "uv": [4.25, 3.5, 4.5, 3.75] }, 
                "south": { "texture": "#texture", "uv": [4.25, 3.5, 4.5, 3.75] }, 
                "west":  { "texture": "#texture", "uv": [4.25, 3.5, 4.5, 3.75] }, 
                "up":    { "texture": "#texture", "uv": [4.25, 3.5, 4.5, 3.75] }, 
                "down":  { "texture": "#texture", "uv": [4.25, 3.5, 4.5, 3.75] }
            }
        }, 
        {
            "name": "YellowL", 
            "from": [ 7.500000007450581, 1.3999999910593033, -1 ], 
            "to":   [ 8.49999999254942, 6.399999991059303, 0.5000000074505806 ], 
            "rotation":  { "origin": [8, 4, 4], "axis": "z", "angle":-22.5 }, 
            "faces": {
                "north": { "texture": "#texture", "uv": [4.3, 3.6249999999999996, 4.45, 3.8749999999999996] }, 
                "east":  { "texture": "#texture", "uv": [4.25, 3.5, 4.5, 3.75] }, 
                "south": { "texture": "#texture", "uv": [4.25, 3.5, 4.5, 3.75] }, 
                "west":  { "texture": "#texture", "uv": [4.25, 3.5, 4.5, 3.75] }, 
                "up":    { "texture": "#texture", "uv": [4.25, 3.5, 4.5, 3.75] }, 
                "down":  { "texture": "#texture", "uv": [4.25, 3.5, 4.5, 3.75] }
            }
        },
        {
            "name": "Rotor Blade", 
            "from": [ 7.700000010430813, 10.49999999254942, 7.699999995529652 ], 
            "to":   [ 11.700000010430813, 10.599999994039536, 8.299999989569187 ], 
            "faces": {
                "north": { "texture": "#texture", "uv": [8.125, 1.75, 8.375, 3.416666666666675], "rotation": 90 }, 
                "east":  { "texture": "#texture", "uv": [8.125, 3.125, 8.375, 3.375] }, 
                "south": { "texture": "#texture", "uv": [8.125, 1.75, 8.375, 3.416666666666675], "rotation": 270 }, 
                "west":  { "texture": "#texture", "uv": [8.125, 1.625, 8.375, 1.875], "rotation": 90 }, 
                "up":    { "texture": "#texture", "uv": [8.125, 1.75, 8.375, 3.416666666666675], "rotation": 270 }, 
                "down":  { "texture": "#texture", "uv": [8.125, 1.75, 8.375, 3.416666666666675], "rotation": 270 }
            }
        }, 
        {
            "name": "Rotor Blade", 
            "from": [ 7.700000010430813, 10.49999999254942, 7.699999995529652 ], 
            "to":   [ 8.300000004470348, 10.599999994039536, 11.699999995529652 ], 
            "rotation":  { "origin": [8, 11, 8], "axis": "y", "angle":-45 }, 
            "faces": {
                "north": { "texture": "#texture", "uv": [8.125, 1.625, 8.375, 1.875] }, 
                "east":  { "texture": "#texture", "uv": [8.125, 1.75, 8.375, 3.416666666666675], "rotation": 90 }, 
                "south": { "texture": "#texture", "uv": [8.125, 3.125, 8.375, 3.375] }, 
                "west":  { "texture": "#texture", "uv": [8.125, 1.75, 8.375, 3.416666666666675], "rotation": 270 }, 
                "up":    { "texture": "#texture", "uv": [8.125, 1.75, 8.375, 3.416666666666675] }, 
                "down":  { "texture": "#texture", "uv": [8.125, 1.75, 8.375, 3.416666666666675], "rotation": 180 }
            }
        }, 
        {
            "name": "Rotor Blade", 
            "from": [ 7.700000010430813, 10.49999999254942, 4.300000004470348 ], 
            "to":   [ 8.300000004470348, 10.599999994039536, 8.300000004470348 ], 
            "rotation":  { "origin": [8, 11, 8], "axis": "y", "angle":22.5 }, 
            "faces": {
                "north": { "texture": "#texture", "uv": [8.125, 3.125, 8.375, 3.375] }, 
                "east":  { "texture": "#texture", "uv": [8.125, 1.75, 8.375, 3.416666666666675], "rotation": 270 }, 
                "south": { "texture": "#texture", "uv": [8.125, 1.625, 8.375, 1.875] }, 
                "west":  { "texture": "#texture", "uv": [8.125, 1.75, 8.375, 3.416666666666675], "rotation": 90 }, 
                "up":    { "texture": "#texture", "uv": [8.125, 1.75, 8.375, 3.416666666666675], "rotation": 180 }, 
                "down":  { "texture": "#texture", "uv": [8.125, 1.75, 8.375, 3.416666666666675] }
            }
        },
        {
            "name": "YellowL", 
            "from": [ 7.200000002980232, 3.2000000029802322, 2 ], 
            "to":   [ 8.699999995529652, 4.699999995529652, 4.999999985098839 ], 
            "faces": {
                "north": { "texture": "#texture", "uv": [8.3, 3.625, 8.45, 3.875] }, 
                "east":  { "texture": "#texture", "uv": [8.3, 3.625, 8.45, 3.875] }, 
                "south": { "texture": "#texture", "uv": [8.3, 3.625, 8.45, 3.875] }, 
                "west":  { "texture": "#texture", "uv": [8.3, 3.625, 8.45, 3.875] }, 
                "up":    { "texture": "#texture", "uv": [8.3, 3.625, 8.45, 3.875] }, 
                "down":  { "texture": "#texture", "uv": [8.3, 3.625, 8.45, 3.875] }
            }
        }, 
        {
            "name": "YellowL", 
            "from": [ 7.500000007450581, 0.4000000059604645, 1.5000000074505806 ], 
            "to":   [ 8.49999999254942, 7.399999991059303, 3.000000014901161 ], 
            "rotation":  { "origin": [8, 4, 4], "axis": "z", "angle":-45 }, 
            "faces": {
                "north": { "texture": "#texture", "uv": [8.3, 3.625, 8.45, 3.875] }, 
                "east":  { "texture": "#texture", "uv": [8.3, 3.625, 8.45, 3.875] }, 
                "south": { "texture": "#texture", "uv": [8.3, 3.625, 8.45, 3.875] }, 
                "west":  { "texture": "#texture", "uv": [8.3, 3.625, 8.45, 3.875] }, 
                "up":    { "texture": "#texture", "uv": [8.3, 3.625, 8.45, 3.875] }, 
                "down":  { "texture": "#texture", "uv": [8.3, 3.625, 8.45, 3.875] }
            }
        }, 
        {
            "name": "YellowL", 
            "from": [ 7.500000007450581, 0.4000000059604645, 0 ], 
            "to":   [ 8.49999999254942, 1.8999999985098839, 1.5000000074505806 ], 
            "rotation":  { "origin": [8, 4, 4], "axis": "z", "angle":-45 }, 
            "faces": {
                "north": { "texture": "#texture", "uv": [8.3, 3.625, 8.45, 3.875] }, 
                "east":  { "texture": "#texture", "uv": [8.3, 3.625, 8.45, 3.875] }, 
                "south": { "texture": "#texture", "uv": [8.3, 3.625, 8.45, 3.875] }, 
                "west":  { "texture": "#texture", "uv": [8.3, 3.625, 8.45, 3.875] }, 
                "up":    { "texture": "#texture", "uv": [8.3, 3.625, 8.45, 3.875] }, 
                "down":  { "texture": "#texture", "uv": [8.3, 3.625, 8.45, 3.875] }
            }
        }, 
        {
            "name": "YellowL", 
            "from": [ 7.500000007450581, 3.2000000029802322, 0 ], 
            "to":   [ 8.49999999254942, 4.699999995529652, 1.5000000074505806 ], 
            "rotation":  { "origin": [8, 4, 4], "axis": "z", "angle":-45 }, 
            "faces": {
                "north": { "texture": "#texture", "uv": [8.3, 3.625, 8.45, 3.875] }, 
                "east":  { "texture": "#texture", "uv": [8.3, 3.625, 8.45, 3.875] }, 
                "south": { "texture": "#texture", "uv": [8.3, 3.625, 8.45, 3.875] }, 
                "west":  { "texture": "#texture", "uv": [8.3, 3.625, 8.45, 3.875] }, 
                "up":    { "texture": "#texture", "uv": [8.3, 3.625, 8.45, 3.875] }, 
                "down":  { "texture": "#texture", "uv": [8.3, 3.625, 8.45, 3.875] }
            }
        }, 
        {
            "name": "YellowL", 
            "from": [ 7.500000007450581, 5.899999998509884, 0 ], 
            "to":   [ 8.49999999254942, 7.399999991059303, 1.5000000074505806 ], 
            "rotation":  { "origin": [8, 4, 4], "axis": "z", "angle":-45 }, 
            "faces": {
                "north": { "texture": "#texture", "uv": [8.3, 3.625, 8.45, 3.875] }, 
                "east":  { "texture": "#texture", "uv": [8.3, 3.625, 8.45, 3.875] }, 
                "south": { "texture": "#texture", "uv": [8.3, 3.625, 8.45, 3.875] }, 
                "west":  { "texture": "#texture", "uv": [8.3, 3.625, 8.45, 3.875] }, 
                "up":    { "texture": "#texture", "uv": [8.3, 3.625, 8.45, 3.875] }, 
                "down":  { "texture": "#texture", "uv": [8.3, 3.625, 8.45, 3.875] }
            }
        }, 
        {
            "name": "YellowL", 
            "from": [ 7.500000007450581, 1.3999999910593033, -1 ], 
            "to":   [ 8.49999999254942, 6.399999991059303, 0.5000000074505806 ], 
            "rotation":  { "origin": [8, 4, 4], "axis": "z", "angle":-45 }, 
            "faces": {
                "north": { "texture": "#texture", "uv": [8.3, 3.625, 8.45, 3.875] }, 
                "east":  { "texture": "#texture", "uv": [8.3, 3.625, 8.45, 3.875] }, 
                "south": { "texture": "#texture", "uv": [8.3, 3.625, 8.45, 3.875] }, 
                "west":  { "texture": "#texture", "uv": [8.3, 3.625, 8.45, 3.875] }, 
                "up":    { "texture": "#texture", "uv": [8.3, 3.625, 8.45, 3.875] }, 
                "down":  { "texture": "#texture", "uv": [8.3, 3.625, 8.45, 3.875] }
            }
        },
        {
            "name": "Rotor Blade", 
            "from": [ 7.700000010430813, 10.49999999254942, 7.699999995529652 ], 
            "to":   [ 11.700000010430813, 10.599999994039536, 8.299999989569187 ], 
            "faces": {
                "north": { "texture": "#texture", "uv": [12.125, 1.75, 12.375, 3.416666666666675], "rotation": 90 }, 
                "east":  { "texture": "#texture", "uv": [12.125, 3.125, 12.375, 3.375] }, 
                "south": { "texture": "#texture", "uv": [12.125, 1.75, 12.375, 3.416666666666675], "rotation": 270 }, 
                "west":  { "texture": "#texture", "uv": [12.125, 1.625, 12.375, 1.875], "rotation": 90 }, 
                "up":    { "texture": "#texture", "uv": [12.125, 1.75, 12.375, 3.416666666666675], "rotation": 270 }, 
                "down":  { "texture": "#texture", "uv": [12.125, 1.75, 12.375, 3.416666666666675], "rotation": 270 }
            }
        }, 
        {
            "name": "Rotor Blade", 
            "from": [ 7.700000010430813, 10.49999999254942, 7.699999995529652 ], 
            "to":   [ 8.300000004470348, 10.599999994039536, 11.699999995529652 ], 
            "rotation":  { "origin": [8, 11, 8], "axis": "y", "angle":-45 }, 
            "faces": {
                "north": { "texture": "#texture", "uv": [12.125, 1.625, 12.375, 1.875] }, 
                "east":  { "texture": "#texture", "uv": [12.125, 1.75, 12.375, 3.416666666666675], "rotation": 90 }, 
                "south": { "texture": "#texture", "uv": [12.125, 3.125, 12.375, 3.375] }, 
                "west":  { "texture": "#texture", "uv": [12.125, 1.75, 12.375, 3.416666666666675], "rotation": 270 }, 
                "up":    { "texture": "#texture", "uv": [12.125, 1.75, 12.375, 3.416666666666675] }, 
                "down":  { "texture": "#texture", "uv": [12.125, 1.75, 12.375, 3.416666666666675], "rotation": 180 }
            }
        }, 
        {
            "name": "Rotor Blade", 
            "from": [ 7.700000010430813, 10.49999999254942, 4.300000004470348 ], 
            "to":   [ 8.300000004470348, 10.599999994039536, 8.300000004470348 ], 
            "rotation":  { "origin": [8, 11, 8], "axis": "y", "angle":22.5 }, 
            "faces": {
                "north": { "texture": "#texture", "uv": [12.125, 3.125, 12.375, 3.375] }, 
                "east":  { "texture": "#texture", "uv": [12.125, 1.75, 12.375, 3.416666666666675], "rotation": 270 }, 
                "south": { "texture": "#texture", "uv": [12.125, 1.625, 12.375, 1.875] }, 
                "west":  { "texture": "#texture", "uv": [12.125, 1.75, 12.375, 3.416666666666675], "rotation": 90 }, 
                "up":    { "texture": "#texture", "uv": [12.125, 1.75, 12.375, 3.416666666666675], "rotation": 180 }, 
                "down":  { "texture": "#texture", "uv": [12.125, 1.75, 12.375, 3.416666666666675] }
            }
        },
        {
            "name": "YellowL", 
            "from": [ 7.200000002980232, 3.2000000029802322, 2 ], 
            "to":   [ 8.699999995529652, 4.699999995529652, 4.999999985098839 ], 
            "rotation":  { "origin": [8, 4, 4], "axis": "z", "angle":-45 }, 
            "faces": {
                "north": { "texture": "#texture", "uv": [12.3, 3.6249999999999996, 12.45, 3.8749999999999996] }, 
                "east":  { "texture": "#texture", "uv": [12.25, 3.5, 12.5, 3.75] }, 
                "south": { "texture": "#texture", "uv": [12.25, 3.5, 12.5, 3.75] }, 
                "west":  { "texture": "#texture", "uv": [12.25, 3.5, 12.5, 3.75] }, 
                "up":    { "texture": "#texture", "uv": [12.25, 3.5, 12.5, 3.75] }, 
                "down":  { "texture": "#texture", "uv": [12.25, 3.5, 12.5, 3.75] }
            }
        }, 
        {
            "name": "YellowL", 
            "from": [ 4.400000020861626, 3.5000000074505806, 1.5000000074505806 ], 
            "to":   [ 11.400000020861626, 4.500000007450581, 3.000000014901161 ], 
            "faces": {
                "north": { "texture": "#texture", "uv": [12.3, 3.6249999999999996, 12.45, 3.8749999999999996] }, 
                "east":  { "texture": "#texture", "uv": [12.25, 3.5, 12.5, 3.75] }, 
                "south": { "texture": "#texture", "uv": [12.25, 3.5, 12.5, 3.75] }, 
                "west":  { "texture": "#texture", "uv": [12.25, 3.5, 12.5, 3.75] }, 
                "up":    { "texture": "#texture", "uv": [12.25, 3.5, 12.5, 3.75] }, 
                "down":  { "texture": "#texture", "uv": [12.25, 3.5, 12.5, 3.75] }
            }
        }, 
        {
            "name": "YellowL", 
            "from": [ 4.4000000059604645, 3.5000000074505806, 0 ], 
            "to":   [ 5.9000000059604645, 4.500000007450581, 1.5000000074505806 ], 
            "faces": {
                "north": { "texture": "#texture", "uv": [12.3, 3.6249999999999996, 12.45, 3.8749999999999996] }, 
                "east":  { "texture": "#texture", "uv": [12.25, 3.5, 12.5, 3.75] }, 
                "south": { "texture": "#texture", "uv": [12.25, 3.5, 12.5, 3.75] }, 
                "west":  { "texture": "#texture", "uv": [12.25, 3.5, 12.5, 3.75] }, 
                "up":    { "texture": "#texture", "uv": [12.25, 3.5, 12.5, 3.75] }, 
                "down":  { "texture": "#texture", "uv": [12.25, 3.5, 12.5, 3.75] }
            }
        }, 
        {
            "name": "YellowL", 
            "from": [ 7.200000002980232, 3.5000000074505806, 0 ], 
            "to":   [ 8.699999995529652, 4.499999992549419, 1.5000000074505806 ], 
            "faces": {
                "north": { "texture": "#texture", "uv": [12.3, 3.6249999999999996, 12.45, 3.8749999999999996] }, 
                "east":  { "texture": "#texture", "uv": [12.25, 3.5, 12.5, 3.75] }, 
                "south": { "texture": "#texture", "uv": [12.25, 3.5, 12.5, 3.75] }, 
                "west":  { "texture": "#texture", "uv": [12.25, 3.5, 12.5, 3.75] }, 
                "up":    { "texture": "#texture", "uv": [12.25, 3.5, 12.5, 3.75] }, 
                "down":  { "texture": "#texture", "uv": [12.25, 3.5, 12.5, 3.75] }
            }
        }, 
        {
            "name": "YellowL", 
            "from": [ 9.899999998509884, 3.5000000074505806, 0 ], 
            "to":   [ 11.399999998509884, 4.499999992549419, 1.5000000074505806 ], 
            "faces": {
                "north": { "texture": "#texture", "uv": [12.3, 3.6249999999999996, 12.45, 3.8749999999999996] }, 
                "east":  { "texture": "#texture", "uv": [12.25, 3.5, 12.5, 3.75] }, 
                "south": { "texture": "#texture", "uv": [12.25, 3.5, 12.5, 3.75] }, 
                "west":  { "texture": "#texture", "uv": [12.25, 3.5, 12.5, 3.75] }, 
                "up":    { "texture": "#texture", "uv": [12.25, 3.5, 12.5, 3.75] }, 
                "down":  { "texture": "#texture", "uv": [12.25, 3.5, 12.5, 3.75] }
            }
        }, 
        {
            "name": "YellowL", 
            "from": [ 5.4000000059604645, 3.4999999925494194, -1 ], 
            "to":   [ 10.400000005960464, 4.499999992549419, 0.5 ], 
            "faces": {
                "north": { "texture": "#texture", "uv": [12.3, 3.6249999999999996, 12.45, 3.8749999999999996] }, 
                "east":  { "texture": "#texture", "uv": [12.25, 3.5, 12.5, 3.75] }, 
                "south": { "texture": "#texture", "uv": [12.25, 3.5, 12.5, 3.75] }, 
                "west":  { "texture": "#texture", "uv": [12.25, 3.5, 12.5, 3.75] }, 
                "up":    { "texture": "#texture", "uv": [12.25, 3.5, 12.5, 3.75] }, 
                "down":  { "texture": "#texture", "uv": [12.25, 3.5, 12.5, 3.75] }
            }
        },
        {
            "name": "Rotor Blade", 
            "from": [ 7.700000010430813, 10.49999999254942, 7.699999995529652 ], 
            "to":   [ 8.300000010430812, 10.599999994039536, 11.699999995529652 ], 
            "rotation":  { "origin": [8, 10, 8], "axis": "y", "angle":22.5 }, 
            "faces": {
                "north": { "texture": "#texture", "uv": [0.125, 5.625, 0.375, 5.875], "rotation": 90 }, 
                "east":  { "texture": "#texture", "uv": [0.125, 5.75, 0.375, 7.416666666666675], "rotation": 90 }, 
                "south": { "texture": "#texture", "uv": [0.125, 7.125, 0.375, 7.375], "rotation": 270 }, 
                "west":  { "texture": "#texture", "uv": [0.125, 5.75, 0.375, 7.416666666666675], "rotation": 270 }, 
                "up":    { "texture": "#texture", "uv": [0.125, 5.75, 0.375, 7.416666666666675] }, 
                "down":  { "texture": "#texture", "uv": [0.125, 5.75, 0.375, 7.416666666666675], "rotation": 180 }
            }
        }, 
        {
            "name": "Rotor Blade", 
            "from": [ 4.4000000059604645, 10.49999999254942, 7.699999995529652 ], 
            "to":   [ 8.400000005960464, 10.599999994039536, 8.299999989569187 ], 
            "rotation":  { "origin": [8, 10, 8], "axis": "y", "angle":-22.5 }, 
            "faces": {
                "north": { "texture": "#texture", "uv": [0, 5.5, 0.25, 7.5], "rotation": 270 }, 
                "east":  { "texture": "#texture", "uv": [0.125, 5.625, 0.375, 5.875], "rotation": 90 }, 
                "south": { "texture": "#texture", "uv": [0.125, 5.75, 0.375, 7.416666666666675], "rotation": 90 }, 
                "west":  { "texture": "#texture", "uv": [0.125, 7.125, 0.375, 7.375], "rotation": 270 }, 
                "up":    { "texture": "#texture", "uv": [0.125, 5.75, 0.375, 7.416666666666675], "rotation": 90 }, 
                "down":  { "texture": "#texture", "uv": [0.125, 5.75, 0.375, 7.416666666666675], "rotation": 90 }
            }
        }, 
        {
            "name": "Rotor Blade", 
            "from": [ 7.700000010430813, 10.49999999254942, 4.300000004470348 ], 
            "to":   [ 8.300000004470348, 10.599999994039536, 8.300000004470348 ], 
            "rotation":  { "origin": [8, 11, 8], "axis": "y", "angle":-45 }, 
            "faces": {
                "north": { "texture": "#texture", "uv": [0.125, 7.125, 0.375, 7.375] }, 
                "east":  { "texture": "#texture", "uv": [0.125, 5.75, 0.375, 7.416666666666675], "rotation": 270 }, 
                "south": { "texture": "#texture", "uv": [0.125, 5.625, 0.375, 5.875] }, 
                "west":  { "texture": "#texture", "uv": [0.125, 5.75, 0.375, 7.416666666666675], "rotation": 90 }, 
                "up":    { "texture": "#texture", "uv": [0.125, 5.75, 0.375, 7.416666666666675], "rotation": 180 }, 
                "down":  { "texture": "#texture", "uv": [0.125, 5.75, 0.375, 7.416666666666675] }
            }
        },
        {
            "name": "YellowL", 
            "from": [ 7.200000002980232, 3.2000000029802322, 2 ], 
            "to":   [ 8.699999995529652, 4.699999995529652, 4.999999985098839 ], 
            "rotation":  { "origin": [8, 4, 4], "axis": "z", "angle":-22.5 }, 
            "faces": {
                "north": { "texture": "#texture", "uv": [0.30000000000000004, 7.625, 0.44999999999999996, 7.875] }, 
                "east":  { "texture": "#texture", "uv": [0.25, 7.5, 0.5, 7.75] }, 
                "south": { "texture": "#texture", "uv": [0.25, 7.5, 0.5, 7.75] }, 
                "west":  { "texture": "#texture", "uv": [0.25, 7.5, 0.5, 7.75] }, 
                "up":    { "texture": "#texture", "uv": [0.25, 7.5, 0.5, 7.75] }, 
                "down":  { "texture": "#texture", "uv": [0.25, 7.5, 0.5, 7.75] }
            }
        }, 
        {
            "name": "YellowL", 
            "from": [ 4.400000020861626, 3.5000000074505806, 1.5000000074505806 ], 
            "to":   [ 11.400000020861626, 4.500000007450581, 3.000000014901161 ], 
            "rotation":  { "origin": [8, 4, 4], "axis": "z", "angle":22.5 }, 
            "faces": {
                "north": { "texture": "#texture", "uv": [0.30000000000000004, 7.625, 0.44999999999999996, 7.875] }, 
                "east":  { "texture": "#texture", "uv": [0.25, 7.5, 0.5, 7.75] }, 
                "south": { "texture": "#texture", "uv": [0.25, 7.5, 0.5, 7.75] }, 
                "west":  { "texture": "#texture", "uv": [0.25, 7.5, 0.5, 7.75] }, 
                "up":    { "texture": "#texture", "uv": [0.25, 7.5, 0.5, 7.75] }, 
                "down":  { "texture": "#texture", "uv": [0.25, 7.5, 0.5, 7.75] }
            }
        }, 
        {
            "name": "YellowL", 
            "from": [ 4.4000000059604645, 3.5000000074505806, 0 ], 
            "to":   [ 5.9000000059604645, 4.500000007450581, 1.5000000074505806 ], 
            "rotation":  { "origin": [8, 4, 4], "axis": "z", "angle":22.5 }, 
            "faces": {
                "north": { "texture": "#texture", "uv": [0.30000000000000004, 7.625, 0.44999999999999996, 7.875] }, 
                "east":  { "texture": "#texture", "uv": [0.25, 7.5, 0.5, 7.75] }, 
                "south": { "texture": "#texture", "uv": [0.25, 7.5, 0.5, 7.75] }, 
                "west":  { "texture": "#texture", "uv": [0.25, 7.5, 0.5, 7.75] }, 
                "up":    { "texture": "#texture", "uv": [0.25, 7.5, 0.5, 7.75] }, 
                "down":  { "texture": "#texture", "uv": [0.25, 7.5, 0.5, 7.75] }
            }
        }, 
        {
            "name": "YellowL", 
            "from": [ 7.200000002980232, 3.5000000074505806, 0 ], 
            "to":   [ 8.699999995529652, 4.499999992549419, 1.5000000074505806 ], 
            "rotation":  { "origin": [8, 4, 4], "axis": "z", "angle":22.5 }, 
            "faces": {
                "north": { "texture": "#texture", "uv": [0.30000000000000004, 7.625, 0.44999999999999996, 7.875] }, 
                "east":  { "texture": "#texture", "uv": [0.25, 7.5, 0.5, 7.75] }, 
                "south": { "texture": "#texture", "uv": [0.25, 7.5, 0.5, 7.75] }, 
                "west":  { "texture": "#texture", "uv": [0.25, 7.5, 0.5, 7.75] }, 
                "up":    { "texture": "#texture", "uv": [0.25, 7.5, 0.5, 7.75] }, 
                "down":  { "texture": "#texture", "uv": [0.25, 7.5, 0.5, 7.75] }
            }
        }, 
        {
            "name": "YellowL", 
            "from": [ 9.899999998509884, 3.5000000074505806, 0 ], 
            "to":   [ 11.399999998509884, 4.499999992549419, 1.5000000074505806 ], 
            "rotation":  { "origin": [8, 4, 4], "axis": "z", "angle":22.5 }, 
            "faces": {
                "north": { "texture": "#texture", "uv": [0.30000000000000004, 7.625, 0.44999999999999996, 7.875] }, 
                "east":  { "texture": "#texture", "uv": [0.25, 7.5, 0.5, 7.75] }, 
                "south": { "texture": "#texture", "uv": [0.25, 7.5, 0.5, 7.75] }, 
                "west":  { "texture": "#texture", "uv": [0.25, 7.5, 0.5, 7.75] }, 
                "up":    { "texture": "#texture", "uv": [0.25, 7.5, 0.5, 7.75] }, 
                "down":  { "texture": "#texture", "uv": [0.25, 7.5, 0.5, 7.75] }
            }
        }, 
        {
            "name": "YellowL", 
            "from": [ 5.4000000059604645, 3.4999999925494194, -1 ], 
            "to":   [ 10.400000005960464, 4.499999992549419, 0.5 ], 
            "rotation":  { "origin": [8, 4, 4], "axis": "z", "angle":22.5 }, 
            "faces": {
                "north": { "texture": "#texture", "uv": [0.30000000000000004, 7.625, 0.44999999999999996, 7.875] }, 
                "east":  { "texture": "#texture", "uv": [0.25, 7.5, 0.5, 7.75] }, 
                "south": { "texture": "#texture", "uv": [0.25, 7.5, 0.5, 7.75] }, 
                "west":  { "texture": "#texture", "uv": [0.25, 7.5, 0.5, 7.75] }, 
                "up":    { "texture": "#texture", "uv": [0.25, 7.5, 0.5, 7.75] }, 
                "down":  { "texture": "#texture", "uv": [0.25, 7.5, 0.5, 7.75] }
            }
        },
        {
            "name": "Rotor Blade", 
            "from": [ 7.700000010430813, 10.49999999254942, 7.699999995529652 ], 
            "to":   [ 8.300000010430812, 10.599999994039536, 11.699999995529652 ], 
            "rotation":  { "origin": [8, 10, 8], "axis": "y", "angle":22.5 }, 
            "faces": {
                "north": { "texture": "#texture", "uv": [4.125, 5.625, 4.375, 5.875], "rotation": 90 }, 
                "east":  { "texture": "#texture", "uv": [4.125, 5.75, 4.375, 7.416666666666675], "rotation": 90 }, 
                "south": { "texture": "#texture", "uv": [4.125, 7.125, 4.375, 7.375], "rotation": 270 }, 
                "west":  { "texture": "#texture", "uv": [4.125, 5.75, 4.375, 7.416666666666675], "rotation": 270 }, 
                "up":    { "texture": "#texture", "uv": [4.125, 5.75, 4.375, 7.416666666666675] }, 
                "down":  { "texture": "#texture", "uv": [4.125, 5.75, 4.375, 7.416666666666675], "rotation": 180 }
            }
        }, 
        {
            "name": "Rotor Blade", 
            "from": [ 4.4000000059604645, 10.49999999254942, 7.699999995529652 ], 
            "to":   [ 8.400000005960464, 10.599999994039536, 8.299999989569187 ], 
            "rotation":  { "origin": [8, 10, 8], "axis": "y", "angle":-22.5 }, 
            "faces": {
                "north": { "texture": "#texture", "uv": [4, 5.5, 4.25, 7.5], "rotation": 270 }, 
                "east":  { "texture": "#texture", "uv": [4.125, 5.625, 4.375, 5.875], "rotation": 90 }, 
                "south": { "texture": "#texture", "uv": [4.125, 5.75, 4.375, 7.416666666666675], "rotation": 90 }, 
                "west":  { "texture": "#texture", "uv": [4.125, 7.125, 4.375, 7.375], "rotation": 270 }, 
                "up":    { "texture": "#texture", "uv": [4.125, 5.75, 4.375, 7.416666666666675], "rotation": 90 }, 
                "down":  { "texture": "#texture", "uv": [4.125, 5.75, 4.375, 7.416666666666675], "rotation": 90 }
            }
        }, 
        {
            "name": "Rotor Blade", 
            "from": [ 7.700000010430813, 10.49999999254942, 4.300000004470348 ], 
            "to":   [ 8.300000004470348, 10.599999994039536, 8.300000004470348 ], 
            "rotation":  { "origin": [8, 11, 8], "axis": "y", "angle":-45 }, 
            "faces": {
                "north": { "texture": "#texture", "uv": [4.125, 7.125, 4.375, 7.375] }, 
                "east":  { "texture": "#texture", "uv": [4.125, 5.75, 4.375, 7.416666666666675], "rotation": 270 }, 
                "south": { "texture": "#texture", "uv": [4.125, 5.625, 4.375, 5.875] }, 
                "west":  { "texture": "#texture", "uv": [4.125, 5.75, 4.375, 7.416666666666675], "rotation": 90 }, 
                "up":    { "texture": "#texture", "uv": [4.125, 5.75, 4.375, 7.416666666666675], "rotation": 180 }, 
                "down":  { "texture": "#texture", "uv": [4.125, 5.75, 4.375, 7.416666666666675] }
            }
        },
        {
            "name": "YellowL", 
            "from": [ 7.200000002980232, 3.2000000029802322, 2 ], 
            "to":   [ 8.699999995529652, 4.699999995529652, 4.999999985098839 ], 
            "rotation":  { "origin": [8, 4, 4], "axis": "z", "angle":22.5 }, 
            "faces": {
                "north": { "texture": "#texture", "uv": [4.3, 7.625, 4.45, 7.875] }, 
                "east":  { "texture": "#texture", "uv": [4.25, 7.5, 4.5, 7.75] }, 
                "south": { "texture": "#texture", "uv": [4.25, 7.5, 4.5, 7.75] }, 
                "west":  { "texture": "#texture", "uv": [4.25, 7.5, 4.5, 7.75] }, 
                "up":    { "texture": "#texture", "uv": [4.25, 7.5, 4.5, 7.75] }, 
                "down":  { "texture": "#texture", "uv": [4.25, 7.5, 4.5, 7.75] }
            }
        }, 
        {
            "name": "YellowL", 
            "from": [ 4.400000020861626, 3.5000000074505806, 1.5000000074505806 ], 
            "to":   [ 11.400000020861626, 4.500000007450581, 3.000000014901161 ], 
            "rotation":  { "origin": [8, 4, 4], "axis": "z", "angle":-22.5 }, 
            "faces": {
                "north": { "texture": "#texture", "uv": [4.3, 7.625, 4.45, 7.875] }, 
                "east":  { "texture": "#texture", "uv": [4.25, 7.5, 4.5, 7.75] }, 
                "south": { "texture": "#texture", "uv": [4.25, 7.5, 4.5, 7.75] }, 
                "west":  { "texture": "#texture", "uv": [4.25, 7.5, 4.5, 7.75] }, 
                "up":    { "texture": "#texture", "uv": [4.25, 7.5, 4.5, 7.75] }, 
                "down":  { "texture": "#texture", "uv": [4.25, 7.5, 4.5, 7.75] }
            }
        }, 
        {
            "name": "YellowL", 
            "from": [ 4.4000000059604645, 3.5000000074505806, 0 ], 
            "to":   [ 5.9000000059604645, 4.500000007450581, 1.5000000074505806 ], 
            "rotation":  { "origin": [8, 4, 4], "axis": "z", "angle":-22.5 }, 
            "faces": {
                "north": { "texture": "#texture", "uv": [4.3, 7.625, 4.45, 7.875] }, 
                "east":  { "texture": "#texture", "uv": [4.25, 7.5, 4.5, 7.75] }, 
                "south": { "texture": "#texture", "uv": [4.25, 7.5, 4.5, 7.75] }, 
                "west":  { "texture": "#texture", "uv": [4.25, 7.5, 4.5, 7.75] }, 
                "up":    { "texture": "#texture", "uv": [4.25, 7.5, 4.5, 7.75] }, 
                "down":  { "texture": "#texture", "uv": [4.25, 7.5, 4.5, 7.75] }
            }
        }, 
        {
            "name": "YellowL", 
            "from": [ 7.200000002980232, 3.5000000074505806, 0 ], 
            "to":   [ 8.699999995529652, 4.499999992549419, 1.5000000074505806 ], 
            "rotation":  { "origin": [8, 4, 4], "axis": "z", "angle":-22.5 }, 
            "faces": {
                "north": { "texture": "#texture", "uv": [4.3, 7.625, 4.45, 7.875] }, 
                "east":  { "texture": "#texture", "uv": [4.25, 7.5, 4.5, 7.75] }, 
                "south": { "texture": "#texture", "uv": [4.25, 7.5, 4.5, 7.75] }, 
                "west":  { "texture": "#texture", "uv": [4.25, 7.5, 4.5, 7.75] }, 
                "up":    { "texture": "#texture", "uv": [4.25, 7.5, 4.5, 7.75] }, 
                "down":  { "texture": "#texture", "uv": [4.25, 7.5, 4.5, 7.75] }
            }
        }, 
        {
            "name": "YellowL", 
            "from": [ 9.899999998509884, 3.5000000074505806, 0 ], 
            "to":   [ 11.399999998509884, 4.499999992549419, 1.5000000074505806 ], 
            "rotation":  { "origin": [8, 4, 4], "axis": "z", "angle":-22.5 }, 
            "faces": {
                "north": { "texture": "#texture", "uv": [4.3, 7.625, 4.45, 7.875] }, 
                "east":  { "texture": "#texture", "uv": [4.25, 7.5, 4.5, 7.75] }, 
                "south": { "texture": "#texture", "uv": [4.25, 7.5, 4.5, 7.75] }, 
                "west":  { "texture": "#texture", "uv": [4.25, 7.5, 4.5, 7.75] }, 
                "up":    { "texture": "#texture", "uv": [4.25, 7.5, 4.5, 7.75] }, 
                "down":  { "texture": "#texture", "uv": [4.25, 7.5, 4.5, 7.75] }
            }
        }, 
        {
            "name": "YellowL", 
            "from": [ 5.4000000059604645, 3.4999999925494194, -1 ], 
            "to":   [ 10.400000005960464, 4.499999992549419, 0.5 ], 
            "rotation":  { "origin": [8, 4, 4], "axis": "z", "angle":-22.5 }, 
            "faces": {
                "north": { "texture": "#texture", "uv": [4.3, 7.625, 4.45, 7.875] }, 
                "east":  { "texture": "#texture", "uv": [4.25, 7.5, 4.5, 7.75] }, 
                "south": { "texture": "#texture", "uv": [4.25, 7.5, 4.5, 7.75] }, 
                "west":  { "texture": "#texture", "uv": [4.25, 7.5, 4.5, 7.75] }, 
                "up":    { "texture": "#texture", "uv": [4.25, 7.5, 4.5, 7.75] }, 
                "down":  { "texture": "#texture", "uv": [4.25, 7.5, 4.5, 7.75] }
            }
        },
        {
            "name": "Rotor Blade", 
            "from": [ 7.700000010430813, 10.49999999254942, 7.699999995529652 ], 
            "to":   [ 11.700000010430813, 10.599999994039536, 8.299999989569187 ], 
            "faces": {
                "north": { "texture": "#texture", "uv": [8.125, 5.75, 8.375, 7.416666666666675], "rotation": 90 }, 
                "east":  { "texture": "#texture", "uv": [8.125, 7.125, 8.375, 7.375] }, 
                "south": { "texture": "#texture", "uv": [8.125, 5.75, 8.375, 7.416666666666675], "rotation": 270 }, 
                "west":  { "texture": "#texture", "uv": [8.125, 5.625, 8.375, 5.875], "rotation": 90 }, 
                "up":    { "texture": "#texture", "uv": [8.125, 5.75, 8.375, 7.416666666666675], "rotation": 270 }, 
                "down":  { "texture": "#texture", "uv": [8.125, 5.75, 8.375, 7.416666666666675], "rotation": 270 }
            }
        }, 
        {
            "name": "Rotor Blade", 
            "from": [ 7.700000010430813, 10.49999999254942, 7.699999995529652 ], 
            "to":   [ 8.300000004470348, 10.599999994039536, 11.699999995529652 ], 
            "rotation":  { "origin": [8, 11, 8], "axis": "y", "angle":-45 }, 
            "faces": {
                "north": { "texture": "#texture", "uv": [8.125, 5.625, 8.375, 5.875] }, 
                "east":  { "texture": "#texture", "uv": [8.125, 5.75, 8.375, 7.416666666666675], "rotation": 90 }, 
                "south": { "texture": "#texture", "uv": [8.125, 7.125, 8.375, 7.375] }, 
                "west":  { "texture": "#texture", "uv": [8.125, 5.75, 8.375, 7.416666666666675], "rotation": 270 }, 
                "up":    { "texture": "#texture", "uv": [8.125, 5.75, 8.375, 7.416666666666675] }, 
                "down":  { "texture": "#texture", "uv": [8.125, 5.75, 8.375, 7.416666666666675], "rotation": 180 }
            }
        }, 
        {
            "name": "Rotor Blade", 
            "from": [ 7.700000010430813, 10.49999999254942, 4.300000004470348 ], 
            "to":   [ 8.300000004470348, 10.599999994039536, 8.300000004470348 ], 
            "rotation":  { "origin": [8, 11, 8], "axis": "y", "angle":22.5 }, 
            "faces": {
                "north": { "texture": "#texture", "uv": [8.125, 7.125, 8.375, 7.375] }, 
                "east":  { "texture": "#texture", "uv": [8.125, 5.75, 8.375, 7.416666666666675], "rotation": 270 }, 
                "south": { "texture": "#texture", "uv": [8.125, 5.625, 8.375, 5.875] }, 
                "west":  { "texture": "#texture", "uv": [8.125, 5.75, 8.375, 7.416666666666675], "rotation": 90 }, 
                "up":    { "texture": "#texture", "uv": [8.125, 5.75, 8.375, 7.416666666666675], "rotation": 180 }, 
                "down":  { "texture": "#texture", "uv": [8.125, 5.75, 8.375, 7.416666666666675] }
            }
        },
        {
            "name": "YellowL", 
            "from": [ 7.200000002980232, 3.2000000029802322, 2 ], 
            "to":   [ 8.699999995529652, 4.699999995529652, 4.999999985098839 ], 
            "faces": {
                "north": { "texture": "#texture", "uv": [8.3, 7.625, 8.45, 7.875] }, 
                "east":  { "texture": "#texture", "uv": [8.25, 7.5, 8.5, 7.75] }, 
                "south": { "texture": "#texture", "uv": [8.25, 7.5, 8.5, 7.75] }, 
                "west":  { "texture": "#texture", "uv": [8.25, 7.5, 8.5, 7.75] }, 
                "up":    { "texture": "#texture", "uv": [8.25, 7.5, 8.5, 7.75] }, 
                "down":  { "texture": "#texture", "uv": [8.25, 7.5, 8.5, 7.75] }
            }
        }, 
        {
            "name": "YellowL", 
            "from": [ 4.400000020861626, 3.5000000074505806, 1.5000000074505806 ], 
            "to":   [ 11.400000020861626, 4.500000007450581, 3.000000014901161 ], 
            "rotation":  { "origin": [8, 4, 4], "axis": "z", "angle":-45 }, 
            "faces": {
                "north": { "texture": "#texture", "uv": [8.3, 7.625, 8.45, 7.875] }, 
                "east":  { "texture": "#texture", "uv": [8.25, 7.5, 8.5, 7.75] }, 
                "south": { "texture": "#texture", "uv": [8.25, 7.5, 8.5, 7.75] }, 
                "west":  { "texture": "#texture", "uv": [8.25, 7.5, 8.5, 7.75] }, 
                "up":    { "texture": "#texture", "uv": [8.25, 7.5, 8.5, 7.75] }, 
                "down":  { "texture": "#texture", "uv": [8.25, 7.5, 8.5, 7.75] }
            }
        }, 
        {
            "name": "YellowL", 
            "from": [ 4.4000000059604645, 3.5000000074505806, 0 ], 
            "to":   [ 5.9000000059604645, 4.500000007450581, 1.5000000074505806 ], 
            "rotation":  { "origin": [8, 4, 4], "axis": "z", "angle":-45 }, 
            "faces": {
                "north": { "texture": "#texture", "uv": [8.3, 7.625, 8.45, 7.875] }, 
                "east":  { "texture": "#texture", "uv": [8.25, 7.5, 8.5, 7.75] }, 
                "south": { "texture": "#texture", "uv": [8.25, 7.5, 8.5, 7.75] }, 
                "west":  { "texture": "#texture", "uv": [8.25, 7.5, 8.5, 7.75] }, 
                "up":    { "texture": "#texture", "uv": [8.25, 7.5, 8.5, 7.75] }, 
                "down":  { "texture": "#texture", "uv": [8.25, 7.5, 8.5, 7.75] }
            }
        }, 
        {
            "name": "YellowL", 
            "from": [ 7.200000002980232, 3.5000000074505806, 0 ], 
            "to":   [ 8.699999995529652, 4.499999992549419, 1.5000000074505806 ], 
            "rotation":  { "origin": [8, 4, 4], "axis": "z", "angle":-45 }, 
            "faces": {
                "north": { "texture": "#texture", "uv": [8.3, 7.625, 8.45, 7.875] }, 
                "east":  { "texture": "#texture", "uv": [8.25, 7.5, 8.5, 7.75] }, 
                "south": { "texture": "#texture", "uv": [8.25, 7.5, 8.5, 7.75] }, 
                "west":  { "texture": "#texture", "uv": [8.25, 7.5, 8.5, 7.75] }, 
                "up":    { "texture": "#texture", "uv": [8.25, 7.5, 8.5, 7.75] }, 
                "down":  { "texture": "#texture", "uv": [8.25, 7.5, 8.5, 7.75] }
            }
        }, 
        {
            "name": "YellowL", 
            "from": [ 9.899999998509884, 3.5000000074505806, 0 ], 
            "to":   [ 11.399999998509884, 4.499999992549419, 1.5000000074505806 ], 
            "rotation":  { "origin": [8, 4, 4], "axis": "z", "angle":-45 }, 
            "faces": {
                "north": { "texture": "#texture", "uv": [8.3, 7.625, 8.45, 7.875] }, 
                "east":  { "texture": "#texture", "uv": [8.25, 7.5, 8.5, 7.75] }, 
                "south": { "texture": "#texture", "uv": [8.25, 7.5, 8.5, 7.75] }, 
                "west":  { "texture": "#texture", "uv": [8.25, 7.5, 8.5, 7.75] }, 
                "up":    { "texture": "#texture", "uv": [8.25, 7.5, 8.5, 7.75] }, 
                "down":  { "texture": "#texture", "uv": [8.25, 7.5, 8.5, 7.75] }
            }
        }, 
        {
            "name": "YellowL", 
            "from": [ 5.4000000059604645, 3.4999999925494194, -1 ], 
            "to":   [ 10.400000005960464, 4.499999992549419, 0.5 ], 
            "rotation":  { "origin": [8, 4, 4], "axis": "z", "angle":-45 }, 
            "faces": {
                "north": { "texture": "#texture", "uv": [8.3, 7.625, 8.45, 7.875] }, 
                "east":  { "texture": "#texture", "uv": [8.25, 7.5, 8.5, 7.75] }, 
                "south": { "texture": "#texture", "uv": [8.25, 7.5, 8.5, 7.75] }, 
                "west":  { "texture": "#texture", "uv": [8.25, 7.5, 8.5, 7.75] }, 
                "up":    { "texture": "#texture", "uv": [8.25, 7.5, 8.5, 7.75] }, 
                "down":  { "texture": "#texture", "uv": [8.25, 7.5, 8.5, 7.75] }
            }
        }, 
        {
            "name": "Rotor Blade", 
            "from": [ 7.700000010430813, 10.49999999254942, 7.699999995529652 ], 
            "to":   [ 8.300000010430812, 10.599999994039536, 11.699999995529652 ], 
            "rotation":  { "origin": [8, 10, 8], "axis": "y", "angle":22.5 }, 
            "faces": {
                "north": { "texture": "#texture", "uv": [12.125, 5.625, 12.375, 5.875], "rotation": 90 }, 
                "east":  { "texture": "#texture", "uv": [12.125, 5.75, 12.375, 7.416666666666675], "rotation": 90 }, 
                "south": { "texture": "#texture", "uv": [12.125, 7.125, 12.375, 7.375], "rotation": 270 }, 
                "west":  { "texture": "#texture", "uv": [12.125, 5.75, 12.375, 7.416666666666675], "rotation": 270 }, 
                "up":    { "texture": "#texture", "uv": [12.125, 5.75, 12.375, 7.416666666666675] }, 
                "down":  { "texture": "#texture", "uv": [12.125, 5.75, 12.375, 7.416666666666675], "rotation": 180 }
            }
        }, 
        {
            "name": "Rotor Blade", 
            "from": [ 4.4000000059604645, 10.49999999254942, 7.699999995529652 ], 
            "to":   [ 8.400000005960464, 10.599999994039536, 8.299999989569187 ], 
            "rotation":  { "origin": [8, 10, 8], "axis": "y", "angle":-22.5 }, 
            "faces": {
                "north": { "texture": "#texture", "uv": [12, 5.5, 12.25, 7.5], "rotation": 270 }, 
                "east":  { "texture": "#texture", "uv": [12.125, 5.625, 12.375, 5.875], "rotation": 90 }, 
                "south": { "texture": "#texture", "uv": [12.125, 5.75, 12.375, 7.416666666666675], "rotation": 90 }, 
                "west":  { "texture": "#texture", "uv": [12.125, 7.125, 12.375, 7.375], "rotation": 270 }, 
                "up":    { "texture": "#texture", "uv": [12.125, 5.75, 12.375, 7.416666666666675], "rotation": 90 }, 
                "down":  { "texture": "#texture", "uv": [12.125, 5.75, 12.375, 7.416666666666675], "rotation": 90 }
            }
        }, 
        {
            "name": "Rotor Blade", 
            "from": [ 7.700000010430813, 10.49999999254942, 4.300000004470348 ], 
            "to":   [ 8.300000004470348, 10.599999994039536, 8.300000004470348 ], 
            "rotation":  { "origin": [8, 11, 8], "axis": "y", "angle":-45 }, 
            "faces": {
                "north": { "texture": "#texture", "uv": [12.125, 7.125, 12.375, 7.375] }, 
                "east":  { "texture": "#texture", "uv": [12.125, 5.75, 12.375, 7.416666666666675], "rotation": 270 }, 
                "south": { "texture": "#texture", "uv": [12.125, 5.625, 12.375, 5.875] }, 
                "west":  { "texture": "#texture", "uv": [12.125, 5.75, 12.375, 7.416666666666675], "rotation": 90 }, 
                "up":    { "texture": "#texture", "uv": [12.125, 5.75, 12.375, 7.416666666666675], "rotation": 180 }, 
                "down":  { "texture": "#texture", "uv": [12.125, 5.75, 12.375, 7.416666666666675] }
            }
        },
        {
            "name": "YellowL", 
            "from": [ 7.200000002980232, 3.2000000029802322, 2 ], 
            "to":   [ 8.699999995529652, 4.699999995529652, 4.999999985098839 ], 
            "rotation":  { "origin": [8, 4, 4], "axis": "z", "angle":-22.5 }, 
            "faces": {
                "north": { "texture": "#texture", "uv": [12.3, 7.625, 12.45, 7.875] }, 
                "east":  { "texture": "#texture", "uv": [12.25, 7.5, 12.5, 7.75] }, 
                "south": { "texture": "#texture", "uv": [12.25, 7.5, 12.5, 7.75] }, 
                "west":  { "texture": "#texture", "uv": [12.25, 7.5, 12.5, 7.75] }, 
                "up":    { "texture": "#texture", "uv": [12.25, 7.5, 12.5, 7.75] }, 
                "down":  { "texture": "#texture", "uv": [12.25, 7.5, 12.5, 7.75] }
            }
        }, 
        {
            "name": "YellowL", 
            "from": [ 7.500000007450581, 0.4000000059604645, 1.5000000074505806 ], 
            "to":   [ 8.49999999254942, 7.399999991059303, 3.000000014901161 ], 
            "rotation":  { "origin": [8, 4, 4], "axis": "z", "angle":22.5 }, 
            "faces": {
                "north": { "texture": "#texture", "uv": [12.3, 7.625, 12.45, 7.875] }, 
                "east":  { "texture": "#texture", "uv": [12.25, 7.5, 12.5, 7.75] }, 
                "south": { "texture": "#texture", "uv": [12.25, 7.5, 12.5, 7.75] }, 
                "west":  { "texture": "#texture", "uv": [12.25, 7.5, 12.5, 7.75] }, 
                "up":    { "texture": "#texture", "uv": [12.25, 7.5, 12.5, 7.75] }, 
                "down":  { "texture": "#texture", "uv": [12.25, 7.5, 12.5, 7.75] }
            }
        }, 
        {
            "name": "YellowL", 
            "from": [ 7.500000007450581, 0.4000000059604645, 0 ], 
            "to":   [ 8.49999999254942, 1.8999999985098839, 1.5000000074505806 ], 
            "rotation":  { "origin": [8, 4, 4], "axis": "z", "angle":22.5 }, 
            "faces": {
                "north": { "texture": "#texture", "uv": [12.3, 7.625, 12.45, 7.875] }, 
                "east":  { "texture": "#texture", "uv": [12.25, 7.5, 12.5, 7.75] }, 
                "south": { "texture": "#texture", "uv": [12.25, 7.5, 12.5, 7.75] }, 
                "west":  { "texture": "#texture", "uv": [12.25, 7.5, 12.5, 7.75] }, 
                "up":    { "texture": "#texture", "uv": [12.25, 7.5, 12.5, 7.75] }, 
                "down":  { "texture": "#texture", "uv": [12.25, 7.5, 12.5, 7.75] }
            }
        }, 
        {
            "name": "YellowL", 
            "from": [ 7.500000007450581, 3.2000000029802322, 0 ], 
            "to":   [ 8.49999999254942, 4.699999995529652, 1.5000000074505806 ], 
            "rotation":  { "origin": [8, 4, 4], "axis": "z", "angle":22.5 }, 
            "faces": {
                "north": { "texture": "#texture", "uv": [12.3, 7.625, 12.45, 7.875] }, 
                "east":  { "texture": "#texture", "uv": [12.25, 7.5, 12.5, 7.75] }, 
                "south": { "texture": "#texture", "uv": [12.25, 7.5, 12.5, 7.75] }, 
                "west":  { "texture": "#texture", "uv": [12.25, 7.5, 12.5, 7.75] }, 
                "up":    { "texture": "#texture", "uv": [12.25, 7.5, 12.5, 7.75] }, 
                "down":  { "texture": "#texture", "uv": [12.25, 7.5, 12.5, 7.75] }
            }
        }, 
        {
            "name": "YellowL", 
            "from": [ 7.500000007450581, 5.899999998509884, 0 ], 
            "to":   [ 8.49999999254942, 7.399999991059303, 1.5000000074505806 ], 
            "rotation":  { "origin": [8, 4, 4], "axis": "z", "angle":22.5 }, 
            "faces": {
                "north": { "texture": "#texture", "uv": [12.3, 7.625, 12.45, 7.875] }, 
                "east":  { "texture": "#texture", "uv": [12.25, 7.5, 12.5, 7.75] }, 
                "south": { "texture": "#texture", "uv": [12.25, 7.5, 12.5, 7.75] }, 
                "west":  { "texture": "#texture", "uv": [12.25, 7.5, 12.5, 7.75] }, 
                "up":    { "texture": "#texture", "uv": [12.25, 7.5, 12.5, 7.75] }, 
                "down":  { "texture": "#texture", "uv": [12.25, 7.5, 12.5, 7.75] }
            }
        }, 
        {
            "name": "YellowL", 
            "from": [ 7.500000007450581, 1.3999999910593033, -1 ], 
            "to":   [ 8.49999999254942, 6.399999991059303, 0.5000000074505806 ], 
            "rotation":  { "origin": [8, 4, 4], "axis": "z", "angle":22.5 }, 
            "faces": {
                "north": { "texture": "#texture", "uv": [12.3, 7.625, 12.45, 7.875] }, 
                "east":  { "texture": "#texture", "uv": [12.25, 7.5, 12.5, 7.75] }, 
                "south": { "texture": "#texture", "uv": [12.25, 7.5, 12.5, 7.75] }, 
                "west":  { "texture": "#texture", "uv": [12.25, 7.5, 12.5, 7.75] }, 
                "up":    { "texture": "#texture", "uv": [12.25, 7.5, 12.5, 7.75] }, 
                "down":  { "texture": "#texture", "uv": [12.25, 7.5, 12.5, 7.75] }
            }
        }
    ], 
    "__comment": "This model has been generated using Fizzy's animated model generator"
}