{
	"credit": "Model made by dragonmaster95 with Blockbench, a free, modern block model editor by JannisX11",
	"textures": {"0": "decorations/village/option/fly_guy_mecha"},
	"elements": [
		{
			"name": "Red",
			"from": [5, 1, 6],
			"to": [11, 8, 10],
			"faces": {
				"north": {"uv": [0.5, 0.5, 1.5, 1.5], "texture": "#0"},
				"east": {"uv": [0.5, 0.5, 1.5, 1.5], "texture": "#0"},
				"south": {"uv": [0.5, 0.5, 1.5, 1.5], "texture": "#0"},
				"west": {"uv": [0.5, 0.5, 1.5, 1.5], "texture": "#0"},
				"up": {"uv": [0.5, 0.5, 1.5, 1.5], "texture": "#0"}
			}
		},
		{
			"name": "Red",
			"from": [6, 1, 5],
			"to": [10, 8, 11],
			"faces": {
				"north": {"uv": [0.5, 0.5, 1.5, 1.5], "texture": "#0"},
				"east": {"uv": [0.5, 0.5, 1.5, 1.5], "texture": "#0"},
				"south": {"uv": [0.5, 0.5, 1.5, 1.5], "texture": "#0"},
				"west": {"uv": [0.5, 0.5, 1.5, 1.5], "texture": "#0"},
				"up": {"uv": [0.5, 0.5, 1.5, 1.5], "texture": "#0"}
			}
		},
		{
			"name": "Red",
			"from": [6, 3, 6],
			"to": [10, 9, 10],
			"faces": {
				"north": {"uv": [0.5, 0.5, 1.5, 1.5], "texture": "#0"},
				"east": {"uv": [0.5, 0.5, 1.5, 1.5], "texture": "#0"},
				"south": {"uv": [0.5, 0.5, 1.5, 1.5], "texture": "#0"},
				"up": {"uv": [0.5, 0.5, 1.5, 1.5], "texture": "#0"}
			}
		},
		{
			"name": "Mask",
			"from": [5.499999992549419, 3.3999999910593033, 11.03],
			"to": [10.49999999254942, 8.89999999254942, 11.03],
			"faces": {"south": {"uv": [2.2, 0.2, 15.8, 15.8], "texture": "#0"}}
		},
		{
			"name": "Face",
			"from": [7, 4.399999991059303, 11.01],
			"to": [9, 6.89999999254942, 11.01],
			"faces": {
				"north": {"uv": [5, 6, 6, 7], "texture": "#0"},
				"south": {"uv": [5, 6, 6, 7], "texture": "#0"}
			}
		},
		{
			"name": "Eye",
			"from": [7.300000004470348, 5.899999998509884, 11.02],
			"to": [7.699999995529652, 6.600000002980233, 11.02],
			"faces": {
				"north": {"uv": [0.2, 14.5, 0.8, 15.5], "texture": "#0"},
				"south": {"uv": [0.2, 14.5, 0.8, 15.5], "texture": "#0"}
			}
		},
		{
			"name": "Eye",
			"from": [8.30000001937151, 5.899999998509884, 11.02],
			"to": [8.700000010430813, 6.600000002980233, 11.02],
			"faces": {
				"north": {"uv": [0.2, 14.5, 0.8, 15.5], "texture": "#0"},
				"south": {"uv": [0.2, 14.5, 0.8, 15.5], "texture": "#0"}
			}
		},
		{
			"name": "Mouth",
			"from": [7.800000011920929, 4.999999970197678, 11.02],
			"to": [8.200000002980232, 5.399999970197678, 11.02],
			"faces": {
				"north": {"uv": [0.2, 14.5, 0.8, 15.5], "texture": "#0"},
				"south": {"uv": [0.2, 14.5, 0.8, 15.5], "texture": "#0"}
			}
		},
		{
			"name": "Red",
			"from": [8.52, 5.88, 6],
			"to": [10.119999994039535, 7.2942135619999995, 10],
			"rotation": {"angle": 45, "axis": "z", "origin": [8, 8, 8]},
			"faces": {
				"north": {"uv": [0.5, 0.5, 1.5, 1.5], "texture": "#0"},
				"east": {"uv": [0.5, 0.5, 1.5, 1.5], "texture": "#0"},
				"south": {"uv": [0.5, 0.5, 1.5, 1.5], "texture": "#0"}
			}
		},
		{
			"name": "Red",
			"from": [5.88, 8.71, 6],
			"to": [7.2942135619999995, 10.124213562000001, 10],
			"rotation": {"angle": 45, "axis": "z", "origin": [8, 8, 8]},
			"faces": {
				"north": {"uv": [0.5, 0.5, 1.5, 1.5], "texture": "#0"},
				"east": {"uv": [0.5, 0.5, 1.5, 1.5], "texture": "#0"},
				"south": {"uv": [0.5, 0.5, 1.5, 1.5], "texture": "#0"},
				"west": {"uv": [0.5, 0.5, 1.5, 1.5], "texture": "#0"},
				"up": {"uv": [0.5, 0.5, 1.5, 1.5], "texture": "#0"}
			}
		},
		{
			"name": "Red",
			"from": [6.200000002980232, 7.589999995529651, 4.39500000745058],
			"to": [9.799999997019768, 9.004213557529651, 6.009213557529652],
			"faces": {
				"north": {"uv": [0.5, 0.5, 1.5, 1.5], "texture": "#0"},
				"east": {"uv": [0.5, 0.5, 1.5, 1.5], "texture": "#0"},
				"south": {"uv": [0.5, 0.5, 1.5, 1.5], "texture": "#0"},
				"west": {"uv": [0.5, 0.5, 1.5, 1.5], "texture": "#0"},
				"up": {"uv": [0.5, 0.5, 1.5, 1.5], "texture": "#0"},
				"down": {"uv": [0.5, 0.5, 1.5, 1.5], "texture": "#0"}
			}
		},
		{
			"name": "Red",
			"from": [6, 8.69, 8.69],
			"to": [10, 10.104213562, 10.104213562],
			"rotation": {"angle": 45, "axis": "x", "origin": [8, 8, 8]},
			"faces": {
				"east": {"uv": [0.5, 0.5, 1.5, 1.5], "texture": "#0"},
				"west": {"uv": [0.5, 0.5, 1.5, 1.5], "texture": "#0"},
				"up": {"uv": [0.5, 0.5, 1.5, 1.5], "texture": "#0"}
			}
		},
		{
			"name": "Red",
			"from": [7.300000004470348, 1, 4.45],
			"to": [8.699999995529652, 8, 11.550000001490115],
			"rotation": {"angle": 45, "axis": "y", "origin": [8, 8, 8]},
			"faces": {
				"north": {"uv": [0.5, 0.5, 1.5, 1.5], "texture": "#0"},
				"east": {"uv": [0.5, 0.5, 1.5, 1.5], "texture": "#0"},
				"south": {"uv": [0.5, 0.5, 1.5, 1.5], "texture": "#0"},
				"west": {"uv": [0.5, 0.5, 1.5, 1.5], "texture": "#0"},
				"up": {"uv": [0.5, 0.5, 1.5, 1.5], "texture": "#0"}
			}
		},
		{
			"name": "Red",
			"from": [7.300000004470348, 1, 4.45],
			"to": [8.699999995529652, 8, 11.550000001490115],
			"rotation": {"angle": -45, "axis": "y", "origin": [8, 8, 8]},
			"faces": {
				"north": {"uv": [0.5, 0.5, 1.5, 1.5], "texture": "#0"},
				"east": {"uv": [0.5, 0.5, 1.5, 1.5], "texture": "#0"},
				"south": {"uv": [0.5, 0.5, 1.5, 1.5], "texture": "#0"},
				"west": {"uv": [0.5, 0.5, 1.5, 1.5], "texture": "#0"},
				"up": {"uv": [0.5, 0.5, 1.5, 1.5], "texture": "#0"}
			}
		},
		{
			"name": "Yellow",
			"from": [7.26, 6.199999988079071, 4.36],
			"to": [8.659999991059303, 6.699999995529652, 11.61],
			"rotation": {"angle": -45, "axis": "y", "origin": [8, 8, 8]},
			"faces": {
				"north": {"uv": [0.2, 14.5, 0.8, 15.5], "texture": "#0"},
				"east": {"uv": [0.2, 14.5, 0.8, 15.5], "texture": "#0"},
				"south": {"uv": [0.2, 14.5, 0.8, 15.5], "texture": "#0"},
				"west": {"uv": [0.2, 14.5, 0.8, 15.5], "texture": "#0"},
				"up": {"uv": [0.2, 14.5, 0.8, 15.5], "texture": "#0"},
				"down": {"uv": [0.2, 14.5, 0.8, 15.5], "texture": "#0"}
			}
		},
		{
			"name": "Yellow",
			"from": [7.34, 6.199999988079071, 4.36],
			"to": [8.739999991059303, 6.699999995529652, 11.61],
			"rotation": {"angle": 45, "axis": "y", "origin": [8, 8, 8]},
			"faces": {
				"north": {"uv": [0.2, 14.5, 0.8, 15.5], "texture": "#0"},
				"east": {"uv": [0.2, 14.5, 0.8, 15.5], "texture": "#0"},
				"south": {"uv": [0.2, 14.5, 0.8, 15.5], "texture": "#0"},
				"west": {"uv": [0.2, 14.5, 0.8, 15.5], "texture": "#0"},
				"up": {"uv": [0.2, 14.5, 0.8, 15.5], "texture": "#0"},
				"down": {"uv": [0.2, 14.5, 0.8, 15.5], "texture": "#0"}
			}
		},
		{
			"name": "Yellow",
			"from": [5.95, 6.200000002980232, 4.899999998509884],
			"to": [10.050000001490115, 6.699999995529652, 10.799999997019768],
			"faces": {
				"north": {"uv": [0.2, 14.5, 0.8, 15.5], "texture": "#0"},
				"east": {"uv": [0.2, 14.5, 0.8, 15.5], "texture": "#0"},
				"west": {"uv": [0.2, 14.5, 0.8, 15.5], "texture": "#0"},
				"up": {"uv": [0.2, 14.5, 0.8, 15.5], "texture": "#0"},
				"down": {"uv": [0.2, 14.5, 0.8, 15.5], "texture": "#0"}
			}
		},
		{
			"name": "Yellow",
			"from": [4.899999998509884, 6.2, 5.899999998509884],
			"to": [11.100000001490116, 6.69999999254942, 10],
			"faces": {
				"north": {"uv": [0.2, 14.5, 0.8, 15.5], "texture": "#0"},
				"east": {"uv": [0.2, 14.5, 0.8, 15.5], "texture": "#0"},
				"south": {"uv": [0.2, 14.5, 0.8, 15.5], "texture": "#0"},
				"west": {"uv": [0.2, 14.5, 0.8, 15.5], "texture": "#0"},
				"up": {"uv": [0.2, 14.5, 0.8, 15.5], "texture": "#0"},
				"down": {"uv": [0.2, 14.5, 0.8, 15.5], "texture": "#0"}
			}
		},
		{
			"name": "Belt",
			"from": [4.899999998509884, 2.6999999925494196, 5.899999998509884],
			"to": [11.100000001490116, 3.199999985098839, 10],
			"faces": {
				"north": {"uv": [0.5, 12.5, 1.5, 13.5], "texture": "#0"},
				"east": {"uv": [0.5, 12.5, 1.5, 13.5], "texture": "#0"},
				"south": {"uv": [0.5, 12.5, 1.5, 13.5], "texture": "#0"},
				"west": {"uv": [0.5, 12.5, 1.5, 13.5], "texture": "#0"},
				"up": {"uv": [0.5, 12.5, 1.5, 13.5], "texture": "#0"},
				"down": {"uv": [0.5, 12.5, 1.5, 13.5], "texture": "#0"}
			}
		},
		{
			"name": "Belt",
			"from": [5.95, 2.7, 4.95],
			"to": [10.050000001490115, 3.1999999925494196, 11.050000001490115],
			"faces": {
				"north": {"uv": [0.5, 12.5, 1.5, 13.5], "texture": "#0"},
				"east": {"uv": [0.5, 12.5, 1.5, 13.5], "texture": "#0"},
				"south": {"uv": [0.5, 12.5, 1.5, 13.5], "texture": "#0"},
				"west": {"uv": [0.5, 12.5, 1.5, 13.5], "texture": "#0"},
				"up": {"uv": [0.5, 12.5, 1.5, 13.5], "texture": "#0"},
				"down": {"uv": [0.5, 12.5, 1.5, 13.5], "texture": "#0"}
			}
		},
		{
			"name": "Belt",
			"from": [7.34, 2.7, 4.36],
			"to": [8.739999991059303, 3.2000000074505808, 11.61],
			"rotation": {"angle": 45, "axis": "y", "origin": [8, 8, 8]},
			"faces": {
				"north": {"uv": [0.5, 12.5, 1.5, 13.5], "texture": "#0"},
				"east": {"uv": [0.5, 12.5, 1.5, 13.5], "texture": "#0"},
				"south": {"uv": [0.5, 12.5, 1.5, 13.5], "texture": "#0"},
				"west": {"uv": [0.5, 12.5, 1.5, 13.5], "texture": "#0"},
				"up": {"uv": [0.5, 12.5, 1.5, 13.5], "texture": "#0"},
				"down": {"uv": [0.5, 12.5, 1.5, 13.5], "texture": "#0"}
			}
		},
		{
			"name": "Belt",
			"from": [7.26, 2.7, 4.36],
			"to": [8.659999991059303, 3.2000000074505808, 11.61],
			"rotation": {"angle": -45, "axis": "y", "origin": [8, 8, 8]},
			"faces": {
				"north": {"uv": [0.5, 12.5, 1.5, 13.5], "texture": "#0"},
				"east": {"uv": [0.5, 12.5, 1.5, 13.5], "texture": "#0"},
				"south": {"uv": [0.5, 12.5, 1.5, 13.5], "texture": "#0"},
				"west": {"uv": [0.5, 12.5, 1.5, 13.5], "texture": "#0"},
				"up": {"uv": [0.5, 12.5, 1.5, 13.5], "texture": "#0"},
				"down": {"uv": [0.5, 12.5, 1.5, 13.5], "texture": "#0"}
			}
		},
		{
			"name": "Yellow",
			"from": [7.500000007450581, 2.65, 10.100000001490116],
			"to": [8.50000000745058, 3.2499999940395354, 11.100000001490116],
			"faces": {
				"east": {"uv": [0.2, 14.5, 0.8, 15.5], "texture": "#0"},
				"south": {"uv": [0.2, 14.5, 0.8, 15.5], "texture": "#0"},
				"west": {"uv": [0.2, 14.5, 0.8, 15.5], "texture": "#0"},
				"up": {"uv": [0.2, 14.5, 0.8, 15.5], "texture": "#0"},
				"down": {"uv": [0.2, 14.5, 0.8, 15.5], "texture": "#0"}
			}
		},
		{
			"name": "White",
			"from": [7.700000010430813, 9, 7.699999995529652],
			"to": [8.300000004470348, 10.49999999254942, 8.299999989569187],
			"faces": {
				"north": {"uv": [0.5, 6.5, 1.5, 7.5], "texture": "#0"},
				"east": {"uv": [0.5, 6.5, 1.5, 7.5], "texture": "#0"},
				"south": {"uv": [0.5, 6.5, 1.5, 7.5], "texture": "#0"},
				"west": {"uv": [0.5, 6.5, 1.5, 7.5], "texture": "#0"}
			}
		},
		{
			"name": "Rotor Blade",
			"from": [7.700000010430813, 10.49999999254942, 7.699999995529652],
			"to": [11.700000010430813, 10.599999994039536, 8.299999989569187],
			"faces": {
				"north": {"uv": [0.5, 7, 1.5, 13.6666666666667], "texture": "#0", "rotation": 90},
				"east": {"uv": [0.5, 12.5, 1.5, 13.5], "texture": "#0"},
				"south": {"uv": [0.5, 7, 1.5, 13.6666666666667], "texture": "#0", "rotation": 270},
				"up": {"uv": [0.5, 7, 1.5, 13.6666666666667], "texture": "#0", "rotation": 270},
				"down": {"uv": [0.5, 7, 1.5, 13.6666666666667], "texture": "#0", "rotation": 270}
			}
		},
		{
			"name": "Rotor Blade",
			"from": [7.700000010430813, 10.49999999254942, 7.699999995529652],
			"to": [8.300000004470348, 10.599999994039536, 11.699999995529652],
			"rotation": {"angle": -45, "axis": "y", "origin": [8, 11, 8]},
			"faces": {
				"east": {"uv": [0.5, 7, 1.5, 13.6666666666667], "texture": "#0", "rotation": 90},
				"south": {"uv": [0.5, 12.5, 1.5, 13.5], "texture": "#0"},
				"west": {"uv": [0.5, 7, 1.5, 13.6666666666667], "texture": "#0", "rotation": 270},
				"up": {"uv": [0.5, 7, 1.5, 13.6666666666667], "texture": "#0"},
				"down": {"uv": [0.5, 7, 1.5, 13.6666666666667], "texture": "#0", "rotation": 180}
			}
		},
		{
			"name": "Rotor Blade",
			"from": [7.700000010430813, 10.49999999254942, 4.300000004470348],
			"to": [8.300000004470348, 10.599999994039536, 8.300000004470348],
			"rotation": {"angle": 22.5, "axis": "y", "origin": [8, 11, 8]},
			"faces": {
				"north": {"uv": [0.5, 12.5, 1.5, 13.5], "texture": "#0"},
				"east": {"uv": [0.5, 7, 1.5, 13.6666666666667], "texture": "#0", "rotation": 270},
				"west": {"uv": [0.5, 7, 1.5, 13.6666666666667], "texture": "#0", "rotation": 90},
				"up": {"uv": [0.5, 7, 1.5, 13.6666666666667], "texture": "#0", "rotation": 180},
				"down": {"uv": [0.5, 7, 1.5, 13.6666666666667], "texture": "#0"}
			}
		},
		{
			"name": "Red",
			"from": [5.000000014901161, 3.4999999925494194, 7],
			"to": [6.000000014901161, 5.700000025331974, 11.300000004470348],
			"rotation": {"angle": -22.5, "axis": "y", "origin": [6, 4, 8]},
			"faces": {
				"east": {"uv": [0.5, 0.5, 1.5, 1.5], "texture": "#0"},
				"south": {"uv": [0.5, 0.5, 1.5, 1.5], "texture": "#0"},
				"west": {"uv": [0.5, 0.5, 1.5, 1.5], "texture": "#0"},
				"up": {"uv": [0.5, 0.5, 1.5, 1.5], "texture": "#0"},
				"down": {"uv": [0.5, 0.5, 1.5, 1.5], "texture": "#0"}
			}
		},
		{
			"name": "Red",
			"from": [10.000000014901161, 3.5000000074505806, 7],
			"to": [11.000000014901161, 5.700000025331974, 11.300000004470348],
			"rotation": {"angle": 22.5, "axis": "y", "origin": [10, 4, 8]},
			"faces": {
				"east": {"uv": [0.5, 0.5, 1.5, 1.5], "texture": "#0"},
				"south": {"uv": [0.5, 0.5, 1.5, 1.5], "texture": "#0"},
				"west": {"uv": [0.5, 0.5, 1.5, 1.5], "texture": "#0"},
				"up": {"uv": [0.5, 0.5, 1.5, 1.5], "texture": "#0"},
				"down": {"uv": [0.5, 0.5, 1.5, 1.5], "texture": "#0"}
			}
		},
		{
			"name": "Red",
			"from": [7.300000004470348, 1, 4.299999997019768],
			"to": [8.699999995529652, 2, 11.699999997019768],
			"rotation": {"angle": -45, "axis": "y", "origin": [8, 8, 8]},
			"faces": {
				"north": {"uv": [0.5, 0.5, 1.5, 1.5], "texture": "#0"},
				"east": {"uv": [0.5, 0.5, 1.5, 1.5], "texture": "#0"},
				"south": {"uv": [0.5, 0.5, 1.5, 1.5], "texture": "#0"},
				"west": {"uv": [0.5, 0.5, 1.5, 1.5], "texture": "#0"},
				"up": {"uv": [0.5, 0.5, 1.5, 1.5], "texture": "#0"},
				"down": {"uv": [0.5, 0.5, 1.5, 1.5], "texture": "#0"}
			}
		},
		{
			"name": "Red",
			"from": [7.300000004470348, 1, 4.249999997019768],
			"to": [8.699999995529652, 2, 11.650000002980232],
			"rotation": {"angle": 45, "axis": "y", "origin": [8, 8, 8]},
			"faces": {
				"north": {"uv": [0.5, 0.5, 1.5, 1.5], "texture": "#0"},
				"east": {"uv": [0.5, 0.5, 1.5, 1.5], "texture": "#0"},
				"south": {"uv": [0.5, 0.5, 1.5, 1.5], "texture": "#0"},
				"west": {"uv": [0.5, 0.5, 1.5, 1.5], "texture": "#0"},
				"up": {"uv": [0.5, 0.5, 1.5, 1.5], "texture": "#0"},
				"down": {"uv": [0.5, 0.5, 1.5, 1.5], "texture": "#0"}
			}
		},
		{
			"name": "Red",
			"from": [4.899999998509884, 1, 5.899999998509884],
			"to": [11.049999998509884, 2, 10.100000001490116],
			"faces": {
				"north": {"uv": [0.5, 0.5, 1.5, 1.5], "texture": "#0"},
				"east": {"uv": [0.5, 0.5, 1.5, 1.5], "texture": "#0"},
				"south": {"uv": [0.5, 0.5, 1.5, 1.5], "texture": "#0"},
				"west": {"uv": [0.5, 0.5, 1.5, 1.5], "texture": "#0"},
				"up": {"uv": [0.5, 0.5, 1.5, 1.5], "texture": "#0"},
				"down": {"uv": [0.5, 0.5, 1.5, 1.5], "texture": "#0"}
			}
		},
		{
			"name": "Red",
			"from": [5.899999998509884, 1, 4.899999998509884],
			"to": [10.049999998509884, 2, 11.100000001490116],
			"faces": {
				"north": {"uv": [0.5, 0.5, 1.5, 1.5], "texture": "#0"},
				"east": {"uv": [0.5, 0.5, 1.5, 1.5], "texture": "#0"},
				"south": {"uv": [0.5, 0.5, 1.5, 1.5], "texture": "#0"},
				"west": {"uv": [0.5, 0.5, 1.5, 1.5], "texture": "#0"},
				"up": {"uv": [0.5, 0.5, 1.5, 1.5], "texture": "#0"},
				"down": {"uv": [0.5, 0.5, 1.5, 1.5], "texture": "#0"}
			}
		},
		{
			"name": "Blue",
			"from": [5.5999999940395355, 1.7000000104308128, 11.100000016391277],
			"to": [7.749999994039536, 2.700000010430813, 15.100000016391277],
			"rotation": {"angle": 45, "axis": "x", "origin": [8, 8, 8]},
			"faces": {
				"north": {"uv": [0.5, 2.5, 1.5, 3.5], "texture": "#0"},
				"east": {"uv": [0.5, 2.5, 1.5, 3.5], "texture": "#0"},
				"south": {"uv": [0.5, 2.5, 1.5, 3.5], "texture": "#0"},
				"west": {"uv": [0.5, 2.5, 1.5, 3.5], "texture": "#0"},
				"up": {"uv": [0.5, 2.5, 1.5, 3.5], "texture": "#0"},
				"down": {"uv": [0.5, 2.5, 1.5, 3.5], "texture": "#0"}
			}
		},
		{
			"name": "Blue",
			"from": [8.199999988079071, 1.6999999955296516, 11.100000001490116],
			"to": [10.349999988079071, 2.6999999955296516, 15.100000001490116],
			"rotation": {"angle": 45, "axis": "x", "origin": [8, 8, 8]},
			"faces": {
				"north": {"uv": [0.5, 2.5, 1.5, 3.5], "texture": "#0"},
				"east": {"uv": [0.5, 2.5, 1.5, 3.5], "texture": "#0"},
				"south": {"uv": [0.5, 2.5, 1.5, 3.5], "texture": "#0"},
				"west": {"uv": [0.5, 2.5, 1.5, 3.5], "texture": "#0"},
				"up": {"uv": [0.5, 2.5, 1.5, 3.5], "texture": "#0"},
				"down": {"uv": [0.5, 2.5, 1.5, 3.5], "texture": "#0"}
			}
		},
		{
			"name": "Red",
			"from": [6.300000004470348, 9.65, 4.57],
			"to": [9.699999995529652, 11.264213564980231, 6.184213550079072],
			"rotation": {"angle": -45, "axis": "x", "origin": [8, 8, 8]},
			"faces": {
				"north": {"uv": [0.5, 0.5, 1.5, 1.5], "texture": "#0"},
				"east": {"uv": [0.5, 0.5, 1.5, 1.5], "texture": "#0"},
				"south": {"uv": [0.5, 0.5, 1.5, 1.5], "texture": "#0"},
				"west": {"uv": [0.5, 0.5, 1.5, 1.5], "texture": "#0"},
				"up": {"uv": [0.5, 0.5, 1.5, 1.5], "texture": "#0"},
				"down": {"uv": [0.5, 0.5, 1.5, 1.5], "texture": "#0"}
			}
		},
		{
			"name": "Red",
			"from": [6.300000004470348, 6.539999997019768, 3.270000010430813],
			"to": [9.699999995529652, 7.890000000000001, 4.4200000104308135],
			"faces": {
				"north": {"uv": [0.5, 0.5, 1.5, 1.5], "texture": "#0"},
				"east": {"uv": [0.5, 0.5, 1.5, 1.5], "texture": "#0"},
				"south": {"uv": [0.5, 0.5, 1.5, 1.5], "texture": "#0"},
				"west": {"uv": [0.5, 0.5, 1.5, 1.5], "texture": "#0"},
				"up": {"uv": [0.5, 0.5, 1.5, 1.5], "texture": "#0"},
				"down": {"uv": [0.5, 0.5, 1.5, 1.5], "texture": "#0"}
			}
		},
		{
			"name": "YellowL",
			"from": [7.200000002980232, 3.2000000029802322, 2],
			"to": [8.699999995529652, 4.699999995529652, 4.999999985098839],
			"rotation": {"angle": 45, "axis": "z", "origin": [8, 4, 4]},
			"faces": {
				"north": {"uv": [1.2, 14.5, 1.8, 15.5], "texture": "#0"},
				"east": {"uv": [1.2, 14.5, 1.8, 15.5], "texture": "#0"},
				"south": {"uv": [1.2, 14.5, 1.8, 15.5], "texture": "#0"},
				"west": {"uv": [1.2, 14.5, 1.8, 15.5], "texture": "#0"},
				"up": {"uv": [1.2, 14.5, 1.8, 15.5], "texture": "#0"},
				"down": {"uv": [1.2, 14.5, 1.8, 15.5], "texture": "#0"}
			}
		},
		{
			"name": "YellowL",
			"from": [7.500000007450581, 0.4000000059604645, 1.5000000074505806],
			"to": [8.49999999254942, 7.399999991059303, 3.000000014901161],
			"faces": {
				"north": {"uv": [1.2, 14.5, 1.8, 15.5], "texture": "#0"},
				"east": {"uv": [1.2, 14.5, 1.8, 15.5], "texture": "#0"},
				"south": {"uv": [1.2, 14.5, 1.8, 15.5], "texture": "#0"},
				"west": {"uv": [1.2, 14.5, 1.8, 15.5], "texture": "#0"},
				"up": {"uv": [1.2, 14.5, 1.8, 15.5], "texture": "#0"},
				"down": {"uv": [1.2, 14.5, 1.8, 15.5], "texture": "#0"}
			}
		},
		{
			"name": "YellowL",
			"from": [7.500000007450581, 0.4000000059604645, 0],
			"to": [8.49999999254942, 1.8999999985098839, 1.5000000074505806],
			"faces": {
				"north": {"uv": [1.2, 14.5, 1.8, 15.5], "texture": "#0"},
				"east": {"uv": [1.2, 14.5, 1.8, 15.5], "texture": "#0"},
				"west": {"uv": [1.2, 14.5, 1.8, 15.5], "texture": "#0"},
				"up": {"uv": [1.2, 14.5, 1.8, 15.5], "texture": "#0"},
				"down": {"uv": [1.2, 14.5, 1.8, 15.5], "texture": "#0"}
			}
		},
		{
			"name": "YellowL",
			"from": [7.500000007450581, 3.2000000029802322, 0],
			"to": [8.49999999254942, 4.699999995529652, 1.5000000074505806],
			"faces": {
				"east": {"uv": [1.2, 14.5, 1.8, 15.5], "texture": "#0"},
				"west": {"uv": [1.2, 14.5, 1.8, 15.5], "texture": "#0"},
				"up": {"uv": [1.2, 14.5, 1.8, 15.5], "texture": "#0"},
				"down": {"uv": [1.2, 14.5, 1.8, 15.5], "texture": "#0"}
			}
		},
		{
			"name": "YellowL",
			"from": [7.500000007450581, 5.899999998509884, 0],
			"to": [8.49999999254942, 7.399999991059303, 1.5000000074505806],
			"faces": {
				"north": {"uv": [1.2, 14.5, 1.8, 15.5], "texture": "#0"},
				"east": {"uv": [1.2, 14.5, 1.8, 15.5], "texture": "#0"},
				"west": {"uv": [1.2, 14.5, 1.8, 15.5], "texture": "#0"},
				"up": {"uv": [1.2, 14.5, 1.8, 15.5], "texture": "#0"},
				"down": {"uv": [1.2, 14.5, 1.8, 15.5], "texture": "#0"}
			}
		},
		{
			"name": "YellowL",
			"from": [7.500000007450581, 1.3999999910593033, -1],
			"to": [8.49999999254942, 6.399999991059303, 0.5000000074505806],
			"faces": {
				"north": {"uv": [1.2, 14.5, 1.8, 15.5], "texture": "#0"},
				"east": {"uv": [1.2, 14.5, 1.8, 15.5], "texture": "#0"},
				"south": {"uv": [1.2, 14.5, 1.8, 15.5], "texture": "#0"},
				"west": {"uv": [1.2, 14.5, 1.8, 15.5], "texture": "#0"},
				"up": {"uv": [1.2, 14.5, 1.8, 15.5], "texture": "#0"},
				"down": {"uv": [1.2, 14.5, 1.8, 15.5], "texture": "#0"}
			}
		}
	],
	"display": {
		"head": {"rotation": [0, 180, 0], "translation": [0, 0, 0], "scale": [1.5, 1.6, 1.5]},
		"fixed": {"rotation": [0, 180, 0]}
	}
}