{
	"credit": "Model made by dragonmaster95 with Blockbench, a free, modern block model editor by JannisX11",
	"textures": {"1": "decorations/village/minigame/pot_red"},
	"elements": [
		{
			"name": "octagon",
			"from": [6.34314575050762, 0, 4],
			"to": [9.65685424949238, 1, 12],
			"rotation": {"angle": 45, "axis": "y", "origin": [8, 0.5, 8]},
			"faces": {
				"north": {"uv": [0, 2.5, 1, 3.5], "texture": "#1", "rotation": 180},
				"east": {"uv": [0, 2.5, 1, 3.5], "texture": "#1", "rotation": 180},
				"south": {"uv": [0, 2.5, 1, 3.5], "texture": "#1", "rotation": 180},
				"west": {"uv": [0, 2.5, 1, 3.5], "texture": "#1", "rotation": 180},
				"up": {"uv": [0, 2.5, 1, 3], "texture": "#1", "rotation": 180},
				"down": {"uv": [0, 2.5, 1, 3], "texture": "#1", "rotation": 180}
			}
		},
		{
			"name": "octagon",
			"from": [6.34314575050762, 0, 4],
			"to": [9.65685424949238, 1, 12],
			"rotation": {"angle": 0, "axis": "y", "origin": [8, 0.5, 8]},
			"faces": {
				"north": {"uv": [0, 2.5, 1, 3.5], "texture": "#1", "rotation": 180},
				"east": {"uv": [0, 2.5, 1, 3.5], "texture": "#1", "rotation": 180},
				"south": {"uv": [0, 2.5, 1, 3.5], "texture": "#1", "rotation": 180},
				"west": {"uv": [0, 2.5, 1, 3.5], "texture": "#1", "rotation": 180},
				"up": {"uv": [0, 2.5, 1, 3], "texture": "#1", "rotation": 180},
				"down": {"uv": [0, 2.5, 1, 3], "texture": "#1", "rotation": 180}
			}
		},
		{
			"name": "octagon",
			"from": [4, 0, 6.34314575050762],
			"to": [12, 1, 9.65685424949238],
			"rotation": {"angle": 45, "axis": "y", "origin": [8, 0.5, 8]},
			"faces": {
				"north": {"uv": [0, 2.5, 1, 3.5], "texture": "#1", "rotation": 180},
				"east": {"uv": [0, 2.5, 1, 3.5], "texture": "#1", "rotation": 180},
				"south": {"uv": [0, 2.5, 1, 3.5], "texture": "#1", "rotation": 180},
				"west": {"uv": [0, 2.5, 1, 3.5], "texture": "#1", "rotation": 180},
				"up": {"uv": [0, 2.5, 1, 3], "texture": "#1", "rotation": 180},
				"down": {"uv": [0, 2.5, 1, 3], "texture": "#1", "rotation": 180}
			}
		},
		{
			"name": "octagon",
			"from": [4, 0, 6.34314575050762],
			"to": [12, 1, 9.65685424949238],
			"rotation": {"angle": 0, "axis": "y", "origin": [8, 0.5, 8]},
			"faces": {
				"north": {"uv": [0, 2.5, 1, 3.5], "texture": "#1", "rotation": 180},
				"east": {"uv": [0, 2.5, 1, 3.5], "texture": "#1", "rotation": 180},
				"south": {"uv": [0, 2.5, 1, 3.5], "texture": "#1", "rotation": 180},
				"west": {"uv": [0, 2.5, 1, 3.5], "texture": "#1", "rotation": 180},
				"up": {"uv": [0, 2.5, 1, 3], "texture": "#1", "rotation": 180},
				"down": {"uv": [0, 2.5, 1, 3], "texture": "#1", "rotation": 180}
			}
		},
		{
			"name": "octagon",
			"from": [5.9289321881345245, 1, 3],
			"to": [10.071067811865476, 3, 4],
			"rotation": {"angle": 45, "axis": "y", "origin": [8, 2, 8]},
			"faces": {
				"north": {"uv": [0, 3.5, 1, 6], "texture": "#1", "rotation": 180},
				"east": {"uv": [0, 3.5, 1, 6], "texture": "#1", "rotation": 180},
				"south": {"uv": [0, 3.5, 1, 4], "texture": "#1", "rotation": 180},
				"west": {"uv": [0, 3.5, 1, 6], "texture": "#1", "rotation": 180},
				"up": {"uv": [0, 3.5, 1, 4], "texture": "#1", "rotation": 180},
				"down": {"uv": [0, 3.5, 1, 4], "texture": "#1", "rotation": 180}
			}
		},
		{
			"name": "octagon",
			"from": [5.9289321881345245, 1, 3],
			"to": [10.071067811865476, 3, 4],
			"rotation": {"angle": 0, "axis": "y", "origin": [8, 2, 8]},
			"faces": {
				"north": {"uv": [0, 3.5, 1, 6], "texture": "#1", "rotation": 180},
				"east": {"uv": [0, 3.5, 1, 6], "texture": "#1", "rotation": 180},
				"south": {"uv": [0, 3.5, 1, 4], "texture": "#1", "rotation": 180},
				"west": {"uv": [0, 3.5, 1, 6], "texture": "#1", "rotation": 180},
				"up": {"uv": [0, 3.5, 1, 4], "texture": "#1", "rotation": 180},
				"down": {"uv": [0, 3.5, 1, 4], "texture": "#1", "rotation": 180}
			}
		},
		{
			"name": "octagon",
			"from": [5.9289321881345245, 1, 12],
			"to": [10.071067811865476, 3, 13],
			"rotation": {"angle": 45, "axis": "y", "origin": [8, 2, 8]},
			"faces": {
				"north": {"uv": [0, 3.5, 1, 4], "texture": "#1", "rotation": 180},
				"east": {"uv": [0, 3.5, 1, 6], "texture": "#1", "rotation": 180},
				"south": {"uv": [0, 3.5, 1, 6], "texture": "#1", "rotation": 180},
				"west": {"uv": [0, 3.5, 1, 6], "texture": "#1", "rotation": 180},
				"up": {"uv": [0, 3.5, 1, 4], "texture": "#1", "rotation": 180},
				"down": {"uv": [0, 3.5, 1, 4], "texture": "#1", "rotation": 180}
			}
		},
		{
			"name": "octagon",
			"from": [5.9289321881345245, 1, 12],
			"to": [10.071067811865476, 3, 13],
			"rotation": {"angle": 0, "axis": "y", "origin": [8, 2, 8]},
			"faces": {
				"north": {"uv": [0, 3.5, 1, 4], "texture": "#1", "rotation": 180},
				"east": {"uv": [0, 3.5, 1, 6], "texture": "#1", "rotation": 180},
				"south": {"uv": [0, 3.5, 1, 6], "texture": "#1", "rotation": 180},
				"west": {"uv": [0, 3.5, 1, 6], "texture": "#1", "rotation": 180},
				"up": {"uv": [0, 3.5, 1, 4], "texture": "#1", "rotation": 180},
				"down": {"uv": [0, 3.5, 1, 4], "texture": "#1", "rotation": 180}
			}
		},
		{
			"name": "octagon",
			"from": [3, 1, 5.9289321881345245],
			"to": [4, 3, 10.071067811865476],
			"rotation": {"angle": 45, "axis": "y", "origin": [8, 2, 8]},
			"faces": {
				"north": {"uv": [0, 3.5, 1, 6], "texture": "#1", "rotation": 180},
				"east": {"uv": [0, 3.5, 1, 4], "texture": "#1", "rotation": 180},
				"south": {"uv": [0, 3.5, 1, 6], "texture": "#1", "rotation": 180},
				"west": {"uv": [0, 3.5, 1, 6], "texture": "#1", "rotation": 180},
				"up": {"uv": [0, 3.5, 1, 4], "texture": "#1", "rotation": 180},
				"down": {"uv": [0, 3.5, 1, 4], "texture": "#1", "rotation": 180}
			}
		},
		{
			"name": "octagon",
			"from": [3, 1, 5.9289321881345245],
			"to": [4, 3, 10.071067811865476],
			"rotation": {"angle": 0, "axis": "y", "origin": [8, 2, 8]},
			"faces": {
				"north": {"uv": [0, 3.5, 1, 6], "texture": "#1", "rotation": 180},
				"east": {"uv": [0, 3.5, 1, 4], "texture": "#1", "rotation": 180},
				"south": {"uv": [0, 3.5, 1, 6], "texture": "#1", "rotation": 180},
				"west": {"uv": [0, 3.5, 1, 6], "texture": "#1", "rotation": 180},
				"up": {"uv": [0, 3.5, 1, 4], "texture": "#1", "rotation": 180},
				"down": {"uv": [0, 3.5, 1, 4], "texture": "#1", "rotation": 180}
			}
		},
		{
			"name": "octagon",
			"from": [12, 1, 5.9289321881345245],
			"to": [13, 3, 10.071067811865476],
			"rotation": {"angle": 45, "axis": "y", "origin": [8, 2, 8]},
			"faces": {
				"north": {"uv": [0, 3.5, 1, 6], "texture": "#1", "rotation": 180},
				"east": {"uv": [0, 3.5, 1, 6], "texture": "#1", "rotation": 180},
				"south": {"uv": [0, 3.5, 1, 6], "texture": "#1", "rotation": 180},
				"west": {"uv": [0, 3.5, 1, 4], "texture": "#1", "rotation": 180},
				"up": {"uv": [0, 3.5, 1, 4], "texture": "#1", "rotation": 180},
				"down": {"uv": [0, 3.5, 1, 4], "texture": "#1", "rotation": 180}
			}
		},
		{
			"name": "octagon",
			"from": [12, 1, 5.9289321881345245],
			"to": [13, 3, 10.071067811865476],
			"rotation": {"angle": 0, "axis": "y", "origin": [8, 2, 8]},
			"faces": {
				"north": {"uv": [0, 3.5, 1, 6], "texture": "#1", "rotation": 180},
				"east": {"uv": [0, 3.5, 1, 6], "texture": "#1", "rotation": 180},
				"south": {"uv": [0, 3.5, 1, 6], "texture": "#1", "rotation": 180},
				"west": {"uv": [0, 3.5, 1, 4], "texture": "#1", "rotation": 180},
				"up": {"uv": [0, 3.5, 1, 4], "texture": "#1", "rotation": 180},
				"down": {"uv": [0, 3.5, 1, 4], "texture": "#1", "rotation": 180}
			}
		},
		{
			"name": "octagon",
			"from": [5.9289321881345245, 7, 3],
			"to": [10.071067811865476, 9, 4],
			"rotation": {"angle": 45, "axis": "y", "origin": [8, 8, 8]},
			"faces": {
				"north": {"uv": [4.721875, 7.5, 11.27734375, 10.5], "texture": "#1"},
				"east": {"uv": [0, 0, 1, 1], "texture": "#1"},
				"south": {"uv": [0, 5.5, 1.6, 7], "texture": "#1", "rotation": 180},
				"west": {"uv": [0, 0, 1, 1], "texture": "#1"},
				"up": {"uv": [4.75, 7.5, 11.25, 8], "texture": "#1"},
				"down": {"uv": [0, 0, 1, 1], "texture": "#1"}
			}
		},
		{
			"name": "octagon",
			"from": [5.9289321881345245, 7, 3],
			"to": [10.071067811865476, 9, 4],
			"rotation": {"angle": 0, "axis": "y", "origin": [8, 8, 8]},
			"faces": {
				"north": {"uv": [4.721875, 7.5, 11.27734375, 10.5], "texture": "#1"},
				"east": {"uv": [0, 0, 1, 1], "texture": "#1"},
				"south": {"uv": [0, 5.5, 1.6, 7], "texture": "#1", "rotation": 180},
				"west": {"uv": [0, 0, 1, 1], "texture": "#1"},
				"up": {"uv": [4.75, 7.5, 11.25, 8], "texture": "#1"},
				"down": {"uv": [0, 0, 1, 1], "texture": "#1"}
			}
		},
		{
			"name": "octagon",
			"from": [5.9289321881345245, 7, 12],
			"to": [10.071067811865476, 9, 13],
			"rotation": {"angle": 45, "axis": "y", "origin": [8, 8, 8]},
			"faces": {
				"north": {"uv": [0, 5.5, 1.6, 7], "texture": "#1", "rotation": 180},
				"east": {"uv": [0, 0, 1, 1], "texture": "#1"},
				"south": {"uv": [4.721875, 7.5, 11.27734375, 10.5], "texture": "#1"},
				"west": {"uv": [0, 0, 1, 1], "texture": "#1"},
				"up": {"uv": [4.75, 7.5, 11.25, 8], "texture": "#1"},
				"down": {"uv": [0, 0, 1, 1], "texture": "#1"}
			}
		},
		{
			"name": "octagon",
			"from": [5.9289321881345245, 7, 12],
			"to": [10.071067811865476, 9, 13],
			"rotation": {"angle": 0, "axis": "y", "origin": [8, 8, 8]},
			"faces": {
				"north": {"uv": [0, 5.5, 1.6, 7], "texture": "#1", "rotation": 180},
				"east": {"uv": [0, 0, 1, 1], "texture": "#1"},
				"south": {"uv": [4.721875, 7.5, 11.27734375, 10.5], "texture": "#1"},
				"west": {"uv": [0, 0, 1, 1], "texture": "#1"},
				"up": {"uv": [4.75, 7.5, 11.25, 8], "texture": "#1"},
				"down": {"uv": [0, 0, 1, 1], "texture": "#1"}
			}
		},
		{
			"name": "octagon",
			"from": [3, 7, 5.9289321881345245],
			"to": [4, 9, 10.071067811865476],
			"rotation": {"angle": 45, "axis": "y", "origin": [8, 8, 8]},
			"faces": {
				"north": {"uv": [0, 0, 1, 1], "texture": "#1"},
				"east": {"uv": [0, 5.5, 1.6, 7], "texture": "#1", "rotation": 180},
				"south": {"uv": [0, 0, 1, 1], "texture": "#1"},
				"west": {"uv": [4.721875, 7.5, 11.27734375, 10.5], "texture": "#1"},
				"up": {"uv": [4.75, 7.5, 11.25, 8], "texture": "#1", "rotation": 90},
				"down": {"uv": [0, 0, 1, 1], "texture": "#1"}
			}
		},
		{
			"name": "octagon",
			"from": [3, 7, 5.9289321881345245],
			"to": [4, 9, 10.071067811865476],
			"rotation": {"angle": 0, "axis": "y", "origin": [8, 8, 8]},
			"faces": {
				"north": {"uv": [0, 0, 1, 1], "texture": "#1"},
				"east": {"uv": [0, 5.5, 1.6, 7], "texture": "#1", "rotation": 180},
				"south": {"uv": [0, 0, 1, 1], "texture": "#1"},
				"west": {"uv": [4.721875, 7.5, 11.27734375, 10.5], "texture": "#1"},
				"up": {"uv": [4.75, 7.5, 11.25, 8], "texture": "#1", "rotation": 90},
				"down": {"uv": [0, 0, 1, 1], "texture": "#1"}
			}
		},
		{
			"name": "octagon",
			"from": [12, 7, 5.9289321881345245],
			"to": [13, 9, 10.071067811865476],
			"rotation": {"angle": 45, "axis": "y", "origin": [8, 8, 8]},
			"faces": {
				"north": {"uv": [0, 0, 1, 1], "texture": "#1"},
				"east": {"uv": [4.721875, 7.5, 11.27734375, 10.5], "texture": "#1"},
				"south": {"uv": [0, 0, 1, 1], "texture": "#1"},
				"west": {"uv": [0, 5.5, 1.6, 7], "texture": "#1", "rotation": 180},
				"up": {"uv": [4.75, 7.5, 11.25, 8], "texture": "#1", "rotation": 90},
				"down": {"uv": [0, 0, 1, 1], "texture": "#1"}
			}
		},
		{
			"name": "octagon",
			"from": [12, 7, 5.9289321881345245],
			"to": [13, 9, 10.071067811865476],
			"rotation": {"angle": 0, "axis": "y", "origin": [8, 8, 8]},
			"faces": {
				"north": {"uv": [0, 0, 1, 1], "texture": "#1"},
				"east": {"uv": [4.721875, 7.5, 11.27734375, 10.5], "texture": "#1"},
				"south": {"uv": [0, 0, 1, 1], "texture": "#1"},
				"west": {"uv": [0, 5.5, 1.6, 7], "texture": "#1", "rotation": 180},
				"up": {"uv": [4.75, 7.5, 11.25, 8], "texture": "#1", "rotation": 90},
				"down": {"uv": [0, 0, 1, 1], "texture": "#1"}
			}
		},
		{
			"name": "octagon",
			"from": [5.7218254069479775, 3, 2.5],
			"to": [10.278174593052022, 7, 3.5],
			"rotation": {"angle": 45, "axis": "y", "origin": [8, 5, 8]},
			"faces": {
				"north": {"uv": [4.45, 10.5, 11.55, 16], "texture": "#1"},
				"east": {"uv": [0, 0, 1, 1], "texture": "#1"},
				"south": {"uv": [0, 4, 1.6, 5.5], "texture": "#1", "rotation": 180},
				"west": {"uv": [0, 0, 1, 1], "texture": "#1"},
				"up": {"uv": [4.45, 10.5, 11.549999999999999, 11], "texture": "#1", "rotation": 180},
				"down": {"uv": [0, 0, 1, 1], "texture": "#1"}
			}
		},
		{
			"name": "octagon",
			"from": [5.7218254069479775, 3, 2.5],
			"to": [10.278174593052022, 7, 3.5],
			"rotation": {"angle": 0, "axis": "y", "origin": [8, 5, 8]},
			"faces": {
				"north": {"uv": [4.45, 10.5, 11.55, 16], "texture": "#1"},
				"east": {"uv": [0, 0, 1, 1], "texture": "#1"},
				"south": {"uv": [0, 4, 1.6, 5.5], "texture": "#1", "rotation": 180},
				"west": {"uv": [0, 0, 1, 1], "texture": "#1"},
				"up": {"uv": [4.45, 10.5, 11.549999999999999, 11], "texture": "#1", "rotation": 180},
				"down": {"uv": [0, 0, 1, 1], "texture": "#1"}
			}
		},
		{
			"name": "octagon",
			"from": [5.7218254069479775, 3, 12.5],
			"to": [10.278174593052022, 7, 13.5],
			"rotation": {"angle": 45, "axis": "y", "origin": [8, 5, 8]},
			"faces": {
				"north": {"uv": [0, 4, 1.6, 5.5], "texture": "#1", "rotation": 180},
				"east": {"uv": [0, 0, 1, 1], "texture": "#1"},
				"south": {"uv": [4.45, 10.5, 11.55, 16], "texture": "#1"},
				"west": {"uv": [0, 0, 1, 1], "texture": "#1"},
				"up": {"uv": [4.45, 10.5, 11.549999999999999, 11], "texture": "#1", "rotation": 180},
				"down": {"uv": [0, 0, 1, 1], "texture": "#1"}
			}
		},
		{
			"name": "octagon",
			"from": [5.7218254069479775, 3, 12.5],
			"to": [10.278174593052022, 7, 13.5],
			"rotation": {"angle": 0, "axis": "y", "origin": [8, 5, 8]},
			"faces": {
				"north": {"uv": [0, 4, 1.6, 5.5], "texture": "#1", "rotation": 180},
				"east": {"uv": [0, 0, 1, 1], "texture": "#1"},
				"south": {"uv": [4.45, 10.5, 11.55, 16], "texture": "#1"},
				"west": {"uv": [0, 0, 1, 1], "texture": "#1"},
				"up": {"uv": [4.45, 10.5, 11.549999999999999, 11], "texture": "#1", "rotation": 180},
				"down": {"uv": [0, 0, 1, 1], "texture": "#1"}
			}
		},
		{
			"name": "octagon",
			"from": [2.5, 3, 5.7218254069479775],
			"to": [3.5, 7, 10.278174593052022],
			"rotation": {"angle": 45, "axis": "y", "origin": [8, 5, 8]},
			"faces": {
				"north": {"uv": [0, 0, 1, 1], "texture": "#1"},
				"east": {"uv": [0, 4, 1.6, 5.5], "texture": "#1", "rotation": 180},
				"south": {"uv": [0, 0, 1, 1], "texture": "#1"},
				"west": {"uv": [4.45, 10.5, 11.55, 16], "texture": "#1"},
				"up": {"uv": [4.45, 10.5, 11.549999999999999, 11], "texture": "#1", "rotation": 90},
				"down": {"uv": [0, 0, 1, 1], "texture": "#1"}
			}
		},
		{
			"name": "octagon",
			"from": [2.5, 3, 5.7218254069479775],
			"to": [3.5, 7, 10.278174593052022],
			"rotation": {"angle": 0, "axis": "y", "origin": [8, 5, 8]},
			"faces": {
				"north": {"uv": [0, 0, 1, 1], "texture": "#1"},
				"east": {"uv": [0, 4, 1.6, 5.5], "texture": "#1", "rotation": 180},
				"south": {"uv": [0, 0, 1, 1], "texture": "#1"},
				"west": {"uv": [4.45, 10.5, 11.55, 16], "texture": "#1"},
				"up": {"uv": [4.45, 10.5, 11.549999999999999, 11], "texture": "#1", "rotation": 90},
				"down": {"uv": [0, 0, 1, 1], "texture": "#1"}
			}
		},
		{
			"name": "octagon",
			"from": [12.5, 3, 5.7218254069479775],
			"to": [13.5, 7, 10.278174593052022],
			"rotation": {"angle": 45, "axis": "y", "origin": [8, 5, 8]},
			"faces": {
				"north": {"uv": [0, 0, 1, 1], "texture": "#1"},
				"east": {"uv": [4.45, 10.5, 11.55, 16], "texture": "#1"},
				"south": {"uv": [0, 0, 1, 1], "texture": "#1"},
				"west": {"uv": [0, 4, 1.6, 5.5], "texture": "#1", "rotation": 180},
				"up": {"uv": [4.45, 10.5, 11.549999999999999, 11], "texture": "#1", "rotation": 90},
				"down": {"uv": [0, 0, 1, 1], "texture": "#1"}
			}
		},
		{
			"name": "octagon",
			"from": [12.5, 3, 5.7218254069479775],
			"to": [13.5, 7, 10.278174593052022],
			"rotation": {"angle": 0, "axis": "y", "origin": [8, 5, 8]},
			"faces": {
				"north": {"uv": [0, 0, 1, 1], "texture": "#1"},
				"east": {"uv": [4.45, 10.5, 11.55, 16], "texture": "#1"},
				"south": {"uv": [0, 0, 1, 1], "texture": "#1"},
				"west": {"uv": [0, 4, 1.6, 5.5], "texture": "#1", "rotation": 180},
				"up": {"uv": [4.45, 10.5, 11.549999999999999, 11], "texture": "#1", "rotation": 90},
				"down": {"uv": [0, 0, 1, 1], "texture": "#1"}
			}
		},
		{
			"name": "octagon",
			"from": [6.136038969321072, 9, 3.5],
			"to": [9.863961030678928, 10, 4.5],
			"rotation": {"angle": 45, "axis": "y", "origin": [8, 10.5, 8]},
			"faces": {
				"north": {"uv": [5, 6, 11, 7.5], "texture": "#1"},
				"east": {"uv": [0, 0, 1, 1], "texture": "#1"},
				"south": {"uv": [0, 6.5, 1, 7.5], "texture": "#1"},
				"west": {"uv": [0, 0, 1, 1], "texture": "#1"},
				"up": {"uv": [5, 6, 11, 6.5], "texture": "#1"},
				"down": {"uv": [0, 6.5, 1, 7], "texture": "#1"}
			}
		},
		{
			"name": "octagon",
			"from": [6.136038969321072, 9, 3.5],
			"to": [9.863961030678928, 10, 4.5],
			"rotation": {"angle": 0, "axis": "y", "origin": [8, 10.5, 8]},
			"faces": {
				"north": {"uv": [5, 6, 11, 7.5], "texture": "#1"},
				"east": {"uv": [0, 0, 1, 1], "texture": "#1"},
				"south": {"uv": [0, 6.5, 1, 7.5], "texture": "#1"},
				"west": {"uv": [0, 0, 1, 1], "texture": "#1"},
				"up": {"uv": [5, 6, 11, 6.5], "texture": "#1"},
				"down": {"uv": [0, 6.5, 1, 7], "texture": "#1"}
			}
		},
		{
			"name": "octagon",
			"from": [6.136038969321072, 9, 11.5],
			"to": [9.863961030678928, 10, 12.5],
			"rotation": {"angle": 45, "axis": "y", "origin": [8, 10.5, 8]},
			"faces": {
				"north": {"uv": [0, 6.5, 1, 7.5], "texture": "#1"},
				"east": {"uv": [0, 0, 1, 1], "texture": "#1"},
				"south": {"uv": [5, 6, 11, 7.5], "texture": "#1"},
				"west": {"uv": [0, 0, 1, 1], "texture": "#1"},
				"up": {"uv": [5, 6, 11, 6.5], "texture": "#1"},
				"down": {"uv": [0, 6.5, 1, 7], "texture": "#1"}
			}
		},
		{
			"name": "octagon",
			"from": [3.5, 9, 6.136038969321072],
			"to": [4.5, 10, 9.863961030678928],
			"rotation": {"angle": 45, "axis": "y", "origin": [8, 10.5, 8]},
			"faces": {
				"north": {"uv": [0, 0, 1, 1], "texture": "#1"},
				"east": {"uv": [0, 6.5, 1, 7.5], "texture": "#1"},
				"south": {"uv": [0, 0, 1, 1], "texture": "#1"},
				"west": {"uv": [5, 6, 11, 7.5], "texture": "#1"},
				"up": {"uv": [5, 6, 11, 6.5], "texture": "#1"},
				"down": {"uv": [0, 6.5, 1, 7], "texture": "#1"}
			}
		},
		{
			"name": "octagon",
			"from": [3.5, 9, 6.136038969321072],
			"to": [4.5, 10, 9.863961030678928],
			"rotation": {"angle": 0, "axis": "y", "origin": [8, 10.5, 8]},
			"faces": {
				"north": {"uv": [0, 0, 1, 1], "texture": "#1"},
				"east": {"uv": [0, 6.5, 1, 7.5], "texture": "#1"},
				"south": {"uv": [0, 0, 1, 1], "texture": "#1"},
				"west": {"uv": [5, 6, 11, 7.5], "texture": "#1"},
				"up": {"uv": [5, 6, 11, 6.5], "texture": "#1"},
				"down": {"uv": [0, 6.5, 1, 7], "texture": "#1"}
			}
		},
		{
			"name": "octagon",
			"from": [11.5, 9, 6.136038969321072],
			"to": [12.5, 10, 9.863961030678928],
			"rotation": {"angle": 45, "axis": "y", "origin": [8, 10.5, 8]},
			"faces": {
				"north": {"uv": [0, 0, 1, 1], "texture": "#1"},
				"east": {"uv": [5, 6, 11, 7.5], "texture": "#1"},
				"south": {"uv": [0, 0, 1, 1], "texture": "#1"},
				"west": {"uv": [0, 6.5, 1, 7.5], "texture": "#1"},
				"up": {"uv": [5, 6, 11, 6.5], "texture": "#1"},
				"down": {"uv": [0, 6.5, 1, 7], "texture": "#1"}
			}
		},
		{
			"name": "octagon",
			"from": [11.5, 9, 6.136038969321072],
			"to": [12.5, 10, 9.863961030678928],
			"rotation": {"angle": 0, "axis": "y", "origin": [8, 10.5, 8]},
			"faces": {
				"north": {"uv": [0, 0, 1, 1], "texture": "#1"},
				"east": {"uv": [5, 6, 11, 7.5], "texture": "#1"},
				"south": {"uv": [0, 0, 1, 1], "texture": "#1"},
				"west": {"uv": [0, 6.5, 1, 7.5], "texture": "#1"},
				"up": {"uv": [5, 6, 11, 6.5], "texture": "#1"},
				"down": {"uv": [0, 6.5, 1, 7], "texture": "#1"}
			}
		},
		{
			"name": "octagon",
			"from": [6.136038969321072, 9, 11.5],
			"to": [9.863938969321072, 10, 12.5],
			"rotation": {"angle": 0, "axis": "y", "origin": [8, 10.5, 8]},
			"faces": {
				"north": {"uv": [0, 6.5, 1, 7.5], "texture": "#1"},
				"east": {"uv": [0, 0, 1, 1], "texture": "#1"},
				"south": {"uv": [5, 6, 11, 7.5], "texture": "#1"},
				"west": {"uv": [0, 0, 1, 1], "texture": "#1"},
				"up": {"uv": [5, 6, 11, 6.5], "texture": "#1"},
				"down": {"uv": [0, 6.5, 1, 7], "texture": "#1"}
			}
		},
		{
			"name": "octagon",
			"from": [6.34314575050762, 10, 4],
			"to": [9.65685424949238, 11.25, 5],
			"rotation": {"angle": 45, "axis": "y", "origin": [8, 11.5, 8]},
			"faces": {
				"north": {"uv": [0, 2.5, 1, 5.5], "texture": "#1"},
				"east": {"uv": [0, 2.5, 1, 5.5], "texture": "#1"},
				"south": {"uv": [0, 4, 1, 5.5], "texture": "#1", "rotation": 180},
				"west": {"uv": [0, 2.5, 1, 5.5], "texture": "#1"},
				"up": {"uv": [0, 5, 1, 5.5], "texture": "#1", "rotation": 180},
				"down": {"uv": [0, 4, 1, 4.5], "texture": "#1", "rotation": 180}
			}
		},
		{
			"name": "octagon",
			"from": [6.34314575050762, 10, 4],
			"to": [9.65685424949238, 11.25, 5],
			"rotation": {"angle": 0, "axis": "y", "origin": [8, 11.5, 8]},
			"faces": {
				"north": {"uv": [0, 2, 1, 6], "texture": "#1"},
				"east": {"uv": [0, 2.5, 1, 5.5], "texture": "#1"},
				"south": {"uv": [0, 4, 1, 5.5], "texture": "#1", "rotation": 180},
				"west": {"uv": [0, 2.5, 1, 5.5], "texture": "#1"},
				"up": {"uv": [0, 5, 1, 5.5], "texture": "#1", "rotation": 180},
				"down": {"uv": [0, 4, 1, 4.5], "texture": "#1", "rotation": 180}
			}
		},
		{
			"name": "octagon",
			"from": [6.34314575050762, 10, 11],
			"to": [9.65685424949238, 11.25, 12],
			"rotation": {"angle": 45, "axis": "y", "origin": [8, 11.5, 8]},
			"faces": {
				"north": {"uv": [0, 4, 1, 5.5], "texture": "#1", "rotation": 180},
				"east": {"uv": [0, 2.5, 1, 5.5], "texture": "#1"},
				"south": {"uv": [0, 2.5, 1, 5.5], "texture": "#1"},
				"west": {"uv": [0, 2.5, 1, 5.5], "texture": "#1"},
				"up": {"uv": [0, 5, 1, 5.5], "texture": "#1", "rotation": 180},
				"down": {"uv": [0, 4, 1, 4.5], "texture": "#1", "rotation": 180}
			}
		},
		{
			"name": "octagon",
			"from": [6.34314575050762, 10, 11],
			"to": [9.65685424949238, 11.25, 12],
			"rotation": {"angle": 0, "axis": "y", "origin": [8, 11.5, 8]},
			"faces": {
				"north": {"uv": [0, 4, 1, 5.5], "texture": "#1", "rotation": 180},
				"east": {"uv": [0, 2.5, 1, 5.5], "texture": "#1"},
				"south": {"uv": [0, 2.5, 1, 5.5], "texture": "#1"},
				"west": {"uv": [0, 2.5, 1, 5.5], "texture": "#1"},
				"up": {"uv": [0, 5, 1, 5.5], "texture": "#1", "rotation": 180},
				"down": {"uv": [0, 4, 1, 4.5], "texture": "#1", "rotation": 180}
			}
		},
		{
			"name": "octagon",
			"from": [4, 10, 6.34314575050762],
			"to": [5, 11.25, 9.65685424949238],
			"rotation": {"angle": 45, "axis": "y", "origin": [8, 11.5, 8]},
			"faces": {
				"north": {"uv": [0, 2, 1, 3.5], "texture": "#1"},
				"east": {"uv": [0, 4, 1, 5.5], "texture": "#1", "rotation": 180},
				"south": {"uv": [0, 2.5, 1, 5.5], "texture": "#1"},
				"west": {"uv": [0, 2.5, 1, 5.5], "texture": "#1"},
				"up": {"uv": [0, 5, 1, 5.5], "texture": "#1", "rotation": 180},
				"down": {"uv": [0, 4, 1, 4.5], "texture": "#1", "rotation": 180}
			}
		},
		{
			"name": "octagon",
			"from": [4, 10, 6.34314575050762],
			"to": [5, 11.25, 9.65685424949238],
			"rotation": {"angle": 0, "axis": "y", "origin": [8, 11.5, 8]},
			"faces": {
				"north": {"uv": [0, 2, 1, 3.5], "texture": "#1"},
				"east": {"uv": [0, 4, 1, 5.5], "texture": "#1", "rotation": 180},
				"south": {"uv": [0, 2.5, 1, 5.5], "texture": "#1"},
				"west": {"uv": [0, 2.5, 1, 5.5], "texture": "#1"},
				"up": {"uv": [0, 5, 1, 5.5], "texture": "#1", "rotation": 180},
				"down": {"uv": [0, 4, 1, 4.5], "texture": "#1", "rotation": 180}
			}
		},
		{
			"name": "octagon",
			"from": [11, 10, 6.34314575050762],
			"to": [12, 11.25, 9.65685424949238],
			"rotation": {"angle": 45, "axis": "y", "origin": [8, 11.5, 8]},
			"faces": {
				"north": {"uv": [0, 2, 1, 3.5], "texture": "#1"},
				"east": {"uv": [0, 2.5, 1, 5.5], "texture": "#1"},
				"south": {"uv": [0, 2.5, 1, 5.5], "texture": "#1"},
				"west": {"uv": [0, 4, 1, 5.5], "texture": "#1", "rotation": 180},
				"up": {"uv": [0, 5, 1, 5.5], "texture": "#1", "rotation": 180},
				"down": {"uv": [0, 4, 1, 4.5], "texture": "#1", "rotation": 180}
			}
		},
		{
			"name": "octagon",
			"from": [11, 10, 6.34314575050762],
			"to": [12, 11.25, 9.65685424949238],
			"rotation": {"angle": 0, "axis": "y", "origin": [8, 11.5, 8]},
			"faces": {
				"north": {"uv": [0, 2, 1, 3.5], "texture": "#1"},
				"east": {"uv": [0, 2.5, 1, 5.5], "texture": "#1"},
				"south": {"uv": [0, 2.5, 1, 5.5], "texture": "#1"},
				"west": {"uv": [0, 4, 1, 5.5], "texture": "#1", "rotation": 180},
				"up": {"uv": [0, 5, 1, 5.5], "texture": "#1", "rotation": 180},
				"down": {"uv": [0, 4, 1, 4.5], "texture": "#1", "rotation": 180}
			}
		},
		{
			"name": "octagon",
			"from": [6.136038969321072, 11.25, 3.5],
			"to": [9.863961030678928, 12.25, 4.5],
			"rotation": {"angle": 45, "axis": "y", "origin": [8, 13.25, 8]},
			"faces": {
				"north": {"uv": [0, 1, 1, 2.5], "texture": "#1"},
				"east": {"uv": [0, 1, 1, 2.5], "texture": "#1"},
				"south": {"uv": [0, 1, 1, 2.5], "texture": "#1"},
				"west": {"uv": [0, 1, 1, 2.5], "texture": "#1"},
				"up": {"uv": [0, 1, 1, 1.5], "texture": "#1"},
				"down": {"uv": [0, 1.5, 1, 2], "texture": "#1"}
			}
		},
		{
			"name": "octagon",
			"from": [6.136038969321072, 11.25, 3.5],
			"to": [9.863961030678928, 12.25, 4.5],
			"rotation": {"angle": 0, "axis": "y", "origin": [8, 13.25, 8]},
			"faces": {
				"north": {"uv": [0, 1, 1, 2.5], "texture": "#1"},
				"east": {"uv": [0, 1, 1, 2.5], "texture": "#1"},
				"south": {"uv": [0, 1, 1, 2.5], "texture": "#1"},
				"west": {"uv": [0, 1, 1, 2.5], "texture": "#1"},
				"up": {"uv": [0, 1, 1, 1.5], "texture": "#1"},
				"down": {"uv": [0, 1.5, 1, 2], "texture": "#1"}
			}
		},
		{
			"name": "octagon",
			"from": [6.136038969321072, 11.25, 11.5],
			"to": [9.863961030678928, 12.25, 12.5],
			"rotation": {"angle": 45, "axis": "y", "origin": [8, 13.25, 8]},
			"faces": {
				"north": {"uv": [0, 1, 1, 2.5], "texture": "#1"},
				"east": {"uv": [0, 1, 1, 2.5], "texture": "#1"},
				"south": {"uv": [0, 1, 1, 2.5], "texture": "#1"},
				"west": {"uv": [0, 1, 1, 2.5], "texture": "#1"},
				"up": {"uv": [0, 1, 1, 1.5], "texture": "#1"},
				"down": {"uv": [0, 1.5, 1, 2], "texture": "#1"}
			}
		},
		{
			"name": "octagon",
			"from": [6.136038969321072, 11.25, 11.5],
			"to": [9.863961030678928, 12.25, 12.5],
			"rotation": {"angle": 0, "axis": "y", "origin": [8, 13.25, 8]},
			"faces": {
				"north": {"uv": [0, 1, 1, 2.5], "texture": "#1"},
				"east": {"uv": [0, 1, 1, 2.5], "texture": "#1"},
				"south": {"uv": [0, 1, 1, 2.5], "texture": "#1"},
				"west": {"uv": [0, 1, 1, 2.5], "texture": "#1"},
				"up": {"uv": [0, 1, 1, 1.5], "texture": "#1"},
				"down": {"uv": [0, 1.5, 1, 2], "texture": "#1"}
			}
		},
		{
			"name": "octagon",
			"from": [3.5, 11.25, 6.136038969321072],
			"to": [4.5, 12.25, 9.863961030678928],
			"rotation": {"angle": 45, "axis": "y", "origin": [8, 13.25, 8]},
			"faces": {
				"north": {"uv": [0, 1, 1, 2.5], "texture": "#1"},
				"east": {"uv": [0, 1, 1, 2.5], "texture": "#1"},
				"south": {"uv": [0, 1, 1, 2.5], "texture": "#1"},
				"west": {"uv": [0, 1, 1, 2.5], "texture": "#1"},
				"up": {"uv": [0, 1, 1, 1.5], "texture": "#1"},
				"down": {"uv": [0, 1.5, 1, 2], "texture": "#1"}
			}
		},
		{
			"name": "octagon",
			"from": [3.5, 11.25, 6.136038969321072],
			"to": [4.5, 12.25, 9.863961030678928],
			"rotation": {"angle": 0, "axis": "y", "origin": [8, 13.25, 8]},
			"faces": {
				"north": {"uv": [0, 1, 1, 2.5], "texture": "#1"},
				"east": {"uv": [0, 1, 1, 2.5], "texture": "#1"},
				"south": {"uv": [0, 1, 1, 2.5], "texture": "#1"},
				"west": {"uv": [0, 1, 1, 2.5], "texture": "#1"},
				"up": {"uv": [0, 1, 1, 1.5], "texture": "#1"},
				"down": {"uv": [0, 1.5, 1, 2], "texture": "#1"}
			}
		},
		{
			"name": "octagon",
			"from": [11.5, 11.25, 6.136038969321072],
			"to": [12.5, 12.25, 9.863961030678928],
			"rotation": {"angle": 45, "axis": "y", "origin": [8, 13.25, 8]},
			"faces": {
				"north": {"uv": [0, 1, 1, 2.5], "texture": "#1"},
				"east": {"uv": [0, 1, 1, 2.5], "texture": "#1"},
				"south": {"uv": [0, 1, 1, 2.5], "texture": "#1"},
				"west": {"uv": [0, 1, 1, 2.5], "texture": "#1"},
				"up": {"uv": [0, 1, 1, 1.5], "texture": "#1"},
				"down": {"uv": [0, 1.5, 1, 2], "texture": "#1"}
			}
		},
		{
			"name": "octagon",
			"from": [11.5, 11.25, 6.136038969321072],
			"to": [12.5, 12.25, 9.863961030678928],
			"rotation": {"angle": 0, "axis": "y", "origin": [8, 13.25, 8]},
			"faces": {
				"north": {"uv": [0, 1, 1, 2.5], "texture": "#1"},
				"east": {"uv": [0, 1, 1, 2.5], "texture": "#1"},
				"south": {"uv": [0, 1, 1, 2.5], "texture": "#1"},
				"west": {"uv": [0, 1, 1, 2.5], "texture": "#1"},
				"up": {"uv": [0, 1, 1, 1.5], "texture": "#1"},
				"down": {"uv": [0, 1.5, 1, 2], "texture": "#1"}
			}
		},
		{
			"name": "octagon",
			"from": [5.949642866253179, 12.25, 3.05],
			"to": [10.050357133746822, 13, 4.1499999999999995],
			"rotation": {"angle": 45, "axis": "y", "origin": [8, 13.5, 8]},
			"faces": {
				"north": {"uv": [0, 0, 1, 1], "texture": "#1"},
				"east": {"uv": [0, 0, 1, 1], "texture": "#1"},
				"south": {"uv": [0, 0, 1, 1], "texture": "#1"},
				"west": {"uv": [0, 0, 1, 1], "texture": "#1"},
				"up": {"uv": [0, 0, 1, 0.5], "texture": "#1"},
				"down": {"uv": [0, 0.5, 1, 1], "texture": "#1"}
			}
		},
		{
			"name": "octagon",
			"from": [5.949642866253179, 12.25, 3.05],
			"to": [10.050357133746822, 13, 4.1499999999999995],
			"rotation": {"angle": 0, "axis": "y", "origin": [8, 13.5, 8]},
			"faces": {
				"north": {"uv": [0, 0, 1, 1], "texture": "#1"},
				"east": {"uv": [0, 0, 1, 1], "texture": "#1"},
				"south": {"uv": [0, 0, 1, 1], "texture": "#1"},
				"west": {"uv": [0, 0, 1, 1], "texture": "#1"},
				"up": {"uv": [0, 0, 1, 0.5], "texture": "#1"},
				"down": {"uv": [0, 0.5, 1, 1], "texture": "#1"}
			}
		},
		{
			"name": "octagon",
			"from": [5.949642866253179, 12.25, 11.850000000000001],
			"to": [10.050357133746822, 13, 12.95],
			"rotation": {"angle": 45, "axis": "y", "origin": [8, 13.5, 8]},
			"faces": {
				"north": {"uv": [0, 0, 1, 1], "texture": "#1"},
				"east": {"uv": [0, 0, 1, 1], "texture": "#1"},
				"south": {"uv": [0, 0, 1, 1], "texture": "#1"},
				"west": {"uv": [0, 0, 1, 1], "texture": "#1"},
				"up": {"uv": [0, 0, 1, 0.5], "texture": "#1"},
				"down": {"uv": [0, 0.5, 1, 1], "texture": "#1"}
			}
		},
		{
			"name": "octagon",
			"from": [5.949642866253179, 12.25, 11.850000000000001],
			"to": [10.050357133746822, 13, 12.95],
			"rotation": {"angle": 0, "axis": "y", "origin": [8, 13.5, 8]},
			"faces": {
				"north": {"uv": [0, 0, 1, 1], "texture": "#1"},
				"east": {"uv": [0, 0, 1, 1], "texture": "#1"},
				"south": {"uv": [0, 0, 1, 1], "texture": "#1"},
				"west": {"uv": [0, 0, 1, 1], "texture": "#1"},
				"up": {"uv": [0, 0, 1, 0.5], "texture": "#1"},
				"down": {"uv": [0, 0.5, 1, 1], "texture": "#1"}
			}
		},
		{
			"name": "octagon",
			"from": [3.05, 12.25, 5.949642866253179],
			"to": [4.1499999999999995, 13, 10.050357133746822],
			"rotation": {"angle": 45, "axis": "y", "origin": [8, 13.5, 8]},
			"faces": {
				"north": {"uv": [0, 0, 1, 1], "texture": "#1"},
				"east": {"uv": [0, 0, 1, 1], "texture": "#1"},
				"south": {"uv": [0, 0, 1, 1], "texture": "#1"},
				"west": {"uv": [0, 0, 1, 1], "texture": "#1"},
				"up": {"uv": [0, 0, 1, 0.5], "texture": "#1"},
				"down": {"uv": [0, 0.5, 1, 1], "texture": "#1"}
			}
		},
		{
			"name": "octagon",
			"from": [3.05, 12.25, 5.949642866253179],
			"to": [4.1499999999999995, 13, 10.050357133746822],
			"rotation": {"angle": 0, "axis": "y", "origin": [8, 13.5, 8]},
			"faces": {
				"north": {"uv": [0, 0, 1, 1], "texture": "#1"},
				"east": {"uv": [0, 0, 1, 1], "texture": "#1"},
				"south": {"uv": [0, 0, 1, 1], "texture": "#1"},
				"west": {"uv": [0, 0, 1, 1], "texture": "#1"},
				"up": {"uv": [0, 0, 1, 0.5], "texture": "#1"},
				"down": {"uv": [0, 0.5, 1, 1], "texture": "#1"}
			}
		},
		{
			"name": "octagon",
			"from": [11.850000000000001, 12.25, 5.949642866253179],
			"to": [12.95, 13, 10.050357133746822],
			"rotation": {"angle": 45, "axis": "y", "origin": [8, 13.5, 8]},
			"faces": {
				"north": {"uv": [0, 0, 1, 1], "texture": "#1"},
				"east": {"uv": [0, 0, 1, 1], "texture": "#1"},
				"south": {"uv": [0, 0, 1, 1], "texture": "#1"},
				"west": {"uv": [0, 0, 1, 1], "texture": "#1"},
				"up": {"uv": [0, 0, 1, 0.5], "texture": "#1"},
				"down": {"uv": [0, 0.5, 1, 1], "texture": "#1"}
			}
		},
		{
			"name": "octagon",
			"from": [11.850000000000001, 12.25, 5.949642866253179],
			"to": [12.95, 13, 10.050357133746822],
			"rotation": {"angle": 0, "axis": "y", "origin": [8, 13.5, 8]},
			"faces": {
				"north": {"uv": [0, 0, 1, 1], "texture": "#1"},
				"east": {"uv": [0, 0, 1, 1], "texture": "#1"},
				"south": {"uv": [0, 0, 1, 1], "texture": "#1"},
				"west": {"uv": [0, 0, 1, 1], "texture": "#1"},
				"up": {"uv": [0, 0, 1, 0.5], "texture": "#1"},
				"down": {"uv": [0, 0.5, 1, 1], "texture": "#1"}
			}
		}
	],
	"display": {"head": {"scale": [2.2, 2, 2.2], "translation": [0, -27, 0]}},
	"groups": [
		{
			"name": "octagon",
			"isOpen": true,
			"shade": true,
			"display": {"visibility": true, "autouv": false},
			"children": [0, 1, 2, 3]
		},
		{
			"name": "octagon",
			"isOpen": true,
			"shade": true,
			"display": {"visibility": true, "autouv": false},
			"children": [4, 5, 6, 7, 8, 9, 10, 11]
		},
		{
			"name": "octagon",
			"isOpen": true,
			"shade": true,
			"display": {"visibility": true, "autouv": false},
			"children": [12, 13, 14, 15, 16, 17, 18, 19]
		},
		{
			"name": "octagon",
			"isOpen": true,
			"shade": true,
			"display": {"visibility": true, "autouv": false},
			"children": [20, 21, 22, 23, 24, 25, 26, 27]
		},
		{
			"name": "octagon",
			"isOpen": true,
			"shade": true,
			"display": {"visibility": true, "autouv": false},
			"children": [28, 29, 30, 31, 32, 33, 34, 35]
		},
		{
			"name": "octagon",
			"isOpen": true,
			"shade": true,
			"display": {"visibility": true, "autouv": false},
			"children": [36, 37, 38, 39, 40, 41, 42, 43]
		},
		{
			"name": "group",
			"isOpen": true,
			"shade": true,
			"display": {"visibility": true, "autouv": false},
			"children": [44, 45, 46, 47, 48, 49, 50, 51]
		},
		{
			"name": "group",
			"isOpen": true,
			"shade": true,
			"display": {"visibility": true, "autouv": false},
			"children": [52, 53, 54, 55, 56, 57, 58, 59]
		}
	]
}