{
	"credit": "Model made by dragonmaster95 with Blockbench, a free, modern block model editor by JannisX11",
	"textures": {
		"0": "decorations/village/minigame/table_stone",
		"1": "decorations/village/minigame/table_carpet2",
		"particle": "decorations/village/minigame/table_stone"
	},
	"elements": [
		{
			"name": "cube",
			"from": [-8, 0, 0],
			"to": [24, 12, 16],
			"faces": {
				"north": {"uv": [0, 0, 16, 8], "texture": "#0"},
				"south": {"uv": [0, 0, 16, 8], "texture": "#0"},
				"up": {"uv": [0, 0, 16, 8], "texture": "#0"}
			}
		},
		{
			"name": "cube",
			"from": [-2, 0, -0.05487804878048763],
			"to": [18, 12.054878048780488, 16.054878048780488],
			"faces": {
				"north": {"uv": [1, 3, 15, 16], "texture": "#1"},
				"south": {"uv": [1, 16, 14.75, 2.75], "texture": "#1"},
				"up": {"uv": [1, 0, 14.75, 16], "texture": "#1"}
			}
		},
		{
			"name": "cube",
			"from": [-11.518237061622479, -6.650561343533176, 0.017451277954020128],
			"to": [-6.504127874504775, 6.3085125918762275, 15.9718255212292],
			"rotation": {
				"angle": -22.5,
				"axis": "z",
				"origin": [4.495872125495225, 0.32766162417829037, 7.9962157651316375]
			},
			"faces": {
				"north": {"uv": [0, 0, 2.75, 8], "texture": "#0"},
				"south": {"uv": [0, 0, 2.75, 8], "texture": "#0"},
				"west": {"uv": [0, 0, 5.25, 8], "texture": "#0", "rotation": 270}
			}
		},
		{
			"name": "cube",
			"from": [22.504127874504775, -6.650561343533176, 0.017451277954021904],
			"to": [27.51823706162248, 6.3085125918762275, 15.996215765131637],
			"rotation": {
				"angle": 22.5,
				"axis": "z",
				"origin": [11.504127874504775, 0.32766162417829037, 7.9962157651316375]
			},
			"faces": {
				"north": {"uv": [2.75, 0, 0, 8], "texture": "#0"},
				"east": {"uv": [5.25, 0, 0, 8], "texture": "#0", "rotation": 270},
				"south": {"uv": [2.75, 0, 0, 8], "texture": "#0"}
			}
		}
	],
	"display": {"head": {"scale": [1.6, 1.8, 1.7], "translation": [0, -29, 0]}}
}