{
	"credit": "Model made by dragonmaster95 with Blockbench, a free, modern block model editor by JannisX11",
	"textures": {
		"0": "decorations/village/minigame/table_green",
		"particle": "decorations/village/minigame/table_green"
	},
	"elements": [
		{
			"name": "cube",
			"from": [3.99, 0, 10],
			"to": [6.01, 1.5, 14],
			"faces": {
				"east": {"uv": [1.032, 0.032, 1.968, 6.968], "texture": "#0"},
				"west": {"uv": [1.032, 0.032, 1.968, 6.968], "texture": "#0"},
				"up": {"uv": [1.032, 0.032, 1.968, 0.968], "texture": "#0"}
			}
		},
		{
			"name": "cube",
			"from": [4, -0.8790081877533984, 13.841692585588955],
			"to": [6, 0.7917235195636749, 14.439253561198711],
			"rotation": {
				"angle": -22.5,
				"axis": "x",
				"origin": [5, 0.04172351956367493, 12.439253561198711]
			},
			"faces": {
				"east": {"uv": [1.032, 0.032, 1.968, 8.4], "texture": "#0"},
				"south": {"uv": [1.032, 0.032, 1.968, 8.4], "texture": "#0"},
				"west": {"uv": [1.032, 0.032, 1.968, 8.4], "texture": "#0"}
			}
		},
		{
			"name": "cube",
			"from": [4, 2.1238079333977766, 8.964569993884268],
			"to": [6, 3.79453964071485, 9.562130969494024],
			"rotation": {"angle": 22.5, "axis": "x", "origin": [5, 0.04453964071485039, 3.7145699938842682]},
			"faces": {
				"north": {"uv": [1.032, 0.032, 1.968, 8.4], "texture": "#0"},
				"east": {"uv": [1.032, 0.032, 1.968, 8.4], "texture": "#0"},
				"west": {"uv": [1.032, 0.032, 1.968, 8.4], "texture": "#0"}
			}
		},
		{
			"name": "hexadecagon",
			"from": [3, 2.4499999999999993, 15.102175265240684],
			"to": [7, 2.549999999999999, 15.897824734759315],
			"rotation": {"angle": 22.5, "axis": "y", "origin": [5, 2.5, 15.5]},
			"faces": {
				"east": {"uv": [0.032, 1.032, 0.968, 1.968], "texture": "#0"},
				"west": {"uv": [0.032, 1.032, 0.968, 1.968], "texture": "#0"},
				"up": {"uv": [0.032, 1.032, 0.968, 1.968], "texture": "#0"},
				"down": {"uv": [0.032, 1.032, 0.968, 1.968], "texture": "#0"}
			}
		},
		{
			"name": "hexadecagon",
			"from": [3, 2.4499999999999993, 15.102175265240684],
			"to": [7, 2.549999999999999, 15.897824734759315],
			"rotation": {"angle": 0, "axis": "y", "origin": [5, 2.5, 15.5]},
			"faces": {
				"east": {"uv": [0.032, 1.032, 0.968, 1.968], "texture": "#0"},
				"west": {"uv": [0.032, 1.032, 0.968, 1.968], "texture": "#0"},
				"up": {"uv": [0.032, 1.032, 0.968, 1.968], "texture": "#0"},
				"down": {"uv": [0.032, 1.032, 0.968, 1.968], "texture": "#0"}
			}
		},
		{
			"name": "hexadecagon",
			"from": [3, 2.4499999999999993, 15.102175265240684],
			"to": [7, 2.549999999999999, 15.897824734759315],
			"rotation": {"angle": -22.5, "axis": "y", "origin": [5, 2.5, 15.5]},
			"faces": {
				"east": {"uv": [0.032, 1.032, 0.968, 1.968], "texture": "#0"},
				"west": {"uv": [0.032, 1.032, 0.968, 1.968], "texture": "#0"},
				"up": {"uv": [0.032, 1.032, 0.968, 1.968], "texture": "#0"},
				"down": {"uv": [0.032, 1.032, 0.968, 1.968], "texture": "#0"}
			}
		},
		{
			"name": "hexadecagon",
			"from": [4.6021752652406835, 2.4499999999999993, 13.5],
			"to": [5.397824734759315, 2.549999999999999, 17.5],
			"rotation": {"angle": 45, "axis": "y", "origin": [5, 2.5, 15.5]},
			"faces": {
				"north": {"uv": [0.032, 1.032, 0.968, 1.968], "texture": "#0"},
				"south": {"uv": [0.032, 1.032, 0.968, 1.968], "texture": "#0"},
				"up": {"uv": [0.032, 1.032, 0.968, 1.968], "texture": "#0"},
				"down": {"uv": [0.032, 1.032, 0.968, 1.968], "texture": "#0"}
			}
		},
		{
			"name": "hexadecagon",
			"from": [4.6021752652406835, 2.4499999999999993, 13.5],
			"to": [5.397824734759315, 2.549999999999999, 17.5],
			"rotation": {"angle": 22.5, "axis": "y", "origin": [5, 2.5, 15.5]},
			"faces": {
				"north": {"uv": [0.032, 1.032, 0.968, 1.968], "texture": "#0"},
				"south": {"uv": [0.032, 1.032, 0.968, 1.968], "texture": "#0"},
				"up": {"uv": [0.032, 1.032, 0.968, 1.968], "texture": "#0"},
				"down": {"uv": [0.032, 1.032, 0.968, 1.968], "texture": "#0"}
			}
		},
		{
			"name": "hexadecagon",
			"from": [4.6021752652406835, 2.4499999999999993, 13.5],
			"to": [5.397824734759315, 2.549999999999999, 17.5],
			"rotation": {"angle": 0, "axis": "y", "origin": [5, 2.5, 15.5]},
			"faces": {
				"north": {"uv": [0.032, 1.032, 0.968, 1.968], "texture": "#0"},
				"south": {"uv": [0.032, 1.032, 0.968, 1.968], "texture": "#0"},
				"up": {"uv": [0.032, 1.032, 0.968, 1.968], "texture": "#0"},
				"down": {"uv": [0.032, 1.032, 0.968, 1.968], "texture": "#0"}
			}
		},
		{
			"name": "hexadecagon",
			"from": [4.6021752652406835, 2.4499999999999993, 13.5],
			"to": [5.397824734759315, 2.549999999999999, 17.5],
			"rotation": {"angle": -22.5, "axis": "y", "origin": [5, 2.5, 15.5]},
			"faces": {
				"north": {"uv": [0.032, 1.032, 0.968, 1.968], "texture": "#0"},
				"south": {"uv": [0.032, 1.032, 0.968, 1.968], "texture": "#0"},
				"up": {"uv": [0.032, 1.032, 0.968, 1.968], "texture": "#0"},
				"down": {"uv": [0.032, 1.032, 0.968, 1.968], "texture": "#0"}
			}
		},
		{
			"name": "hexadecagon",
			"from": [4.6021752652406835, 2.4499999999999993, 13.5],
			"to": [5.397824734759315, 2.549999999999999, 17.5],
			"rotation": {"angle": -45, "axis": "y", "origin": [5, 2.5, 15.5]},
			"faces": {
				"north": {"uv": [0.032, 1.032, 0.968, 1.968], "texture": "#0"},
				"south": {"uv": [0.032, 1.032, 0.968, 1.968], "texture": "#0"},
				"up": {"uv": [0.032, 1.032, 0.968, 1.968], "texture": "#0"},
				"down": {"uv": [0.032, 1.032, 0.968, 1.968], "texture": "#0"}
			}
		},
		{
			"name": "hexadecagon",
			"from": [3, 2.4499999999999993, 8.102175265240685],
			"to": [7, 2.549999999999999, 8.897824734759316],
			"rotation": {"angle": -22.5, "axis": "y", "origin": [5, 2.5, 8.5]},
			"faces": {
				"east": {"uv": [0.032, 1.968, 0.968, 1.032], "texture": "#0"},
				"west": {"uv": [0.032, 1.968, 0.968, 1.032], "texture": "#0"},
				"up": {"uv": [0.032, 1.968, 0.968, 1.032], "texture": "#0"},
				"down": {"uv": [0.032, 1.968, 0.968, 1.032], "texture": "#0"}
			}
		},
		{
			"name": "hexadecagon",
			"from": [3, 2.4499999999999993, 8.102175265240685],
			"to": [7, 2.549999999999999, 8.897824734759316],
			"rotation": {"angle": 0, "axis": "y", "origin": [5, 2.5, 8.5]},
			"faces": {
				"east": {"uv": [0.032, 1.968, 0.968, 1.032], "texture": "#0"},
				"west": {"uv": [0.032, 1.968, 0.968, 1.032], "texture": "#0"},
				"up": {"uv": [0.032, 1.968, 0.968, 1.032], "texture": "#0"},
				"down": {"uv": [0.032, 1.968, 0.968, 1.032], "texture": "#0"}
			}
		},
		{
			"name": "hexadecagon",
			"from": [3, 2.4499999999999993, 8.102175265240685],
			"to": [7, 2.549999999999999, 8.897824734759316],
			"rotation": {"angle": 22.5, "axis": "y", "origin": [5, 2.5, 8.5]},
			"faces": {
				"east": {"uv": [0.032, 1.968, 0.968, 1.032], "texture": "#0"},
				"west": {"uv": [0.032, 1.968, 0.968, 1.032], "texture": "#0"},
				"up": {"uv": [0.032, 1.968, 0.968, 1.032], "texture": "#0"},
				"down": {"uv": [0.032, 1.968, 0.968, 1.032], "texture": "#0"}
			}
		},
		{
			"name": "hexadecagon",
			"from": [4.6021752652406835, 2.4499999999999993, 6.5],
			"to": [5.397824734759315, 2.549999999999999, 10.5],
			"rotation": {"angle": -45, "axis": "y", "origin": [5, 2.5, 8.5]},
			"faces": {
				"north": {"uv": [0.032, 1.968, 0.968, 1.032], "texture": "#0"},
				"south": {"uv": [0.032, 1.968, 0.968, 1.032], "texture": "#0"},
				"up": {"uv": [0.032, 1.968, 0.968, 1.032], "texture": "#0"},
				"down": {"uv": [0.032, 1.968, 0.968, 1.032], "texture": "#0"}
			}
		},
		{
			"name": "hexadecagon",
			"from": [4.6021752652406835, 2.4499999999999993, 6.5],
			"to": [5.397824734759315, 2.549999999999999, 10.5],
			"rotation": {"angle": -22.5, "axis": "y", "origin": [5, 2.5, 8.5]},
			"faces": {
				"north": {"uv": [0.032, 1.968, 0.968, 1.032], "texture": "#0"},
				"south": {"uv": [0.032, 1.968, 0.968, 1.032], "texture": "#0"},
				"up": {"uv": [0.032, 1.968, 0.968, 1.032], "texture": "#0"},
				"down": {"uv": [0.032, 1.968, 0.968, 1.032], "texture": "#0"}
			}
		},
		{
			"name": "hexadecagon",
			"from": [4.6021752652406835, 2.4499999999999993, 6.5],
			"to": [5.397824734759315, 2.549999999999999, 10.5],
			"rotation": {"angle": 0, "axis": "y", "origin": [5, 2.5, 8.5]},
			"faces": {
				"north": {"uv": [0.032, 1.968, 0.968, 1.032], "texture": "#0"},
				"south": {"uv": [0.032, 1.968, 0.968, 1.032], "texture": "#0"},
				"up": {"uv": [0.032, 1.968, 0.968, 1.032], "texture": "#0"},
				"down": {"uv": [0.032, 1.968, 0.968, 1.032], "texture": "#0"}
			}
		},
		{
			"name": "hexadecagon",
			"from": [4.6021752652406835, 2.4499999999999993, 6.5],
			"to": [5.397824734759315, 2.549999999999999, 10.5],
			"rotation": {"angle": 22.5, "axis": "y", "origin": [5, 2.5, 8.5]},
			"faces": {
				"north": {"uv": [0.032, 1.968, 0.968, 1.032], "texture": "#0"},
				"south": {"uv": [0.032, 1.968, 0.968, 1.032], "texture": "#0"},
				"up": {"uv": [0.032, 1.968, 0.968, 1.032], "texture": "#0"},
				"down": {"uv": [0.032, 1.968, 0.968, 1.032], "texture": "#0"}
			}
		},
		{
			"name": "hexadecagon",
			"from": [4.6021752652406835, 2.4499999999999993, 6.5],
			"to": [5.397824734759315, 2.549999999999999, 10.5],
			"rotation": {"angle": 45, "axis": "y", "origin": [5, 2.5, 8.5]},
			"faces": {
				"north": {"uv": [0.032, 1.968, 0.968, 1.032], "texture": "#0"},
				"south": {"uv": [0.032, 1.968, 0.968, 1.032], "texture": "#0"},
				"up": {"uv": [0.032, 1.968, 0.968, 1.032], "texture": "#0"},
				"down": {"uv": [0.032, 1.968, 0.968, 1.032], "texture": "#0"}
			}
		},
		{
			"name": "cube",
			"from": [4.75, 2.37734173536718, 15.582782818431316],
			"to": [5.25, 2.509600034373939, 15.774613039776373],
			"rotation": {"angle": 0, "axis": "x", "origin": [5, 0.01997006346957164, 16.098158572758894]},
			"faces": {
				"east": {"uv": [15.032, 2.4, 15.968, 5.4], "texture": "#0", "rotation": 90},
				"south": {"uv": [1.032, 0.032, 1.968, 0.968], "texture": "#0"},
				"west": {"uv": [15.032, 2.4, 15.968, 5.4], "texture": "#0", "rotation": 270}
			}
		},
		{
			"name": "cube",
			"from": [4.74, 2.278114378489592, 14.42591122837787],
			"to": [5.26, 2.457175172293903, 14.763508408318518],
			"rotation": {
				"angle": 22.5,
				"axis": "x",
				"origin": [5, -0.12432464590065173, 15.068386457099006]
			},
			"faces": {
				"east": {"uv": [15.032, 1.85, 15.968, 4.85], "texture": "#0", "rotation": 90},
				"south": {"uv": [1.032, 0.032, 1.968, 0.968], "texture": "#0"},
				"west": {"uv": [15.032, 1.85, 15.968, 4.85], "texture": "#0", "rotation": 270}
			}
		},
		{
			"name": "cube",
			"from": [4.75, 0.09365543413176358, 14.61655695058705],
			"to": [5.25, 0.5387773853512757, 16.836069145709],
			"rotation": {"angle": -45, "axis": "x", "origin": [5, -0.21122261464872416, 13.714117926196806]},
			"faces": {
				"east": {"uv": [15.032, 0.032, 15.968, 4.968], "texture": "#0"},
				"west": {"uv": [15.032, 0.032, 15.968, 4.968], "texture": "#0"},
				"up": {"uv": [15.032, 1.032, 15.968, 1.968], "texture": "#0"},
				"down": {"uv": [1.032, 0.032, 1.968, 0.968], "texture": "#0"}
			}
		},
		{
			"name": "hexadecagon",
			"from": [4.9624999999999995, 1.9, 11.684904606106292],
			"to": [5.0375, 2.307688847066893, 12.315095393893708],
			"rotation": {
				"angle": 0,
				"axis": "x",
				"origin": [4.999999999999999, 1.6373766652647417, 11.924747541277755]
			},
			"faces": {
				"east": {"uv": [15.032, 0.032, 15.968, 3.968], "texture": "#0"},
				"west": {"uv": [15.032, 0.032, 15.968, 3.968], "texture": "#0"},
				"up": {"uv": [15.032, 0.032, 15.968, 0.968], "texture": "#0"}
			}
		},
		{
			"name": "hexadecagon",
			"from": [4.9635, 1.9414606100478506, 11.639837310122862],
			"to": [5.0365, 2.289021585657607, 11.986986348997227],
			"rotation": {
				"angle": -22.5,
				"axis": "x",
				"origin": [5.001000000000001, 1.5390215856576068, 11.789021585657606]
			},
			"faces": {
				"east": {"uv": [15.032, 0.032, 15.968, 3.8], "texture": "#0"},
				"west": {"uv": [15.032, 0.032, 15.968, 3.8], "texture": "#0"},
				"up": {"uv": [15.032, 0.032, 15.968, 0.968], "texture": "#0", "rotation": 180}
			}
		},
		{
			"name": "hexadecagon",
			"from": [4.9625, 1.6008157244652566, 11.25],
			"to": [5.0375000000000005, 1.8991842755347434, 11.701219512195122],
			"rotation": {"angle": 22.5, "axis": "x", "origin": [5, 1.75, 12]},
			"faces": {
				"north": {"uv": [15.032, 0.032, 15.968, 1.968], "texture": "#0"},
				"east": {"uv": [14.032, 3.5, 15.968, 0.032], "texture": "#0", "rotation": 270},
				"west": {"uv": [14.032, 0.032, 15.968, 3.5], "texture": "#0", "rotation": 270}
			}
		},
		{
			"name": "hexadecagon",
			"from": [4.9625, 1.5, 11.25],
			"to": [5.0375000000000005, 1.9000000000000001, 12.75],
			"rotation": {"angle": 0, "axis": "x", "origin": [5, 1.75, 12]},
			"faces": {
				"north": {"uv": [15.032, 1.032, 15.968, 1.968], "texture": "#0"},
				"east": {"uv": [6.032, 0.032, 14.968, 3.968], "texture": "#0"},
				"south": {"uv": [15.032, 1.032, 15.968, 1.968], "texture": "#0"},
				"west": {"uv": [6.032, 0.032, 14.968, 3.968], "texture": "#0"}
			}
		},
		{
			"name": "hexadecagon",
			"from": [4.9625, 1.6008157244652566, 12.304878048780488],
			"to": [5.0375000000000005, 1.8991842755347434, 12.75],
			"rotation": {"angle": -22.5, "axis": "x", "origin": [5, 1.75, 12]},
			"faces": {
				"east": {"uv": [14.032, 0.032, 15.968, 3.5], "texture": "#0", "rotation": 270},
				"south": {"uv": [15.032, 0.032, 15.968, 1.968], "texture": "#0"},
				"west": {"uv": [14.032, 3.5, 15.968, 0.032], "texture": "#0", "rotation": 270}
			}
		},
		{
			"name": "hexadecagon",
			"from": [4.9635, 1.9292654880966316, 12.013013651002773],
			"to": [5.0365, 2.289021585657607, 12.360162689877138],
			"rotation": {
				"angle": 22.5,
				"axis": "x",
				"origin": [5.001000000000001, 1.5390215856576068, 12.210978414342394]
			},
			"faces": {
				"east": {"uv": [15.032, 0.032, 15.968, 3.8], "texture": "#0"},
				"west": {"uv": [15.032, 3.8, 15.968, 0.032], "texture": "#0", "rotation": 180},
				"up": {"uv": [15.032, 0.032, 15.968, 0.968], "texture": "#0"}
			}
		},
		{
			"name": "cube",
			"from": [4.75, 0.09365543413176358, 7.163930854290999],
			"to": [5.25, 0.5387773853512757, 9.38344304941295],
			"rotation": {"angle": 45, "axis": "x", "origin": [5, -0.21122261464872416, 10.285882073803194]},
			"faces": {
				"east": {"uv": [15.968, 0.032, 15.032, 4.968], "texture": "#0"},
				"west": {"uv": [15.968, 0.032, 15.032, 4.968], "texture": "#0"},
				"up": {"uv": [15.032, 1.968, 15.968, 1.032], "texture": "#0"},
				"down": {"uv": [1.032, 0.968, 1.968, 0.032], "texture": "#0"}
			}
		},
		{
			"name": "cube",
			"from": [4.75, 2.37734173536718, 8.225386960223627],
			"to": [5.25, 2.509600034373939, 8.417217181568684],
			"rotation": {"angle": 0, "axis": "x", "origin": [5, 0.01997006346957164, 7.901841427241106]},
			"faces": {
				"north": {"uv": [1.968, 0.032, 1.032, 0.968], "texture": "#0"},
				"east": {"uv": [15.968, 2.4, 15.032, 5.4], "texture": "#0", "rotation": 270},
				"west": {"uv": [15.968, 2.4, 15.032, 5.4], "texture": "#0", "rotation": 90}
			}
		},
		{
			"name": "cube",
			"from": [4.74, 2.278114378489592, 9.236491591681482],
			"to": [5.26, 2.457175172293903, 9.57408877162213],
			"rotation": {
				"angle": -22.5,
				"axis": "x",
				"origin": [5, -0.12432464590065173, 8.931613542900994]
			},
			"faces": {
				"north": {"uv": [1.968, 0.032, 1.032, 0.968], "texture": "#0"},
				"east": {"uv": [15.968, 1.85, 15.032, 4.85], "texture": "#0", "rotation": 270},
				"west": {"uv": [15.968, 1.85, 15.032, 4.85], "texture": "#0", "rotation": 90}
			}
		},
		{
			"name": "cube",
			"from": [2.25, 0, -0.5],
			"to": [4, 1, 4.5],
			"faces": {
				"east": {"uv": [1.032, 12.032, 1.968, 15.968], "texture": "#0"},
				"up": {"uv": [1.032, 13.032, 1.968, 13.968], "texture": "#0"}
			}
		},
		{
			"name": "cube",
			"from": [3.75, 3.5, -0.5],
			"to": [4, 4, 4.5],
			"faces": {
				"east": {"uv": [1.032, 12.032, 1.968, 14.968], "texture": "#0"},
				"west": {"uv": [1.032, 12.032, 1.968, 14.968], "texture": "#0"},
				"up": {"uv": [1.032, 13.032, 1.968, 13.968], "texture": "#0"},
				"down": {"uv": [1.032, 14.032, 1.968, 14.968], "texture": "#0"}
			}
		},
		{
			"name": "cube",
			"from": [2, 0, -0.5],
			"to": [2.25, 5, 4.5],
			"faces": {
				"east": {"uv": [0.032, 15.032, 0.968, 15.968], "texture": "#0"},
				"west": {"uv": [0.032, 15.032, 0.968, 15.968], "texture": "#0"},
				"up": {"uv": [0.032, 15.032, 0.968, 15.968], "texture": "#0"}
			}
		},
		{
			"name": "cube",
			"from": [2, 0, -1],
			"to": [4, 5, -0.5],
			"faces": {
				"north": {"uv": [0.032, 15.032, 0.968, 15.968], "texture": "#0"},
				"east": {"uv": [0.032, 15.032, 0.968, 15.968], "texture": "#0"},
				"south": {"uv": [0.032, 15.032, 0.968, 15.968], "texture": "#0"},
				"west": {"uv": [0.032, 15.032, 0.968, 15.968], "texture": "#0"},
				"up": {"uv": [0.032, 15.032, 0.968, 15.968], "texture": "#0"}
			}
		},
		{
			"name": "cube",
			"from": [2, 0, 4.5],
			"to": [4, 5, 5],
			"faces": {
				"north": {"uv": [0.032, 15.032, 0.968, 15.968], "texture": "#0"},
				"east": {"uv": [0.032, 15.032, 0.968, 15.968], "texture": "#0"},
				"south": {"uv": [0.032, 15.032, 0.968, 15.968], "texture": "#0"},
				"west": {"uv": [0.032, 15.032, 0.968, 15.968], "texture": "#0"},
				"up": {"uv": [0.032, 15.032, 0.968, 15.968], "texture": "#0"}
			}
		},
		{
			"name": "cube",
			"from": [2.25, 1.25, -0.14634146341463405],
			"to": [2.5, 4.5, 0.853658536585366],
			"rotation": {"angle": 0, "axis": "y", "origin": [3, 3, 3.5]},
			"faces": {
				"north": {"uv": [2.032, 12.032, 2.968, 14.968], "texture": "#0"},
				"east": {"uv": [2.032, 12.032, 2.968, 14.968], "texture": "#0"},
				"south": {"uv": [2.032, 12.032, 2.968, 14.968], "texture": "#0"},
				"down": {"uv": [2.032, 12.032, 2.968, 14.968], "texture": "#0"}
			}
		},
		{
			"name": "cube",
			"from": [2.5, 1.25, -0.39634146341463405],
			"to": [3.5, 4.5, -0.14634146341463405],
			"rotation": {"angle": 0, "axis": "y", "origin": [3, 3, 3.5]},
			"faces": {
				"north": {"uv": [2.032, 12.032, 2.968, 14.968], "texture": "#0"},
				"east": {"uv": [2.032, 12.032, 2.968, 14.968], "texture": "#0"},
				"south": {"uv": [2.032, 12.032, 2.968, 14.968], "texture": "#0"},
				"west": {"uv": [2.032, 12.032, 2.968, 14.968], "texture": "#0"},
				"down": {"uv": [2.032, 12.032, 2.968, 14.968], "texture": "#0", "rotation": 270}
			}
		},
		{
			"name": "cube",
			"from": [2.5, 1.25, 0.8536585365853657],
			"to": [3.5, 4.5, 1.1036585365853657],
			"rotation": {"angle": 0, "axis": "y", "origin": [3, 3, 3.5]},
			"faces": {
				"north": {"uv": [2.032, 12.032, 2.968, 14.968], "texture": "#0"},
				"east": {"uv": [2.032, 12.032, 2.968, 14.968], "texture": "#0"},
				"south": {"uv": [2.032, 12.032, 2.968, 14.968], "texture": "#0"},
				"west": {"uv": [2.032, 12.032, 2.968, 14.968], "texture": "#0"},
				"down": {"uv": [2.032, 12.032, 2.968, 14.968], "texture": "#0", "rotation": 270}
			}
		},
		{
			"name": "cube",
			"from": [2.5, 1, -0.14634146341463405],
			"to": [3.5, 1.25, 0.853658536585366],
			"rotation": {"angle": 0, "axis": "y", "origin": [3, 3, 3.5]},
			"faces": {
				"north": {"uv": [2.032, 12.032, 2.968, 14.968], "texture": "#0"},
				"east": {"uv": [2.032, 12.032, 2.968, 14.968], "texture": "#0"},
				"south": {"uv": [2.032, 12.032, 2.968, 14.968], "texture": "#0"},
				"west": {"uv": [2.032, 12.032, 2.968, 14.968], "texture": "#0"},
				"up": {"uv": [2.032, 12.032, 2.968, 14.968], "texture": "#0"}
			}
		},
		{
			"name": "cube",
			"from": [3.5, 1.25, -0.14634146341463405],
			"to": [3.75, 4.5, 0.853658536585366],
			"rotation": {"angle": 0, "axis": "y", "origin": [3, 3, 3.5]},
			"faces": {
				"north": {"uv": [2.032, 12.032, 2.968, 14.968], "texture": "#0"},
				"east": {"uv": [2.032, 12.032, 2.968, 14.968], "texture": "#0"},
				"south": {"uv": [2.032, 12.032, 2.968, 14.968], "texture": "#0"},
				"west": {"uv": [2.032, 12.032, 2.968, 14.968], "texture": "#0"},
				"down": {"uv": [2.032, 12.032, 2.968, 14.968], "texture": "#0"}
			}
		},
		{
			"name": "cube",
			"from": [2.25, 1.25, 1.5],
			"to": [2.5, 4.5, 2.5],
			"rotation": {"angle": 0, "axis": "y", "origin": [3, 3, 3.5]},
			"faces": {
				"north": {"uv": [2.032, 12.032, 2.968, 14.968], "texture": "#0"},
				"east": {"uv": [2.032, 12.032, 2.968, 14.968], "texture": "#0"},
				"south": {"uv": [2.032, 12.032, 2.968, 14.968], "texture": "#0"},
				"down": {"uv": [2.032, 12.032, 2.968, 14.968], "texture": "#0"}
			}
		},
		{
			"name": "cube",
			"from": [2.5, 1.25, 1.25],
			"to": [3.5, 4.5, 1.5],
			"rotation": {"angle": 0, "axis": "y", "origin": [3, 3, 3.5]},
			"faces": {
				"north": {"uv": [2.032, 12.032, 2.968, 14.968], "texture": "#0"},
				"east": {"uv": [2.032, 12.032, 2.968, 14.968], "texture": "#0"},
				"south": {"uv": [2.032, 12.032, 2.968, 14.968], "texture": "#0"},
				"west": {"uv": [2.032, 12.032, 2.968, 14.968], "texture": "#0"},
				"down": {"uv": [2.032, 12.032, 2.968, 14.968], "texture": "#0", "rotation": 270}
			}
		},
		{
			"name": "cube",
			"from": [2.5, 1.25, 2.5],
			"to": [3.5, 4.5, 2.75],
			"rotation": {"angle": 0, "axis": "y", "origin": [3, 3, 3.5]},
			"faces": {
				"north": {"uv": [2.032, 12.032, 2.968, 14.968], "texture": "#0"},
				"east": {"uv": [2.032, 12.032, 2.968, 14.968], "texture": "#0"},
				"south": {"uv": [2.032, 12.032, 2.968, 14.968], "texture": "#0"},
				"west": {"uv": [2.032, 12.032, 2.968, 14.968], "texture": "#0"},
				"down": {"uv": [2.032, 12.032, 2.968, 14.968], "texture": "#0", "rotation": 270}
			}
		},
		{
			"name": "cube",
			"from": [2.5, 1, 1.5],
			"to": [3.5, 1.25, 2.5],
			"rotation": {"angle": 0, "axis": "y", "origin": [3, 3, 3.5]},
			"faces": {
				"north": {"uv": [2.032, 12.032, 2.968, 14.968], "texture": "#0"},
				"east": {"uv": [2.032, 12.032, 2.968, 14.968], "texture": "#0"},
				"south": {"uv": [2.032, 12.032, 2.968, 14.968], "texture": "#0"},
				"west": {"uv": [2.032, 12.032, 2.968, 14.968], "texture": "#0"},
				"up": {"uv": [2.032, 12.032, 2.968, 14.968], "texture": "#0"}
			}
		},
		{
			"name": "cube",
			"from": [3.5, 1.25, 1.5],
			"to": [3.75, 4.5, 2.5],
			"rotation": {"angle": 0, "axis": "y", "origin": [3, 3, 3.5]},
			"faces": {
				"north": {"uv": [2.032, 12.032, 2.968, 14.968], "texture": "#0"},
				"east": {"uv": [2.032, 12.032, 2.968, 14.968], "texture": "#0"},
				"south": {"uv": [2.032, 12.032, 2.968, 14.968], "texture": "#0"},
				"west": {"uv": [2.032, 12.032, 2.968, 14.968], "texture": "#0"},
				"down": {"uv": [2.032, 12.032, 2.968, 14.968], "texture": "#0"}
			}
		},
		{
			"name": "cube",
			"from": [2.25, 4.5, 1.4999999999999996],
			"to": [2.5, 4.75, 2.4999999999999996],
			"rotation": {"angle": 0, "axis": "y", "origin": [3, 4.625, 3.6585365853658534]},
			"faces": {
				"east": {"uv": [2.032, 12.032, 2.968, 14.968], "texture": "#0"},
				"up": {"uv": [2.032, 12.032, 2.968, 14.968], "texture": "#0", "rotation": 180}
			}
		},
		{
			"name": "cube",
			"from": [3.5, 4.5, 1.4999999999999996],
			"to": [3.75, 4.75, 2.4999999999999996],
			"rotation": {"angle": 0, "axis": "y", "origin": [3, 4.625, 3.6585365853658534]},
			"faces": {
				"east": {"uv": [2.032, 12.032, 2.968, 14.968], "texture": "#0"},
				"west": {"uv": [2.032, 12.032, 2.968, 14.968], "texture": "#0"},
				"up": {"uv": [2.032, 12.032, 2.968, 14.968], "texture": "#0", "rotation": 180}
			}
		},
		{
			"name": "cube",
			"from": [2.25, 4.5, 1.2499999999999996],
			"to": [3.75, 4.75, 1.4999999999999996],
			"rotation": {"angle": 0, "axis": "y", "origin": [3, 4.625, 3.6585365853658534]},
			"faces": {
				"north": {"uv": [2.032, 12.032, 2.968, 14.968], "texture": "#0"},
				"east": {"uv": [2.032, 12.032, 2.968, 14.968], "texture": "#0"},
				"south": {"uv": [2.032, 12.032, 2.968, 14.968], "texture": "#0"},
				"up": {"uv": [2.032, 12.032, 2.968, 14.968], "texture": "#0", "rotation": 90},
				"down": {"uv": [2.032, 12.032, 2.968, 14.968], "texture": "#0", "rotation": 270}
			}
		},
		{
			"name": "cube",
			"from": [2.25, 4.5, 2.4999999999999996],
			"to": [3.75, 4.75, 2.7499999999999996],
			"rotation": {"angle": 0, "axis": "y", "origin": [3, 4.625, 3.6585365853658534]},
			"faces": {
				"north": {"uv": [2.032, 12.032, 2.968, 14.968], "texture": "#0"},
				"east": {"uv": [2.032, 12.032, 2.968, 14.968], "texture": "#0"},
				"south": {"uv": [2.032, 12.032, 2.968, 14.968], "texture": "#0"},
				"up": {"uv": [2.032, 12.032, 2.968, 14.968], "texture": "#0", "rotation": 90},
				"down": {"uv": [2.032, 12.032, 2.968, 14.968], "texture": "#0", "rotation": 270}
			}
		},
		{
			"name": "cube",
			"from": [2.25, 4.5, -0.3963414634146345],
			"to": [3.75, 4.75, -0.1463414634146345],
			"rotation": {"angle": 0, "axis": "y", "origin": [3, 4.625, 3.6585365853658534]},
			"faces": {
				"north": {"uv": [2.032, 12.032, 2.968, 14.968], "texture": "#0"},
				"east": {"uv": [2.032, 12.032, 2.968, 14.968], "texture": "#0"},
				"south": {"uv": [2.032, 12.032, 2.968, 14.968], "texture": "#0"},
				"up": {"uv": [2.032, 12.032, 2.968, 14.968], "texture": "#0", "rotation": 90},
				"down": {"uv": [2.032, 12.032, 2.968, 14.968], "texture": "#0", "rotation": 270}
			}
		},
		{
			"name": "cube",
			"from": [2.25, 4.5, -0.1463414634146345],
			"to": [2.5, 4.75, 0.8536585365853655],
			"rotation": {"angle": 0, "axis": "y", "origin": [3, 4.625, 3.6585365853658534]},
			"faces": {
				"east": {"uv": [2.032, 12.032, 2.968, 14.968], "texture": "#0"},
				"up": {"uv": [2.032, 12.032, 2.968, 14.968], "texture": "#0", "rotation": 180}
			}
		},
		{
			"name": "cube",
			"from": [2.25, 4.5, 0.8536585365853657],
			"to": [3.75, 4.75, 1.1036585365853657],
			"rotation": {"angle": 0, "axis": "y", "origin": [3, 4.625, 3.6585365853658534]},
			"faces": {
				"north": {"uv": [2.032, 12.032, 2.968, 14.968], "texture": "#0"},
				"east": {"uv": [2.032, 12.032, 2.968, 14.968], "texture": "#0"},
				"south": {"uv": [2.032, 12.032, 2.968, 14.968], "texture": "#0"},
				"up": {"uv": [2.032, 12.032, 2.968, 14.968], "texture": "#0", "rotation": 90},
				"down": {"uv": [2.032, 12.032, 2.968, 14.968], "texture": "#0", "rotation": 270}
			}
		},
		{
			"name": "cube",
			"from": [3.5, 4.5, -0.1463414634146345],
			"to": [3.75, 4.75, 0.8536585365853655],
			"rotation": {"angle": 0, "axis": "y", "origin": [3, 4.625, 3.6585365853658534]},
			"faces": {
				"east": {"uv": [2.032, 12.032, 2.968, 14.968], "texture": "#0"},
				"west": {"uv": [2.032, 12.032, 2.968, 14.968], "texture": "#0"},
				"up": {"uv": [2.032, 12.032, 2.968, 14.968], "texture": "#0", "rotation": 180}
			}
		},
		{
			"name": "cube",
			"from": [2.25, 1.25, 3.1463414634146343],
			"to": [2.5, 4.5, 4.146341463414634],
			"rotation": {"angle": 0, "axis": "y", "origin": [3, 3, 3.5]},
			"faces": {
				"north": {"uv": [2.032, 12.032, 2.968, 14.968], "texture": "#0"},
				"east": {"uv": [2.032, 12.032, 2.968, 14.968], "texture": "#0"},
				"south": {"uv": [2.032, 12.032, 2.968, 14.968], "texture": "#0"},
				"down": {"uv": [2.032, 12.032, 2.968, 14.968], "texture": "#0"}
			}
		},
		{
			"name": "cube",
			"from": [2.5, 1.25, 2.8963414634146343],
			"to": [3.5, 4.5, 3.1463414634146343],
			"rotation": {"angle": 0, "axis": "y", "origin": [3, 3, 3.5]},
			"faces": {
				"north": {"uv": [2.032, 12.032, 2.968, 14.968], "texture": "#0"},
				"east": {"uv": [2.032, 12.032, 2.968, 14.968], "texture": "#0"},
				"south": {"uv": [2.032, 12.032, 2.968, 14.968], "texture": "#0"},
				"west": {"uv": [2.032, 12.032, 2.968, 14.968], "texture": "#0"},
				"down": {"uv": [2.032, 12.032, 2.968, 14.968], "texture": "#0", "rotation": 270}
			}
		},
		{
			"name": "cube",
			"from": [2.5, 1.25, 4.146341463414634],
			"to": [3.5, 4.5, 4.396341463414634],
			"rotation": {"angle": 0, "axis": "y", "origin": [3, 3, 3.5]},
			"faces": {
				"north": {"uv": [2.032, 12.032, 2.968, 14.968], "texture": "#0"},
				"east": {"uv": [2.032, 12.032, 2.968, 14.968], "texture": "#0"},
				"south": {"uv": [2.032, 12.032, 2.968, 14.968], "texture": "#0"},
				"west": {"uv": [2.032, 12.032, 2.968, 14.968], "texture": "#0"},
				"down": {"uv": [2.032, 12.032, 2.968, 14.968], "texture": "#0", "rotation": 270}
			}
		},
		{
			"name": "cube",
			"from": [2.5, 1, 3.1463414634146343],
			"to": [3.5, 1.25, 4.146341463414634],
			"rotation": {"angle": 0, "axis": "y", "origin": [3, 3, 3.5]},
			"faces": {
				"north": {"uv": [2.032, 12.032, 2.968, 14.968], "texture": "#0"},
				"east": {"uv": [2.032, 12.032, 2.968, 14.968], "texture": "#0"},
				"south": {"uv": [2.032, 12.032, 2.968, 14.968], "texture": "#0"},
				"west": {"uv": [2.032, 12.032, 2.968, 14.968], "texture": "#0"},
				"up": {"uv": [2.032, 12.032, 2.968, 14.968], "texture": "#0"}
			}
		},
		{
			"name": "cube",
			"from": [3.5, 1.25, 3.1463414634146343],
			"to": [3.75, 4.5, 4.146341463414634],
			"rotation": {"angle": 0, "axis": "y", "origin": [3, 3, 3.5]},
			"faces": {
				"north": {"uv": [2.032, 12.032, 2.968, 14.968], "texture": "#0"},
				"east": {"uv": [2.032, 12.032, 2.968, 14.968], "texture": "#0"},
				"south": {"uv": [2.032, 12.032, 2.968, 14.968], "texture": "#0"},
				"west": {"uv": [2.032, 12.032, 2.968, 14.968], "texture": "#0"},
				"down": {"uv": [2.032, 12.032, 2.968, 14.968], "texture": "#0"}
			}
		},
		{
			"name": "cube",
			"from": [2.25, 4.5, 4.146341463414634],
			"to": [3.75, 4.75, 4.396341463414634],
			"rotation": {"angle": 0, "axis": "y", "origin": [3, 4.625, 3.6463414634146343]},
			"faces": {
				"north": {"uv": [2.032, 12.032, 2.968, 14.968], "texture": "#0"},
				"east": {"uv": [2.032, 12.032, 2.968, 14.968], "texture": "#0"},
				"south": {"uv": [2.032, 12.032, 2.968, 14.968], "texture": "#0"},
				"up": {"uv": [2.032, 12.032, 2.968, 14.968], "texture": "#0", "rotation": 90},
				"down": {"uv": [2.032, 12.032, 2.968, 14.968], "texture": "#0", "rotation": 270}
			}
		},
		{
			"name": "cube",
			"from": [2.25, 4.5, 2.8963414634146343],
			"to": [3.75, 4.75, 3.1463414634146343],
			"rotation": {"angle": 0, "axis": "y", "origin": [3, 4.625, 3.6463414634146343]},
			"faces": {
				"north": {"uv": [2.032, 12.032, 2.968, 14.968], "texture": "#0"},
				"east": {"uv": [2.032, 12.032, 2.968, 14.968], "texture": "#0"},
				"south": {"uv": [2.032, 12.032, 2.968, 14.968], "texture": "#0"},
				"up": {"uv": [2.032, 12.032, 2.968, 14.968], "texture": "#0", "rotation": 90},
				"down": {"uv": [2.032, 12.032, 2.968, 14.968], "texture": "#0", "rotation": 270}
			}
		},
		{
			"name": "cube",
			"from": [3.5, 4.5, 3.1463414634146343],
			"to": [3.75, 4.75, 4.146341463414634],
			"rotation": {"angle": 0, "axis": "y", "origin": [3, 4.625, 3.6463414634146343]},
			"faces": {
				"east": {"uv": [2.032, 12.032, 2.968, 14.968], "texture": "#0"},
				"west": {"uv": [2.032, 12.032, 2.968, 14.968], "texture": "#0"},
				"up": {"uv": [2.032, 12.032, 2.968, 14.968], "texture": "#0", "rotation": 180}
			}
		},
		{
			"name": "cube",
			"from": [2.25, 4.5, 3.1463414634146343],
			"to": [2.5, 4.75, 4.146341463414634],
			"rotation": {"angle": 0, "axis": "y", "origin": [3, 4.625, 3.6463414634146343]},
			"faces": {
				"east": {"uv": [2.032, 12.032, 2.968, 14.968], "texture": "#0"},
				"up": {"uv": [2.032, 12.032, 2.968, 14.968], "texture": "#0", "rotation": 180}
			}
		},
		{
			"name": "hexadecagon",
			"from": [6.848375855264733, 0.09999999999999998, 4.534999999999999],
			"to": [7.351624144735267, 0.44999999999999996, 7.0649999999999995],
			"rotation": {"angle": -45, "axis": "y", "origin": [7.1, 0.22499999999999998, 5.8]},
			"faces": {
				"north": {"uv": [3.032, 12.032, 3.968, 15.968], "texture": "#0"},
				"south": {"uv": [3.032, 12.032, 3.968, 15.968], "texture": "#0"}
			}
		},
		{
			"name": "hexadecagon",
			"from": [6.848375855264733, 0.09999999999999998, 4.534999999999999],
			"to": [7.351624144735267, 0.44999999999999996, 7.0649999999999995],
			"rotation": {"angle": -22.5, "axis": "y", "origin": [7.1, 0.22499999999999998, 5.8]},
			"faces": {
				"north": {"uv": [3.032, 12.032, 3.968, 15.968], "texture": "#0"},
				"south": {"uv": [3.032, 12.032, 3.968, 15.968], "texture": "#0"}
			}
		},
		{
			"name": "hexadecagon",
			"from": [6.848375855264733, 0.09999999999999998, 4.534999999999999],
			"to": [7.351624144735267, 0.44999999999999996, 7.0649999999999995],
			"rotation": {"angle": 0, "axis": "y", "origin": [7.1, 0.22499999999999998, 5.8]},
			"faces": {
				"north": {"uv": [3.032, 12.032, 3.968, 15.968], "texture": "#0"},
				"south": {"uv": [3.032, 12.032, 3.968, 15.968], "texture": "#0"}
			}
		},
		{
			"name": "hexadecagon",
			"from": [6.848375855264733, 0.09999999999999998, 4.534999999999999],
			"to": [7.351624144735267, 0.44999999999999996, 7.0649999999999995],
			"rotation": {"angle": 22.5, "axis": "y", "origin": [7.1, 0.22499999999999998, 5.8]},
			"faces": {
				"north": {"uv": [3.032, 12.032, 3.968, 15.968], "texture": "#0"},
				"south": {"uv": [3.032, 12.032, 3.968, 15.968], "texture": "#0"}
			}
		},
		{
			"name": "hexadecagon",
			"from": [6.848375855264733, 0.09999999999999998, 4.534999999999999],
			"to": [7.351624144735267, 0.44999999999999996, 7.0649999999999995],
			"rotation": {"angle": 45, "axis": "y", "origin": [7.1, 0.22499999999999998, 5.8]},
			"faces": {
				"north": {"uv": [3.032, 12.032, 3.968, 15.968], "texture": "#0"},
				"south": {"uv": [3.032, 12.032, 3.968, 15.968], "texture": "#0"}
			}
		},
		{
			"name": "hexadecagon",
			"from": [5.835, 0.09999999999999998, 5.548375855264732],
			"to": [8.364999999999998, 0.44999999999999996, 6.051624144735267],
			"rotation": {"angle": -22.5, "axis": "y", "origin": [7.1, 0.22499999999999998, 5.8]},
			"faces": {
				"east": {"uv": [3.032, 12.032, 3.968, 15.968], "texture": "#0"},
				"west": {"uv": [3.032, 12.032, 3.968, 15.968], "texture": "#0"}
			}
		},
		{
			"name": "hexadecagon",
			"from": [5.835, 0.09999999999999998, 5.548375855264732],
			"to": [8.364999999999998, 0.44999999999999996, 6.051624144735267],
			"rotation": {"angle": 0, "axis": "y", "origin": [7.1, 0.22499999999999998, 5.8]},
			"faces": {
				"east": {"uv": [3.032, 12.032, 3.968, 15.968], "texture": "#0"},
				"west": {"uv": [3.032, 12.032, 3.968, 15.968], "texture": "#0"}
			}
		},
		{
			"name": "hexadecagon",
			"from": [5.835, 0.09999999999999998, 5.548375855264732],
			"to": [8.364999999999998, 0.44999999999999996, 6.051624144735267],
			"rotation": {"angle": 22.5, "axis": "y", "origin": [7.1, 0.22499999999999998, 5.8]},
			"faces": {
				"east": {"uv": [3.032, 12.032, 3.968, 15.968], "texture": "#0"},
				"west": {"uv": [3.032, 12.032, 3.968, 15.968], "texture": "#0"}
			}
		},
		{
			"name": "hexadecagon",
			"from": [6.7936749542353265, 0.3500000000000001, 4.26],
			"to": [7.4063250457646745, 0.9048780487804878, 7.34],
			"rotation": {"angle": -45, "axis": "y", "origin": [7.1, 0.6000000000000001, 5.8]},
			"faces": {
				"north": {"uv": [3.032, 12.032, 3.968, 15.968], "texture": "#0"},
				"south": {"uv": [3.032, 12.032, 3.968, 15.968], "texture": "#0"},
				"up": {"uv": [3.032, 12.032, 3.968, 15.968], "texture": "#0"},
				"down": {"uv": [3.032, 12.032, 3.968, 15.968], "texture": "#0"}
			}
		},
		{
			"name": "hexadecagon",
			"from": [6.7936749542353265, 0.3500000000000001, 4.26],
			"to": [7.4063250457646745, 0.9048780487804878, 7.34],
			"rotation": {"angle": -22.5, "axis": "y", "origin": [7.1, 0.6000000000000001, 5.8]},
			"faces": {
				"north": {"uv": [3.032, 12.032, 3.968, 15.968], "texture": "#0"},
				"south": {"uv": [3.032, 12.032, 3.968, 15.968], "texture": "#0"},
				"up": {"uv": [3.032, 12.032, 3.968, 15.968], "texture": "#0"},
				"down": {"uv": [3.032, 12.032, 3.968, 15.968], "texture": "#0"}
			}
		},
		{
			"name": "hexadecagon",
			"from": [6.7936749542353265, 0.3500000000000001, 4.26],
			"to": [7.4063250457646745, 0.9048780487804878, 7.34],
			"rotation": {"angle": 0, "axis": "y", "origin": [7.1, 0.6000000000000001, 5.8]},
			"faces": {
				"north": {"uv": [3.032, 12.032, 3.968, 15.968], "texture": "#0"},
				"south": {"uv": [3.032, 12.032, 3.968, 15.968], "texture": "#0"},
				"up": {"uv": [3.032, 12.032, 3.968, 15.968], "texture": "#0"},
				"down": {"uv": [3.032, 12.032, 3.968, 15.968], "texture": "#0"}
			}
		},
		{
			"name": "hexadecagon",
			"from": [6.7936749542353265, 0.3500000000000001, 4.26],
			"to": [7.4063250457646745, 0.9048780487804878, 7.34],
			"rotation": {"angle": 22.5, "axis": "y", "origin": [7.1, 0.6000000000000001, 5.8]},
			"faces": {
				"north": {"uv": [3.032, 12.032, 3.968, 15.968], "texture": "#0"},
				"south": {"uv": [3.032, 12.032, 3.968, 15.968], "texture": "#0"},
				"up": {"uv": [3.032, 12.032, 3.968, 15.968], "texture": "#0"},
				"down": {"uv": [3.032, 12.032, 3.968, 15.968], "texture": "#0"}
			}
		},
		{
			"name": "hexadecagon",
			"from": [6.7936749542353265, 0.3500000000000001, 4.26],
			"to": [7.4063250457646745, 0.9048780487804878, 7.34],
			"rotation": {"angle": 45, "axis": "y", "origin": [7.1, 0.6000000000000001, 5.8]},
			"faces": {
				"north": {"uv": [3.032, 12.032, 3.968, 15.968], "texture": "#0"},
				"south": {"uv": [3.032, 12.032, 3.968, 15.968], "texture": "#0"},
				"up": {"uv": [3.032, 12.032, 3.968, 15.968], "texture": "#0"},
				"down": {"uv": [3.032, 12.032, 3.968, 15.968], "texture": "#0"}
			}
		},
		{
			"name": "hexadecagon",
			"from": [5.56, 0.3500000000000001, 5.493674954235326],
			"to": [8.639999999999999, 0.9048780487804878, 6.106325045764674],
			"rotation": {"angle": -22.5, "axis": "y", "origin": [7.1, 0.6000000000000001, 5.8]},
			"faces": {
				"east": {"uv": [3.032, 12.032, 3.968, 15.968], "texture": "#0"},
				"west": {"uv": [3.032, 12.032, 3.968, 15.968], "texture": "#0"},
				"up": {"uv": [3.032, 12.032, 3.968, 15.968], "texture": "#0"},
				"down": {"uv": [3.032, 12.032, 3.968, 15.968], "texture": "#0"}
			}
		},
		{
			"name": "hexadecagon",
			"from": [5.56, 0.3500000000000001, 5.493674954235326],
			"to": [8.639999999999999, 0.9048780487804878, 6.106325045764674],
			"rotation": {"angle": 0, "axis": "y", "origin": [7.1, 0.6000000000000001, 5.8]},
			"faces": {
				"east": {"uv": [3.032, 12.032, 3.968, 15.968], "texture": "#0"},
				"west": {"uv": [3.032, 12.032, 3.968, 15.968], "texture": "#0"},
				"up": {"uv": [3.032, 12.032, 3.968, 15.968], "texture": "#0"},
				"down": {"uv": [3.032, 12.032, 3.968, 15.968], "texture": "#0"}
			}
		},
		{
			"name": "hexadecagon",
			"from": [5.56, 0.3500000000000001, 5.493674954235326],
			"to": [8.639999999999999, 0.9048780487804878, 6.106325045764674],
			"rotation": {"angle": 22.5, "axis": "y", "origin": [7.1, 0.6000000000000001, 5.8]},
			"faces": {
				"east": {"uv": [3.032, 12.032, 3.968, 15.968], "texture": "#0"},
				"west": {"uv": [3.032, 12.032, 3.968, 15.968], "texture": "#0"},
				"up": {"uv": [3.032, 12.032, 3.968, 15.968], "texture": "#0"},
				"down": {"uv": [3.032, 12.032, 3.968, 15.968], "texture": "#0"}
			}
		},
		{
			"name": "hexadecagon",
			"from": [5.835, 0.9024390243902439, 5.548375855264732],
			"to": [8.364999999999998, 1.4, 6.051624144735267],
			"rotation": {"angle": 22.5, "axis": "y", "origin": [7.1, 1.3628048780487805, 5.8]},
			"faces": {
				"east": {"uv": [3.032, 12.032, 3.968, 15.968], "texture": "#0"},
				"west": {"uv": [3.032, 12.032, 3.968, 15.968], "texture": "#0"},
				"up": {"uv": [3.032, 12.032, 3.968, 15.968], "texture": "#0"}
			}
		},
		{
			"name": "hexadecagon",
			"from": [5.835, 0.9024390243902439, 5.548375855264732],
			"to": [8.364999999999998, 1.4, 6.051624144735267],
			"rotation": {"angle": 0, "axis": "y", "origin": [7.1, 1.3628048780487805, 5.8]},
			"faces": {
				"east": {"uv": [3.032, 12.032, 3.968, 15.968], "texture": "#0"},
				"west": {"uv": [3.032, 12.032, 3.968, 15.968], "texture": "#0"},
				"up": {"uv": [3.032, 12.032, 3.968, 15.968], "texture": "#0"}
			}
		},
		{
			"name": "hexadecagon",
			"from": [5.835, 0.9024390243902439, 5.548375855264732],
			"to": [8.364999999999998, 1.4, 6.051624144735267],
			"rotation": {"angle": -22.5, "axis": "y", "origin": [7.1, 1.3628048780487805, 5.8]},
			"faces": {
				"east": {"uv": [3.032, 12.032, 3.968, 15.968], "texture": "#0"},
				"west": {"uv": [3.032, 12.032, 3.968, 15.968], "texture": "#0"},
				"up": {"uv": [3.032, 12.032, 3.968, 15.968], "texture": "#0"}
			}
		},
		{
			"name": "hexadecagon",
			"from": [6.848375855264733, 0.9024390243902439, 4.534999999999999],
			"to": [7.351624144735267, 1.4, 7.0649999999999995],
			"rotation": {"angle": 45, "axis": "y", "origin": [7.1, 1.3628048780487805, 5.8]},
			"faces": {
				"north": {"uv": [3.032, 12.032, 3.968, 15.968], "texture": "#0"},
				"south": {"uv": [3.032, 12.032, 3.968, 15.968], "texture": "#0"},
				"up": {"uv": [3.032, 12.032, 3.968, 15.968], "texture": "#0"}
			}
		},
		{
			"name": "hexadecagon",
			"from": [6.848375855264733, 0.9024390243902439, 4.534999999999999],
			"to": [7.351624144735267, 1.4, 7.0649999999999995],
			"rotation": {"angle": 22.5, "axis": "y", "origin": [7.1, 1.3628048780487805, 5.8]},
			"faces": {
				"north": {"uv": [3.032, 12.032, 3.968, 15.968], "texture": "#0"},
				"south": {"uv": [3.032, 12.032, 3.968, 15.968], "texture": "#0"},
				"up": {"uv": [3.032, 12.032, 3.968, 15.968], "texture": "#0"}
			}
		},
		{
			"name": "hexadecagon",
			"from": [6.848375855264733, 0.9024390243902439, 4.534999999999999],
			"to": [7.351624144735267, 1.4, 7.0649999999999995],
			"rotation": {"angle": 0, "axis": "y", "origin": [7.1, 1.3628048780487805, 5.8]},
			"faces": {
				"north": {"uv": [3.032, 12.032, 3.968, 15.968], "texture": "#0"},
				"south": {"uv": [3.032, 12.032, 3.968, 15.968], "texture": "#0"},
				"up": {"uv": [3.032, 12.032, 3.968, 15.968], "texture": "#0"}
			}
		},
		{
			"name": "hexadecagon",
			"from": [6.848375855264733, 0.9024390243902439, 4.534999999999999],
			"to": [7.351624144735267, 1.4, 7.0649999999999995],
			"rotation": {"angle": -22.5, "axis": "y", "origin": [7.1, 1.3628048780487805, 5.8]},
			"faces": {
				"north": {"uv": [3.032, 12.032, 3.968, 15.968], "texture": "#0"},
				"south": {"uv": [3.032, 12.032, 3.968, 15.968], "texture": "#0"},
				"up": {"uv": [3.032, 12.032, 3.968, 15.968], "texture": "#0"}
			}
		},
		{
			"name": "hexadecagon",
			"from": [6.848375855264733, 0.9024390243902439, 4.534999999999999],
			"to": [7.351624144735267, 1.4, 7.0649999999999995],
			"rotation": {"angle": -45, "axis": "y", "origin": [7.1, 1.3628048780487805, 5.8]},
			"faces": {
				"north": {"uv": [3.032, 12.032, 3.968, 15.968], "texture": "#0"},
				"south": {"uv": [3.032, 12.032, 3.968, 15.968], "texture": "#0"},
				"up": {"uv": [3.032, 12.032, 3.968, 15.968], "texture": "#0"}
			}
		},
		{
			"name": "hexadecagon",
			"from": [8.475, 0.25, 5.471794593823564],
			"to": [8.75, 1, 6.128205406176436],
			"rotation": {"angle": 22.5, "axis": "y", "origin": [7.1, 0.75, 5.8]},
			"faces": {
				"east": {"uv": [2.032, 12.032, 2.968, 15.968], "texture": "#0"},
				"up": {"uv": [2.032, 12.032, 2.968, 15.968], "texture": "#0"},
				"down": {"uv": [2.032, 12.032, 2.968, 15.968], "texture": "#0"}
			}
		},
		{
			"name": "hexadecagon",
			"from": [8.475, 0.25, 5.471794593823564],
			"to": [8.75, 1, 6.128205406176436],
			"rotation": {"angle": 0, "axis": "y", "origin": [7.1, 0.75, 5.8]},
			"faces": {
				"east": {"uv": [2.032, 12.032, 2.968, 15.968], "texture": "#0"},
				"up": {"uv": [2.032, 12.032, 2.968, 15.968], "texture": "#0"},
				"down": {"uv": [2.032, 12.032, 2.968, 15.968], "texture": "#0"}
			}
		},
		{
			"name": "hexadecagon",
			"from": [8.475, 0.25, 5.471794593823564],
			"to": [8.75, 1, 6.128205406176436],
			"rotation": {"angle": -22.5, "axis": "y", "origin": [7.1, 0.75, 5.8]},
			"faces": {
				"east": {"uv": [2.032, 12.032, 2.968, 15.968], "texture": "#0"},
				"up": {"uv": [2.032, 12.032, 2.968, 15.968], "texture": "#0"},
				"down": {"uv": [2.032, 12.032, 2.968, 15.968], "texture": "#0"}
			}
		},
		{
			"name": "hexadecagon",
			"from": [5.45, 0.25, 5.471794593823564],
			"to": [5.725, 1, 6.128205406176436],
			"rotation": {"angle": 22.5, "axis": "y", "origin": [7.1, 0.75, 5.8]},
			"faces": {
				"west": {"uv": [2.032, 12.032, 2.968, 15.968], "texture": "#0"},
				"up": {"uv": [2.032, 12.032, 2.968, 15.968], "texture": "#0"},
				"down": {"uv": [2.032, 12.032, 2.968, 15.968], "texture": "#0"}
			}
		},
		{
			"name": "hexadecagon",
			"from": [5.45, 0.25, 5.471794593823564],
			"to": [5.725, 1, 6.128205406176436],
			"rotation": {"angle": 0, "axis": "y", "origin": [7.1, 0.75, 5.8]},
			"faces": {
				"west": {"uv": [2.032, 12.032, 2.968, 15.968], "texture": "#0"},
				"up": {"uv": [2.032, 12.032, 2.968, 15.968], "texture": "#0"},
				"down": {"uv": [2.032, 12.032, 2.968, 15.968], "texture": "#0"}
			}
		},
		{
			"name": "hexadecagon",
			"from": [5.45, 0.25, 5.471794593823564],
			"to": [5.725, 1, 6.128205406176436],
			"rotation": {"angle": -22.5, "axis": "y", "origin": [7.1, 0.75, 5.8]},
			"faces": {
				"west": {"uv": [2.032, 12.032, 2.968, 15.968], "texture": "#0"},
				"up": {"uv": [2.032, 12.032, 2.968, 15.968], "texture": "#0"},
				"down": {"uv": [2.032, 12.032, 2.968, 15.968], "texture": "#0"}
			}
		},
		{
			"name": "hexadecagon",
			"from": [6.771794593823564, 0.25, 7.175],
			"to": [7.428205406176435, 1, 7.45],
			"rotation": {"angle": 45, "axis": "y", "origin": [7.1, 0.75, 5.8]},
			"faces": {
				"south": {"uv": [2.032, 12.032, 2.968, 15.968], "texture": "#0"},
				"up": {"uv": [2.032, 12.032, 2.968, 15.968], "texture": "#0"},
				"down": {"uv": [2.032, 12.032, 2.968, 15.968], "texture": "#0"}
			}
		},
		{
			"name": "hexadecagon",
			"from": [6.771794593823564, 0.25, 7.175],
			"to": [7.428205406176435, 1, 7.45],
			"rotation": {"angle": 22.5, "axis": "y", "origin": [7.1, 0.75, 5.8]},
			"faces": {
				"south": {"uv": [2.032, 12.032, 2.968, 15.968], "texture": "#0"},
				"up": {"uv": [2.032, 12.032, 2.968, 15.968], "texture": "#0"},
				"down": {"uv": [2.032, 12.032, 2.968, 15.968], "texture": "#0"}
			}
		},
		{
			"name": "hexadecagon",
			"from": [6.771794593823564, 0.25, 7.175],
			"to": [7.428205406176435, 1, 7.45],
			"rotation": {"angle": 0, "axis": "y", "origin": [7.1, 0.75, 5.8]},
			"faces": {
				"south": {"uv": [2.032, 12.032, 2.968, 15.968], "texture": "#0"},
				"up": {"uv": [2.032, 12.032, 2.968, 15.968], "texture": "#0"},
				"down": {"uv": [2.032, 12.032, 2.968, 15.968], "texture": "#0"}
			}
		},
		{
			"name": "hexadecagon",
			"from": [6.771794593823564, 0.25, 7.175],
			"to": [7.428205406176435, 1, 7.45],
			"rotation": {"angle": -22.5, "axis": "y", "origin": [7.1, 0.75, 5.8]},
			"faces": {
				"south": {"uv": [2.032, 12.032, 2.968, 15.968], "texture": "#0"},
				"up": {"uv": [2.032, 12.032, 2.968, 15.968], "texture": "#0"},
				"down": {"uv": [2.032, 12.032, 2.968, 15.968], "texture": "#0"}
			}
		},
		{
			"name": "hexadecagon",
			"from": [6.771794593823564, 0.25, 7.175],
			"to": [7.428205406176435, 1, 7.45],
			"rotation": {"angle": -45, "axis": "y", "origin": [7.1, 0.75, 5.8]},
			"faces": {
				"south": {"uv": [2.032, 12.032, 2.968, 15.968], "texture": "#0"},
				"up": {"uv": [2.032, 12.032, 2.968, 15.968], "texture": "#0"},
				"down": {"uv": [2.032, 12.032, 2.968, 15.968], "texture": "#0"}
			}
		},
		{
			"name": "hexadecagon",
			"from": [6.771794593823564, 0.25, 4.1499999999999995],
			"to": [7.428205406176435, 1, 4.425],
			"rotation": {"angle": 45, "axis": "y", "origin": [7.1, 0.75, 5.8]},
			"faces": {
				"north": {"uv": [2.032, 12.032, 2.968, 15.968], "texture": "#0"},
				"up": {"uv": [2.032, 12.032, 2.968, 15.968], "texture": "#0"},
				"down": {"uv": [2.032, 12.032, 2.968, 15.968], "texture": "#0"}
			}
		},
		{
			"name": "hexadecagon",
			"from": [6.771794593823564, 0.25, 4.1499999999999995],
			"to": [7.428205406176435, 1, 4.425],
			"rotation": {"angle": 22.5, "axis": "y", "origin": [7.1, 0.75, 5.8]},
			"faces": {
				"north": {"uv": [2.032, 12.032, 2.968, 15.968], "texture": "#0"},
				"up": {"uv": [2.032, 12.032, 2.968, 15.968], "texture": "#0"},
				"down": {"uv": [2.032, 12.032, 2.968, 15.968], "texture": "#0"}
			}
		},
		{
			"name": "hexadecagon",
			"from": [6.771794593823564, 0.25, 4.1499999999999995],
			"to": [7.428205406176435, 1, 4.425],
			"rotation": {"angle": 0, "axis": "y", "origin": [7.1, 0.75, 5.8]},
			"faces": {
				"north": {"uv": [2.032, 12.032, 2.968, 15.968], "texture": "#0"},
				"up": {"uv": [2.032, 12.032, 2.968, 15.968], "texture": "#0"},
				"down": {"uv": [2.032, 12.032, 2.968, 15.968], "texture": "#0"}
			}
		},
		{
			"name": "hexadecagon",
			"from": [6.771794593823564, 0.25, 4.1499999999999995],
			"to": [7.428205406176435, 1, 4.425],
			"rotation": {"angle": -22.5, "axis": "y", "origin": [7.1, 0.75, 5.8]},
			"faces": {
				"north": {"uv": [2.032, 12.032, 2.968, 15.968], "texture": "#0"},
				"up": {"uv": [2.032, 12.032, 2.968, 15.968], "texture": "#0"},
				"down": {"uv": [2.032, 12.032, 2.968, 15.968], "texture": "#0"}
			}
		},
		{
			"name": "hexadecagon",
			"from": [6.771794593823564, 0.25, 4.1499999999999995],
			"to": [7.428205406176435, 1, 4.425],
			"rotation": {"angle": -45, "axis": "y", "origin": [7.1, 0.75, 5.8]},
			"faces": {
				"north": {"uv": [2.032, 12.032, 2.968, 15.968], "texture": "#0"},
				"up": {"uv": [2.032, 12.032, 2.968, 15.968], "texture": "#0"},
				"down": {"uv": [2.032, 12.032, 2.968, 15.968], "texture": "#0"}
			}
		},
		{
			"name": "hexadecagon",
			"from": [8.2, 1, 5.52649549485297],
			"to": [8.475, 1.5, 6.07350450514703],
			"rotation": {"angle": 22.5, "axis": "y", "origin": [7.1, 1.5, 5.8]},
			"faces": {
				"east": {"uv": [2.032, 12.032, 2.968, 15.968], "texture": "#0"},
				"up": {"uv": [2.032, 12.032, 2.968, 15.968], "texture": "#0"}
			}
		},
		{
			"name": "hexadecagon",
			"from": [8.2, 1, 5.52649549485297],
			"to": [8.475, 1.5, 6.07350450514703],
			"rotation": {"angle": 0, "axis": "y", "origin": [7.1, 1.5, 5.8]},
			"faces": {
				"east": {"uv": [2.032, 12.032, 2.968, 15.968], "texture": "#0"},
				"up": {"uv": [2.032, 12.032, 2.968, 15.968], "texture": "#0"}
			}
		},
		{
			"name": "hexadecagon",
			"from": [8.2, 1, 5.52649549485297],
			"to": [8.475, 1.5, 6.07350450514703],
			"rotation": {"angle": -22.5, "axis": "y", "origin": [7.1, 1.5, 5.8]},
			"faces": {
				"east": {"uv": [2.032, 12.032, 2.968, 15.968], "texture": "#0"},
				"up": {"uv": [2.032, 12.032, 2.968, 15.968], "texture": "#0"}
			}
		},
		{
			"name": "hexadecagon",
			"from": [5.725, 1, 5.52649549485297],
			"to": [6, 1.5, 6.07350450514703],
			"rotation": {"angle": 22.5, "axis": "y", "origin": [7.1, 1.5, 5.8]},
			"faces": {
				"west": {"uv": [2.032, 12.032, 2.968, 15.968], "texture": "#0"},
				"up": {"uv": [2.032, 12.032, 2.968, 15.968], "texture": "#0"}
			}
		},
		{
			"name": "hexadecagon",
			"from": [5.725, 1, 5.52649549485297],
			"to": [6, 1.5, 6.07350450514703],
			"rotation": {"angle": 0, "axis": "y", "origin": [7.1, 1.5, 5.8]},
			"faces": {
				"west": {"uv": [2.032, 12.032, 2.968, 15.968], "texture": "#0"},
				"up": {"uv": [2.032, 12.032, 2.968, 15.968], "texture": "#0"}
			}
		},
		{
			"name": "hexadecagon",
			"from": [5.725, 1, 5.52649549485297],
			"to": [6, 1.5, 6.07350450514703],
			"rotation": {"angle": -22.5, "axis": "y", "origin": [7.1, 1.5, 5.8]},
			"faces": {
				"west": {"uv": [2.032, 12.032, 2.968, 15.968], "texture": "#0"},
				"up": {"uv": [2.032, 12.032, 2.968, 15.968], "texture": "#0"}
			}
		},
		{
			"name": "hexadecagon",
			"from": [6.826495494852971, 1, 6.9],
			"to": [7.373504505147029, 1.5, 7.175],
			"rotation": {"angle": 45, "axis": "y", "origin": [7.1, 1.5, 5.8]},
			"faces": {
				"south": {"uv": [2.032, 12.032, 2.968, 15.968], "texture": "#0"},
				"up": {"uv": [2.032, 12.032, 2.968, 15.968], "texture": "#0"}
			}
		},
		{
			"name": "hexadecagon",
			"from": [6.826495494852971, 1, 6.9],
			"to": [7.373504505147029, 1.5, 7.175],
			"rotation": {"angle": 22.5, "axis": "y", "origin": [7.1, 1.5, 5.8]},
			"faces": {
				"south": {"uv": [2.032, 12.032, 2.968, 15.968], "texture": "#0"},
				"up": {"uv": [2.032, 12.032, 2.968, 15.968], "texture": "#0"}
			}
		},
		{
			"name": "hexadecagon",
			"from": [6.826495494852971, 1, 6.9],
			"to": [7.373504505147029, 1.5, 7.175],
			"rotation": {"angle": 0, "axis": "y", "origin": [7.1, 1.5, 5.8]},
			"faces": {
				"south": {"uv": [2.032, 12.032, 2.968, 15.968], "texture": "#0"},
				"up": {"uv": [2.032, 12.032, 2.968, 15.968], "texture": "#0"}
			}
		},
		{
			"name": "hexadecagon",
			"from": [6.826495494852971, 1, 6.9],
			"to": [7.373504505147029, 1.5, 7.175],
			"rotation": {"angle": -22.5, "axis": "y", "origin": [7.1, 1.5, 5.8]},
			"faces": {
				"south": {"uv": [2.032, 12.032, 2.968, 15.968], "texture": "#0"},
				"up": {"uv": [2.032, 12.032, 2.968, 15.968], "texture": "#0"}
			}
		},
		{
			"name": "hexadecagon",
			"from": [6.826495494852971, 1, 6.9],
			"to": [7.373504505147029, 1.5, 7.175],
			"rotation": {"angle": -45, "axis": "y", "origin": [7.1, 1.5, 5.8]},
			"faces": {
				"south": {"uv": [2.032, 12.032, 2.968, 15.968], "texture": "#0"},
				"up": {"uv": [2.032, 12.032, 2.968, 15.968], "texture": "#0"}
			}
		},
		{
			"name": "hexadecagon",
			"from": [6.826495494852971, 1, 4.425],
			"to": [7.373504505147029, 1.5, 4.699999999999999],
			"rotation": {"angle": 45, "axis": "y", "origin": [7.1, 1.5, 5.8]},
			"faces": {
				"north": {"uv": [2.032, 12.032, 2.968, 15.968], "texture": "#0"},
				"up": {"uv": [2.032, 12.032, 2.968, 15.968], "texture": "#0"}
			}
		},
		{
			"name": "hexadecagon",
			"from": [6.826495494852971, 1, 4.425],
			"to": [7.373504505147029, 1.5, 4.699999999999999],
			"rotation": {"angle": 22.5, "axis": "y", "origin": [7.1, 1.5, 5.8]},
			"faces": {
				"north": {"uv": [2.032, 12.032, 2.968, 15.968], "texture": "#0"},
				"up": {"uv": [2.032, 12.032, 2.968, 15.968], "texture": "#0"}
			}
		},
		{
			"name": "hexadecagon",
			"from": [6.826495494852971, 1, 4.425],
			"to": [7.373504505147029, 1.5, 4.699999999999999],
			"rotation": {"angle": 0, "axis": "y", "origin": [7.1, 1.5, 5.8]},
			"faces": {
				"north": {"uv": [2.032, 12.032, 2.968, 15.968], "texture": "#0"},
				"up": {"uv": [2.032, 12.032, 2.968, 15.968], "texture": "#0"}
			}
		},
		{
			"name": "hexadecagon",
			"from": [6.826495494852971, 1, 4.425],
			"to": [7.373504505147029, 1.5, 4.699999999999999],
			"rotation": {"angle": -22.5, "axis": "y", "origin": [7.1, 1.5, 5.8]},
			"faces": {
				"north": {"uv": [2.032, 12.032, 2.968, 15.968], "texture": "#0"},
				"up": {"uv": [2.032, 12.032, 2.968, 15.968], "texture": "#0"}
			}
		},
		{
			"name": "hexadecagon",
			"from": [6.826495494852971, 1, 4.425],
			"to": [7.373504505147029, 1.5, 4.699999999999999],
			"rotation": {"angle": -45, "axis": "y", "origin": [7.1, 1.5, 5.8]},
			"faces": {
				"north": {"uv": [2.032, 12.032, 2.968, 15.968], "texture": "#0"},
				"up": {"uv": [2.032, 12.032, 2.968, 15.968], "texture": "#0"}
			}
		},
		{
			"name": "hexadecagon",
			"from": [7.925000000000001, 1.5, 5.581196395882376],
			"to": [8.2, 2, 6.018803604117623],
			"rotation": {"angle": 22.5, "axis": "y", "origin": [7.1, 1.75, 5.8]},
			"faces": {
				"east": {"uv": [2.032, 12.032, 2.968, 15.968], "texture": "#0"},
				"up": {"uv": [2.032, 12.032, 2.968, 15.968], "texture": "#0"}
			}
		},
		{
			"name": "hexadecagon",
			"from": [7.925000000000001, 1.5, 5.581196395882376],
			"to": [8.2, 2, 6.018803604117623],
			"rotation": {"angle": 0, "axis": "y", "origin": [7.1, 1.75, 5.8]},
			"faces": {
				"east": {"uv": [2.032, 12.032, 2.968, 15.968], "texture": "#0"},
				"up": {"uv": [2.032, 12.032, 2.968, 15.968], "texture": "#0"}
			}
		},
		{
			"name": "hexadecagon",
			"from": [7.925000000000001, 1.5, 5.581196395882376],
			"to": [8.2, 2, 6.018803604117623],
			"rotation": {"angle": -22.5, "axis": "y", "origin": [7.1, 1.75, 5.8]},
			"faces": {
				"east": {"uv": [2.032, 12.032, 2.968, 15.968], "texture": "#0"},
				"up": {"uv": [2.032, 12.032, 2.968, 15.968], "texture": "#0"}
			}
		},
		{
			"name": "hexadecagon",
			"from": [6, 1.5, 5.581196395882376],
			"to": [6.275, 2, 6.018803604117623],
			"rotation": {"angle": 22.5, "axis": "y", "origin": [7.1, 1.75, 5.8]},
			"faces": {
				"west": {"uv": [2.032, 12.032, 2.968, 15.968], "texture": "#0"},
				"up": {"uv": [2.032, 12.032, 2.968, 15.968], "texture": "#0"}
			}
		},
		{
			"name": "hexadecagon",
			"from": [6, 1.5, 5.581196395882376],
			"to": [6.275, 2, 6.018803604117623],
			"rotation": {"angle": 0, "axis": "y", "origin": [7.1, 1.75, 5.8]},
			"faces": {
				"west": {"uv": [2.032, 12.032, 2.968, 15.968], "texture": "#0"},
				"up": {"uv": [2.032, 12.032, 2.968, 15.968], "texture": "#0"}
			}
		},
		{
			"name": "hexadecagon",
			"from": [6, 1.5, 5.581196395882376],
			"to": [6.275, 2, 6.018803604117623],
			"rotation": {"angle": -22.5, "axis": "y", "origin": [7.1, 1.75, 5.8]},
			"faces": {
				"west": {"uv": [2.032, 12.032, 2.968, 15.968], "texture": "#0"},
				"up": {"uv": [2.032, 12.032, 2.968, 15.968], "texture": "#0"}
			}
		},
		{
			"name": "hexadecagon",
			"from": [6.881196395882377, 1.5, 6.625],
			"to": [7.318803604117626, 2, 6.9],
			"rotation": {"angle": 45, "axis": "y", "origin": [7.1, 1.75, 5.8]},
			"faces": {
				"south": {"uv": [2.032, 12.032, 2.968, 15.968], "texture": "#0"},
				"up": {"uv": [2.032, 12.032, 2.968, 15.968], "texture": "#0"}
			}
		},
		{
			"name": "hexadecagon",
			"from": [6.881196395882377, 1.5, 6.625],
			"to": [7.318803604117626, 2, 6.9],
			"rotation": {"angle": 22.5, "axis": "y", "origin": [7.1, 1.75, 5.8]},
			"faces": {
				"south": {"uv": [2.032, 12.032, 2.968, 15.968], "texture": "#0"},
				"up": {"uv": [2.032, 12.032, 2.968, 15.968], "texture": "#0"}
			}
		},
		{
			"name": "hexadecagon",
			"from": [6.881196395882377, 1.5, 6.625],
			"to": [7.318803604117626, 2, 6.9],
			"rotation": {"angle": 0, "axis": "y", "origin": [7.1, 1.75, 5.8]},
			"faces": {
				"south": {"uv": [2.032, 12.032, 2.968, 15.968], "texture": "#0"},
				"up": {"uv": [2.032, 12.032, 2.968, 15.968], "texture": "#0"}
			}
		},
		{
			"name": "hexadecagon",
			"from": [6.881196395882377, 1.5, 6.625],
			"to": [7.318803604117626, 2, 6.9],
			"rotation": {"angle": -22.5, "axis": "y", "origin": [7.1, 1.75, 5.8]},
			"faces": {
				"south": {"uv": [2.032, 12.032, 2.968, 15.968], "texture": "#0"},
				"up": {"uv": [2.032, 12.032, 2.968, 15.968], "texture": "#0"}
			}
		},
		{
			"name": "hexadecagon",
			"from": [6.881196395882377, 1.5, 6.625],
			"to": [7.318803604117626, 2, 6.9],
			"rotation": {"angle": -45, "axis": "y", "origin": [7.1, 1.75, 5.8]},
			"faces": {
				"south": {"uv": [2.032, 12.032, 2.968, 15.968], "texture": "#0"},
				"up": {"uv": [2.032, 12.032, 2.968, 15.968], "texture": "#0"}
			}
		},
		{
			"name": "hexadecagon",
			"from": [6.881196395882377, 1.5, 4.699999999999999],
			"to": [7.318803604117626, 2, 4.975],
			"rotation": {"angle": 45, "axis": "y", "origin": [7.1, 1.75, 5.8]},
			"faces": {
				"north": {"uv": [2.032, 12.032, 2.968, 15.968], "texture": "#0"},
				"up": {"uv": [2.032, 12.032, 2.968, 15.968], "texture": "#0"}
			}
		},
		{
			"name": "hexadecagon",
			"from": [6.881196395882377, 1.5, 4.699999999999999],
			"to": [7.318803604117626, 2, 4.975],
			"rotation": {"angle": 22.5, "axis": "y", "origin": [7.1, 1.75, 5.8]},
			"faces": {
				"north": {"uv": [2.032, 12.032, 2.968, 15.968], "texture": "#0"},
				"up": {"uv": [2.032, 12.032, 2.968, 15.968], "texture": "#0"}
			}
		},
		{
			"name": "hexadecagon",
			"from": [6.881196395882377, 1.5, 4.699999999999999],
			"to": [7.318803604117626, 2, 4.975],
			"rotation": {"angle": 0, "axis": "y", "origin": [7.1, 1.75, 5.8]},
			"faces": {
				"north": {"uv": [2.032, 12.032, 2.968, 15.968], "texture": "#0"},
				"up": {"uv": [2.032, 12.032, 2.968, 15.968], "texture": "#0"}
			}
		},
		{
			"name": "hexadecagon",
			"from": [6.881196395882377, 1.5, 4.699999999999999],
			"to": [7.318803604117626, 2, 4.975],
			"rotation": {"angle": -22.5, "axis": "y", "origin": [7.1, 1.75, 5.8]},
			"faces": {
				"north": {"uv": [2.032, 12.032, 2.968, 15.968], "texture": "#0"},
				"up": {"uv": [2.032, 12.032, 2.968, 15.968], "texture": "#0"}
			}
		},
		{
			"name": "hexadecagon",
			"from": [6.881196395882377, 1.5, 4.699999999999999],
			"to": [7.318803604117626, 2, 4.975],
			"rotation": {"angle": -45, "axis": "y", "origin": [7.1, 1.75, 5.8]},
			"faces": {
				"north": {"uv": [2.032, 12.032, 2.968, 15.968], "texture": "#0"},
				"up": {"uv": [2.032, 12.032, 2.968, 15.968], "texture": "#0"}
			}
		},
		{
			"name": "hexadecagon",
			"from": [7.65, 4.5, 5.635897296911782],
			"to": [7.925000000000001, 4.75, 5.964102703088217],
			"rotation": {"angle": 22.5, "axis": "y", "origin": [7.1, 4.75, 5.8]},
			"faces": {
				"east": {"uv": [2.032, 12.032, 2.968, 15.968], "texture": "#0"},
				"west": {"uv": [2.032, 12.032, 2.968, 15.968], "texture": "#0"},
				"up": {"uv": [2.032, 12.032, 2.968, 15.968], "texture": "#0"},
				"down": {"uv": [2.032, 12.032, 2.968, 15.968], "texture": "#0"}
			}
		},
		{
			"name": "hexadecagon",
			"from": [7.65, 4.5, 5.635897296911782],
			"to": [7.925000000000001, 4.75, 5.964102703088217],
			"rotation": {"angle": 0, "axis": "y", "origin": [7.1, 4.75, 5.8]},
			"faces": {
				"east": {"uv": [2.032, 12.032, 2.968, 15.968], "texture": "#0"},
				"west": {"uv": [2.032, 12.032, 2.968, 15.968], "texture": "#0"},
				"up": {"uv": [2.032, 12.032, 2.968, 15.968], "texture": "#0"},
				"down": {"uv": [2.032, 12.032, 2.968, 15.968], "texture": "#0"}
			}
		},
		{
			"name": "hexadecagon",
			"from": [7.65, 4.5, 5.635897296911782],
			"to": [7.925000000000001, 4.75, 5.964102703088217],
			"rotation": {"angle": -22.5, "axis": "y", "origin": [7.1, 4.75, 5.8]},
			"faces": {
				"east": {"uv": [2.032, 12.032, 2.968, 15.968], "texture": "#0"},
				"west": {"uv": [2.032, 12.032, 2.968, 15.968], "texture": "#0"},
				"up": {"uv": [2.032, 12.032, 2.968, 15.968], "texture": "#0"},
				"down": {"uv": [2.032, 12.032, 2.968, 15.968], "texture": "#0"}
			}
		},
		{
			"name": "hexadecagon",
			"from": [6.275, 4.5, 5.635897296911782],
			"to": [6.550000000000001, 4.75, 5.964102703088217],
			"rotation": {"angle": 22.5, "axis": "y", "origin": [7.1, 4.75, 5.8]},
			"faces": {
				"east": {"uv": [2.032, 12.032, 2.968, 15.968], "texture": "#0"},
				"west": {"uv": [2.032, 12.032, 2.968, 15.968], "texture": "#0"},
				"up": {"uv": [2.032, 12.032, 2.968, 15.968], "texture": "#0"},
				"down": {"uv": [2.032, 12.032, 2.968, 15.968], "texture": "#0"}
			}
		},
		{
			"name": "hexadecagon",
			"from": [6.275, 4.5, 5.635897296911782],
			"to": [6.550000000000001, 4.75, 5.964102703088217],
			"rotation": {"angle": 0, "axis": "y", "origin": [7.1, 4.75, 5.8]},
			"faces": {
				"east": {"uv": [2.032, 12.032, 2.968, 15.968], "texture": "#0"},
				"west": {"uv": [2.032, 12.032, 2.968, 15.968], "texture": "#0"},
				"up": {"uv": [2.032, 12.032, 2.968, 15.968], "texture": "#0"},
				"down": {"uv": [2.032, 12.032, 2.968, 15.968], "texture": "#0"}
			}
		},
		{
			"name": "hexadecagon",
			"from": [6.275, 4.5, 5.635897296911782],
			"to": [6.550000000000001, 4.75, 5.964102703088217],
			"rotation": {"angle": -22.5, "axis": "y", "origin": [7.1, 4.75, 5.8]},
			"faces": {
				"east": {"uv": [2.032, 12.032, 2.968, 15.968], "texture": "#0"},
				"west": {"uv": [2.032, 12.032, 2.968, 15.968], "texture": "#0"},
				"up": {"uv": [2.032, 12.032, 2.968, 15.968], "texture": "#0"},
				"down": {"uv": [2.032, 12.032, 2.968, 15.968], "texture": "#0"}
			}
		},
		{
			"name": "hexadecagon",
			"from": [6.935897296911783, 4.5, 6.35],
			"to": [7.264102703088218, 4.75, 6.625],
			"rotation": {"angle": 45, "axis": "y", "origin": [7.1, 4.75, 5.8]},
			"faces": {
				"north": {"uv": [2.032, 12.032, 2.968, 15.968], "texture": "#0"},
				"south": {"uv": [2.032, 12.032, 2.968, 15.968], "texture": "#0"},
				"up": {"uv": [2.032, 12.032, 2.968, 15.968], "texture": "#0"},
				"down": {"uv": [2.032, 12.032, 2.968, 15.968], "texture": "#0"}
			}
		},
		{
			"name": "hexadecagon",
			"from": [6.935897296911783, 4.5, 6.35],
			"to": [7.264102703088218, 4.75, 6.625],
			"rotation": {"angle": 22.5, "axis": "y", "origin": [7.1, 4.75, 5.8]},
			"faces": {
				"north": {"uv": [2.032, 12.032, 2.968, 15.968], "texture": "#0"},
				"south": {"uv": [2.032, 12.032, 2.968, 15.968], "texture": "#0"},
				"up": {"uv": [2.032, 12.032, 2.968, 15.968], "texture": "#0"},
				"down": {"uv": [2.032, 12.032, 2.968, 15.968], "texture": "#0"}
			}
		},
		{
			"name": "hexadecagon",
			"from": [6.935897296911783, 4.5, 6.35],
			"to": [7.264102703088218, 4.75, 6.625],
			"rotation": {"angle": 0, "axis": "y", "origin": [7.1, 4.75, 5.8]},
			"faces": {
				"north": {"uv": [2.032, 12.032, 2.968, 15.968], "texture": "#0"},
				"south": {"uv": [2.032, 12.032, 2.968, 15.968], "texture": "#0"},
				"up": {"uv": [2.032, 12.032, 2.968, 15.968], "texture": "#0"},
				"down": {"uv": [2.032, 12.032, 2.968, 15.968], "texture": "#0"}
			}
		},
		{
			"name": "hexadecagon",
			"from": [6.935897296911783, 4.5, 6.35],
			"to": [7.264102703088218, 4.75, 6.625],
			"rotation": {"angle": -22.5, "axis": "y", "origin": [7.1, 4.75, 5.8]},
			"faces": {
				"north": {"uv": [2.032, 12.032, 2.968, 15.968], "texture": "#0"},
				"south": {"uv": [2.032, 12.032, 2.968, 15.968], "texture": "#0"},
				"up": {"uv": [2.032, 12.032, 2.968, 15.968], "texture": "#0"},
				"down": {"uv": [2.032, 12.032, 2.968, 15.968], "texture": "#0"}
			}
		},
		{
			"name": "hexadecagon",
			"from": [6.935897296911783, 4.5, 6.35],
			"to": [7.264102703088218, 4.75, 6.625],
			"rotation": {"angle": -45, "axis": "y", "origin": [7.1, 4.75, 5.8]},
			"faces": {
				"north": {"uv": [2.032, 12.032, 2.968, 15.968], "texture": "#0"},
				"south": {"uv": [2.032, 12.032, 2.968, 15.968], "texture": "#0"},
				"up": {"uv": [2.032, 12.032, 2.968, 15.968], "texture": "#0"},
				"down": {"uv": [2.032, 12.032, 2.968, 15.968], "texture": "#0"}
			}
		},
		{
			"name": "hexadecagon",
			"from": [6.935897296911783, 4.5, 4.975],
			"to": [7.264102703088218, 4.75, 5.25],
			"rotation": {"angle": 45, "axis": "y", "origin": [7.1, 4.75, 5.8]},
			"faces": {
				"north": {"uv": [2.032, 12.032, 2.968, 15.968], "texture": "#0"},
				"south": {"uv": [2.032, 12.032, 2.968, 15.968], "texture": "#0"},
				"up": {"uv": [2.032, 12.032, 2.968, 15.968], "texture": "#0"},
				"down": {"uv": [2.032, 12.032, 2.968, 15.968], "texture": "#0"}
			}
		},
		{
			"name": "hexadecagon",
			"from": [6.935897296911783, 4.5, 4.975],
			"to": [7.264102703088218, 4.75, 5.25],
			"rotation": {"angle": 22.5, "axis": "y", "origin": [7.1, 4.75, 5.8]},
			"faces": {
				"north": {"uv": [2.032, 12.032, 2.968, 15.968], "texture": "#0"},
				"south": {"uv": [2.032, 12.032, 2.968, 15.968], "texture": "#0"},
				"up": {"uv": [2.032, 12.032, 2.968, 15.968], "texture": "#0"},
				"down": {"uv": [2.032, 12.032, 2.968, 15.968], "texture": "#0"}
			}
		},
		{
			"name": "hexadecagon",
			"from": [6.935897296911783, 4.5, 4.975],
			"to": [7.264102703088218, 4.75, 5.25],
			"rotation": {"angle": 0, "axis": "y", "origin": [7.1, 4.75, 5.8]},
			"faces": {
				"north": {"uv": [2.032, 12.032, 2.968, 15.968], "texture": "#0"},
				"south": {"uv": [2.032, 12.032, 2.968, 15.968], "texture": "#0"},
				"up": {"uv": [2.032, 12.032, 2.968, 15.968], "texture": "#0"},
				"down": {"uv": [2.032, 12.032, 2.968, 15.968], "texture": "#0"}
			}
		},
		{
			"name": "hexadecagon",
			"from": [6.935897296911783, 4.5, 4.975],
			"to": [7.264102703088218, 4.75, 5.25],
			"rotation": {"angle": -22.5, "axis": "y", "origin": [7.1, 4.75, 5.8]},
			"faces": {
				"north": {"uv": [2.032, 12.032, 2.968, 15.968], "texture": "#0"},
				"south": {"uv": [2.032, 12.032, 2.968, 15.968], "texture": "#0"},
				"up": {"uv": [2.032, 12.032, 2.968, 15.968], "texture": "#0"},
				"down": {"uv": [2.032, 12.032, 2.968, 15.968], "texture": "#0"}
			}
		},
		{
			"name": "hexadecagon",
			"from": [6.935897296911783, 4.5, 4.975],
			"to": [7.264102703088218, 4.75, 5.25],
			"rotation": {"angle": -45, "axis": "y", "origin": [7.1, 4.75, 5.8]},
			"faces": {
				"north": {"uv": [2.032, 12.032, 2.968, 15.968], "texture": "#0"},
				"south": {"uv": [2.032, 12.032, 2.968, 15.968], "texture": "#0"},
				"up": {"uv": [2.032, 12.032, 2.968, 15.968], "texture": "#0"},
				"down": {"uv": [2.032, 12.032, 2.968, 15.968], "texture": "#0"}
			}
		},
		{
			"name": "hexadecagon",
			"from": [7.375, 2.5, 5.690598197941188],
			"to": [7.65, 4.5, 5.909401802058812],
			"rotation": {"angle": 22.5, "axis": "y", "origin": [7.1, 3.5, 5.8]},
			"faces": {
				"east": {"uv": [2.032, 12.032, 2.968, 15.968], "texture": "#0"},
				"up": {"uv": [2.032, 12.032, 2.968, 15.968], "texture": "#0"},
				"down": {"uv": [2.032, 12.032, 2.968, 15.968], "texture": "#0"}
			}
		},
		{
			"name": "hexadecagon",
			"from": [7.375, 2.5, 5.690598197941188],
			"to": [7.65, 4.5, 5.909401802058812],
			"rotation": {"angle": 0, "axis": "y", "origin": [7.1, 3.5, 5.8]},
			"faces": {
				"east": {"uv": [2.032, 12.032, 2.968, 15.968], "texture": "#0"},
				"up": {"uv": [2.032, 12.032, 2.968, 15.968], "texture": "#0"},
				"down": {"uv": [2.032, 12.032, 2.968, 15.968], "texture": "#0"}
			}
		},
		{
			"name": "hexadecagon",
			"from": [7.375, 2.5, 5.690598197941188],
			"to": [7.65, 4.5, 5.909401802058812],
			"rotation": {"angle": -22.5, "axis": "y", "origin": [7.1, 3.5, 5.8]},
			"faces": {
				"east": {"uv": [2.032, 12.032, 2.968, 15.968], "texture": "#0"},
				"up": {"uv": [2.032, 12.032, 2.968, 15.968], "texture": "#0"},
				"down": {"uv": [2.032, 12.032, 2.968, 15.968], "texture": "#0"}
			}
		},
		{
			"name": "hexadecagon",
			"from": [6.550000000000001, 2.5, 5.690598197941188],
			"to": [6.824999999999999, 4.5, 5.909401802058812],
			"rotation": {"angle": 22.5, "axis": "y", "origin": [7.1, 3.5, 5.8]},
			"faces": {
				"west": {"uv": [2.032, 12.032, 2.968, 15.968], "texture": "#0"},
				"up": {"uv": [2.032, 12.032, 2.968, 15.968], "texture": "#0"},
				"down": {"uv": [2.032, 12.032, 2.968, 15.968], "texture": "#0"}
			}
		},
		{
			"name": "hexadecagon",
			"from": [6.550000000000001, 2.5, 5.690598197941188],
			"to": [6.824999999999999, 4.5, 5.909401802058812],
			"rotation": {"angle": 0, "axis": "y", "origin": [7.1, 3.5, 5.8]},
			"faces": {
				"west": {"uv": [2.032, 12.032, 2.968, 15.968], "texture": "#0"},
				"up": {"uv": [2.032, 12.032, 2.968, 15.968], "texture": "#0"},
				"down": {"uv": [2.032, 12.032, 2.968, 15.968], "texture": "#0"}
			}
		},
		{
			"name": "hexadecagon",
			"from": [6.550000000000001, 2.5, 5.690598197941188],
			"to": [6.824999999999999, 4.5, 5.909401802058812],
			"rotation": {"angle": -22.5, "axis": "y", "origin": [7.1, 3.5, 5.8]},
			"faces": {
				"west": {"uv": [2.032, 12.032, 2.968, 15.968], "texture": "#0"},
				"up": {"uv": [2.032, 12.032, 2.968, 15.968], "texture": "#0"},
				"down": {"uv": [2.032, 12.032, 2.968, 15.968], "texture": "#0"}
			}
		},
		{
			"name": "hexadecagon",
			"from": [6.990598197941187, 2.5, 6.074999999999999],
			"to": [7.20940180205881, 4.5, 6.35],
			"rotation": {"angle": 45, "axis": "y", "origin": [7.1, 3.5, 5.8]},
			"faces": {
				"south": {"uv": [2.032, 12.032, 2.968, 15.968], "texture": "#0"},
				"up": {"uv": [2.032, 12.032, 2.968, 15.968], "texture": "#0"},
				"down": {"uv": [2.032, 12.032, 2.968, 15.968], "texture": "#0"}
			}
		},
		{
			"name": "hexadecagon",
			"from": [6.990598197941187, 2.5, 6.074999999999999],
			"to": [7.20940180205881, 4.5, 6.35],
			"rotation": {"angle": 22.5, "axis": "y", "origin": [7.1, 3.5, 5.8]},
			"faces": {
				"south": {"uv": [2.032, 12.032, 2.968, 15.968], "texture": "#0"},
				"up": {"uv": [2.032, 12.032, 2.968, 15.968], "texture": "#0"},
				"down": {"uv": [2.032, 12.032, 2.968, 15.968], "texture": "#0"}
			}
		},
		{
			"name": "hexadecagon",
			"from": [6.990598197941187, 2.5, 6.074999999999999],
			"to": [7.20940180205881, 4.5, 6.35],
			"rotation": {"angle": 0, "axis": "y", "origin": [7.1, 3.5, 5.8]},
			"faces": {
				"south": {"uv": [2.032, 12.032, 2.968, 15.968], "texture": "#0"},
				"up": {"uv": [2.032, 12.032, 2.968, 15.968], "texture": "#0"},
				"down": {"uv": [2.032, 12.032, 2.968, 15.968], "texture": "#0"}
			}
		},
		{
			"name": "hexadecagon",
			"from": [6.990598197941187, 2.5, 6.074999999999999],
			"to": [7.20940180205881, 4.5, 6.35],
			"rotation": {"angle": -22.5, "axis": "y", "origin": [7.1, 3.5, 5.8]},
			"faces": {
				"south": {"uv": [2.032, 12.032, 2.968, 15.968], "texture": "#0"},
				"up": {"uv": [2.032, 12.032, 2.968, 15.968], "texture": "#0"},
				"down": {"uv": [2.032, 12.032, 2.968, 15.968], "texture": "#0"}
			}
		},
		{
			"name": "hexadecagon",
			"from": [6.990598197941187, 2.5, 6.074999999999999],
			"to": [7.20940180205881, 4.5, 6.35],
			"rotation": {"angle": -45, "axis": "y", "origin": [7.1, 3.5, 5.8]},
			"faces": {
				"south": {"uv": [2.032, 12.032, 2.968, 15.968], "texture": "#0"},
				"up": {"uv": [2.032, 12.032, 2.968, 15.968], "texture": "#0"},
				"down": {"uv": [2.032, 12.032, 2.968, 15.968], "texture": "#0"}
			}
		},
		{
			"name": "hexadecagon",
			"from": [6.990598197941187, 2.5, 5.25],
			"to": [7.20940180205881, 4.5, 5.525],
			"rotation": {"angle": 45, "axis": "y", "origin": [7.1, 3.5, 5.8]},
			"faces": {
				"north": {"uv": [2.032, 12.032, 2.968, 15.968], "texture": "#0"},
				"up": {"uv": [2.032, 12.032, 2.968, 15.968], "texture": "#0"},
				"down": {"uv": [2.032, 12.032, 2.968, 15.968], "texture": "#0"}
			}
		},
		{
			"name": "hexadecagon",
			"from": [6.990598197941187, 2.5, 5.25],
			"to": [7.20940180205881, 4.5, 5.525],
			"rotation": {"angle": 22.5, "axis": "y", "origin": [7.1, 3.5, 5.8]},
			"faces": {
				"north": {"uv": [2.032, 12.032, 2.968, 15.968], "texture": "#0"},
				"up": {"uv": [2.032, 12.032, 2.968, 15.968], "texture": "#0"},
				"down": {"uv": [2.032, 12.032, 2.968, 15.968], "texture": "#0"}
			}
		},
		{
			"name": "hexadecagon",
			"from": [6.990598197941187, 2.5, 5.25],
			"to": [7.20940180205881, 4.5, 5.525],
			"rotation": {"angle": 0, "axis": "y", "origin": [7.1, 3.5, 5.8]},
			"faces": {
				"north": {"uv": [2.032, 12.032, 2.968, 15.968], "texture": "#0"},
				"up": {"uv": [2.032, 12.032, 2.968, 15.968], "texture": "#0"},
				"down": {"uv": [2.032, 12.032, 2.968, 15.968], "texture": "#0"}
			}
		},
		{
			"name": "hexadecagon",
			"from": [6.990598197941187, 2.5, 5.25],
			"to": [7.20940180205881, 4.5, 5.525],
			"rotation": {"angle": -22.5, "axis": "y", "origin": [7.1, 3.5, 5.8]},
			"faces": {
				"north": {"uv": [2.032, 12.032, 2.968, 15.968], "texture": "#0"},
				"up": {"uv": [2.032, 12.032, 2.968, 15.968], "texture": "#0"},
				"down": {"uv": [2.032, 12.032, 2.968, 15.968], "texture": "#0"}
			}
		},
		{
			"name": "hexadecagon",
			"from": [6.990598197941187, 2.5, 5.25],
			"to": [7.20940180205881, 4.5, 5.525],
			"rotation": {"angle": -45, "axis": "y", "origin": [7.1, 3.5, 5.8]},
			"faces": {
				"north": {"uv": [2.032, 12.032, 2.968, 15.968], "texture": "#0"},
				"up": {"uv": [2.032, 12.032, 2.968, 15.968], "texture": "#0"},
				"down": {"uv": [2.032, 12.032, 2.968, 15.968], "texture": "#0"}
			}
		},
		{
			"name": "hexadecagon",
			"from": [7.65, 2, 5.635897296911782],
			"to": [7.925000000000001, 2.5, 5.964102703088217],
			"rotation": {"angle": 22.5, "axis": "y", "origin": [7.1, 2.25, 5.8]},
			"faces": {
				"east": {"uv": [2.032, 12.032, 2.968, 15.968], "texture": "#0"},
				"up": {"uv": [2.032, 12.032, 2.968, 15.968], "texture": "#0"}
			}
		},
		{
			"name": "hexadecagon",
			"from": [7.65, 2, 5.635897296911782],
			"to": [7.925000000000001, 2.5, 5.964102703088217],
			"rotation": {"angle": 0, "axis": "y", "origin": [7.1, 2.25, 5.8]},
			"faces": {
				"east": {"uv": [2.032, 12.032, 2.968, 15.968], "texture": "#0"},
				"up": {"uv": [2.032, 12.032, 2.968, 15.968], "texture": "#0"}
			}
		},
		{
			"name": "hexadecagon",
			"from": [7.65, 2, 5.635897296911782],
			"to": [7.925000000000001, 2.5, 5.964102703088217],
			"rotation": {"angle": -22.5, "axis": "y", "origin": [7.1, 2.25, 5.8]},
			"faces": {
				"east": {"uv": [2.032, 12.032, 2.968, 15.968], "texture": "#0"},
				"up": {"uv": [2.032, 12.032, 2.968, 15.968], "texture": "#0"}
			}
		},
		{
			"name": "hexadecagon",
			"from": [6.275, 2, 5.635897296911782],
			"to": [6.550000000000001, 2.5, 5.964102703088217],
			"rotation": {"angle": 22.5, "axis": "y", "origin": [7.1, 2.25, 5.8]},
			"faces": {
				"west": {"uv": [2.032, 12.032, 2.968, 15.968], "texture": "#0"},
				"up": {"uv": [2.032, 12.032, 2.968, 15.968], "texture": "#0"}
			}
		},
		{
			"name": "hexadecagon",
			"from": [6.275, 2, 5.635897296911782],
			"to": [6.550000000000001, 2.5, 5.964102703088217],
			"rotation": {"angle": 0, "axis": "y", "origin": [7.1, 2.25, 5.8]},
			"faces": {
				"west": {"uv": [2.032, 12.032, 2.968, 15.968], "texture": "#0"},
				"up": {"uv": [2.032, 12.032, 2.968, 15.968], "texture": "#0"}
			}
		},
		{
			"name": "hexadecagon",
			"from": [6.275, 2, 5.635897296911782],
			"to": [6.550000000000001, 2.5, 5.964102703088217],
			"rotation": {"angle": -22.5, "axis": "y", "origin": [7.1, 2.25, 5.8]},
			"faces": {
				"west": {"uv": [2.032, 12.032, 2.968, 15.968], "texture": "#0"},
				"up": {"uv": [2.032, 12.032, 2.968, 15.968], "texture": "#0"}
			}
		},
		{
			"name": "hexadecagon",
			"from": [6.935897296911783, 2, 6.35],
			"to": [7.264102703088218, 2.5, 6.625],
			"rotation": {"angle": 45, "axis": "y", "origin": [7.1, 2.25, 5.8]},
			"faces": {
				"south": {"uv": [2.032, 12.032, 2.968, 15.968], "texture": "#0"},
				"up": {"uv": [2.032, 12.032, 2.968, 15.968], "texture": "#0"}
			}
		},
		{
			"name": "hexadecagon",
			"from": [6.935897296911783, 2, 6.35],
			"to": [7.264102703088218, 2.5, 6.625],
			"rotation": {"angle": 22.5, "axis": "y", "origin": [7.1, 2.25, 5.8]},
			"faces": {
				"south": {"uv": [2.032, 12.032, 2.968, 15.968], "texture": "#0"},
				"up": {"uv": [2.032, 12.032, 2.968, 15.968], "texture": "#0"}
			}
		},
		{
			"name": "hexadecagon",
			"from": [6.935897296911783, 2, 6.35],
			"to": [7.264102703088218, 2.5, 6.625],
			"rotation": {"angle": 0, "axis": "y", "origin": [7.1, 2.25, 5.8]},
			"faces": {
				"south": {"uv": [2.032, 12.032, 2.968, 15.968], "texture": "#0"},
				"up": {"uv": [2.032, 12.032, 2.968, 15.968], "texture": "#0"}
			}
		},
		{
			"name": "hexadecagon",
			"from": [6.935897296911783, 2, 6.35],
			"to": [7.264102703088218, 2.5, 6.625],
			"rotation": {"angle": -22.5, "axis": "y", "origin": [7.1, 2.25, 5.8]},
			"faces": {
				"south": {"uv": [2.032, 12.032, 2.968, 15.968], "texture": "#0"},
				"up": {"uv": [2.032, 12.032, 2.968, 15.968], "texture": "#0"}
			}
		},
		{
			"name": "hexadecagon",
			"from": [6.935897296911783, 2, 6.35],
			"to": [7.264102703088218, 2.5, 6.625],
			"rotation": {"angle": -45, "axis": "y", "origin": [7.1, 2.25, 5.8]},
			"faces": {
				"south": {"uv": [2.032, 12.032, 2.968, 15.968], "texture": "#0"},
				"up": {"uv": [2.032, 12.032, 2.968, 15.968], "texture": "#0"}
			}
		},
		{
			"name": "hexadecagon",
			"from": [6.935897296911783, 2, 4.975],
			"to": [7.264102703088218, 2.5, 5.25],
			"rotation": {"angle": 45, "axis": "y", "origin": [7.1, 2.25, 5.8]},
			"faces": {
				"north": {"uv": [2.032, 12.032, 2.968, 15.968], "texture": "#0"},
				"up": {"uv": [2.032, 12.032, 2.968, 15.968], "texture": "#0"}
			}
		},
		{
			"name": "hexadecagon",
			"from": [6.935897296911783, 2, 4.975],
			"to": [7.264102703088218, 2.5, 5.25],
			"rotation": {"angle": 22.5, "axis": "y", "origin": [7.1, 2.25, 5.8]},
			"faces": {
				"north": {"uv": [2.032, 12.032, 2.968, 15.968], "texture": "#0"},
				"up": {"uv": [2.032, 12.032, 2.968, 15.968], "texture": "#0"}
			}
		},
		{
			"name": "hexadecagon",
			"from": [6.935897296911783, 2, 4.975],
			"to": [7.264102703088218, 2.5, 5.25],
			"rotation": {"angle": 0, "axis": "y", "origin": [7.1, 2.25, 5.8]},
			"faces": {
				"north": {"uv": [2.032, 12.032, 2.968, 15.968], "texture": "#0"},
				"up": {"uv": [2.032, 12.032, 2.968, 15.968], "texture": "#0"}
			}
		},
		{
			"name": "hexadecagon",
			"from": [6.935897296911783, 2, 4.975],
			"to": [7.264102703088218, 2.5, 5.25],
			"rotation": {"angle": -22.5, "axis": "y", "origin": [7.1, 2.25, 5.8]},
			"faces": {
				"north": {"uv": [2.032, 12.032, 2.968, 15.968], "texture": "#0"},
				"up": {"uv": [2.032, 12.032, 2.968, 15.968], "texture": "#0"}
			}
		},
		{
			"name": "hexadecagon",
			"from": [6.935897296911783, 2, 4.975],
			"to": [7.264102703088218, 2.5, 5.25],
			"rotation": {"angle": -45, "axis": "y", "origin": [7.1, 2.25, 5.8]},
			"faces": {
				"north": {"uv": [2.032, 12.032, 2.968, 15.968], "texture": "#0"},
				"up": {"uv": [2.032, 12.032, 2.968, 15.968], "texture": "#0"}
			}
		},
		{
			"name": "hexadecagon",
			"from": [6.826495494852971, 0, 4.425],
			"to": [7.373504505147029, 0.25, 7.175],
			"rotation": {"angle": -45, "axis": "y", "origin": [7.1, 0.25, 5.8]},
			"faces": {
				"north": {"uv": [2.032, 12.032, 2.968, 15.968], "texture": "#0"},
				"south": {"uv": [2.032, 12.032, 2.968, 15.968], "texture": "#0"},
				"down": {"uv": [2.032, 12.032, 2.968, 15.968], "texture": "#0"}
			}
		},
		{
			"name": "hexadecagon",
			"from": [6.826495494852971, 0, 4.425],
			"to": [7.373504505147029, 0.25, 7.175],
			"rotation": {"angle": -22.5, "axis": "y", "origin": [7.1, 0.25, 5.8]},
			"faces": {
				"north": {"uv": [2.032, 12.032, 2.968, 15.968], "texture": "#0"},
				"south": {"uv": [2.032, 12.032, 2.968, 15.968], "texture": "#0"},
				"down": {"uv": [2.032, 12.032, 2.968, 15.968], "texture": "#0"}
			}
		},
		{
			"name": "hexadecagon",
			"from": [6.826495494852971, 0, 4.425],
			"to": [7.373504505147029, 0.25, 7.175],
			"rotation": {"angle": 0, "axis": "y", "origin": [7.1, 0.25, 5.8]},
			"faces": {
				"north": {"uv": [2.032, 12.032, 2.968, 15.968], "texture": "#0"},
				"south": {"uv": [2.032, 12.032, 2.968, 15.968], "texture": "#0"},
				"down": {"uv": [2.032, 12.032, 2.968, 15.968], "texture": "#0"}
			}
		},
		{
			"name": "hexadecagon",
			"from": [6.826495494852971, 0, 4.425],
			"to": [7.373504505147029, 0.25, 7.175],
			"rotation": {"angle": 22.5, "axis": "y", "origin": [7.1, 0.25, 5.8]},
			"faces": {
				"north": {"uv": [2.032, 12.032, 2.968, 15.968], "texture": "#0"},
				"south": {"uv": [2.032, 12.032, 2.968, 15.968], "texture": "#0"},
				"down": {"uv": [2.032, 12.032, 2.968, 15.968], "texture": "#0"}
			}
		},
		{
			"name": "hexadecagon",
			"from": [6.826495494852971, 0, 4.425],
			"to": [7.373504505147029, 0.25, 7.175],
			"rotation": {"angle": 45, "axis": "y", "origin": [7.1, 0.25, 5.8]},
			"faces": {
				"north": {"uv": [2.032, 12.032, 2.968, 15.968], "texture": "#0"},
				"south": {"uv": [2.032, 12.032, 2.968, 15.968], "texture": "#0"},
				"down": {"uv": [2.032, 12.032, 2.968, 15.968], "texture": "#0"}
			}
		},
		{
			"name": "hexadecagon",
			"from": [5.725, 0, 5.52649549485297],
			"to": [8.475, 0.25, 6.07350450514703],
			"rotation": {"angle": -22.5, "axis": "y", "origin": [7.1, 0.25, 5.8]},
			"faces": {
				"east": {"uv": [2.032, 12.032, 2.968, 15.968], "texture": "#0"},
				"west": {"uv": [2.032, 12.032, 2.968, 15.968], "texture": "#0"},
				"down": {"uv": [2.032, 12.032, 2.968, 15.968], "texture": "#0"}
			}
		},
		{
			"name": "hexadecagon",
			"from": [5.725, 0, 5.52649549485297],
			"to": [8.475, 0.25, 6.07350450514703],
			"rotation": {"angle": 0, "axis": "y", "origin": [7.1, 0.25, 5.8]},
			"faces": {
				"east": {"uv": [2.032, 12.032, 2.968, 15.968], "texture": "#0"},
				"west": {"uv": [2.032, 12.032, 2.968, 15.968], "texture": "#0"},
				"down": {"uv": [2.032, 12.032, 2.968, 15.968], "texture": "#0"}
			}
		},
		{
			"name": "hexadecagon",
			"from": [5.725, 0, 5.52649549485297],
			"to": [8.475, 0.25, 6.07350450514703],
			"rotation": {"angle": 22.5, "axis": "y", "origin": [7.1, 0.25, 5.8]},
			"faces": {
				"east": {"uv": [2.032, 12.032, 2.968, 15.968], "texture": "#0"},
				"west": {"uv": [2.032, 12.032, 2.968, 15.968], "texture": "#0"},
				"down": {"uv": [2.032, 12.032, 2.968, 15.968], "texture": "#0"}
			}
		}
	],
	"display": {
		"head": {"scale": [1.6, 1.8, 1.7], "translation": [0, -29, 0]},
		"thirdperson_righthand": {
			"scale": [1.5, 1.5, 1.5],
			"rotation": [90, 90, 0],
			"translation": [-5, -1, 18]
		}
	},
	"groups": [
		{
			"name": "scales",
			"isOpen": false,
			"shade": true,
			"display": {"visibility": true, "autouv": false},
			"children": [
				0,
				1,
				2,
				3,
				4,
				5,
				6,
				7,
				8,
				9,
				10,
				11,
				12,
				13,
				14,
				15,
				16,
				17,
				18,
				19,
				20,
				21,
				22,
				23,
				24,
				25,
				26,
				27,
				28,
				29,
				30
			]
		},
		{
			"name": "small potions",
			"isOpen": false,
			"shade": true,
			"display": {"visibility": true, "autouv": false},
			"children": [
				31,
				32,
				33,
				34,
				35,
				36,
				37,
				38,
				39,
				40,
				41,
				42,
				43,
				44,
				45,
				46,
				47,
				48,
				49,
				50,
				51,
				52,
				53,
				54,
				55,
				56,
				57,
				58,
				59,
				60,
				61,
				62
			]
		},
		{
			"name": "group",
			"isOpen": true,
			"shade": true,
			"display": {"visibility": true, "autouv": false},
			"children": []
		},
		{
			"name": "potion glass",
			"isOpen": false,
			"shade": true,
			"display": {"visibility": true, "autouv": false},
			"children": [
				63,
				64,
				65,
				66,
				67,
				68,
				69,
				70,
				71,
				72,
				73,
				74,
				75,
				76,
				77,
				78,
				79,
				80,
				81,
				82,
				83,
				84,
				85,
				86,
				87,
				88,
				89,
				90,
				91,
				92,
				93,
				94,
				95,
				96,
				97,
				98,
				99,
				100,
				101,
				102,
				103,
				104,
				105,
				106,
				107,
				108,
				109,
				110,
				111,
				112,
				113,
				114,
				115,
				116,
				117,
				118,
				119,
				120,
				121,
				122,
				123,
				124,
				125,
				126,
				127,
				128,
				129,
				130,
				131,
				132,
				133,
				134,
				135,
				136,
				137,
				138,
				139,
				140,
				141,
				142,
				143,
				144,
				145,
				146,
				147,
				148,
				149,
				150,
				151,
				152,
				153,
				154,
				155,
				156,
				157,
				158,
				159,
				160,
				161,
				162,
				163,
				164,
				165,
				166
			]
		},
		{
			"name": "potion",
			"isOpen": false,
			"shade": true,
			"display": {"visibility": true, "autouv": false},
			"children": [
				167,
				168,
				169,
				170,
				171,
				172,
				173,
				174,
				175,
				176,
				177,
				178,
				179,
				180,
				181,
				182,
				183,
				184,
				185,
				186,
				187,
				188,
				189,
				190
			]
		}
	]
}