{
	"credit": "Made with Blockbench by dragonmaster95",
	"textures": {
		"0": "minigames/gp/butterfly",
		"particle": "minigames/gp/butterfly"
	},
	"elements": [
		{
			"from": [1.25, 0, 0.75],
			"to": [8, 0, 15.25],
			"rotation": {"angle": -22.5, "axis": "z", "origin": [8, 0, 8]},
			"faces": {
				"north": {"uv": [0, 0, 1, 1], "texture": "#missing"},
				"east": {"uv": [0, 0, 1, 1], "texture": "#missing"},
				"south": {"uv": [0, 0, 1, 1], "texture": "#missing"},
				"west": {"uv": [0, 0, 1, 1], "texture": "#missing"},
				"up": {"uv": [0.5, 0.5, 7.25, 15], "texture": "#0"},
				"down": {"uv": [7.25, 0.5, 0.5, 15], "rotation": 180, "texture": "#0"}
			}
		},
		{
			"from": [8, 0, 0.75],
			"to": [14.75, 0, 15.25],
			"rotation": {"angle": 22.5, "axis": "z", "origin": [8, 0, 8]},
			"faces": {
				"north": {"uv": [0, 0, 1, 1], "texture": "#missing"},
				"east": {"uv": [0, 0, 1, 1], "texture": "#missing"},
				"south": {"uv": [0, 0, 1, 1], "texture": "#missing"},
				"west": {"uv": [0, 0, 1, 1], "texture": "#missing"},
				"up": {"uv": [7.25, 0.5, 0.5, 15], "texture": "#0"},
				"down": {"uv": [0.5, 0.5, 7.25, 15], "rotation": 180, "texture": "#0"}
			}
		}
	],
	"display": {
		"head": {
			"translation": [0, 15.75, 0]
		}
	}
}