{
	"credit": "Made by dragonmaster95 with Blockbench, a free, modern block model editor by JannisX11",
	"elements": [
		{
			"name": "cube",
			"from": [5.517241379310343, 0, 2],
			"to": [10.482758620689655, 16, 14],
			"faces": {
				"north": {
					"uv": [0, 0, 1, 1],
					"texture": "#missing"
				},
				"east": {"uv": [0, 0, 1, 1], "texture": "#missing"},
				"south": {
					"uv": [0, 0, 1, 1],
					"texture": "#missing"
				},
				"west": {"uv": [0, 0, 1, 1], "texture": "#missing"},
				"up": {"uv": [0, 0, 1, 1], "texture": "#missing"},
				"down": {"uv": [0, 0, 1, 1], "texture": "#missing"}
			},
			"rotation": {
				"origin": [7.999999999999998, 4.413793103448276, 8],
				"axis": "y",
				"angle": -22.5
			},
			"type": "cube"
		},
		{
			"name": "cube",
			"from": [5.517241379310343, 0, 2],
			"to": [10.482758620689655, 16, 14],
			"faces": {
				"north": {
					"uv": [0, 0, 1, 1],
					"texture": "#missing"
				},
				"east": {"uv": [0, 0, 1, 1], "texture": "#missing"},
				"south": {
					"uv": [0, 0, 1, 1],
					"texture": "#missing"
				},
				"west": {"uv": [0, 0, 1, 1], "texture": "#missing"},
				"up": {"uv": [0, 0, 1, 1], "texture": "#missing"},
				"down": {"uv": [0, 0, 1, 1], "texture": "#missing"}
			},
			"rotation": {
				"origin": [7.999999999999998, 4.413793103448276, 8],
				"axis": "y",
				"angle": 22.5
			},
			"type": "cube"
		},
		{
			"name": "cube",
			"from": [2, 0, 5.517241379310345],
			"to": [14, 16, 10.482758620689655],
			"faces": {
				"north": {
					"uv": [0, 0, 1, 1],
					"texture": "#missing"
				},
				"east": {"uv": [0, 0, 1, 1], "texture": "#missing"},
				"south": {
					"uv": [0, 0, 1, 1],
					"texture": "#missing"
				},
				"west": {"uv": [0, 0, 1, 1], "texture": "#missing"},
				"up": {
					"uv": [0, 0, 1, 1],
					"rotation": 90,
					"texture": "#missing"
				},
				"down": {
					"uv": [0, 0, 1, 1],
					"rotation": 270,
					"texture": "#missing"
				}
			},
			"rotation": {
				"origin": [7.999999999999998, 4.413793103448276, 8],
				"axis": "y",
				"angle": 22.5
			},
			"type": "cube"
		},
		{
			"name": "cube",
			"from": [2, 0, 5.517241379310345],
			"to": [14, 16, 10.482758620689655],
			"faces": {
				"north": {
					"uv": [0, 0, 1, 1],
					"texture": "#missing"
				},
				"east": {"uv": [0, 0, 1, 1], "texture": "#missing"},
				"south": {
					"uv": [0, 0, 1, 1],
					"texture": "#missing"
				},
				"west": {"uv": [0, 0, 1, 1], "texture": "#missing"},
				"up": {
					"uv": [0, 0, 1, 1],
					"rotation": 90,
					"texture": "#missing"
				},
				"down": {
					"uv": [0, 0, 1, 1],
					"rotation": 270,
					"texture": "#missing"
				}
			},
			"rotation": {
				"origin": [7.999999999999998, 4.413793103448276, 8],
				"axis": "y",
				"angle": -22.5
			},
			"type": "cube"
		}
	],
	"display": {}
}