{
	"credit": "Made with Blockbench by dragonmaster95",
	"parent": "minigame/br/bobsled_red",
	"textures": {
		"0": "minigames/br/bobsled",
		"particle": "minigames/br/bobsled"
	},
	"elements": [
		{
			"from": [0.75, 0, -6.75],
			"to": [2, 2, 0.25],
			"faces": {
				"east": {"uv": [0.52, 0.06, 0.62, 0.16], "texture": "#0"},
				"west": {"uv": [0.52, 0.06, 0.62, 0.16], "texture": "#0"},
				"down": {"uv": [0.52, 0.06, 0.62, 0.16], "texture": "#0"}
			}
		},
		{
			"from": [0.75, 1.97487, -0.98223],
			"to": [2, 4.22487, 1.26777],
			"rotation": {"angle": -45, "axis": "x", "origin": [2, 2.47487, 2.01777]},
			"faces": {
				"north": {"uv": [0.5, 0.032, 0.75, 0.25], "texture": "#0"},
				"east": {"uv": [0.52, 0.06, 0.62, 0.16], "texture": "#0"},
				"west": {"uv": [0.52, 0.06, 0.62, 0.16], "texture": "#0"},
				"down": {"uv": [0.52, 0.06, 0.62, 0.16], "texture": "#0"}
			}
		},
		{
			"from": [0.75, 1.97487, -7.98223],
			"to": [2, 4.22487, -5.73223],
			"rotation": {"angle": -45, "axis": "x", "origin": [2, 2.47487, -4.98223]},
			"faces": {
				"north": {"uv": [0.52, 0.06, 0.62, 0.16], "texture": "#0"},
				"east": {"uv": [0.52, 0.06, 0.62, 0.16], "texture": "#0"},
				"west": {"uv": [0.52, 0.06, 0.62, 0.16], "texture": "#0"},
				"down": {"uv": [0.5, 0.032, 0.75, 0.25], "texture": "#0"}
			}
		},
		{
			"from": [0.75, 1.97487, 19.76777],
			"to": [2, 4.22487, 22.01777],
			"rotation": {"angle": -45, "axis": "x", "origin": [2, 2.47487, 22.76777]},
			"faces": {
				"north": {"uv": [0.5, 0.032, 0.75, 0.25], "texture": "#0"},
				"east": {"uv": [0.52, 0.06, 0.62, 0.16], "texture": "#0"},
				"west": {"uv": [0.52, 0.06, 0.62, 0.16], "texture": "#0"},
				"down": {"uv": [0.52, 0.06, 0.62, 0.16], "texture": "#0"}
			}
		},
		{
			"from": [0.75, 0, 14],
			"to": [2, 2, 21],
			"faces": {
				"east": {"uv": [0.52, 0.06, 0.62, 0.16], "texture": "#0"},
				"west": {"uv": [0.52, 0.06, 0.62, 0.16], "texture": "#0"},
				"down": {"uv": [0.52, 0.06, 0.62, 0.16], "texture": "#0"}
			}
		},
		{
			"from": [0.75, 1.97487, 12.76777],
			"to": [2, 4.22487, 15.01777],
			"rotation": {"angle": -45, "axis": "x", "origin": [2, 2.47487, 15.76777]},
			"faces": {
				"north": {"uv": [0.52, 0.06, 0.62, 0.16], "texture": "#0"},
				"east": {"uv": [0.52, 0.06, 0.62, 0.16], "texture": "#0"},
				"west": {"uv": [0.52, 0.06, 0.62, 0.16], "texture": "#0"},
				"down": {"uv": [0.5, 0.032, 0.75, 0.25], "texture": "#0"}
			}
		},
		{
			"from": [13.75, 0, -6.75],
			"to": [15, 2, 0.25],
			"faces": {
				"east": {"uv": [0.52, 0.06, 0.62, 0.16], "texture": "#0"},
				"west": {"uv": [0.52, 0.06, 0.62, 0.16], "texture": "#0"},
				"down": {"uv": [0.52, 0.06, 0.62, 0.16], "texture": "#0"}
			}
		},
		{
			"from": [13.75, 1.97487, -0.98223],
			"to": [15, 4.22487, 1.26777],
			"rotation": {"angle": -45, "axis": "x", "origin": [15, 2.47487, 2.01777]},
			"faces": {
				"north": {"uv": [0.5, 0.032, 0.75, 0.25], "texture": "#0"},
				"east": {"uv": [0.52, 0.06, 0.62, 0.16], "texture": "#0"},
				"west": {"uv": [0.52, 0.06, 0.62, 0.16], "texture": "#0"},
				"down": {"uv": [0.52, 0.06, 0.62, 0.16], "texture": "#0"}
			}
		},
		{
			"from": [13.75, 1.97487, -7.98223],
			"to": [15, 4.22487, -5.73223],
			"rotation": {"angle": -45, "axis": "x", "origin": [15, 2.47487, -4.98223]},
			"faces": {
				"north": {"uv": [0.52, 0.06, 0.62, 0.16], "texture": "#0"},
				"east": {"uv": [0.52, 0.06, 0.62, 0.16], "texture": "#0"},
				"west": {"uv": [0.52, 0.06, 0.62, 0.16], "texture": "#0"},
				"down": {"uv": [0.5, 0.032, 0.75, 0.25], "texture": "#0"}
			}
		},
		{
			"from": [13.75, 1.97487, 19.76777],
			"to": [15, 4.22487, 22.01777],
			"rotation": {"angle": -45, "axis": "x", "origin": [15, 2.47487, 22.76777]},
			"faces": {
				"north": {"uv": [0.5, 0.032, 0.75, 0.25], "texture": "#0"},
				"east": {"uv": [0.52, 0.06, 0.62, 0.16], "texture": "#0"},
				"west": {"uv": [0.52, 0.06, 0.62, 0.16], "texture": "#0"},
				"down": {"uv": [0.52, 0.06, 0.62, 0.16], "texture": "#0"}
			}
		},
		{
			"from": [13.75, 0, 14],
			"to": [15, 2, 21],
			"faces": {
				"east": {"uv": [0.52, 0.06, 0.62, 0.16], "texture": "#0"},
				"west": {"uv": [0.52, 0.06, 0.62, 0.16], "texture": "#0"},
				"down": {"uv": [0.52, 0.06, 0.62, 0.16], "texture": "#0"}
			}
		},
		{
			"from": [13.75, 1.97487, 12.76777],
			"to": [15, 4.22487, 15.01777],
			"rotation": {"angle": -45, "axis": "x", "origin": [15, 2.47487, 15.76777]},
			"faces": {
				"north": {"uv": [0.52, 0.06, 0.62, 0.16], "texture": "#0"},
				"east": {"uv": [0.52, 0.06, 0.62, 0.16], "texture": "#0"},
				"west": {"uv": [0.52, 0.06, 0.62, 0.16], "texture": "#0"},
				"down": {"uv": [0.5, 0.032, 0.75, 0.25], "texture": "#0"}
			}
		},
		{
			"from": [-1, 15.49848, 24.60345],
			"to": [17, 16.86579, 26.7557],
			"rotation": {"angle": 22.5, "axis": "x", "origin": [23, 20.49848, -4.32042]},
			"faces": {
				"east": {"uv": [0.02, 8.06, 0.12, 8.16], "texture": "#0"},
				"west": {"uv": [0.02, 8.06, 0.12, 8.16], "texture": "#0"},
				"up": {"uv": [0.02, 8.06, 0.12, 8.16], "texture": "#0"}
			}
		},
		{
			"from": [14.5, 4, 0],
			"to": [17, 8.1, 19.25],
			"faces": {
				"east": {"uv": [0.02, 8.06, 0.12, 8.16], "texture": "#0"},
				"west": {"uv": [0.02, 8.06, 0.12, 8.16], "texture": "#0"}
			}
		},
		{
			"from": [-1, -0.13509, 20.72399],
			"to": [17, 7.7018, 24.97399],
			"rotation": {"angle": -45, "axis": "x", "origin": [0, -0.8899, 16.42208]},
			"faces": {
				"north": {"uv": [0.02, 8.06, 0.12, 8.16], "texture": "#0"},
				"east": {"uv": [0.02, 8.06, 0.12, 8.16], "texture": "#0"},
				"south": {"uv": [0.02, 8.06, 0.12, 8.16], "texture": "#0"},
				"west": {"uv": [0.02, 8.06, 0.12, 8.16], "texture": "#0"},
				"up": {"uv": [0.02, 8.06, 0.12, 8.16], "texture": "#0"}
			}
		},
		{
			"from": [-3, -2.01492, -11.76954],
			"to": [19, 0.23508, -10.68264],
			"rotation": {"angle": 45, "axis": "x", "origin": [-16, -2.31683, -3.17784]},
			"faces": {
				"north": {"uv": [0.27, 8.06, 0.37, 8.16], "texture": "#0"},
				"east": {"uv": [0.27, 8.06, 0.37, 8.16], "texture": "#0"},
				"south": {"uv": [0.27, 8.06, 0.37, 8.16], "texture": "#0"},
				"west": {"uv": [0.27, 8.06, 0.37, 8.16], "texture": "#0"},
				"up": {"uv": [0.27, 8.06, 0.37, 8.16], "texture": "#0"},
				"down": {"uv": [0.27, 8.06, 0.37, 8.16], "texture": "#0"}
			}
		},
		{
			"from": [-3, 4.26446, -4.13773],
			"to": [19, 6.10136, -2.88773],
			"rotation": {"angle": -22.5, "axis": "x", "origin": [-16, -2.49034, -4.43964]},
			"faces": {
				"north": {"uv": [0.27, 8.06, 0.37, 8.16], "texture": "#0"},
				"east": {"uv": [0.27, 8.06, 0.37, 8.16], "texture": "#0"},
				"west": {"uv": [0.27, 8.06, 0.37, 8.16], "texture": "#0"},
				"up": {"uv": [0.27, 8.06, 0.37, 8.16], "texture": "#0"}
			}
		},
		{
			"from": [-3, 4.45435, -6.29377],
			"to": [19, 6.04125, -2.04377],
			"faces": {
				"north": {"uv": [0.27, 8.06, 0.37, 8.16], "texture": "#0"},
				"east": {"uv": [0.27, 8.06, 0.37, 8.16], "texture": "#0"},
				"south": {"uv": [0.27, 8.06, 0.37, 8.16], "texture": "#0"},
				"west": {"uv": [0.27, 8.06, 0.37, 8.16], "texture": "#0"},
				"up": {"uv": [0.27, 8.06, 0.37, 8.16], "texture": "#0"}
			}
		},
		{
			"from": [-3, 3.76852, -2.0271],
			"to": [19, 5.413, 1.41856],
			"rotation": {"angle": -22.5, "axis": "x", "origin": [-16, -2.97603, -1.89181]},
			"faces": {
				"north": {"uv": [0.27, 8.06, 0.37, 8.16], "texture": "#0"},
				"east": {"uv": [0.27, 8.06, 0.37, 8.16], "texture": "#0"},
				"south": {"uv": [0.27, 8.06, 0.37, 8.16], "texture": "#0"},
				"west": {"uv": [0.27, 8.06, 0.37, 8.16], "texture": "#0"},
				"down": {"uv": [0.27, 8.06, 0.37, 8.16], "texture": "#0"}
			}
		},
		{
			"from": [-3, 3.20335, -8.27105],
			"to": [19, 4.46702, -4.59783],
			"faces": {
				"east": {"uv": [0.27, 8.06, 0.37, 8.16], "texture": "#0"},
				"west": {"uv": [0.27, 8.06, 0.37, 8.16], "texture": "#0"},
				"up": {"uv": [0.27, 8.06, 0.37, 8.16], "texture": "#0"},
				"down": {"uv": [0.27, 8.06, 0.37, 8.16], "texture": "#0"}
			}
		},
		{
			"from": [-0.99, 3.3322, 5.59414],
			"to": [16.99, 7.04409, 7.84414],
			"rotation": {"angle": -45, "axis": "x", "origin": [0, -0.79761, -0.70777]},
			"faces": {
				"east": {"uv": [0.02, 8.06, 0.12, 8.16], "texture": "#0"},
				"south": {"uv": [7.032, 8.282, 15.968, 9.5], "rotation": 180, "texture": "#0"},
				"west": {"uv": [0.02, 8.06, 0.12, 8.16], "texture": "#0"},
				"down": {"uv": [0.02, 8.06, 0.12, 8.16], "texture": "#0"}
			}
		},
		{
			"from": [-0.992, 7.70753, -4.45557],
			"to": [16.993, 10.79443, -0.20557],
			"faces": {
				"east": {"uv": [6.25, 9.5, 8.25, 11], "rotation": 270, "texture": "#0"},
				"west": {"uv": [6.25, 11, 8.25, 9.5], "rotation": 270, "texture": "#0"},
				"up": {"uv": [7.032, 9.25, 15.968, 10.75], "rotation": 180, "texture": "#0"}
			}
		},
		{
			"from": [-1, 2.25228, -4.8973],
			"to": [17, 10.08917, -0.8973],
			"rotation": {"angle": -22.5, "axis": "x", "origin": [2, 1.49747, -4.44921]},
			"faces": {
				"east": {"uv": [3.5, 10.75, 6.968, 12.468], "rotation": 270, "texture": "#0"},
				"west": {"uv": [3.5, 12.468, 6.968, 10.75], "rotation": 270, "texture": "#0"},
				"up": {"uv": [7.032, 10.75, 15.968, 12.468], "rotation": 180, "texture": "#0"}
			}
		},
		{
			"from": [-0.98, 0.97877, -13.17912],
			"to": [16.99, 4.22877, -8.84222],
			"rotation": {"angle": 45, "axis": "x", "origin": [2.01, 0.67686, -4.58742]},
			"faces": {
				"north": {"uv": [7.032, 12.532, 15.968, 14], "texture": "#0"},
				"east": {"uv": [5.032, 12.282, 6.968, 13.75], "texture": "#0"},
				"west": {"uv": [6.968, 12.282, 5.032, 13.75], "texture": "#0"}
			}
		},
		{
			"from": [-1.01, 0.69806, -12.46245],
			"to": [17.005, 3.94806, -9.21245],
			"rotation": {"angle": 22.5, "axis": "x", "origin": [1.995, 0.39615, -3.87075]},
			"faces": {
				"north": {"uv": [7.032, 14, 15.968, 14.968], "texture": "#0"},
				"east": {"uv": [6.032, 14, 6.968, 14.968], "texture": "#0"},
				"west": {"uv": [6.968, 14, 6.032, 14.968], "texture": "#0"}
			}
		},
		{
			"from": [-1.005, 2.02937, -1.4392],
			"to": [17.0025, 8.23903, 4.47252],
			"rotation": {"angle": -22.5, "axis": "x", "origin": [2, -0.20253, -1.17421]},
			"faces": {
				"east": {"uv": [3.25, 8.05, 6.25, 11.3], "rotation": 270, "texture": "#0"},
				"south": {"uv": [0.02, 8.06, 0.12, 8.16], "texture": "#0"},
				"west": {"uv": [3.25, 11.25, 6.25, 8.5], "rotation": 270, "texture": "#0"}
			}
		},
		{
			"from": [-1, 1.5, -11.69291],
			"to": [17, 3.96298, 3.05],
			"faces": {
				"north": {"uv": [7.032, 15.032, 15.968, 15.968], "texture": "#0"},
				"east": {"uv": [1.5, 14.75, 6.968, 15.968], "texture": "#0"},
				"west": {"uv": [6.968, 14.75, 1.5, 15.968], "texture": "#0"},
				"down": {"uv": [0.27, 8.06, 0.37, 8.16], "texture": "#0"}
			}
		},
		{
			"from": [20, 17.85117, 0.25],
			"to": [22.47757, 19.1, 17.25],
			"rotation": {"angle": 22.5, "axis": "z", "origin": [44.25, -0.79322, 13.39725]},
			"faces": {
				"west": {"uv": [0.02, 8.06, 0.12, 8.16], "texture": "#0"},
				"up": {"uv": [0.02, 8.06, 0.12, 8.16], "texture": "#0"}
			}
		},
		{
			"from": [-6.47757, 17.85117, 0.25],
			"to": [-4, 19.1, 17.25],
			"rotation": {"angle": -22.5, "axis": "z", "origin": [-28.25, -0.79322, 13.39725]},
			"faces": {
				"east": {"uv": [0.02, 8.06, 0.12, 8.16], "texture": "#0"},
				"up": {"uv": [0.02, 8.06, 0.12, 8.16], "texture": "#0"}
			}
		},
		{
			"from": [16.52209, 8.08437, 0.09585],
			"to": [17, 9.25377, 16.25],
			"faces": {
				"east": {"uv": [0.02, 8.06, 0.12, 8.16], "texture": "#0"},
				"up": {"uv": [0.02, 8.06, 0.12, 8.16], "texture": "#0"}
			}
		},
		{
			"from": [-1, 1.5, 3.05],
			"to": [17, 4.25, 23],
			"faces": {
				"east": {"uv": [0.02, 8.06, 0.12, 8.16], "texture": "#0"},
				"south": {"uv": [0.02, 8.06, 0.12, 8.16], "texture": "#0"},
				"west": {"uv": [0.02, 8.06, 0.12, 8.16], "texture": "#0"},
				"up": {"uv": [0.02, 8.06, 0.12, 8.16], "texture": "#0"},
				"down": {"uv": [0.02, 8.06, 0.12, 8.16], "texture": "#0"}
			}
		},
		{
			"from": [-1, 4, 0],
			"to": [1.5, 8.1, 19.25],
			"faces": {
				"east": {"uv": [10.515, 8.032, 10.25, 8.25], "texture": "#0"},
				"west": {"uv": [10.515, 8.032, 10.25, 8.25], "texture": "#0"}
			}
		},
		{
			"from": [-1, 8.08437, 0.09585],
			"to": [-0.52209, 9.25377, 16.25],
			"faces": {
				"west": {"uv": [0.02, 8.06, 0.12, 8.16], "texture": "#0"},
				"up": {"uv": [0.02, 8.06, 0.12, 8.16], "texture": "#0"}
			}
		},
		{
			"from": [-1, 4.25, 16.5],
			"to": [17, 5.25661, 23],
			"faces": {
				"north": {"uv": [0.02, 8.06, 0.12, 8.16], "texture": "#0"},
				"east": {"uv": [0.02, 8.06, 0.12, 8.16], "texture": "#0"},
				"south": {"uv": [0.02, 8.06, 0.12, 8.16], "texture": "#0"},
				"west": {"uv": [0.02, 8.06, 0.12, 8.16], "texture": "#0"}
			}
		}
	],
	"display": {
		"head": {
			"translation": [0, -20.5, 14.25],
			"scale": [2.4, 2.86, 3.6]
		}
	},
	"groups": [
		{
			"name": "group",
			"children": [0, 1, 2, 3, 4, 5, 6, 7, 8, 9, 10, 11]
		}, 12, 13, 14,
		{
			"name": "side2",
			"children": [15, 16, 17, 18, 19]
		},
		{
			"name": "front2",
			"children": [20, 21, 22, 23, 24, 25]
		}, 26, 27, 28, 29, 30, 31, 32, 33]
}