{
	"credit": "Made with Blockbench by dragonmaster95",
	"textures": {
		"0": "minigames/br/bobsled_red_old",
		"particle": "minigames/br/bobsled_red_old"
	},
	"elements": [
		{
			"from": [0.75, 0, -6.75],
			"to": [2, 2, 0.25],
			"faces": {
				"east": {"uv": [0.25, 0.032, 0.5, 0.25], "texture": "#0"},
				"west": {"uv": [0.25, 0.032, 0.5, 0.25], "texture": "#0"},
				"down": {"uv": [0.25, 0.032, 0.5, 0.25], "texture": "#0"}
			}
		},
		{
			"from": [0.75, 1.97487, -0.98223],
			"to": [2, 4.22487, 1.26777],
			"rotation": {"angle": -45, "axis": "x", "origin": [2, 2.47487, 2.01777]},
			"faces": {
				"east": {"uv": [0.25, 0.032, 0.5, 0.25], "texture": "#0"},
				"west": {"uv": [0.25, 0.032, 0.5, 0.25], "texture": "#0"},
				"down": {"uv": [0.25, 0.032, 0.5, 0.25], "texture": "#0"}
			}
		},
		{
			"from": [0.75, 1.97487, -7.98223],
			"to": [2, 4.22487, -5.73223],
			"rotation": {"angle": -45, "axis": "x", "origin": [2, 2.47487, -4.98223]},
			"faces": {
				"north": {"uv": [0.25, 0.032, 0.5, 0.25], "texture": "#0"},
				"east": {"uv": [0.25, 0.032, 0.5, 0.25], "texture": "#0"},
				"west": {"uv": [0.25, 0.032, 0.5, 0.25], "texture": "#0"}
			}
		},
		{
			"from": [0.75, 1.97487, 19.76777],
			"to": [2, 4.22487, 22.01777],
			"rotation": {"angle": -45, "axis": "x", "origin": [2, 2.47487, 22.76777]},
			"faces": {
				"east": {"uv": [0.25, 0.032, 0.5, 0.25], "texture": "#0"},
				"west": {"uv": [0.25, 0.032, 0.5, 0.25], "texture": "#0"},
				"down": {"uv": [0.25, 0.032, 0.5, 0.25], "texture": "#0"}
			}
		},
		{
			"from": [0.75, 0, 14],
			"to": [2, 2, 21],
			"faces": {
				"east": {"uv": [0.25, 0.032, 0.5, 0.25], "texture": "#0"},
				"west": {"uv": [0.25, 0.032, 0.5, 0.25], "texture": "#0"},
				"down": {"uv": [0.25, 0.032, 0.5, 0.25], "texture": "#0"}
			}
		},
		{
			"from": [0.75, 1.97487, 12.76777],
			"to": [2, 4.22487, 15.01777],
			"rotation": {"angle": -45, "axis": "x", "origin": [2, 2.47487, 15.76777]},
			"faces": {
				"north": {"uv": [0.25, 0.032, 0.5, 0.25], "texture": "#0"},
				"east": {"uv": [0.25, 0.032, 0.5, 0.25], "texture": "#0"},
				"west": {"uv": [0.25, 0.032, 0.5, 0.25], "texture": "#0"}
			}
		},
		{
			"from": [13.75, 0, -6.75],
			"to": [15, 2, 0.25],
			"faces": {
				"east": {"uv": [0.25, 0.032, 0.5, 0.25], "texture": "#0"},
				"west": {"uv": [0.25, 0.032, 0.5, 0.25], "texture": "#0"},
				"down": {"uv": [0.25, 0.032, 0.5, 0.25], "texture": "#0"}
			}
		},
		{
			"from": [13.75, 1.97487, -0.98223],
			"to": [15, 4.22487, 1.26777],
			"rotation": {"angle": -45, "axis": "x", "origin": [15, 2.47487, 2.01777]},
			"faces": {
				"east": {"uv": [0.25, 0.032, 0.5, 0.25], "texture": "#0"},
				"west": {"uv": [0.25, 0.032, 0.5, 0.25], "texture": "#0"},
				"down": {"uv": [0.25, 0.032, 0.5, 0.25], "texture": "#0"}
			}
		},
		{
			"from": [13.75, 1.97487, -7.98223],
			"to": [15, 4.22487, -5.73223],
			"rotation": {"angle": -45, "axis": "x", "origin": [15, 2.47487, -4.98223]},
			"faces": {
				"north": {"uv": [0.25, 0.032, 0.5, 0.25], "texture": "#0"},
				"east": {"uv": [0.25, 0.032, 0.5, 0.25], "texture": "#0"},
				"west": {"uv": [0.25, 0.032, 0.5, 0.25], "texture": "#0"}
			}
		},
		{
			"from": [13.75, 1.97487, 19.76777],
			"to": [15, 4.22487, 22.01777],
			"rotation": {"angle": -45, "axis": "x", "origin": [15, 2.47487, 22.76777]},
			"faces": {
				"east": {"uv": [0.25, 0.032, 0.5, 0.25], "texture": "#0"},
				"west": {"uv": [0.25, 0.032, 0.5, 0.25], "texture": "#0"},
				"down": {"uv": [0.25, 0.032, 0.5, 0.25], "texture": "#0"}
			}
		},
		{
			"from": [13.75, 0, 14],
			"to": [15, 2, 21],
			"faces": {
				"east": {"uv": [0.25, 0.032, 0.5, 0.25], "texture": "#0"},
				"west": {"uv": [0.25, 0.032, 0.5, 0.25], "texture": "#0"},
				"down": {"uv": [0.25, 0.032, 0.5, 0.25], "texture": "#0"}
			}
		},
		{
			"from": [13.75, 1.97487, 12.76777],
			"to": [15, 4.22487, 15.01777],
			"rotation": {"angle": -45, "axis": "x", "origin": [15, 2.47487, 15.76777]},
			"faces": {
				"north": {"uv": [0.25, 0.032, 0.5, 0.25], "texture": "#0"},
				"east": {"uv": [0.25, 0.032, 0.5, 0.25], "texture": "#0"},
				"west": {"uv": [0.25, 0.032, 0.5, 0.25], "texture": "#0"}
			}
		},
		{
			"from": [-1, 15.49848, 24.67958],
			"to": [17, 17.24848, 27.67958],
			"rotation": {"angle": 22.5, "axis": "x", "origin": [23, 20.49848, -4.32042]},
			"faces": {
				"east": {"uv": [0.032, 0.032, 0.25, 0.25], "texture": "#0"},
				"west": {"uv": [0.032, 0.032, 0.25, 0.25], "texture": "#0"},
				"up": {"uv": [0.032, 0.032, 0.25, 0.25], "texture": "#0"}
			}
		},
		{
			"from": [-1, 3.4131, 18],
			"to": [17, 5.25, 24],
			"faces": {
				"north": {"uv": [0.032, 0.032, 0.25, 0.25], "texture": "#0"},
				"east": {"uv": [0.032, 0.032, 0.25, 0.25], "texture": "#0"},
				"south": {"uv": [0.032, 0.032, 0.25, 0.25], "texture": "#0"},
				"west": {"uv": [0.032, 0.032, 0.25, 0.25], "texture": "#0"}
			}
		},
		{
			"from": [14.5, 4.25, 0],
			"to": [17, 8.1, 19.25],
			"faces": {
				"east": {"uv": [10.25, 0.032, 10.515, 0.25], "texture": "#0"},
				"west": {"uv": [0.032, 0.032, 0.25, 0.25], "texture": "#0"}
			}
		},
		{
			"from": [-1, -0.13509, 20.72399],
			"to": [17, 7.7018, 24.97399],
			"rotation": {"angle": -45, "axis": "x", "origin": [0, -0.8899, 16.42208]},
			"faces": {
				"north": {"uv": [0.032, 0.032, 0.25, 0.25], "texture": "#0"},
				"east": {"uv": [0.032, 0.032, 0.25, 0.25], "texture": "#0"},
				"south": {"uv": [0.032, 0.032, 0.25, 0.25], "texture": "#0"},
				"west": {"uv": [0.032, 0.032, 0.25, 0.25], "texture": "#0"},
				"up": {"uv": [0.032, 0.032, 0.25, 0.25], "texture": "#0"}
			}
		},
		{
			"from": [17, -2.01492, -11.76954],
			"to": [19, 0.23508, -10.68264],
			"rotation": {"angle": 45, "axis": "x", "origin": [4, -2.31683, -3.17784]},
			"faces": {
				"north": {"uv": [6.032, 6.032, 7.5, 8.25], "texture": "#0"},
				"east": {"uv": [0.5, 0.032, 0.75, 0.25], "rotation": 90, "texture": "#0"},
				"south": {"uv": [0.5, 0.032, 0.75, 0.25], "rotation": 90, "texture": "#0"},
				"west": {"uv": [0.5, 0.032, 0.75, 0.25], "rotation": 90, "texture": "#0"},
				"down": {"uv": [6.032, 8.25, 7.5, 9.75], "rotation": 180, "texture": "#0"}
			}
		},
		{
			"from": [17, 4.26446, -4.13773],
			"to": [19, 6.10136, -2.88773],
			"rotation": {"angle": -22.5, "axis": "x", "origin": [4, -2.49034, -4.43964]},
			"faces": {
				"north": {"uv": [0.5, 0.032, 0.75, 0.25], "texture": "#0"},
				"east": {"uv": [0.5, 0.032, 0.75, 0.25], "texture": "#0"},
				"west": {"uv": [0.5, 0.032, 0.75, 0.25], "texture": "#0"},
				"up": {"uv": [0.5, 0.032, 0.75, 0.25], "texture": "#0"}
			}
		},
		{
			"from": [17, 4.45435, -6.29377],
			"to": [19, 6.04125, -2.04377],
			"faces": {
				"east": {"uv": [0.5, 0.032, 0.75, 0.25], "texture": "#0"},
				"west": {"uv": [0.5, 0.032, 0.75, 0.25], "texture": "#0"},
				"up": {"uv": [0.5, 0.032, 0.75, 0.25], "texture": "#0"}
			}
		},
		{
			"from": [17, 3.76852, -2.0271],
			"to": [19, 5.413, 1.41856],
			"rotation": {"angle": -22.5, "axis": "x", "origin": [4, -2.97603, -1.89181]},
			"faces": {
				"east": {"uv": [0.5, 0.032, 0.75, 0.25], "texture": "#0"},
				"south": {"uv": [0.5, 0.032, 0.75, 0.25], "texture": "#0"},
				"west": {"uv": [0.5, 0.032, 0.75, 0.25], "texture": "#0"},
				"down": {"uv": [0.5, 0.032, 0.75, 0.25], "texture": "#0"}
			}
		},
		{
			"from": [17, 3.20335, -8.27105],
			"to": [19, 4.46702, -4.59783],
			"faces": {
				"east": {"uv": [0.5, 0.032, 0.75, 0.25], "texture": "#0"},
				"west": {"uv": [0.5, 0.032, 0.75, 0.25], "texture": "#0"},
				"up": {"uv": [0.5, 0.032, 0.75, 0.25], "texture": "#0"},
				"down": {"uv": [0.5, 0.032, 0.75, 0.25], "texture": "#0"}
			}
		},
		{
			"from": [-3, -2.01492, -11.76954],
			"to": [-1, 0.23508, -10.68264],
			"rotation": {"angle": 45, "axis": "x", "origin": [-16, -2.31683, -3.17784]},
			"faces": {
				"north": {"uv": [7.5, 6.032, 6.032, 8.25], "texture": "#0"},
				"east": {"uv": [0.5, 0.032, 0.75, 0.25], "rotation": 90, "texture": "#0"},
				"south": {"uv": [0.5, 0.032, 0.75, 0.25], "rotation": 90, "texture": "#0"},
				"west": {"uv": [0.5, 0.032, 0.75, 0.25], "rotation": 90, "texture": "#0"},
				"down": {"uv": [7.5, 8.25, 6.032, 9.75], "rotation": 180, "texture": "#0"}
			}
		},
		{
			"from": [-3, 4.26446, -4.13773],
			"to": [-1, 6.10136, -2.88773],
			"rotation": {"angle": -22.5, "axis": "x", "origin": [-16, -2.49034, -4.43964]},
			"faces": {
				"north": {"uv": [0.5, 0.032, 0.75, 0.25], "texture": "#0"},
				"east": {"uv": [0.5, 0.032, 0.75, 0.25], "texture": "#0"},
				"west": {"uv": [0.5, 0.032, 0.75, 0.25], "texture": "#0"},
				"up": {"uv": [0.5, 0.032, 0.75, 0.25], "texture": "#0"}
			}
		},
		{
			"from": [-3, 4.45435, -6.29377],
			"to": [-1, 6.04125, -2.04377],
			"faces": {
				"east": {"uv": [0.5, 0.032, 0.75, 0.25], "texture": "#0"},
				"west": {"uv": [0.5, 0.032, 0.75, 0.25], "texture": "#0"},
				"up": {"uv": [0.5, 0.032, 0.75, 0.25], "texture": "#0"}
			}
		},
		{
			"from": [-3, 3.76852, -2.0271],
			"to": [-1, 5.413, 1.41856],
			"rotation": {"angle": -22.5, "axis": "x", "origin": [-16, -2.97603, -1.89181]},
			"faces": {
				"east": {"uv": [0.5, 0.032, 0.75, 0.25], "texture": "#0"},
				"south": {"uv": [0.5, 0.032, 0.75, 0.25], "texture": "#0"},
				"west": {"uv": [0.5, 0.032, 0.75, 0.25], "texture": "#0"},
				"down": {"uv": [0.5, 0.032, 0.75, 0.25], "texture": "#0"}
			}
		},
		{
			"from": [-3, 3.20335, -8.27105],
			"to": [-1, 4.46702, -4.59783],
			"faces": {
				"east": {"uv": [0.5, 0.032, 0.75, 0.25], "texture": "#0"},
				"west": {"uv": [0.5, 0.032, 0.75, 0.25], "texture": "#0"},
				"up": {"uv": [0.5, 0.032, 0.75, 0.25], "texture": "#0"},
				"down": {"uv": [0.5, 0.032, 0.75, 0.25], "texture": "#0"}
			}
		},
		{
			"from": [-0.99, 3.3322, 5.59414],
			"to": [16.99, 7.04409, 7.84414],
			"rotation": {"angle": -45, "axis": "x", "origin": [0, -0.79761, -0.70777]},
			"faces": {
				"east": {"uv": [5.032, 0.032, 7.968, 1.5], "rotation": 180, "texture": "#0"},
				"south": {"uv": [8.032, 0, 15.968, 1.468], "rotation": 180, "texture": "#0"},
				"west": {"uv": [7.968, 0.032, 5.032, 1.5], "rotation": 180, "texture": "#0"},
				"down": {"uv": [8, 14.5, 15.936, 15.718], "rotation": 180, "texture": "#0"}
			}
		},
		{
			"from": [-1.005, 7.70753, -3.45557],
			"to": [17.005, 10.79443, -0.20557],
			"faces": {
				"east": {"uv": [6.032, 1.5, 7.968, 3.25], "rotation": 270, "texture": "#0"},
				"west": {"uv": [6.032, 3.25, 7.968, 1.5], "rotation": 270, "texture": "#0"},
				"up": {"uv": [8.032, 1.5, 15.968, 3.25], "rotation": 180, "texture": "#0"}
			}
		},
		{
			"from": [-1, 6.25228, -3.1473],
			"to": [17, 10.08917, 0.1027],
			"rotation": {"angle": -22.5, "axis": "x", "origin": [2, 1.49747, -3.44921]},
			"faces": {
				"east": {"uv": [6.032, 3.25, 7.968, 4.968], "rotation": 270, "texture": "#0"},
				"west": {"uv": [6.032, 4.968, 7.968, 3.25], "rotation": 270, "texture": "#0"},
				"up": {"uv": [8.032, 3.25, 15.968, 4.968], "rotation": 180, "texture": "#0"},
				"down": {"uv": [0.032, 0.032, 0.25, 0.25], "texture": "#0"}
			}
		},
		{
			"from": [-0.99, 1.26579, -11.48621],
			"to": [16.99, 4.51579, -8.64931],
			"rotation": {"angle": 45, "axis": "x", "origin": [2, 0.96388, -2.89451]},
			"faces": {
				"north": {"uv": [8.032, 5.032, 15.968, 6.75], "texture": "#0"},
				"east": {"uv": [6.032, 4.782, 7.968, 7.25], "texture": "#0"},
				"west": {"uv": [6.032, 6.75, 7.968, 5.032], "rotation": 180, "texture": "#0"}
			}
		},
		{
			"from": [-1.005, 0.98508, -10.76954],
			"to": [17.005, 4.23508, -7.51954],
			"rotation": {"angle": 22.5, "axis": "x", "origin": [2, 0.68317, -2.17784]},
			"faces": {
				"north": {"uv": [8.032, 6.75, 15.968, 8.5], "texture": "#0"},
				"east": {"uv": [6.032, 6.75, 8.25, 8.5], "texture": "#0"},
				"south": {"uv": [0.032, 0.032, 0.25, 0.25], "rotation": 90, "texture": "#0"},
				"west": {"uv": [6.032, 8.5, 7.968, 6.75], "rotation": 180, "texture": "#0"}
			}
		},
		{
			"from": [-1.002, 2.35228, -0.3642],
			"to": [17.003, 8.46403, 4.2277],
			"rotation": {"angle": -22.5, "axis": "x", "origin": [2, -0.40253, -0.82421]},
			"faces": {
				"east": {"uv": [3.5, 0.25, 5.968, 3.25], "rotation": 270, "texture": "#0"},
				"west": {"uv": [3.5, 3.25, 5.968, 0.25], "rotation": 270, "texture": "#0"},
				"down": {"uv": [0.032, 0.032, 0.25, 0.25], "texture": "#0"}
			}
		},
		{
			"from": [-1.001, 2.55, 2.125],
			"to": [17.001, 8.21176, 4.7668],
			"rotation": {"angle": -22.5, "axis": "x", "origin": [2, -0.40253, -0.32421]},
			"faces": {
				"east": {"uv": [1, 5.75, 3.468, 2.75], "rotation": 270, "texture": "#0"},
				"west": {"uv": [1, 5.75, 3.468, 2.75], "rotation": 270, "texture": "#0"},
				"down": {"uv": [0.032, 0.032, 0.25, 0.25], "texture": "#0"}
			}
		},
		{
			"from": [-1, 1.5, -10],
			"to": [17, 4.25, 0],
			"faces": {
				"north": {"uv": [8.032, 8.5, 15.968, 10], "texture": "#0"},
				"east": {"uv": [4.032, 8.5, 7.968, 10], "texture": "#0"},
				"west": {"uv": [4.032, 10, 7.968, 8.5], "rotation": 180, "texture": "#0"},
				"up": {"uv": [0.032, 0.032, 0.25, 0.25], "texture": "#0"},
				"down": {"uv": [0.032, 0.032, 0.25, 0.25], "texture": "#0"}
			}
		},
		{
			"from": [20, 17.85117, 0.25],
			"to": [22.47757, 19.1, 17.25],
			"rotation": {"angle": 22.5, "axis": "z", "origin": [44.25, -0.79322, 13.39725]},
			"faces": {
				"north": {"uv": [0.032, 0.032, 0.25, 0.25], "texture": "#0"},
				"south": {"uv": [0.032, 0.032, 0.25, 0.25], "texture": "#0"},
				"west": {"uv": [0.032, 0.032, 0.25, 0.25], "texture": "#0"},
				"up": {"uv": [0.032, 0.032, 0.25, 0.25], "texture": "#0"}
			}
		},
		{
			"from": [-6.47757, 17.85117, 0.25],
			"to": [-4, 19.1, 17.25],
			"rotation": {"angle": -22.5, "axis": "z", "origin": [-28.25, -0.79322, 13.39725]},
			"faces": {
				"north": {"uv": [0.032, 0.032, 0.25, 0.25], "texture": "#0"},
				"east": {"uv": [0.032, 0.032, 0.25, 0.25], "texture": "#0"},
				"south": {"uv": [0.032, 0.032, 0.25, 0.25], "texture": "#0"},
				"up": {"uv": [0.032, 0.032, 0.25, 0.25], "texture": "#0"}
			}
		},
		{
			"from": [16.52209, 8.08437, 0.09585],
			"to": [17, 9.25377, 16.25],
			"faces": {
				"east": {"uv": [10.25, 0.032, 10.515, 0.25], "texture": "#0"},
				"up": {"uv": [0.032, 0.032, 0.25, 0.25], "texture": "#0"}
			}
		},
		{
			"from": [-1, 1.5, 0],
			"to": [17, 4.25, 24],
			"faces": {
				"east": {"uv": [10.75, 0.032, 11.04, 0.25], "texture": "#0"},
				"south": {"uv": [0.032, 0.032, 0.25, 0.25], "texture": "#0"},
				"west": {"uv": [11.04, 0.032, 10.75, 0.25], "texture": "#0"},
				"up": {"uv": [0.032, 0.032, 0.25, 0.25], "texture": "#0"},
				"down": {"uv": [0.032, 0.032, 0.25, 0.25], "texture": "#0"}
			}
		},
		{
			"from": [-0.995, 4.25, -6],
			"to": [16.995, 8.2, 1],
			"faces": {
				"east": {"uv": [0.5, 0.032, 0.75, 0.25], "texture": "#0"},
				"south": {"uv": [0.032, 0.032, 0.25, 0.25], "texture": "#0"},
				"west": {"uv": [0.5, 0.032, 0.75, 0.25], "texture": "#0"}
			}
		},
		{
			"from": [-1, 4.25, 0],
			"to": [1.5, 8.1, 19.25],
			"faces": {
				"east": {"uv": [0.032, 0.032, 0.25, 0.25], "texture": "#0"},
				"west": {"uv": [10.515, 0.032, 10.25, 0.25], "texture": "#0"}
			}
		},
		{
			"from": [-1, 8.08437, 0.09585],
			"to": [-0.52209, 9.25377, 16.25],
			"faces": {
				"east": {"uv": [10.515, 0.032, 10.25, 0.25], "texture": "#0"},
				"west": {"uv": [10.515, 0.032, 10.25, 0.25], "texture": "#0"},
				"up": {"uv": [0.25, 0.032, 0.032, 0.25], "texture": "#0"}
			}
		},
		{
			"from": [-1, 4.5, -6],
			"to": [17, 8.25, 0],
			"color": 5,
			"faces": {}
		}
	],
	"display": {
		"head": {
			"translation": [0, -12.25, 4],
			"scale": [2.4, 2.86, 3.6]
		}
	},
	"groups": [
		{
			"name": "group",
			"children": [0, 1, 2, 3, 4, 5, 6, 7, 8, 9, 10, 11]
		}, 12, 13, 14, 15,
		{
			"name": "side",
			"children": [16, 17, 18, 19, 20]
		},
		{
			"name": "side2",
			"children": [21, 22, 23, 24, 25]
		},
		{
			"name": "front2",
			"children": [26, 27, 28, 29, 30, 31, 32]
		}, 33, 34, 35, 36, 37, 38, 39, 40, 41]
}