{
    "__comment": "Model generated using MrCrayfish's Model Creator (http://mrcrayfish.com/modelcreator/)",
    "textures": {
        "0": "minigames/kbt/treasure_chest",
        "1": "minigames/kbt/treasure_chest_lock"
    },
    "display":{
        "head":{
            "translation":[0,8,-6],
			"rotation": [0,0,0],
			"scale": [3.2,3.2,3.2]
        }
	},
    "elements": [
        {
            "name": "North",
            "from": [ 4.005, 4.0, 5.499999992549419 ], 
            "to": [ 7.5, 7.0, 5.999999985098839 ], 
            "rotation": { "origin": [ 4.0, 4.0, 5.499999992549419 ], "axis": "x", "angle": 22.5 },
            "faces": {
                "north": { "texture": "#0", "uv": [ 10.5, 4.0, 0.0, 16.0 ] },
                "south": { "texture": "#0", "uv": [ 3.0, 4.0, 8.0, 16.0 ] },
                "west": { "texture": "#0", "uv": [ 3.0, 4.0, 6.0, 16.0 ] },
                "up": { "texture": "#0", "uv": [ 11.0, 0.0, 16.0, 2.0 ] },
                "down": { "texture": "#0", "uv": [ 11.0, 0.0, 16.0, 2.0 ] }
            }
        },
        {
            "name": "North",
            "from": [ 7.5, 4.0, 5.5 ], 
            "to": [ 8.5, 7.0, 6.0 ], 
            "rotation": { "origin": [ 4.0, 4.0, 5.499999992549419 ], "axis": "x", "angle": 22.5 },
            "faces": {
                "north": { "texture": "#0", "uv": [ 0.0, 4.0, 2.9999999999999987, 16.0 ] },
                "south": { "texture": "#0", "uv": [ 8.0, 4.0, 11.0, 16.0 ] },
                "up": { "texture": "#0", "uv": [ 7.0, 0.0, 10.0, 2.0 ] },
                "down": { "texture": "#0", "uv": [ 7.0, 0.0, 10.0, 2.0 ] }
            }
        },
        {
            "name": "North",
            "from": [ 8.5, 4.0, 5.499999992549419 ], 
            "to": [ 11.995000000000001, 7.0, 5.999999985098839 ], 
            "rotation": { "origin": [ 4.0, 4.0, 5.499999992549419 ], "axis": "x", "angle": 22.5 },
            "faces": {
                "north": { "texture": "#0", "uv": [ 0.0, 4.0, 10.499999999999998, 16.0 ] },
                "east": { "texture": "#0", "uv": [ 13.0, 4.0, 16.0, 16.0 ] },
                "south": { "texture": "#0", "uv": [ 11.0, 4.0, 16.0, 16.0 ] },
                "up": { "texture": "#0", "uv": [ 3.0, 0.0, 6.0, 2.0 ] },
                "down": { "texture": "#0", "uv": [ 3.0, 0.0, 6.0, 2.0 ] }
            }
        },
        {
            "name": "South",
            "from": [ 4.005, 4.0, 10.0 ], 
            "to": [ 7.5, 7.0, 10.49999999254942 ], 
            "rotation": { "origin": [ 4.0, 4.0, 10.49999999254942 ], "axis": "x", "angle": -22.5 },
            "faces": {
                "north": { "texture": "#0", "uv": [ 11.0, 4.0, 16.0, 16.0 ] },
                "south": { "texture": "#0", "uv": [ 0.0, 4.0, 10.5, 16.0 ] },
                "west": { "texture": "#0", "uv": [ 13.0, 4.0, 16.0, 16.0 ] },
                "up": { "texture": "#0", "uv": [ 11.0, 0.0, 16.0, 2.0 ] },
                "down": { "texture": "#0", "uv": [ 11.0, 0.0, 16.0, 2.0 ] }
            }
        },
        {
            "name": "South",
            "from": [ 7.5, 4.0, 10.0 ], 
            "to": [ 8.5, 7.0, 10.5 ], 
            "rotation": { "origin": [ 4.0, 4.0, 10.49999999254942 ], "axis": "x", "angle": -22.5 },
            "faces": {
                "north": { "texture": "#0", "uv": [ 8.0, 4.0, 11.0, 16.0 ] },
                "south": { "texture": "#0", "uv": [ 0.0, 4.0, 3.0, 16.0 ] },
                "up": { "texture": "#0", "uv": [ 7.0, 0.0, 10.0, 2.0 ] },
                "down": { "texture": "#0", "uv": [ 7.0, 0.0, 10.0, 2.0 ] }
            }
        },
        {
            "name": "South",
            "from": [ 8.5, 4.0, 10.0 ], 
            "to": [ 11.995000000000001, 7.0, 10.49999999254942 ], 
            "rotation": { "origin": [ 4.0, 4.0, 10.49999999254942 ], "axis": "x", "angle": -22.5 },
            "faces": {
                "north": { "texture": "#0", "uv": [ 3.0, 4.0, 8.0, 16.0 ] },
                "east": { "texture": "#0", "uv": [ 3.0, 4.0, 6.0, 16.0 ] },
                "south": { "texture": "#0", "uv": [ 10.5, 4.0, 0.0, 16.0 ] },
                "up": { "texture": "#0", "uv": [ 3.0, 0.0, 6.0, 2.0 ] },
                "down": { "texture": "#0", "uv": [ 3.0, 0.0, 6.0, 2.0 ] }
            }
        },
        {
            "name": "North Up",
            "from": [ 3.999, 6.27499999254942, 6.65 ], 
            "to": [ 7.4991, 6.774999985098839, 8.11 ], 
            "rotation": { "origin": [ 4.200000002980232, 6.775, 6.65 ], "axis": "x", "angle": -22.5 },
            "faces": {
                "north": { "texture": "#0", "uv": [ 10.5, 0.0, 0.0, 5.0 ] },
                "south": { "texture": "#0", "uv": [ 3.0, 0.0, 8.0, 1.0 ] },
                "west": { "texture": "#0", "uv": [ 7.0, 0.0, 10.0, 4.0 ], "rotation": 90 },
                "up": { "texture": "#0", "uv": [ 0.0, 4.0, 10.5, 0.0 ] },
                "down": { "texture": "#0", "uv": [ 3.0, 0.0, 10.0, 4.0 ] }
            }
        },
        {
            "name": "North Up",
            "from": [ 8.5002, 6.27499999254942, 6.65 ], 
            "to": [ 12.0002, 6.774999985098839, 8.11 ], 
            "rotation": { "origin": [ 4.200000002980232, 6.775, 6.65 ], "axis": "x", "angle": -22.5 },
            "faces": {
                "north": { "texture": "#0", "uv": [ 10.5, 3.0, 1.0, 3.1 ], "rotation": 180 },
                "east": { "texture": "#0", "uv": [ 13.0, 0.0, 16.0, 4.0 ], "rotation": 270 },
                "south": { "texture": "#0", "uv": [ 3.0, 0.0, 8.0, 1.0 ] },
                "up": { "texture": "#0", "uv": [ 10.5, 4.0, 0.0, 0.0 ] },
                "down": { "texture": "#0", "uv": [ 9.0, 0.0, 16.0, 4.0 ] }
            }
        },
        {
            "name": "North Up",
            "from": [ 7.5, 6.27499999254942, 6.65 ], 
            "to": [ 8.5, 6.774999985098839, 8.11 ], 
            "rotation": { "origin": [ 4.200000002980232, 6.775, 6.65 ], "axis": "x", "angle": -22.5 },
            "faces": {
                "north": { "texture": "#0", "uv": [ 0.0, 4.0, 3.0, 0.0 ] },
                "south": { "texture": "#0", "uv": [ 3.0, 0.0, 7.0, 1.0 ] },
                "west": { "texture": "#0", "uv": [ 7.0, 0.0, 10.0, 4.0 ] },
                "up": { "texture": "#0", "uv": [ 0.0, 4.0, 2.9999999999999996, 0.0 ] },
                "down": { "texture": "#0", "uv": [ 3.0, 0.0, 10.0, 4.0 ] }
            }
        },
        {
            "name": "South Up",
            "from": [ 3.998, 6.27499999254942, 7.89 ], 
            "to": [ 7.5, 6.774999985098839, 9.35 ], 
            "rotation": { "origin": [ 4.200000002980232, 6.775, 9.349999995529652 ], "axis": "x", "angle": 22.5 },
            "faces": {
                "north": { "texture": "#0", "uv": [ 10.5, 0.0, 0.0, 1.0 ] },
                "south": { "texture": "#0", "uv": [ 0.0, 0.0, 10.500000000000002, 1.0 ] },
                "west": { "texture": "#0", "uv": [ 7.0, 0.0, 10.0, 4.0 ], "rotation": 270 },
                "up": { "texture": "#0", "uv": [ 0.0, 4.0, 10.5, 0.0 ] },
                "down": { "texture": "#0", "uv": [ 3.0, 0.0, 10.0, 4.0 ] }
            }
        },
        {
            "name": "South Up",
            "from": [ 8.5001, 6.27499999254942, 7.89 ], 
            "to": [ 12.0001, 6.774999985098839, 9.355 ], 
            "rotation": { "origin": [ 4.200000002980232, 6.775, 9.349999995529652 ], "axis": "x", "angle": 22.5 },
            "faces": {
                "north": { "texture": "#0", "uv": [ 0.0, 0.0, 10.5, 1.0 ] },
                "east": { "texture": "#0", "uv": [ 13.0, 0.0, 16.0, 4.0 ], "rotation": 270 },
                "south": { "texture": "#0", "uv": [ 10.5, 0.0, 0.0, 1.0 ] },
                "up": { "texture": "#0", "uv": [ 10.5, 4.0, 0.0, 0.0 ] },
                "down": { "texture": "#0", "uv": [ 3.0, 0.0, 10.0, 4.0 ] }
            }
        },
        {
            "name": "South Up",
            "from": [ 7.5, 6.27499999254942, 7.89 ], 
            "to": [ 8.5, 6.774999985098839, 9.35 ], 
            "rotation": { "origin": [ 4.200000002980232, 6.775, 9.349999995529652 ], "axis": "x", "angle": 22.5 },
            "faces": {
                "north": { "texture": "#0", "uv": [ 0.5, 0.0, 3.0, 1.0 ] },
                "south": { "texture": "#0", "uv": [ 0.0, 0.0, 3.0, 1.0 ] },
                "up": { "texture": "#0", "uv": [ 0.0, 4.0, 3.0, 0.0 ] },
                "down": { "texture": "#0", "uv": [ 3.0, 0.0, 10.0, 4.0 ] }
            }
        },
        {
            "name": "West",
            "from": [ 4.0, 4.0, 6.0 ], 
            "to": [ 5.0, 4.899999998509884, 10.0 ], 
            "faces": {
                "east": { "texture": "#0", "uv": [ 5.0, 11.300000000000002, 14.0, 15.1 ] },
                "west": { "texture": "#0", "uv": [ 5.0, 0.0, 14.0, 3.199999999999999 ] },
                "down": { "texture": "#0", "uv": [ 3.0, 0.0, 11.0, 3.9999999999999996 ], "rotation": 90 }
            }
        },
        {
            "name": "West",
            "from": [ 4.0, 4.899999998509884, 6.300000004470348 ], 
            "to": [ 5.0, 5.799999997019768, 9.700000010430813 ], 
            "faces": {
                "east": { "texture": "#0", "uv": [ 5.0, 7.3999999999999995, 14.0, 11.299999999999999 ] },
                "west": { "texture": "#0", "uv": [ 5.0, 2.2, 14.0, 5.399999999999999 ] }
            }
        },
        {
            "name": "West",
            "from": [ 4.0, 5.799999997019768, 6.700000010430813 ], 
            "to": [ 5.0, 6.799999997019768, 9.30000001937151 ], 
            "faces": {
                "east": { "texture": "#0", "uv": [ 5.0, 3.2, 14.0, 7.399999999999999 ] },
                "west": { "texture": "#0", "uv": [ 5.0, 3.8000000000000007, 14.0, 7.499999999999998 ] }
            }
        },
        {
            "name": "East",
            "from": [ 11.0, 4.0, 6.0 ], 
            "to": [ 12.0, 4.899999998509884, 10.0 ], 
            "faces": {
                "east": { "texture": "#0", "uv": [ 5.0, 3.552713678800501E-15, 14.0, 3.2000000000000015 ] },
                "west": { "texture": "#0", "uv": [ 5.0, 11.3, 14.0, 15.1 ] },
                "down": { "texture": "#0", "uv": [ 3.0, 0.0, 16.0, 3.9999999999999996 ], "rotation": 90 }
            }
        },
        {
            "name": "East",
            "from": [ 11.0, 4.899999998509884, 6.300000004470348 ], 
            "to": [ 12.0, 5.799999997019768, 9.700000010430813 ], 
            "faces": {
                "east": { "texture": "#0", "uv": [ 5.0, 2.1999999999999993, 14.0, 5.399999999999999 ] },
                "west": { "texture": "#0", "uv": [ 5.0, 7.3999999999999995, 14.0, 11.299999999999999 ] }
            }
        },
        {
            "name": "East",
            "from": [ 11.0, 5.799999997019768, 6.700000010430813 ], 
            "to": [ 12.0, 6.799999997019768, 9.30000001937151 ], 
            "faces": {
                "east": { "texture": "#0", "uv": [ 5.0, 3.8000000000000007, 14.0, 7.5 ] },
                "west": { "texture": "#0", "uv": [ 5.0, 3.2, 14.0, 7.399999999999999 ] }
            }
        },
        {
            "name": "Cube",
            "from": [ 7.0, 4.0, 5.300000004470348 ], 
            "to": [ 9.0, 5.0, 5.499999992549419 ], 
            "rotation": { "origin": [ 8.0, 4.0, 5.500000007450581 ], "axis": "x", "angle": 22.5 },
            "faces": {
                "north": { "texture": "#1", "uv": [ 2.0, 0.0, 14.0, 4.0 ] },
                "east": { "texture": "#1", "uv": [ 2.0, 0.0, 3.0, 4.0 ] },
                "west": { "texture": "#1", "uv": [ 13.0, 0.0, 14.0, 4.0 ] },
                "up": { "texture": "#1", "uv": [ 2.0, 0.0, 14.0, 1.0 ], "rotation": 180 },
                "down": { "texture": "#1", "uv": [ 2.0, 3.0, 14.0, 4.0 ], "rotation": 180 }
            }
        }
    ]
}