{
	"credit": "Model made by dragonmaster95 with Blockbench, a free, modern block model editor by JannisX11",
	"textures": {
		"main": "decorations/village/butterfly"
	},
	"elements": [
		{
			"from": [0, 8, 0],
			"to": [8, 8, 16],
			"faces": {
				"up": {"uv": [0.5, 1, 7, 15], "texture": "#main"}
			}
		},
		{
			"from": [8, 8, 0],
			"to": [16, 8, 16],
			"faces": {
				"up": {"uv": [7, 1, 0.5, 15], "texture": "#main"}
			}
		},
		{
			"from": [0, 8, 0],
			"to": [8, 8, 16],
			"rotation": {"angle": -45, "axis": "z", "origin": [8, 8, 8]},
			"faces": {
				"up": {"uv": [8.5, 1, 15, 15], "texture": "#main"}
			}
		},
		{
			"from": [8, 8, 0],
			"to": [8, 16, 16],
			"rotation": {"angle": -45, "axis": "z", "origin": [8, 8, 8]},
			"faces": {
				"west": {"uv": [15, 1, 8.5, 15], "texture": "#main", "rotation": 270}
			}
		}
	],
	"display": {
		"thirdperson_righthand": {
			"scale": [0.5, 0.5, 0.5],
			"translation": [0, 0, 2.5],
			"rotation": [0, 180, 0]
		},
		"thirdperson_lefthand": {
			"scale": [0.68, 0.68, 0.68],
			"rotation": [0, 180, 0],
			"translation": [1.13, 3.2, 0]
		},
		"firstperson_righthand": {
			"scale": [0.68, 0.68, 0.68],
			"translation": [1.13, 3.2, 0],
			"rotation": [0, -18, 40]
		},
		"firstperson_lefthand": {
			"scale": [0.68, 0.68, 0.68],
			"rotation": [0, -18, 40],
			"translation": [1.13, 3.2, 0]
		},
		"head": {
			"translation": [0, 6.5, 0]
		},
		"fixed": {
			"rotation": [-90, 180, 0],
			"translation": [0, 0, 0]
		},
		"gui": {
			"scale": [0.85, 0.85, 0.85],
			"rotation": [72, -40, 42],
			"translation": [0.5, -1, 0]
		}
	}
}