{
	"credit": "Made with Blockbench, a free, modern block model editor by JannisX11",
	"textures": {
		"0": "decorations/other/n64_cartridge",
		"1": "decorations/other/n64",
		"2": "decorations/other/n64_5",
		"3": "decorations/other/n64_cartridge2",
		"4": "decorations/other/n64_cartridge3",
		"particle": "decorations/other/n64_cartridge"
	},
	"elements": [
		{
			"name": "middle",
			"from": [5.568000000000001, 1.734537608091621, 10.0212],
			"to": [10.482, 6.295537608091621, 10.8252],
			"faces": {
				"north": {"uv": [5, 14, 4, 15], "texture": "#1", "rotation": 270},
				"east": {"uv": [5, 14, 4, 15], "texture": "#1", "rotation": 270},
				"south": {"uv": [5, 14, 4, 15], "texture": "#1", "rotation": 270},
				"west": {"uv": [5, 14, 4, 15], "texture": "#1", "rotation": 270},
				"up": {"uv": [5, 14, 4, 15], "texture": "#1", "rotation": 270},
				"down": {"uv": [5, 14, 4, 15], "texture": "#1", "rotation": 270}
			},
			"rotation": {
				"origin": [2.037326564835986, -2.9386645540705416, 6.813154347257475],
				"axis": "x",
				"angle": 0
			},
			"type": "cube"
		},
		{
			"name": "middle",
			"from": [5.673905052443903, 1.6638000000000002, 9.845],
			"to": [10.326105052443904, 1.9977999999999998, 10.995000000000001],
			"faces": {
				"north": {"uv": [5, 14, 4, 15], "texture": "#1", "rotation": 270},
				"east": {"uv": [5, 14, 4, 15], "texture": "#1", "rotation": 270},
				"south": {"uv": [5, 14, 4, 15], "texture": "#1", "rotation": 270},
				"west": {"uv": [5, 14, 4, 15], "texture": "#1", "rotation": 270},
				"up": {"uv": [5, 14, 4, 15], "texture": "#1", "rotation": 270},
				"down": {"uv": [5, 14, 4, 15], "texture": "#1", "rotation": 270}
			},
			"rotation": {
				"origin": [1.5273702241480525, -3.204084857012999, 6.659535778393204],
				"axis": "x",
				"angle": 0
			},
			"type": "cube"
		},
		{
			"name": "middle",
			"from": [6.173905052443903, 6.26383406190592, 9.845],
			"to": [9.826105052443904, 6.597834061905919, 10.995000000000001],
			"faces": {
				"north": {"uv": [5, 14, 4, 15], "texture": "#1", "rotation": 270},
				"east": {"uv": [5, 14, 4, 15], "texture": "#1", "rotation": 270},
				"south": {"uv": [5, 14, 4, 15], "texture": "#1", "rotation": 270},
				"west": {"uv": [5, 14, 4, 15], "texture": "#1", "rotation": 270},
				"up": {"uv": [5, 14, 4, 15], "texture": "#1", "rotation": 270},
				"down": {"uv": [5, 14, 4, 15], "texture": "#1", "rotation": 270}
			},
			"rotation": {
				"origin": [1.5273702241480525, -3.204084857012999, 6.659535778393204],
				"axis": "x",
				"angle": 0
			},
			"type": "cube"
		},
		{
			"name": "middle",
			"from": [5.673905052443903, 1.6638000000000002, 10.845],
			"to": [10.326105052443905, 2.6137999999999995, 10.995000000000001],
			"faces": {
				"north": {"uv": [5, 14, 4, 15], "texture": "#1", "rotation": 270},
				"east": {"uv": [5, 14, 4, 15], "texture": "#1", "rotation": 270},
				"south": {"uv": [5, 14, 4, 15], "texture": "#1", "rotation": 270},
				"west": {"uv": [5, 14, 4, 15], "texture": "#1", "rotation": 270},
				"up": {"uv": [5, 14, 4, 15], "texture": "#1", "rotation": 270},
				"down": {"uv": [5, 14, 4, 15], "texture": "#1", "rotation": 270}
			},
			"rotation": {
				"origin": [1.5273702241480525, -3.204084857012999, 6.659535778393204],
				"axis": "x",
				"angle": 0
			},
			"type": "cube"
		},
		{
			"name": "middle",
			"from": [5.923905052443903, 5.0228, 10.845],
			"to": [10.076105052443904, 6.347799999999999, 10.995000000000001],
			"faces": {
				"north": {"uv": [5, 14, 4, 15], "texture": "#1", "rotation": 270},
				"east": {"uv": [5, 14, 4, 15], "texture": "#1", "rotation": 270},
				"south": {"uv": [5, 14, 4, 15], "texture": "#1", "rotation": 270},
				"west": {"uv": [5, 14, 4, 15], "texture": "#1", "rotation": 270},
				"up": {"uv": [5, 14, 4, 15], "texture": "#1", "rotation": 270},
				"down": {"uv": [5, 14, 4, 15], "texture": "#1", "rotation": 270}
			},
			"rotation": {
				"origin": [1.5273702241480525, -3.204084857012999, 6.659535778393204],
				"axis": "x",
				"angle": 0
			},
			"type": "cube"
		},
		{
			"name": "middle",
			"from": [6.068000000000001, 1.9595376080916207, 9.8712],
			"to": [9.931999999999999, 6.295537608091621, 10.725200000000001],
			"faces": {
				"north": {"uv": [1.625, 0.9375, 14.5, 15.125], "texture": "#3"},
				"east": {"uv": [5, 14, 4, 15], "texture": "#1", "rotation": 270},
				"south": {"uv": [5, 14, 4, 15], "texture": "#1", "rotation": 270},
				"west": {"uv": [5, 14, 4, 15], "texture": "#1", "rotation": 270},
				"up": {"uv": [5, 14, 4, 15], "texture": "#1", "rotation": 270},
				"down": {"uv": [5, 14, 4, 15], "texture": "#1", "rotation": 270}
			},
			"rotation": {
				"origin": [2.037326564835986, -2.9386645540705416, 6.813154347257475],
				"axis": "x",
				"angle": 0
			},
			"type": "cube"
		},
		{
			"name": "middle",
			"from": [5.342999999999998, 2.5845376080916207, 10.1212],
			"to": [10.657, 5.020537608091621, 10.975200000000001],
			"faces": {
				"north": {"uv": [5, 14, 4, 15], "texture": "#1", "rotation": 270},
				"east": {"uv": [5, 14, 4, 15], "texture": "#1", "rotation": 270},
				"south": {"uv": [0, 3.75, 16, 11.625], "texture": "#4"},
				"west": {"uv": [5, 14, 4, 15], "texture": "#1", "rotation": 270},
				"up": {"uv": [5, 14, 4, 15], "texture": "#1", "rotation": 270},
				"down": {"uv": [5, 14, 4, 15], "texture": "#1", "rotation": 270}
			},
			"rotation": {
				"origin": [2.037326564835986, -2.9386645540705416, 6.813154347257475],
				"axis": "x",
				"angle": 0
			},
			"type": "cube"
		},
		{
			"name": "middle",
			"from": [6.923905052443903, 5.3888, 10.870000000000001],
			"to": [9.076105052443904, 6.0228, 11.020000000000001],
			"faces": {"south": {"uv": [0, 10.5, 16, 15.75], "texture": "#2"}},
			"rotation": {
				"origin": [1.5273702241480525, -3.204084857012999, 6.659535778393204],
				"axis": "x",
				"angle": 0
			},
			"type": "cube"
		},
		{
			"name": "right",
			"from": [4.65, 1.666185008428771, 9.844999999999999],
			"to": [5.599999999999994, 5.8511850084287715, 10.745],
			"faces": {
				"north": {"uv": [5, 14, 4, 15], "texture": "#1", "rotation": 270},
				"east": {"uv": [5, 14, 4, 15], "texture": "#1", "rotation": 270},
				"south": {"uv": [5, 14, 4, 15], "texture": "#1", "rotation": 270},
				"west": {"uv": [5, 14, 4, 15], "texture": "#1", "rotation": 270},
				"up": {"uv": [5, 14, 4, 15], "texture": "#1", "rotation": 270},
				"down": {"uv": [5, 14, 4, 15], "texture": "#1", "rotation": 270}
			},
			"rotation": {
				"origin": [1.5237716320653742, -3.201733910490148, 6.649351251120187],
				"axis": "x",
				"angle": 0
			},
			"type": "cube"
		},
		{
			"name": "right",
			"from": [4.250000000000002, 2.3161850084287714, 10.195],
			"to": [4.699999999999999, 5.831185008428772, 10.995000000000001],
			"faces": {
				"north": {"uv": [5, 14, 4, 15], "texture": "#1", "rotation": 270},
				"east": {"uv": [5, 14, 4, 15], "texture": "#1", "rotation": 270},
				"south": {"uv": [5, 14, 4, 15], "texture": "#1", "rotation": 270},
				"west": {"uv": [5, 14, 4, 15], "texture": "#1", "rotation": 270},
				"up": {"uv": [5, 14, 4, 15], "texture": "#1", "rotation": 270},
				"down": {"uv": [5, 14, 4, 15], "texture": "#1", "rotation": 270}
			},
			"rotation": {
				"origin": [1.528465171704152, -3.201733910490148, 6.659535778393204],
				"axis": "x",
				"angle": 0
			},
			"type": "cube"
		},
		{
			"name": "right",
			"from": [4.65, 1.666185008428771, 9.844999999999999],
			"to": [5.599999999999994, 2.980985008428771, 10.195],
			"faces": {
				"north": {"uv": [5, 14, 4, 15], "texture": "#1", "rotation": 270},
				"east": {"uv": [5, 14, 4, 15], "texture": "#1", "rotation": 270},
				"south": {"uv": [5, 14, 4, 15], "texture": "#1", "rotation": 270},
				"west": {"uv": [5, 14, 4, 15], "texture": "#1", "rotation": 270},
				"up": {"uv": [5, 14, 4, 15], "texture": "#1", "rotation": 270},
				"down": {"uv": [5, 14, 4, 15], "texture": "#1", "rotation": 270}
			},
			"rotation": {
				"origin": [1.623771632065374, -3.201733910490148, 6.649351251120187],
				"axis": "x",
				"angle": 0
			},
			"type": "cube"
		},
		{
			"name": "right",
			"from": [2.7176024686360982, 4.92550680042147, 9.845],
			"to": [3.2426024686360915, 5.990306800421468, 10.195000000000002],
			"faces": {
				"north": {"uv": [5, 14, 4, 15], "texture": "#1", "rotation": 270},
				"east": {"uv": [5, 14, 4, 15], "texture": "#1", "rotation": 270},
				"south": {"uv": [5, 14, 4, 15], "texture": "#1", "rotation": 270},
				"west": {"uv": [5, 14, 4, 15], "texture": "#1", "rotation": 270},
				"up": {"uv": [5, 14, 4, 15], "texture": "#1", "rotation": 270},
				"down": {"uv": [5, 14, 4, 15], "texture": "#1", "rotation": 270}
			},
			"rotation": {
				"origin": [-0.8336258992985286, 0.0575878815025499, 6.649351251120189],
				"axis": "z",
				"angle": -22.5
			},
			"type": "cube"
		},
		{
			"name": "right",
			"from": [4.250000000000002, 3.2911850084287693, 9.845],
			"to": [5.599999999999998, 5.831185008428768, 10.645000000000001],
			"faces": {
				"north": {"uv": [5, 14, 4, 15], "texture": "#1", "rotation": 270},
				"east": {"uv": [5, 14, 4, 15], "texture": "#1", "rotation": 270},
				"south": {"uv": [5, 14, 4, 15], "texture": "#1", "rotation": 270},
				"west": {"uv": [5, 14, 4, 15], "texture": "#1", "rotation": 270},
				"up": {"uv": [5, 14, 4, 15], "texture": "#1", "rotation": 270},
				"down": {"uv": [5, 14, 4, 15], "texture": "#1", "rotation": 270}
			},
			"rotation": {
				"origin": [1.528465171704152, -3.1017339104901485, 6.659535778393204],
				"axis": "x",
				"angle": 0
			},
			"type": "cube"
		},
		{
			"name": "right",
			"from": [0.64603117303621, 5.9633270183327625, 9.845],
			"to": [1.3210311730362037, 6.038327018332762, 10.195000000000002],
			"faces": {
				"north": {"uv": [5, 14, 4, 15], "texture": "#1", "rotation": 270},
				"east": {"uv": [5, 14, 4, 15], "texture": "#1", "rotation": 270},
				"south": {"uv": [5, 14, 4, 15], "texture": "#1", "rotation": 270},
				"west": {"uv": [5, 14, 4, 15], "texture": "#1", "rotation": 270},
				"up": {"uv": [5, 14, 4, 15], "texture": "#1", "rotation": 270},
				"down": {"uv": [5, 14, 4, 15], "texture": "#1", "rotation": 270}
			},
			"rotation": {
				"origin": [-0.7551971948984146, 0.04540809941384527, 6.649351251120189],
				"axis": "z",
				"angle": -45
			},
			"type": "cube"
		},
		{
			"name": "right",
			"from": [0.48292990578495676, 5.962776346989095, 9.845],
			"to": [0.5329299057849557, 6.062776346989095, 10.195000000000002],
			"faces": {
				"north": {"uv": [5, 14, 4, 15], "texture": "#1", "rotation": 270},
				"east": {"uv": [5, 14, 4, 15], "texture": "#1", "rotation": 270},
				"south": {"uv": [5, 14, 4, 15], "texture": "#1", "rotation": 270},
				"west": {"uv": [5, 14, 4, 15], "texture": "#1", "rotation": 270},
				"up": {"uv": [5, 14, 4, 15], "texture": "#1", "rotation": 270},
				"down": {"uv": [5, 14, 4, 15], "texture": "#1", "rotation": 270}
			},
			"rotation": {
				"origin": [-0.9182984621496679, 0.019857428070175764, 6.649351251120189],
				"axis": "z",
				"angle": -45
			},
			"type": "cube"
		},
		{
			"name": "right",
			"from": [5.362721724020506, 0.21917973147922787, 9.844999999999999],
			"to": [5.462721724020504, 0.8941797314792215, 10.195],
			"faces": {
				"north": {"uv": [5, 14, 4, 15], "texture": "#1"},
				"east": {"uv": [5, 14, 4, 15], "texture": "#1", "rotation": 180},
				"south": {"uv": [5, 14, 4, 15], "texture": "#1", "rotation": 180},
				"west": {"uv": [5, 14, 4, 15], "texture": "#1", "rotation": 180},
				"up": {"uv": [5, 14, 4, 15], "texture": "#1", "rotation": 180},
				"down": {"uv": [5, 14, 4, 15], "texture": "#1", "rotation": 180}
			},
			"rotation": {
				"origin": [-0.7551971948984146, 0.04540809941384527, 6.649351251120189],
				"axis": "z",
				"angle": 22.5
			},
			"type": "cube"
		},
		{
			"name": "right",
			"from": [6.407990970310472, 2.242869617573799, 9.845],
			"to": [6.932990970310465, 2.307669617573797, 10.195000000000002],
			"faces": {
				"north": {"uv": [5, 14, 4, 15], "texture": "#1", "rotation": 270},
				"east": {"uv": [5, 14, 4, 15], "texture": "#1", "rotation": 270},
				"south": {"uv": [5, 14, 4, 15], "texture": "#1", "rotation": 270},
				"west": {"uv": [5, 14, 4, 15], "texture": "#1", "rotation": 270},
				"up": {"uv": [5, 14, 4, 15], "texture": "#1", "rotation": 270},
				"down": {"uv": [5, 14, 4, 15], "texture": "#1", "rotation": 270}
			},
			"rotation": {
				"origin": [2.856762602375845, -2.625049301345121, 6.649351251120189],
				"axis": "z",
				"angle": 22.5
			},
			"type": "cube"
		},
		{
			"name": "right",
			"from": [5.550000000000001, 6.091185008428772, 9.844999999999999],
			"to": [5.599999999999994, 6.369185008428772, 10.995],
			"faces": {
				"north": {"uv": [5, 14, 4, 15], "texture": "#1", "rotation": 270},
				"east": {"uv": [5, 14, 4, 15], "texture": "#1", "rotation": 270},
				"south": {"uv": [5, 14, 4, 15], "texture": "#1", "rotation": 270},
				"west": {"uv": [5, 14, 4, 15], "texture": "#1", "rotation": 270},
				"up": {"uv": [5, 14, 4, 15], "texture": "#1", "rotation": 270},
				"down": {"uv": [5, 14, 4, 15], "texture": "#1", "rotation": 270}
			},
			"rotation": {
				"origin": [1.5237716320653742, -3.201733910490148, 6.649351251120187],
				"axis": "x",
				"angle": 0
			},
			"type": "cube"
		},
		{
			"name": "right",
			"from": [5.325000000000003, 5.691185008428771, 9.844999999999999],
			"to": [5.599999999999994, 6.269185008428773, 10.995],
			"faces": {
				"north": {"uv": [5, 14, 4, 15], "texture": "#1", "rotation": 270},
				"east": {"uv": [5, 14, 4, 15], "texture": "#1", "rotation": 270},
				"south": {"uv": [5, 14, 4, 15], "texture": "#1", "rotation": 270},
				"west": {"uv": [5, 14, 4, 15], "texture": "#1", "rotation": 270},
				"up": {"uv": [5, 14, 4, 15], "texture": "#1", "rotation": 270},
				"down": {"uv": [5, 14, 4, 15], "texture": "#1", "rotation": 270}
			},
			"rotation": {
				"origin": [1.573771632065375, -3.201733910490148, 6.649351251120187],
				"axis": "x",
				"angle": 0
			},
			"type": "cube"
		},
		{
			"name": "right",
			"from": [5.074999999999999, 5.791185008428773, 9.844999999999999],
			"to": [5.349999999999994, 6.169185008428773, 10.995],
			"faces": {
				"north": {"uv": [5, 14, 4, 15], "texture": "#1", "rotation": 270},
				"east": {"uv": [5, 14, 4, 15], "texture": "#1", "rotation": 270},
				"south": {"uv": [5, 14, 4, 15], "texture": "#1", "rotation": 270},
				"west": {"uv": [5, 14, 4, 15], "texture": "#1", "rotation": 270},
				"up": {"uv": [5, 14, 4, 15], "texture": "#1", "rotation": 270},
				"down": {"uv": [5, 14, 4, 15], "texture": "#1", "rotation": 270}
			},
			"rotation": {
				"origin": [1.573771632065375, -3.201733910490148, 6.649351251120187],
				"axis": "x",
				"angle": 0
			},
			"type": "cube"
		},
		{
			"name": "right",
			"from": [4.525, 5.791185008428773, 9.844999999999999],
			"to": [5.149999999999995, 5.944185008428773, 10.995],
			"faces": {
				"north": {"uv": [5, 14, 4, 15], "texture": "#1", "rotation": 270},
				"east": {"uv": [5, 14, 4, 15], "texture": "#1", "rotation": 270},
				"south": {"uv": [5, 14, 4, 15], "texture": "#1", "rotation": 270},
				"west": {"uv": [5, 14, 4, 15], "texture": "#1", "rotation": 270},
				"up": {"uv": [5, 14, 4, 15], "texture": "#1", "rotation": 270},
				"down": {"uv": [5, 14, 4, 15], "texture": "#1", "rotation": 270}
			},
			"rotation": {
				"origin": [1.573771632065375, -3.201733910490148, 6.649351251120187],
				"axis": "x",
				"angle": 0
			},
			"type": "cube"
		},
		{
			"name": "right",
			"from": [10.179280816975098, 9.01647401146282, 9.845],
			"to": [10.719280816975099, 9.350474011462818, 10.995000000000001],
			"faces": {
				"north": {"uv": [4, 14, 5, 15], "texture": "#1", "rotation": 270},
				"east": {"uv": [4, 14, 5, 15], "texture": "#1", "rotation": 270},
				"south": {"uv": [4, 14, 5, 15], "texture": "#1", "rotation": 270},
				"west": {"uv": [4, 14, 5, 15], "texture": "#1", "rotation": 270},
				"up": {"uv": [4, 14, 5, 15], "texture": "#1", "rotation": 270},
				"down": {"uv": [4, 14, 5, 15], "texture": "#1", "rotation": 270}
			},
			"rotation": {
				"origin": [15.36581564527095, -3.4514449074561, 6.659535778393204],
				"axis": "z",
				"angle": 22.5
			},
			"type": "cube"
		},
		{
			"name": "right",
			"from": [7.522708467138774, 8.870567327801677, 9.844999999999999],
			"to": [8.930208467138774, 8.979567327801677, 10.995],
			"faces": {
				"north": {"uv": [4, 14, 5, 15], "texture": "#1", "rotation": 270},
				"east": {"uv": [4, 14, 5, 15], "texture": "#1", "rotation": 270},
				"south": {"uv": [4, 14, 5, 15], "texture": "#1", "rotation": 270},
				"west": {"uv": [4, 14, 5, 15], "texture": "#1", "rotation": 270},
				"up": {"uv": [4, 14, 5, 15], "texture": "#1", "rotation": 270},
				"down": {"uv": [4, 14, 5, 15], "texture": "#1", "rotation": 270}
			},
			"rotation": {
				"origin": [13.801743295434624, -0.8223515911172417, 6.309535778393203],
				"axis": "z",
				"angle": 22.5
			},
			"type": "cube"
		},
		{
			"name": "right",
			"from": [9.842109584296095, 8.838815051004307, 9.8712],
			"to": [10.110509584296095, 9.111455051004306, 10.975200000000001],
			"faces": {
				"north": {"uv": [4, 14, 5, 15], "texture": "#1", "rotation": 270},
				"east": {"uv": [4, 14, 5, 15], "texture": "#1", "rotation": 270},
				"south": {"uv": [4, 14, 5, 15], "texture": "#1", "rotation": 270},
				"west": {"uv": [4, 14, 5, 15], "texture": "#1", "rotation": 270},
				"up": {"uv": [4, 14, 5, 15], "texture": "#1", "rotation": 270},
				"down": {"uv": [4, 14, 5, 15], "texture": "#1", "rotation": 270}
			},
			"rotation": {
				"origin": [14.821183019460111, -3.178387111157855, 6.813154347257475],
				"axis": "z",
				"angle": 22.5
			},
			"type": "cube"
		},
		{
			"name": "right",
			"from": [5.675000000000001, 5.016185008428771, 9.845],
			"to": [6.0749999999999975, 6.391185008428771, 10.995000000000001],
			"faces": {
				"north": {"uv": [4, 14, 5, 15], "texture": "#1", "rotation": 270},
				"east": {"uv": [4, 14, 5, 15], "texture": "#1", "rotation": 270},
				"south": {"uv": [4, 14, 5, 15], "texture": "#1", "rotation": 270},
				"west": {"uv": [4, 14, 5, 15], "texture": "#1", "rotation": 270},
				"up": {"uv": [4, 14, 5, 15], "texture": "#1", "rotation": 270},
				"down": {"uv": [4, 14, 5, 15], "texture": "#1", "rotation": 270}
			},
			"rotation": {
				"origin": [14.471534828295848, -3.201733910490148, 6.659535778393204],
				"axis": "x",
				"angle": 0
			},
			"type": "cube"
		},
		{
			"name": "right",
			"from": [4.799999999999999, 5.916185008428773, 9.844999999999999],
			"to": [5.149999999999995, 6.056185008428773, 10.995],
			"faces": {
				"north": {"uv": [5, 14, 4, 15], "texture": "#1", "rotation": 270},
				"east": {"uv": [5, 14, 4, 15], "texture": "#1", "rotation": 270},
				"south": {"uv": [5, 14, 4, 15], "texture": "#1", "rotation": 270},
				"west": {"uv": [5, 14, 4, 15], "texture": "#1", "rotation": 270},
				"up": {"uv": [5, 14, 4, 15], "texture": "#1", "rotation": 270},
				"down": {"uv": [5, 14, 4, 15], "texture": "#1", "rotation": 270}
			},
			"rotation": {
				"origin": [1.573771632065375, -3.201733910490148, 6.649351251120187],
				"axis": "x",
				"angle": 0
			},
			"type": "cube"
		},
		{
			"name": "right",
			"from": [3.079280816975098, 1.7164740114628216, 9.845],
			"to": [3.1442808169750975, 2.0504740114628195, 10.995000000000001],
			"faces": {
				"north": {"uv": [4, 14, 5, 15], "texture": "#1", "rotation": 270},
				"east": {"uv": [4, 14, 5, 15], "texture": "#1", "rotation": 270},
				"south": {"uv": [4, 14, 5, 15], "texture": "#1", "rotation": 270},
				"west": {"uv": [4, 14, 5, 15], "texture": "#1", "rotation": 270},
				"up": {"uv": [4, 14, 5, 15], "texture": "#1", "rotation": 270},
				"down": {"uv": [4, 14, 5, 15], "texture": "#1", "rotation": 270}
			},
			"rotation": {
				"origin": [15.36581564527095, -3.4514449074561, 6.659535778393204],
				"axis": "z",
				"angle": -22.5
			},
			"type": "cube"
		},
		{
			"name": "right",
			"from": [10.179280816975098, -0.8504740114628184, 9.845],
			"to": [10.719280816975099, -0.7664740114628206, 10.995000000000001],
			"faces": {
				"north": {"uv": [4, 15, 5, 14], "texture": "#1", "rotation": 270},
				"east": {"uv": [4, 15, 5, 14], "texture": "#1", "rotation": 270},
				"south": {"uv": [4, 15, 5, 14], "texture": "#1", "rotation": 270},
				"west": {"uv": [4, 15, 5, 14], "texture": "#1", "rotation": 270},
				"up": {"uv": [4, 15, 5, 14], "texture": "#1", "rotation": 270},
				"down": {"uv": [4, 15, 5, 14], "texture": "#1", "rotation": 270}
			},
			"rotation": {
				"origin": [15.36581564527095, 11.7014449074561, 6.659535778393204],
				"axis": "z",
				"angle": -22.5
			},
			"type": "cube"
		},
		{
			"name": "right",
			"from": [3.079280816975098, 6.1995259885371805, 9.845],
			"to": [3.1442808169750975, 6.533525988537178, 10.995000000000001],
			"faces": {
				"north": {"uv": [4, 15, 5, 14], "texture": "#1", "rotation": 270},
				"east": {"uv": [4, 15, 5, 14], "texture": "#1", "rotation": 270},
				"south": {"uv": [4, 15, 5, 14], "texture": "#1", "rotation": 270},
				"west": {"uv": [4, 15, 5, 14], "texture": "#1", "rotation": 270},
				"up": {"uv": [4, 15, 5, 14], "texture": "#1", "rotation": 270},
				"down": {"uv": [4, 15, 5, 14], "texture": "#1", "rotation": 270}
			},
			"rotation": {
				"origin": [15.36581564527095, 11.7014449074561, 6.659535778393204],
				"axis": "z",
				"angle": 22.5
			},
			"type": "cube"
		},
		{
			"name": "right",
			"from": [4.700000000000001, 1.866185008428772, 10.195],
			"to": [5.599999999999998, 2.616185008428772, 10.995000000000001],
			"faces": {
				"north": {"uv": [5, 14, 4, 15], "texture": "#1", "rotation": 270},
				"east": {"uv": [5, 14, 4, 15], "texture": "#1", "rotation": 270},
				"south": {"uv": [5, 14, 4, 15], "texture": "#1", "rotation": 270},
				"west": {"uv": [5, 14, 4, 15], "texture": "#1", "rotation": 270},
				"up": {"uv": [5, 14, 4, 15], "texture": "#1", "rotation": 270},
				"down": {"uv": [5, 14, 4, 15], "texture": "#1", "rotation": 270}
			},
			"rotation": {
				"origin": [1.528465171704152, -3.201733910490148, 6.659535778393204],
				"axis": "x",
				"angle": 0
			},
			"type": "cube"
		},
		{
			"name": "right",
			"from": [4.250000000000002, 1.666185008428771, 10.195],
			"to": [4.699999999999999, 2.331185008428772, 10.745000000000001],
			"faces": {
				"north": {"uv": [5, 14, 4, 15], "texture": "#1", "rotation": 270},
				"east": {"uv": [5, 14, 4, 15], "texture": "#1", "rotation": 270},
				"south": {"uv": [5, 14, 4, 15], "texture": "#1", "rotation": 270},
				"west": {"uv": [5, 14, 4, 15], "texture": "#1", "rotation": 270},
				"up": {"uv": [5, 14, 4, 15], "texture": "#1", "rotation": 270},
				"down": {"uv": [5, 14, 4, 15], "texture": "#1", "rotation": 270}
			},
			"rotation": {
				"origin": [1.528465171704152, -3.201733910490148, 6.659535778393204],
				"axis": "x",
				"angle": 0
			},
			"type": "cube"
		},
		{
			"name": "right",
			"from": [4.700000000000001, 1.6661850084287728, 10.195],
			"to": [4.9, 1.866185008428773, 10.995000000000001],
			"faces": {
				"north": {"uv": [5, 14, 4, 15], "texture": "#1", "rotation": 270},
				"east": {"uv": [5, 14, 4, 15], "texture": "#1", "rotation": 270},
				"south": {"uv": [5, 14, 4, 15], "texture": "#1", "rotation": 270},
				"west": {"uv": [5, 14, 4, 15], "texture": "#1", "rotation": 270},
				"up": {"uv": [5, 14, 4, 15], "texture": "#1", "rotation": 270},
				"down": {"uv": [5, 14, 4, 15], "texture": "#1", "rotation": 270}
			},
			"rotation": {
				"origin": [1.528465171704152, -3.201733910490148, 6.659535778393204],
				"axis": "x",
				"angle": 0
			},
			"type": "cube"
		},
		{
			"name": "right",
			"from": [5.299999999999999, 1.6661850084287728, 10.195],
			"to": [5.599999999999998, 1.866185008428773, 10.995000000000001],
			"faces": {
				"north": {"uv": [5, 14, 4, 15], "texture": "#1", "rotation": 270},
				"east": {"uv": [5, 14, 4, 15], "texture": "#1", "rotation": 270},
				"south": {"uv": [5, 14, 4, 15], "texture": "#1", "rotation": 270},
				"west": {"uv": [5, 14, 4, 15], "texture": "#1", "rotation": 270},
				"up": {"uv": [5, 14, 4, 15], "texture": "#1", "rotation": 270},
				"down": {"uv": [5, 14, 4, 15], "texture": "#1", "rotation": 270}
			},
			"rotation": {
				"origin": [1.528465171704152, -3.201733910490148, 6.659535778393204],
				"axis": "x",
				"angle": 0
			},
			"type": "cube"
		},
		{
			"name": "right",
			"from": [5.425000000000001, 5.61618500842877, 10.125],
			"to": [5.924999999999997, 6.11618500842877, 11],
			"faces": {
				"north": {"uv": [4, 14, 5, 15], "texture": "#1", "rotation": 270},
				"east": {"uv": [4, 14, 5, 15], "texture": "#1", "rotation": 270},
				"south": {"uv": [0, 0, 16, 16], "texture": "#0", "rotation": 270},
				"west": {"uv": [4, 14, 5, 15], "texture": "#1", "rotation": 270},
				"up": {"uv": [4, 14, 5, 15], "texture": "#1", "rotation": 270},
				"down": {"uv": [4, 14, 5, 15], "texture": "#1", "rotation": 270}
			},
			"rotation": {
				"origin": [14.471534828295848, -3.201733910490148, 6.659535778393204],
				"axis": "x",
				"angle": 0
			},
			"type": "cube"
		},
		{
			"name": "right",
			"from": [5.674999999999999, 1.8661850084287703, 9.845],
			"to": [6.0749999999999975, 5.391185008428771, 10.895000000000001],
			"faces": {
				"north": {"uv": [4, 14, 5, 15], "texture": "#1", "rotation": 270},
				"east": {"uv": [4, 14, 5, 15], "texture": "#1", "rotation": 270},
				"south": {"uv": [4, 14, 5, 15], "texture": "#1", "rotation": 270},
				"west": {"uv": [4, 14, 5, 15], "texture": "#1", "rotation": 270},
				"up": {"uv": [4, 14, 5, 15], "texture": "#1", "rotation": 270},
				"down": {"uv": [4, 14, 5, 15], "texture": "#1", "rotation": 270}
			},
			"rotation": {
				"origin": [14.471534828295848, -3.201733910490148, 6.659535778393204],
				"axis": "x",
				"angle": 0
			},
			"type": "cube"
		},
		{
			"name": "right",
			"from": [4.700000000000001, 1.866185008428772, 10.195],
			"to": [5.349999999999998, 5.831185008428772, 10.995000000000001],
			"faces": {
				"north": {"uv": [5, 14, 4, 15], "texture": "#1", "rotation": 270},
				"east": {"uv": [5, 14, 4, 15], "texture": "#1", "rotation": 270},
				"south": {"uv": [5, 14, 4, 15], "texture": "#1", "rotation": 270},
				"west": {"uv": [5, 14, 4, 15], "texture": "#1", "rotation": 270},
				"up": {"uv": [5, 14, 4, 15], "texture": "#1", "rotation": 270},
				"down": {"uv": [5, 14, 4, 15], "texture": "#1", "rotation": 270}
			},
			"rotation": {
				"origin": [1.528465171704152, -3.201733910490148, 6.659535778393204],
				"axis": "x",
				"angle": 0
			},
			"type": "cube"
		},
		{
			"name": "right",
			"from": [4.700000000000001, 5.0138, 10.195],
			"to": [5.599999999999998, 5.838799999999999, 10.995000000000001],
			"faces": {
				"north": {"uv": [5, 14, 4, 15], "texture": "#1", "rotation": 270},
				"east": {"uv": [5, 14, 4, 15], "texture": "#1", "rotation": 270},
				"south": {"uv": [5, 14, 4, 15], "texture": "#1", "rotation": 270},
				"west": {"uv": [5, 14, 4, 15], "texture": "#1", "rotation": 270},
				"up": {"uv": [5, 14, 4, 15], "texture": "#1", "rotation": 270},
				"down": {"uv": [5, 14, 4, 15], "texture": "#1", "rotation": 270}
			},
			"rotation": {
				"origin": [1.528465171704152, -3.201733910490148, 6.659535778393204],
				"axis": "x",
				"angle": 0
			},
			"type": "cube"
		},
		{
			"name": "left",
			"from": [10.400000000000006, 1.666185008428771, 9.844999999999999],
			"to": [11.35, 5.8511850084287715, 10.745],
			"faces": {
				"north": {"uv": [4, 14, 5, 15], "texture": "#1", "rotation": 270},
				"east": {"uv": [4, 14, 5, 15], "texture": "#1", "rotation": 270},
				"south": {"uv": [4, 14, 5, 15], "texture": "#1", "rotation": 270},
				"west": {"uv": [4, 14, 5, 15], "texture": "#1", "rotation": 270},
				"up": {"uv": [4, 14, 5, 15], "texture": "#1", "rotation": 270},
				"down": {"uv": [4, 14, 5, 15], "texture": "#1", "rotation": 270}
			},
			"rotation": {
				"origin": [14.476228367934626, -3.201733910490148, 6.649351251120187],
				"axis": "x",
				"angle": 0
			},
			"type": "cube"
		},
		{
			"name": "left",
			"from": [11.3, 2.3161850084287714, 10.195],
			"to": [11.749999999999998, 5.831185008428772, 10.995000000000001],
			"faces": {
				"north": {"uv": [4, 14, 5, 15], "texture": "#1", "rotation": 270},
				"east": {"uv": [4, 14, 5, 15], "texture": "#1", "rotation": 270},
				"south": {"uv": [4, 14, 5, 15], "texture": "#1", "rotation": 270},
				"west": {"uv": [4, 14, 5, 15], "texture": "#1", "rotation": 270},
				"up": {"uv": [4, 14, 5, 15], "texture": "#1", "rotation": 270},
				"down": {"uv": [4, 14, 5, 15], "texture": "#1", "rotation": 270}
			},
			"rotation": {
				"origin": [14.471534828295848, -3.201733910490148, 6.659535778393204],
				"axis": "x",
				"angle": 0
			},
			"type": "cube"
		},
		{
			"name": "left",
			"from": [10.400000000000006, 1.666185008428771, 9.844999999999999],
			"to": [11.35, 2.980985008428771, 10.195],
			"faces": {
				"north": {"uv": [4, 14, 5, 15], "texture": "#1", "rotation": 270},
				"east": {"uv": [4, 14, 5, 15], "texture": "#1", "rotation": 270},
				"south": {"uv": [4, 14, 5, 15], "texture": "#1", "rotation": 270},
				"west": {"uv": [4, 14, 5, 15], "texture": "#1", "rotation": 270},
				"up": {"uv": [4, 14, 5, 15], "texture": "#1", "rotation": 270},
				"down": {"uv": [4, 14, 5, 15], "texture": "#1", "rotation": 270}
			},
			"rotation": {
				"origin": [14.376228367934626, -3.201733910490148, 6.649351251120187],
				"axis": "x",
				"angle": 0
			},
			"type": "cube"
		},
		{
			"name": "left",
			"from": [12.757397531363909, 4.92550680042147, 9.845],
			"to": [13.282397531363902, 5.990306800421468, 10.195000000000002],
			"faces": {
				"north": {"uv": [4, 14, 5, 15], "texture": "#1", "rotation": 270},
				"east": {"uv": [4, 14, 5, 15], "texture": "#1", "rotation": 270},
				"south": {"uv": [4, 14, 5, 15], "texture": "#1", "rotation": 270},
				"west": {"uv": [4, 14, 5, 15], "texture": "#1", "rotation": 270},
				"up": {"uv": [4, 14, 5, 15], "texture": "#1", "rotation": 270},
				"down": {"uv": [4, 14, 5, 15], "texture": "#1", "rotation": 270}
			},
			"rotation": {
				"origin": [16.83362589929853, 0.0575878815025499, 6.649351251120189],
				"axis": "z",
				"angle": 22.5
			},
			"type": "cube"
		},
		{
			"name": "left",
			"from": [10.400000000000002, 3.2911850084287693, 9.845],
			"to": [11.749999999999998, 5.831185008428768, 10.645000000000001],
			"faces": {
				"north": {"uv": [4, 14, 5, 15], "texture": "#1", "rotation": 270},
				"east": {"uv": [4, 14, 5, 15], "texture": "#1", "rotation": 270},
				"south": {"uv": [4, 14, 5, 15], "texture": "#1", "rotation": 270},
				"west": {"uv": [4, 14, 5, 15], "texture": "#1", "rotation": 270},
				"up": {"uv": [4, 14, 5, 15], "texture": "#1", "rotation": 270},
				"down": {"uv": [4, 14, 5, 15], "texture": "#1", "rotation": 270}
			},
			"rotation": {
				"origin": [14.471534828295848, -3.1017339104901485, 6.659535778393204],
				"axis": "x",
				"angle": 0
			},
			"type": "cube"
		},
		{
			"name": "left",
			"from": [14.678968826963796, 5.9633270183327625, 9.845],
			"to": [15.35396882696379, 6.038327018332762, 10.195000000000002],
			"faces": {
				"north": {"uv": [4, 14, 5, 15], "texture": "#1", "rotation": 270},
				"east": {"uv": [4, 14, 5, 15], "texture": "#1", "rotation": 270},
				"south": {"uv": [4, 14, 5, 15], "texture": "#1", "rotation": 270},
				"west": {"uv": [4, 14, 5, 15], "texture": "#1", "rotation": 270},
				"up": {"uv": [4, 14, 5, 15], "texture": "#1", "rotation": 270},
				"down": {"uv": [4, 14, 5, 15], "texture": "#1", "rotation": 270}
			},
			"rotation": {
				"origin": [16.755197194898415, 0.04540809941384527, 6.649351251120189],
				"axis": "z",
				"angle": 45
			},
			"type": "cube"
		},
		{
			"name": "left",
			"from": [15.467070094215044, 5.962776346989095, 9.845],
			"to": [15.517070094215043, 6.062776346989095, 10.195000000000002],
			"faces": {
				"north": {"uv": [4, 14, 5, 15], "texture": "#1", "rotation": 270},
				"east": {"uv": [4, 14, 5, 15], "texture": "#1", "rotation": 270},
				"south": {"uv": [4, 14, 5, 15], "texture": "#1", "rotation": 270},
				"west": {"uv": [4, 14, 5, 15], "texture": "#1", "rotation": 270},
				"up": {"uv": [4, 14, 5, 15], "texture": "#1", "rotation": 270},
				"down": {"uv": [4, 14, 5, 15], "texture": "#1", "rotation": 270}
			},
			"rotation": {
				"origin": [16.918298462149668, 0.019857428070175764, 6.649351251120189],
				"axis": "z",
				"angle": 45
			},
			"type": "cube"
		},
		{
			"name": "left",
			"from": [10.537278275979496, 0.21917973147922787, 9.844999999999999],
			"to": [10.637278275979494, 0.8941797314792215, 10.195],
			"faces": {
				"north": {"uv": [4, 14, 5, 15], "texture": "#1"},
				"east": {"uv": [4, 14, 5, 15], "texture": "#1", "rotation": 180},
				"south": {"uv": [4, 14, 5, 15], "texture": "#1", "rotation": 180},
				"west": {"uv": [4, 14, 5, 15], "texture": "#1", "rotation": 180},
				"up": {"uv": [4, 14, 5, 15], "texture": "#1", "rotation": 180},
				"down": {"uv": [4, 14, 5, 15], "texture": "#1", "rotation": 180}
			},
			"rotation": {
				"origin": [16.755197194898415, 0.04540809941384527, 6.649351251120189],
				"axis": "z",
				"angle": -22.5
			},
			"type": "cube"
		},
		{
			"name": "left",
			"from": [9.067009029689535, 2.242869617573799, 9.845],
			"to": [9.592009029689528, 2.307669617573797, 10.195000000000002],
			"faces": {
				"north": {"uv": [4, 14, 5, 15], "texture": "#1", "rotation": 270},
				"east": {"uv": [4, 14, 5, 15], "texture": "#1", "rotation": 270},
				"south": {"uv": [4, 14, 5, 15], "texture": "#1", "rotation": 270},
				"west": {"uv": [4, 14, 5, 15], "texture": "#1", "rotation": 270},
				"up": {"uv": [4, 14, 5, 15], "texture": "#1", "rotation": 270},
				"down": {"uv": [4, 14, 5, 15], "texture": "#1", "rotation": 270}
			},
			"rotation": {
				"origin": [13.143237397624155, -2.625049301345121, 6.649351251120189],
				"axis": "z",
				"angle": -22.5
			},
			"type": "cube"
		},
		{
			"name": "left",
			"from": [10.400000000000006, 5.691185008428771, 9.844999999999999],
			"to": [10.45, 6.369185008428772, 10.995],
			"faces": {
				"north": {"uv": [4, 14, 5, 15], "texture": "#1", "rotation": 270},
				"east": {"uv": [4, 14, 5, 15], "texture": "#1", "rotation": 270},
				"south": {"uv": [4, 14, 5, 15], "texture": "#1", "rotation": 270},
				"west": {"uv": [4, 14, 5, 15], "texture": "#1", "rotation": 270},
				"up": {"uv": [4, 14, 5, 15], "texture": "#1", "rotation": 270},
				"down": {"uv": [4, 14, 5, 15], "texture": "#1", "rotation": 270}
			},
			"rotation": {
				"origin": [14.476228367934626, -3.201733910490148, 6.649351251120187],
				"axis": "x",
				"angle": 0
			},
			"type": "cube"
		},
		{
			"name": "left",
			"from": [10.400000000000006, 5.691185008428771, 9.844999999999999],
			"to": [10.674999999999997, 6.269185008428773, 10.995],
			"faces": {
				"north": {"uv": [4, 14, 5, 15], "texture": "#1", "rotation": 270},
				"east": {"uv": [4, 14, 5, 15], "texture": "#1", "rotation": 270},
				"south": {"uv": [4, 14, 5, 15], "texture": "#1", "rotation": 270},
				"west": {"uv": [4, 14, 5, 15], "texture": "#1", "rotation": 270},
				"up": {"uv": [4, 14, 5, 15], "texture": "#1", "rotation": 270},
				"down": {"uv": [4, 14, 5, 15], "texture": "#1", "rotation": 270}
			},
			"rotation": {
				"origin": [14.426228367934625, -3.201733910490148, 6.649351251120187],
				"axis": "x",
				"angle": 0
			},
			"type": "cube"
		},
		{
			"name": "left",
			"from": [10.650000000000006, 5.791185008428773, 9.844999999999999],
			"to": [10.925, 6.169185008428773, 10.995],
			"faces": {
				"north": {"uv": [4, 14, 5, 15], "texture": "#1", "rotation": 270},
				"east": {"uv": [4, 14, 5, 15], "texture": "#1", "rotation": 270},
				"south": {"uv": [4, 14, 5, 15], "texture": "#1", "rotation": 270},
				"west": {"uv": [4, 14, 5, 15], "texture": "#1", "rotation": 270},
				"up": {"uv": [4, 14, 5, 15], "texture": "#1", "rotation": 270},
				"down": {"uv": [4, 14, 5, 15], "texture": "#1", "rotation": 270}
			},
			"rotation": {
				"origin": [14.426228367934625, -3.201733910490148, 6.649351251120187],
				"axis": "x",
				"angle": 0
			},
			"type": "cube"
		},
		{
			"name": "left",
			"from": [10.850000000000005, 5.791185008428773, 9.844999999999999],
			"to": [11.475, 5.944185008428773, 10.995],
			"faces": {
				"north": {"uv": [4, 14, 5, 15], "texture": "#1", "rotation": 270},
				"east": {"uv": [4, 14, 5, 15], "texture": "#1", "rotation": 270},
				"south": {"uv": [4, 14, 5, 15], "texture": "#1", "rotation": 270},
				"west": {"uv": [4, 14, 5, 15], "texture": "#1", "rotation": 270},
				"up": {"uv": [4, 14, 5, 15], "texture": "#1", "rotation": 270},
				"down": {"uv": [4, 14, 5, 15], "texture": "#1", "rotation": 270}
			},
			"rotation": {
				"origin": [14.426228367934625, -3.201733910490148, 6.649351251120187],
				"axis": "x",
				"angle": 0
			},
			"type": "cube"
		},
		{
			"name": "left",
			"from": [5.280719183024901, 9.01647401146282, 9.845],
			"to": [5.820719183024902, 9.350474011462818, 10.995000000000001],
			"faces": {
				"north": {"uv": [5, 14, 4, 15], "texture": "#1", "rotation": 270},
				"east": {"uv": [5, 14, 4, 15], "texture": "#1", "rotation": 270},
				"south": {"uv": [5, 14, 4, 15], "texture": "#1", "rotation": 270},
				"west": {"uv": [5, 14, 4, 15], "texture": "#1", "rotation": 270},
				"up": {"uv": [5, 14, 4, 15], "texture": "#1", "rotation": 270},
				"down": {"uv": [5, 14, 4, 15], "texture": "#1", "rotation": 270}
			},
			"rotation": {
				"origin": [0.6341843547290509, -3.4514449074561, 6.659535778393204],
				"axis": "z",
				"angle": -22.5
			},
			"type": "cube"
		},
		{
			"name": "left",
			"from": [7.069791532861226, 8.870567327801677, 9.844999999999999],
			"to": [8.477291532861226, 8.979567327801677, 10.995],
			"faces": {
				"north": {"uv": [5, 14, 4, 15], "texture": "#1", "rotation": 270},
				"east": {"uv": [5, 14, 4, 15], "texture": "#1", "rotation": 270},
				"south": {"uv": [5, 14, 4, 15], "texture": "#1", "rotation": 270},
				"west": {"uv": [5, 14, 4, 15], "texture": "#1", "rotation": 270},
				"up": {"uv": [5, 14, 4, 15], "texture": "#1", "rotation": 270},
				"down": {"uv": [5, 14, 4, 15], "texture": "#1", "rotation": 270}
			},
			"rotation": {
				"origin": [2.1982567045653756, -0.8223515911172417, 6.309535778393203],
				"axis": "z",
				"angle": -22.5
			},
			"type": "cube"
		},
		{
			"name": "left",
			"from": [5.889490415703905, 8.838815051004307, 9.8712],
			"to": [6.157890415703905, 9.111455051004306, 10.975200000000001],
			"faces": {
				"north": {"uv": [5, 14, 4, 15], "texture": "#1", "rotation": 270},
				"east": {"uv": [5, 14, 4, 15], "texture": "#1", "rotation": 270},
				"south": {"uv": [5, 14, 4, 15], "texture": "#1", "rotation": 270},
				"west": {"uv": [5, 14, 4, 15], "texture": "#1", "rotation": 270},
				"up": {"uv": [5, 14, 4, 15], "texture": "#1", "rotation": 270},
				"down": {"uv": [5, 14, 4, 15], "texture": "#1", "rotation": 270}
			},
			"rotation": {
				"origin": [1.1788169805398887, -3.178387111157855, 6.813154347257475],
				"axis": "z",
				"angle": -22.5
			},
			"type": "cube"
		},
		{
			"name": "left",
			"from": [9.925000000000002, 5.016185008428771, 9.845],
			"to": [10.325, 6.391185008428771, 10.995000000000001],
			"faces": {
				"north": {"uv": [5, 14, 4, 15], "texture": "#1", "rotation": 270},
				"east": {"uv": [5, 14, 4, 15], "texture": "#1", "rotation": 270},
				"south": {"uv": [5, 14, 4, 15], "texture": "#1", "rotation": 270},
				"west": {"uv": [5, 14, 4, 15], "texture": "#1", "rotation": 270},
				"up": {"uv": [5, 14, 4, 15], "texture": "#1", "rotation": 270},
				"down": {"uv": [5, 14, 4, 15], "texture": "#1", "rotation": 270}
			},
			"rotation": {
				"origin": [1.528465171704152, -3.201733910490148, 6.659535778393204],
				"axis": "x",
				"angle": 0
			},
			"type": "cube"
		},
		{
			"name": "left",
			"from": [10.850000000000005, 5.916185008428773, 9.844999999999999],
			"to": [11.200000000000001, 6.056185008428773, 10.995],
			"faces": {
				"north": {"uv": [4, 14, 5, 15], "texture": "#1", "rotation": 270},
				"east": {"uv": [4, 14, 5, 15], "texture": "#1", "rotation": 270},
				"south": {"uv": [4, 14, 5, 15], "texture": "#1", "rotation": 270},
				"west": {"uv": [4, 14, 5, 15], "texture": "#1", "rotation": 270},
				"up": {"uv": [4, 14, 5, 15], "texture": "#1", "rotation": 270},
				"down": {"uv": [4, 14, 5, 15], "texture": "#1", "rotation": 270}
			},
			"rotation": {
				"origin": [14.426228367934625, -3.201733910490148, 6.649351251120187],
				"axis": "x",
				"angle": 0
			},
			"type": "cube"
		},
		{
			"name": "left",
			"from": [12.855719183024902, 1.7164740114628216, 9.845],
			"to": [12.920719183024902, 2.0504740114628195, 10.995000000000001],
			"faces": {
				"north": {"uv": [5, 14, 4, 15], "texture": "#1", "rotation": 270},
				"east": {"uv": [5, 14, 4, 15], "texture": "#1", "rotation": 270},
				"south": {"uv": [5, 14, 4, 15], "texture": "#1", "rotation": 270},
				"west": {"uv": [5, 14, 4, 15], "texture": "#1", "rotation": 270},
				"up": {"uv": [5, 14, 4, 15], "texture": "#1", "rotation": 270},
				"down": {"uv": [5, 14, 4, 15], "texture": "#1", "rotation": 270}
			},
			"rotation": {
				"origin": [0.6341843547290509, -3.4514449074561, 6.659535778393204],
				"axis": "z",
				"angle": 22.5
			},
			"type": "cube"
		},
		{
			"name": "left",
			"from": [5.280719183024901, -0.8504740114628184, 9.845],
			"to": [5.820719183024902, -0.7664740114628206, 10.995000000000001],
			"faces": {
				"north": {"uv": [5, 15, 4, 14], "texture": "#1", "rotation": 270},
				"east": {"uv": [5, 15, 4, 14], "texture": "#1", "rotation": 270},
				"south": {"uv": [5, 15, 4, 14], "texture": "#1", "rotation": 270},
				"west": {"uv": [5, 15, 4, 14], "texture": "#1", "rotation": 270},
				"up": {"uv": [5, 15, 4, 14], "texture": "#1", "rotation": 270},
				"down": {"uv": [5, 15, 4, 14], "texture": "#1", "rotation": 270}
			},
			"rotation": {
				"origin": [0.6341843547290509, 11.7014449074561, 6.659535778393204],
				"axis": "z",
				"angle": 22.5
			},
			"type": "cube"
		},
		{
			"name": "left",
			"from": [12.855719183024902, 6.1995259885371805, 9.845],
			"to": [12.920719183024902, 6.533525988537178, 10.995000000000001],
			"faces": {
				"north": {"uv": [5, 15, 4, 14], "texture": "#1", "rotation": 270},
				"east": {"uv": [5, 15, 4, 14], "texture": "#1", "rotation": 270},
				"south": {"uv": [5, 15, 4, 14], "texture": "#1", "rotation": 270},
				"west": {"uv": [5, 15, 4, 14], "texture": "#1", "rotation": 270},
				"up": {"uv": [5, 15, 4, 14], "texture": "#1", "rotation": 270},
				"down": {"uv": [5, 15, 4, 14], "texture": "#1", "rotation": 270}
			},
			"rotation": {
				"origin": [0.6341843547290509, 11.7014449074561, 6.659535778393204],
				"axis": "z",
				"angle": -22.5
			},
			"type": "cube"
		},
		{
			"name": "left",
			"from": [10.400000000000002, 1.866185008428772, 10.195],
			"to": [11.299999999999999, 2.616185008428772, 10.995000000000001],
			"faces": {
				"north": {"uv": [4, 14, 5, 15], "texture": "#1", "rotation": 270},
				"east": {"uv": [4, 14, 5, 15], "texture": "#1", "rotation": 270},
				"south": {"uv": [4, 14, 5, 15], "texture": "#1", "rotation": 270},
				"west": {"uv": [4, 14, 5, 15], "texture": "#1", "rotation": 270},
				"up": {"uv": [4, 14, 5, 15], "texture": "#1", "rotation": 270},
				"down": {"uv": [4, 14, 5, 15], "texture": "#1", "rotation": 270}
			},
			"rotation": {
				"origin": [14.471534828295848, -3.201733910490148, 6.659535778393204],
				"axis": "x",
				"angle": 0
			},
			"type": "cube"
		},
		{
			"name": "left",
			"from": [11.3, 1.666185008428771, 10.195],
			"to": [11.749999999999998, 2.331185008428772, 10.745000000000001],
			"faces": {
				"north": {"uv": [4, 14, 5, 15], "texture": "#1", "rotation": 270},
				"east": {"uv": [4, 14, 5, 15], "texture": "#1", "rotation": 270},
				"south": {"uv": [4, 14, 5, 15], "texture": "#1", "rotation": 270},
				"west": {"uv": [4, 14, 5, 15], "texture": "#1", "rotation": 270},
				"up": {"uv": [4, 14, 5, 15], "texture": "#1", "rotation": 270},
				"down": {"uv": [4, 14, 5, 15], "texture": "#1", "rotation": 270}
			},
			"rotation": {
				"origin": [14.471534828295848, -3.201733910490148, 6.659535778393204],
				"axis": "x",
				"angle": 0
			},
			"type": "cube"
		},
		{
			"name": "left",
			"from": [11.1, 1.6661850084287728, 10.195],
			"to": [11.299999999999999, 1.866185008428773, 10.995000000000001],
			"faces": {
				"north": {"uv": [4, 14, 5, 15], "texture": "#1", "rotation": 270},
				"east": {"uv": [4, 14, 5, 15], "texture": "#1", "rotation": 270},
				"south": {"uv": [4, 14, 5, 15], "texture": "#1", "rotation": 270},
				"west": {"uv": [4, 14, 5, 15], "texture": "#1", "rotation": 270},
				"up": {"uv": [4, 14, 5, 15], "texture": "#1", "rotation": 270},
				"down": {"uv": [4, 14, 5, 15], "texture": "#1", "rotation": 270}
			},
			"rotation": {
				"origin": [14.471534828295848, -3.201733910490148, 6.659535778393204],
				"axis": "x",
				"angle": 0
			},
			"type": "cube"
		},
		{
			"name": "left",
			"from": [10.400000000000002, 1.6661850084287728, 10.195],
			"to": [10.700000000000001, 1.866185008428773, 10.995000000000001],
			"faces": {
				"north": {"uv": [4, 14, 5, 15], "texture": "#1", "rotation": 270},
				"east": {"uv": [4, 14, 5, 15], "texture": "#1", "rotation": 270},
				"south": {"uv": [4, 14, 5, 15], "texture": "#1", "rotation": 270},
				"west": {"uv": [4, 14, 5, 15], "texture": "#1", "rotation": 270},
				"up": {"uv": [4, 14, 5, 15], "texture": "#1", "rotation": 270},
				"down": {"uv": [4, 14, 5, 15], "texture": "#1", "rotation": 270}
			},
			"rotation": {
				"origin": [14.471534828295848, -3.201733910490148, 6.659535778393204],
				"axis": "x",
				"angle": 0
			},
			"type": "cube"
		},
		{
			"name": "left",
			"from": [10.075000000000003, 5.616185008428771, 10.125],
			"to": [10.575, 6.116185008428771, 11],
			"faces": {
				"north": {"uv": [5, 14, 4, 15], "texture": "#1", "rotation": 270},
				"east": {"uv": [5, 14, 4, 15], "texture": "#1", "rotation": 270},
				"south": {"uv": [16, 0, 0, 16], "texture": "#0", "rotation": 270},
				"west": {"uv": [5, 14, 4, 15], "texture": "#1", "rotation": 270},
				"up": {"uv": [5, 14, 4, 15], "texture": "#1", "rotation": 270},
				"down": {"uv": [5, 14, 4, 15], "texture": "#1", "rotation": 270}
			},
			"rotation": {
				"origin": [1.528465171704152, -3.201733910490148, 6.659535778393204],
				"axis": "x",
				"angle": 0
			},
			"type": "cube"
		},
		{
			"name": "left",
			"from": [9.925000000000002, 1.8661850084287703, 9.845],
			"to": [10.325000000000001, 5.391185008428771, 10.895000000000001],
			"faces": {
				"north": {"uv": [5, 14, 4, 15], "texture": "#1", "rotation": 270},
				"east": {"uv": [5, 14, 4, 15], "texture": "#1", "rotation": 270},
				"south": {"uv": [5, 14, 4, 15], "texture": "#1", "rotation": 270},
				"west": {"uv": [5, 14, 4, 15], "texture": "#1", "rotation": 270},
				"up": {"uv": [5, 14, 4, 15], "texture": "#1", "rotation": 270},
				"down": {"uv": [5, 14, 4, 15], "texture": "#1", "rotation": 270}
			},
			"rotation": {
				"origin": [1.528465171704152, -3.201733910490148, 6.659535778393204],
				"axis": "x",
				"angle": 0
			},
			"type": "cube"
		},
		{
			"name": "left",
			"from": [10.650000000000002, 1.866185008428772, 10.195],
			"to": [11.299999999999999, 5.831185008428772, 10.995000000000001],
			"faces": {
				"north": {"uv": [4, 14, 5, 15], "texture": "#1", "rotation": 270},
				"east": {"uv": [4, 14, 5, 15], "texture": "#1", "rotation": 270},
				"south": {"uv": [4, 14, 5, 15], "texture": "#1", "rotation": 270},
				"west": {"uv": [4, 14, 5, 15], "texture": "#1", "rotation": 270},
				"up": {"uv": [4, 14, 5, 15], "texture": "#1", "rotation": 270},
				"down": {"uv": [4, 14, 5, 15], "texture": "#1", "rotation": 270}
			},
			"rotation": {
				"origin": [14.471534828295848, -3.201733910490148, 6.659535778393204],
				"axis": "x",
				"angle": 0
			},
			"type": "cube"
		},
		{
			"name": "left",
			"from": [10.400000000000002, 5.0138, 10.195],
			"to": [11.299999999999999, 5.838799999999999, 10.995000000000001],
			"faces": {
				"north": {"uv": [4, 14, 5, 15], "texture": "#1", "rotation": 270},
				"east": {"uv": [4, 14, 5, 15], "texture": "#1", "rotation": 270},
				"south": {"uv": [4, 14, 5, 15], "texture": "#1", "rotation": 270},
				"west": {"uv": [4, 14, 5, 15], "texture": "#1", "rotation": 270},
				"up": {"uv": [4, 14, 5, 15], "texture": "#1", "rotation": 270},
				"down": {"uv": [4, 14, 5, 15], "texture": "#1", "rotation": 270}
			},
			"rotation": {
				"origin": [14.471534828295848, -3.201733910490148, 6.659535778393204],
				"axis": "x",
				"angle": 0
			},
			"type": "cube"
		}
	],
	"groups": [
		{
			"name": "middle",
			"isOpen": true,
			"display": {"visibility": true, "autouv": false},
			"children": [0, 1, 2, 3, 4, 5, 6, 7]
		},
		{
			"name": "right half cartridge",
			"isOpen": true,
			"display": {"visibility": true, "autouv": false},
			"children": [
				8,
				9,
				10,
				11,
				12,
				13,
				14,
				15,
				16,
				17,
				18,
				19,
				20,
				21,
				22,
				23,
				24,
				25,
				26,
				27,
				28,
				29,
				30,
				31,
				32,
				33,
				34,
				35,
				36
			]
		},
		{
			"name": "left half cartridge",
			"isOpen": true,
			"display": {"visibility": true, "autouv": false},
			"children": [
				37,
				38,
				39,
				40,
				41,
				42,
				43,
				44,
				45,
				46,
				47,
				48,
				49,
				50,
				51,
				52,
				53,
				54,
				55,
				56,
				57,
				58,
				59,
				60,
				61,
				62,
				63,
				64,
				65
			]
		}
	],
	"display": {
		"thirdperson_righthand": {
			"scale": [0.8, 0.8, 0.8],
			"rotation": [75, 45, 0],
			"translation": [-0.5, 0.5, 2]
		},
		"thirdperson_lefthand": {
			"scale": [0.8, 0.8, 0.8],
			"rotation": [75, 45, 0],
			"translation": [-0.5, 0.5, 2]
		},
		"firstperson_righthand": {
			"scale": [0.8, 0.8, 0.8],
			"translation": [-1.5, 5, -0.5],
			"rotation": [0, 90, -25]
		},
		"firstperson_lefthand": {
			"scale": [0.8, 0.8, 0.8],
			"rotation": [0, 90, -25],
			"translation": [-1.5, 5, 0]
		},
		"head": {"scale": [1, 1, 1], "rotation": [0, 0, 0], "translation": [0, 0, -2.5]},
		"ground": {"scale": [1, 1, 1], "rotation": [0, 0, 0], "translation": [0, 2, 0]},
		"fixed": {"scale": [2, 2, 2], "rotation": [0, 0, 0], "translation": [0, 8, -4.5]},
		"gui": {"scale": [2, 2, 2], "rotation": [20, 160, 0], "translation": [-1.5, 6, 0]}
	}
}