{
	"credit": "Made with Blockbench by dragonmaster95",
	"textures": {
		"0": "decorations/other/n64_controller",
		"1": "decorations/other/n64_controller2",
		"2": "decorations/other/n64_controller3",
		"3": "decorations/other/n64_controller4",
		"4": "decorations/other/n64_controller5",
		"5": "decorations/other/n64_5",
		"particle": "decorations/other/n64_controller"
	},
	"elements": [
		{
			"name": "controller main",
			"from": [12.91849, 3.75, 7.99718],
			"to": [14.66849, 5.75, 8.99718],
			"rotation": {"angle": -22.5, "axis": "y", "origin": [7.41849, 12.25, 10.99718]},
			"faces": {
				"east": {"uv": [1, 4, 2, 5], "texture": "#0", "tintindex": 0},
				"up": {"uv": [1, 4, 2, 5], "texture": "#0", "tintindex": 0},
				"down": {"uv": [1, 4, 2, 5], "texture": "#0", "tintindex": 0}
			}
		},
		{
			"name": "controller main",
			"from": [0.76467, 3.75, 9.25],
			"to": [15.26467, 5.75, 11],
			"faces": {
				"east": {"uv": [1, 4, 2, 5], "texture": "#0", "tintindex": 0},
				"west": {"uv": [1, 4, 2, 5], "texture": "#0", "tintindex": 0},
				"up": {"uv": [1, 4, 2, 5], "texture": "#0", "tintindex": 0},
				"down": {"uv": [1, 4, 2, 5], "texture": "#0", "tintindex": 0}
			}
		},
		{
			"name": "controller main",
			"from": [2.77834, 3.75, 7.23633],
			"to": [13.251, 5.75, 13.01367],
			"faces": {
				"north": {"uv": [1, 4, 2, 5], "texture": "#0", "tintindex": 0},
				"south": {"uv": [1, 4, 2, 5], "texture": "#0", "tintindex": 0},
				"up": {"uv": [1, 4, 2, 5], "texture": "#0", "tintindex": 0},
				"down": {"uv": [1, 4, 2, 5], "texture": "#0", "tintindex": 0}
			}
		},
		{
			"name": "controller main",
			"from": [1.36085, 3.75, 11.25282],
			"to": [3.11085, 5.75, 12.25282],
			"rotation": {"angle": -22.5, "axis": "y", "origin": [8.61085, 12.25, 9.25282]},
			"faces": {
				"west": {"uv": [1, 4, 2, 5], "texture": "#0", "tintindex": 0},
				"up": {"uv": [1, 4, 2, 5], "texture": "#0", "tintindex": 0},
				"down": {"uv": [1, 4, 2, 5], "texture": "#0", "tintindex": 0}
			}
		},
		{
			"name": "controller main",
			"from": [1.1452, 3.75, 13.33132],
			"to": [3.8952, 5.75, 14.33132],
			"rotation": {"angle": -45, "axis": "y", "origin": [8.3952, 12.25, 11.33132]},
			"faces": {
				"west": {"uv": [1, 4, 2, 5], "texture": "#0", "tintindex": 0},
				"up": {"uv": [1, 4, 2, 5], "texture": "#0", "tintindex": 0},
				"down": {"uv": [1, 4, 2, 5], "texture": "#0", "tintindex": 0}
			}
		},
		{
			"name": "controller main",
			"from": [4.40055, 3.75, 5.91909],
			"to": [5.40055, 5.75, 8.66909],
			"rotation": {"angle": 22.5, "axis": "y", "origin": [7.40055, 12.25, 13.16909]},
			"faces": {
				"north": {"uv": [1, 4, 2, 5], "rotation": 90, "texture": "#0", "tintindex": 0},
				"up": {"uv": [1, 4, 2, 5], "texture": "#0", "tintindex": 0},
				"down": {"uv": [1, 4, 2, 5], "rotation": 90, "texture": "#0", "tintindex": 0}
			}
		},
		{
			"name": "controller main",
			"from": [1.36085, 3.75, 7.99718],
			"to": [3.11085, 5.75, 8.99718],
			"rotation": {"angle": 22.5, "axis": "y", "origin": [8.61085, 12.25, 10.99718]},
			"faces": {
				"west": {"uv": [1, 4, 2, 5], "texture": "#0", "tintindex": 0},
				"up": {"uv": [1, 4, 2, 5], "texture": "#0", "tintindex": 0},
				"down": {"uv": [1, 4, 2, 5], "texture": "#0", "tintindex": 0}
			}
		},
		{
			"name": "controller main",
			"from": [1.1452, 3.75, 5.91868],
			"to": [3.8952, 5.75, 6.91868],
			"rotation": {"angle": 45, "axis": "y", "origin": [8.3952, 12.25, 8.91868]},
			"faces": {
				"west": {"uv": [1, 4, 2, 5], "texture": "#0", "tintindex": 0},
				"up": {"uv": [1, 4, 2, 5], "texture": "#0", "tintindex": 0},
				"down": {"uv": [1, 4, 2, 5], "texture": "#0", "tintindex": 0}
			}
		},
		{
			"name": "controller main",
			"from": [4.40055, 3.75, 11.58091],
			"to": [5.40055, 5.75, 14.33091],
			"rotation": {"angle": -22.5, "axis": "y", "origin": [7.40055, 12.25, 7.08091]},
			"faces": {
				"south": {"uv": [1, 4, 2, 5], "rotation": 90, "texture": "#0", "tintindex": 0},
				"up": {"uv": [1, 4, 2, 5], "texture": "#0", "tintindex": 0},
				"down": {"uv": [1, 4, 2, 5], "rotation": 90, "texture": "#0", "tintindex": 0}
			}
		},
		{
			"name": "controller main",
			"from": [10.62879, 3.75, 5.91909],
			"to": [11.62879, 5.75, 8.66909],
			"rotation": {"angle": -22.5, "axis": "y", "origin": [8.62879, 12.25, 13.16909]},
			"faces": {
				"north": {"uv": [1, 4, 2, 5], "rotation": 90, "texture": "#0", "tintindex": 0},
				"up": {"uv": [1, 4, 2, 5], "texture": "#0", "tintindex": 0},
				"down": {"uv": [1, 4, 2, 5], "rotation": 90, "texture": "#0", "tintindex": 0}
			}
		},
		{
			"name": "controller main",
			"from": [12.13414, 3.75, 13.33132],
			"to": [14.88414, 5.75, 14.33132],
			"rotation": {"angle": 45, "axis": "y", "origin": [7.63414, 12.25, 11.33132]},
			"faces": {
				"east": {"uv": [1, 4, 2, 5], "texture": "#0", "tintindex": 0},
				"up": {"uv": [1, 4, 2, 5], "texture": "#0", "tintindex": 0},
				"down": {"uv": [1, 4, 2, 5], "texture": "#0", "tintindex": 0}
			}
		},
		{
			"name": "controller main",
			"from": [12.91849, 3.75, 11.25282],
			"to": [14.66849, 5.75, 12.25282],
			"rotation": {"angle": 22.5, "axis": "y", "origin": [7.41849, 12.25, 9.25282]},
			"faces": {
				"east": {"uv": [1, 4, 2, 5], "texture": "#0", "tintindex": 0},
				"up": {"uv": [1, 4, 2, 5], "texture": "#0", "tintindex": 0},
				"down": {"uv": [1, 4, 2, 5], "texture": "#0", "tintindex": 0}
			}
		},
		{
			"name": "controller main",
			"from": [12.13414, 3.75, 5.91868],
			"to": [14.88414, 5.75, 6.91868],
			"rotation": {"angle": -45, "axis": "y", "origin": [7.63414, 12.25, 8.91868]},
			"faces": {
				"east": {"uv": [1, 4, 2, 5], "texture": "#0", "tintindex": 0},
				"up": {"uv": [1, 4, 2, 5], "texture": "#0", "tintindex": 0},
				"down": {"uv": [1, 4, 2, 5], "texture": "#0", "tintindex": 0}
			}
		},
		{
			"name": "controller main",
			"from": [10.62879, 3.75, 11.58091],
			"to": [11.62879, 5.75, 14.33091],
			"rotation": {"angle": 22.5, "axis": "y", "origin": [8.62879, 12.25, 7.08091]},
			"faces": {
				"south": {"uv": [1, 4, 2, 5], "rotation": 90, "texture": "#0", "tintindex": 0},
				"up": {"uv": [1, 4, 2, 5], "texture": "#0", "tintindex": 0},
				"down": {"uv": [1, 4, 2, 5], "rotation": 90, "texture": "#0", "tintindex": 0}
			}
		},
		{
			"name": "controller main",
			"from": [6.40055, 3.75, 11.08091],
			"to": [7.70055, 5.75, 13.83091],
			"rotation": {"angle": -22.5, "axis": "y", "origin": [7.40055, 12.25, 7.08091]},
			"faces": {
				"south": {"uv": [1, 4, 2, 5], "rotation": 90, "texture": "#0", "tintindex": 0},
				"up": {"uv": [1, 4, 2, 5], "texture": "#0", "tintindex": 0},
				"down": {"uv": [1, 4, 2, 5], "rotation": 90, "texture": "#0", "tintindex": 0}
			}
		},
		{
			"name": "controller main",
			"from": [2.75055, 3.75, 11.38091],
			"to": [5.50055, 5.75, 12.58091],
			"rotation": {"angle": 22.5, "axis": "y", "origin": [7.40055, 12.25, 7.08091]},
			"faces": {
				"west": {"uv": [1, 4, 2, 5], "rotation": 180, "texture": "#0", "tintindex": 0},
				"up": {"uv": [1, 4, 2, 5], "texture": "#0", "tintindex": 0},
				"down": {"uv": [1, 4, 2, 5], "rotation": 180, "texture": "#0", "tintindex": 0}
			}
		},
		{
			"name": "controller main",
			"from": [8.00646, 2.15, 12.87932],
			"to": [9.25646, 5.75, 14.27932],
			"rotation": {"angle": -22.5, "axis": "y", "origin": [7.45646, 12.25, 7.07932]},
			"faces": {
				"south": {"uv": [1, 4, 2, 5], "rotation": 180, "texture": "#0", "tintindex": 0},
				"up": {"uv": [1, 4, 2, 5], "texture": "#0", "tintindex": 0},
				"down": {"uv": [1, 4, 2, 5], "rotation": 180, "texture": "#0", "tintindex": 0}
			}
		},
		{
			"name": "controller main",
			"from": [6.36415, 2.15, 11.02385],
			"to": [9.66517, 5.75, 14.42008],
			"rotation": {"angle": 0, "axis": "y", "origin": [7.46412, 12.25, 7.07008]},
			"faces": {
				"south": {"uv": [1, 4, 2, 5], "rotation": 180, "texture": "#0", "tintindex": 0},
				"up": {"uv": [1, 4, 2, 5], "texture": "#0", "tintindex": 0},
				"down": {"uv": [1, 4, 2, 5], "rotation": 180, "texture": "#0", "tintindex": 0}
			}
		},
		{
			"name": "controller main",
			"from": [6.77288, 2.15, 12.87932],
			"to": [8.02288, 5.75, 14.27932],
			"rotation": {"angle": 22.5, "axis": "y", "origin": [8.57288, 12.25, 7.07932]},
			"faces": {
				"south": {"uv": [1, 4, 2, 5], "rotation": 180, "texture": "#0", "tintindex": 0},
				"up": {"uv": [1, 4, 2, 5], "texture": "#0", "tintindex": 0},
				"down": {"uv": [1, 4, 2, 5], "rotation": 180, "texture": "#0", "tintindex": 0}
			}
		},
		{
			"name": "controller main",
			"from": [10.52879, 3.75, 11.38091],
			"to": [13.27879, 5.75, 12.58091],
			"rotation": {"angle": -22.5, "axis": "y", "origin": [8.62879, 12.25, 7.08091]},
			"faces": {
				"east": {"uv": [1, 4, 2, 5], "rotation": 180, "texture": "#0", "tintindex": 0},
				"up": {"uv": [1, 4, 2, 5], "texture": "#0", "tintindex": 0},
				"down": {"uv": [1, 4, 2, 5], "rotation": 180, "texture": "#0", "tintindex": 0}
			}
		},
		{
			"name": "controller main",
			"from": [8.32879, 3.75, 11.08091],
			"to": [9.62879, 5.75, 13.83091],
			"rotation": {"angle": 22.5, "axis": "y", "origin": [8.62879, 12.25, 7.08091]},
			"faces": {
				"south": {"uv": [1, 4, 2, 5], "rotation": 90, "texture": "#0", "tintindex": 0},
				"up": {"uv": [1, 4, 2, 5], "texture": "#0", "tintindex": 0},
				"down": {"uv": [1, 4, 2, 5], "rotation": 90, "texture": "#0", "tintindex": 0}
			}
		},
		{
			"name": "controller main",
			"from": [6.80055, 3.75, 6.51909],
			"to": [8.90055, 5.75, 9.26909],
			"rotation": {"angle": 22.5, "axis": "y", "origin": [7.40055, 12.25, 13.16909]},
			"faces": {
				"north": {"uv": [1, 4, 2, 5], "rotation": 90, "texture": "#0", "tintindex": 0},
				"up": {"uv": [1, 4, 2, 5], "texture": "#0", "tintindex": 0},
				"down": {"uv": [1, 4, 2, 5], "rotation": 90, "texture": "#0", "tintindex": 0}
			}
		},
		{
			"name": "controller main",
			"from": [6.0539, 3.75, 3.05652],
			"to": [9.9461, 5.75, 5.25652],
			"rotation": {"angle": 0, "axis": "y", "origin": [12.70389, 12.25, 11.55652]},
			"faces": {
				"north": {"uv": [1, 4, 2, 5], "texture": "#0", "tintindex": 0},
				"east": {"uv": [1, 4, 2, 5], "texture": "#0", "tintindex": 0},
				"west": {"uv": [1, 4, 2, 5], "texture": "#0", "tintindex": 0},
				"up": {"uv": [1, 4, 2, 5], "texture": "#0", "tintindex": 0},
				"down": {"uv": [1, 4, 2, 5], "texture": "#0", "tintindex": 0}
			}
		},
		{
			"name": "controller main",
			"from": [0.46203, 3.75, 3.45644],
			"to": [1.71203, 5.75, 4.05644],
			"rotation": {"angle": -45, "axis": "y", "origin": [7.86203, 12.25, 10.30644]},
			"faces": {
				"west": {"uv": [1, 4, 2, 5], "texture": "#0", "tintindex": 0},
				"up": {"uv": [1, 4, 2, 5], "texture": "#0", "tintindex": 0},
				"down": {"uv": [1, 4, 2, 5], "texture": "#0", "tintindex": 0}
			}
		},
		{
			"name": "controller main",
			"from": [10.78074, 3.75, 2.05865],
			"to": [11.13074, 5.75, 3.30865],
			"rotation": {"angle": 22.5, "axis": "y", "origin": [4.53074, 12.25, 9.45865]},
			"faces": {
				"north": {"uv": [1, 4, 2, 5], "rotation": 90, "texture": "#0", "tintindex": 0},
				"up": {"uv": [1, 4, 2, 5], "texture": "#0", "tintindex": 0},
				"down": {"uv": [1, 4, 2, 5], "rotation": 90, "texture": "#0", "tintindex": 0}
			}
		},
		{
			"name": "controller main",
			"from": [7.79647, 3.75, 0.09623],
			"to": [8.20347, 5.75, 3.34623],
			"rotation": {"angle": 0, "axis": "y", "origin": [1.54648, 12.25, 7.49623]},
			"faces": {
				"north": {"uv": [1, 4, 2, 5], "rotation": 90, "texture": "#0", "tintindex": 0},
				"up": {"uv": [1, 4, 2, 5], "texture": "#0", "tintindex": 0},
				"down": {"uv": [1, 4, 2, 5], "rotation": 90, "texture": "#0", "tintindex": 0}
			}
		},
		{
			"name": "controller main",
			"from": [14.28792, 3.75, 3.45644],
			"to": [15.53792, 5.75, 4.05644],
			"rotation": {"angle": 45, "axis": "y", "origin": [8.13792, 12.25, 10.30644]},
			"faces": {
				"east": {"uv": [1, 4, 2, 5], "texture": "#0", "tintindex": 0},
				"up": {"uv": [1, 4, 2, 5], "texture": "#0", "tintindex": 0},
				"down": {"uv": [1, 4, 2, 5], "texture": "#0", "tintindex": 0}
			}
		},
		{
			"name": "controller main",
			"from": [4.86922, 3.75, 2.05865],
			"to": [5.21922, 5.75, 3.30865],
			"rotation": {"angle": -22.5, "axis": "y", "origin": [11.46922, 12.25, 9.45865]},
			"faces": {
				"north": {"uv": [1, 4, 2, 5], "rotation": 90, "texture": "#0", "tintindex": 0},
				"up": {"uv": [1, 4, 2, 5], "texture": "#0", "tintindex": 0},
				"down": {"uv": [1, 4, 2, 5], "rotation": 90, "texture": "#0", "tintindex": 0}
			}
		},
		{
			"name": "controller main",
			"from": [10.65113, 3.75, 2.81262],
			"to": [12.90113, 5.75, 5.41262],
			"rotation": {"angle": 22.5, "axis": "y", "origin": [5.50113, 12.25, 11.66262]},
			"faces": {
				"east": {"uv": [1, 4, 2, 5], "texture": "#0", "tintindex": 0},
				"up": {"uv": [1, 4, 2, 5], "texture": "#0", "tintindex": 0},
				"down": {"uv": [1, 4, 2, 5], "texture": "#0", "tintindex": 0}
			}
		},
		{
			"name": "controller main",
			"from": [11.05373, 3.75, 7.25882],
			"to": [12.30373, 5.75, 9.75882],
			"rotation": {"angle": 22.5, "axis": "y", "origin": [5.55373, 12.25, 12.25882]},
			"faces": {
				"east": {"uv": [1, 4, 2, 5], "texture": "#0", "tintindex": 0},
				"up": {"uv": [1, 4, 2, 5], "texture": "#0", "tintindex": 0},
				"down": {"uv": [1, 4, 2, 5], "texture": "#0", "tintindex": 0}
			}
		},
		{
			"name": "controller main",
			"from": [7.12879, 3.75, 6.51909],
			"to": [9.22879, 5.75, 9.26909],
			"rotation": {"angle": -22.5, "axis": "y", "origin": [8.62879, 12.25, 13.16909]},
			"faces": {
				"north": {"uv": [1, 4, 2, 5], "rotation": 90, "texture": "#0", "tintindex": 0},
				"up": {"uv": [1, 4, 2, 5], "texture": "#0", "tintindex": 0},
				"down": {"uv": [1, 4, 2, 5], "rotation": 90, "texture": "#0", "tintindex": 0}
			}
		},
		{
			"name": "controller main",
			"from": [5.73088, 3.75, 4.53266],
			"to": [6.23088, 5.75, 7.28266],
			"rotation": {"angle": -45, "axis": "y", "origin": [5.65588, 12.25, 11.18266]},
			"faces": {
				"north": {"uv": [1, 4, 2, 5], "rotation": 90, "texture": "#0", "tintindex": 0},
				"up": {"uv": [1, 4, 2, 5], "texture": "#0", "tintindex": 0},
				"down": {"uv": [1, 4, 2, 5], "rotation": 90, "texture": "#0", "tintindex": 0}
			}
		},
		{
			"name": "controller main",
			"from": [3.09882, 3.75, 2.81262],
			"to": [5.34882, 5.75, 5.41262],
			"rotation": {"angle": -22.5, "axis": "y", "origin": [10.49882, 12.25, 11.66262]},
			"faces": {
				"west": {"uv": [1, 4, 2, 5], "texture": "#0", "tintindex": 0},
				"up": {"uv": [1, 4, 2, 5], "texture": "#0", "tintindex": 0},
				"down": {"uv": [1, 4, 2, 5], "texture": "#0", "tintindex": 0}
			}
		},
		{
			"name": "controller main",
			"from": [3.69627, 3.75, 7.25882],
			"to": [4.94627, 5.75, 9.75882],
			"rotation": {"angle": -22.5, "axis": "y", "origin": [10.44627, 12.25, 12.25882]},
			"faces": {
				"west": {"uv": [2, 4, 1, 5], "texture": "#0", "tintindex": 0},
				"up": {"uv": [2, 4, 1, 5], "texture": "#0", "tintindex": 0},
				"down": {"uv": [2, 4, 1, 5], "texture": "#0", "tintindex": 0}
			}
		},
		{
			"name": "controller main",
			"from": [9.76912, 3.75, 4.53266],
			"to": [10.26912, 5.75, 7.28266],
			"rotation": {"angle": 45, "axis": "y", "origin": [10.34412, 12.25, 11.18266]},
			"faces": {
				"north": {"uv": [2, 4, 1, 5], "rotation": 90, "texture": "#0", "tintindex": 0},
				"up": {"uv": [2, 4, 1, 5], "texture": "#0", "tintindex": 0},
				"down": {"uv": [2, 4, 1, 5], "rotation": 90, "texture": "#0", "tintindex": 0}
			}
		},
		{
			"name": "controller main",
			"from": [6.52834, 3.75, 5.03633],
			"to": [9.52834, 5.75, 7.81333],
			"faces": {
				"up": {"uv": [0.75, 6.85, 2.25, 8.35], "texture": "#0", "tintindex": 0},
				"down": {"uv": [1, 4, 2, 5], "texture": "#0", "tintindex": 0}
			}
		},
		{
			"name": "controller main",
			"from": [7.61417, 4.675, 12.92008],
			"to": [8.16517, 5.25, 17.42008],
			"rotation": {"angle": 0, "axis": "y", "origin": [7.46412, 12.25, 7.07008]},
			"faces": {
				"east": {"uv": [13, 4, 14, 5], "rotation": 180, "texture": "#0"},
				"west": {"uv": [13, 4, 14, 5], "rotation": 180, "texture": "#0"},
				"up": {"uv": [13, 4, 14, 5], "rotation": 180, "texture": "#0"},
				"down": {"uv": [13, 4, 14, 5], "rotation": 180, "texture": "#0"}
			}
		},
		{
			"name": "controller main",
			"from": [11.43697, 4.675, 17.90159],
			"to": [11.98797, 5.25, 22.40159],
			"rotation": {"angle": -22.5, "axis": "y", "origin": [11.28692, 12.25, 8.05159]},
			"faces": {
				"east": {"uv": [13, 4, 14, 5], "rotation": 180, "texture": "#0"},
				"west": {"uv": [13, 4, 14, 5], "rotation": 180, "texture": "#0"},
				"up": {"uv": [13, 4, 14, 5], "rotation": 180, "texture": "#0"},
				"down": {"uv": [13, 4, 14, 5], "rotation": 180, "texture": "#0"}
			}
		},
		{
			"name": "controller main",
			"from": [5.93404, 4.675, 21.36668],
			"to": [6.48504, 5.25, 25.86668],
			"rotation": {"angle": 0, "axis": "y", "origin": [5.78399, 12.25, 6.51668]},
			"faces": {
				"east": {"uv": [13, 4, 14, 5], "rotation": 180, "texture": "#0"},
				"south": {"uv": [13, 4, 14, 5], "rotation": 180, "texture": "#0"},
				"west": {"uv": [13, 4, 14, 5], "rotation": 180, "texture": "#0"},
				"up": {"uv": [13, 4, 14, 5], "rotation": 180, "texture": "#0"},
				"down": {"uv": [13, 4, 14, 5], "rotation": 180, "texture": "#0"}
			}
		},
		{
			"from": [13.69928, 2.75, 5.25044],
			"to": [15.69928, 5.25, 8.25044],
			"rotation": {"angle": 0, "axis": "y", "origin": [13.69928, 12.75, 15.00044]},
			"faces": {
				"east": {"uv": [1, 4, 2, 5], "rotation": 90, "texture": "#0", "tintindex": 0},
				"up": {"uv": [1, 4, 2, 5], "texture": "#0", "tintindex": 0},
				"down": {"uv": [1, 4, 2, 5], "rotation": 90, "texture": "#0", "tintindex": 0}
			}
		},
		{
			"from": [9.62879, 2.75, 2.41909],
			"to": [11.12879, 5.25, 7.41909],
			"rotation": {"angle": -22.5, "axis": "y", "origin": [8.62879, 12.75, 13.16909]},
			"faces": {
				"west": {"uv": [1, 4, 2, 5], "rotation": 90, "texture": "#0", "tintindex": 0},
				"up": {"uv": [1, 4, 2, 5], "texture": "#0", "tintindex": 0},
				"down": {"uv": [1, 4, 2, 5], "rotation": 90, "texture": "#0", "tintindex": 0}
			}
		},
		{
			"from": [5.89354, 2.75, 2.48568],
			"to": [6.89354, 5.25, 2.88568],
			"rotation": {"angle": -45, "axis": "y", "origin": [8.89354, 12.75, 12.63568]},
			"faces": {
				"west": {"uv": [1, 4, 2, 5], "rotation": 90, "texture": "#0", "tintindex": 0},
				"up": {"uv": [1, 4, 2, 5], "texture": "#0", "tintindex": 0},
				"down": {"uv": [1, 4, 2, 5], "rotation": 90, "texture": "#0", "tintindex": 0}
			}
		},
		{
			"from": [17.37031, 2.75, 6.53555],
			"to": [17.52031, 5.25, 7.53555],
			"rotation": {"angle": 22.5, "axis": "y", "origin": [7.62031, 12.75, 13.53555]},
			"faces": {
				"north": {"uv": [1, 4, 2, 5], "rotation": 90, "texture": "#0", "tintindex": 0},
				"up": {"uv": [1, 4, 2, 5], "texture": "#0", "tintindex": 0},
				"down": {"uv": [1, 4, 2, 5], "rotation": 90, "texture": "#0", "tintindex": 0}
			}
		},
		{
			"from": [14.08794, 2.75, 3.27982],
			"to": [14.48794, 5.25, 4.27982],
			"rotation": {"angle": 0, "axis": "y", "origin": [4.33794, 12.75, 10.27982]},
			"faces": {
				"north": {"uv": [1, 4, 2, 5], "rotation": 90, "texture": "#0", "tintindex": 0},
				"up": {"uv": [1, 4, 2, 5], "texture": "#0", "tintindex": 0},
				"down": {"uv": [1, 4, 2, 5], "rotation": 90, "texture": "#0", "tintindex": 0}
			}
		},
		{
			"from": [10.05559, 2.75, 1.56274],
			"to": [10.35559, 5.25, 2.56274],
			"rotation": {"angle": -22.5, "axis": "y", "origin": [7.95559, 12.75, 13.56274]},
			"faces": {
				"north": {"uv": [1, 4, 2, 5], "rotation": 90, "texture": "#0", "tintindex": 0},
				"up": {"uv": [1, 4, 2, 5], "texture": "#0", "tintindex": 0},
				"down": {"uv": [1, 4, 2, 5], "rotation": 90, "texture": "#0", "tintindex": 0}
			}
		},
		{
			"from": [18.43398, 2.75, 10.36631],
			"to": [19.43398, 5.25, 10.76631],
			"rotation": {"angle": 45, "axis": "y", "origin": [8.68398, 12.75, 12.51631]},
			"faces": {
				"east": {"uv": [1, 4, 2, 5], "rotation": 90, "texture": "#0", "tintindex": 0},
				"up": {"uv": [1, 4, 2, 5], "texture": "#0", "tintindex": 0},
				"down": {"uv": [1, 4, 2, 5], "rotation": 90, "texture": "#0", "tintindex": 0}
			}
		},
		{
			"from": [15.68901, 2.75, 7.62766],
			"to": [16.68901, 5.25, 9.32766],
			"rotation": {"angle": 22.5, "axis": "y", "origin": [5.93901, 12.75, 9.77766]},
			"faces": {
				"east": {"uv": [1, 4, 2, 5], "rotation": 90, "texture": "#0", "tintindex": 0},
				"up": {"uv": [1, 4, 2, 5], "texture": "#0", "tintindex": 0},
				"down": {"uv": [1, 4, 2, 5], "rotation": 90, "texture": "#0", "tintindex": 0}
			}
		},
		{
			"from": [12.27879, 2.75, 5.91909],
			"to": [13.27879, 5.25, 8.41909],
			"rotation": {"angle": -22.5, "axis": "y", "origin": [8.62879, 12.75, 13.16909]},
			"faces": {
				"east": {"uv": [1, 4, 2, 5], "rotation": 90, "texture": "#0", "tintindex": 0},
				"up": {"uv": [1, 4, 2, 5], "texture": "#0", "tintindex": 0},
				"down": {"uv": [1, 4, 2, 5], "rotation": 90, "texture": "#0", "tintindex": 0}
			}
		},
		{
			"name": "_&/3%6-7A",
			"from": [0.30072, 2.75, 5.25044],
			"to": [2.30072, 5.25, 8.25044],
			"rotation": {"angle": 0, "axis": "y", "origin": [2.30072, 12.75, 15.00044]},
			"faces": {
				"west": {"uv": [1, 4, 2, 5], "rotation": 90, "texture": "#0", "tintindex": 0},
				"up": {"uv": [1, 4, 2, 5], "texture": "#0", "tintindex": 0},
				"down": {"uv": [1, 4, 2, 5], "rotation": 90, "texture": "#0", "tintindex": 0}
			}
		},
		{
			"name": "_&/3%6-7A",
			"from": [4.87121, 2.75, 2.41909],
			"to": [6.37121, 5.25, 6.41909],
			"rotation": {"angle": 22.5, "axis": "y", "origin": [7.37121, 12.75, 13.16909]},
			"faces": {
				"east": {"uv": [1, 4, 2, 5], "rotation": 90, "texture": "#0", "tintindex": 0},
				"up": {"uv": [1, 4, 2, 5], "texture": "#0", "tintindex": 0},
				"down": {"uv": [1, 4, 2, 5], "rotation": 90, "texture": "#0", "tintindex": 0}
			}
		},
		{
			"name": "_&/3%6-7A",
			"from": [9.10646, 2.75, 2.48568],
			"to": [10.10646, 5.25, 2.88568],
			"rotation": {"angle": 45, "axis": "y", "origin": [7.10646, 12.75, 12.63568]},
			"faces": {
				"east": {"uv": [1, 4, 2, 5], "rotation": 90, "texture": "#0", "tintindex": 0},
				"up": {"uv": [1, 4, 2, 5], "texture": "#0", "tintindex": 0},
				"down": {"uv": [1, 4, 2, 5], "rotation": 90, "texture": "#0", "tintindex": 0}
			}
		},
		{
			"name": "_&/3%6-7A",
			"from": [-1.52031, 2.75, 6.53555],
			"to": [-1.37031, 5.25, 7.53555],
			"rotation": {"angle": -22.5, "axis": "y", "origin": [8.37969, 12.75, 13.53555]},
			"faces": {
				"north": {"uv": [1, 4, 2, 5], "rotation": 90, "texture": "#0", "tintindex": 0},
				"up": {"uv": [1, 4, 2, 5], "texture": "#0", "tintindex": 0},
				"down": {"uv": [1, 4, 2, 5], "rotation": 90, "texture": "#0", "tintindex": 0}
			}
		},
		{
			"name": "_&/3%6-7A",
			"from": [1.51206, 2.75, 3.27982],
			"to": [1.91206, 5.25, 4.27982],
			"rotation": {"angle": 0, "axis": "y", "origin": [11.66206, 12.75, 10.27982]},
			"faces": {
				"north": {"uv": [1, 4, 2, 5], "rotation": 90, "texture": "#0", "tintindex": 0},
				"up": {"uv": [1, 4, 2, 5], "texture": "#0", "tintindex": 0},
				"down": {"uv": [1, 4, 2, 5], "rotation": 90, "texture": "#0", "tintindex": 0}
			}
		},
		{
			"name": "_&/3%6-7A",
			"from": [5.64441, 2.75, 1.56274],
			"to": [5.94441, 5.25, 2.56274],
			"rotation": {"angle": 22.5, "axis": "y", "origin": [8.04441, 12.75, 13.56274]},
			"faces": {
				"north": {"uv": [1, 4, 2, 5], "rotation": 90, "texture": "#0", "tintindex": 0},
				"up": {"uv": [1, 4, 2, 5], "texture": "#0", "tintindex": 0},
				"down": {"uv": [1, 4, 2, 5], "rotation": 90, "texture": "#0", "tintindex": 0}
			}
		},
		{
			"name": "_&/3%6-7A",
			"from": [-3.43398, 2.75, 10.36631],
			"to": [-2.43398, 5.25, 10.76631],
			"rotation": {"angle": -45, "axis": "y", "origin": [7.31602, 12.75, 12.51631]},
			"faces": {
				"west": {"uv": [1, 4, 2, 5], "rotation": 90, "texture": "#0", "tintindex": 0},
				"up": {"uv": [1, 4, 2, 5], "texture": "#0", "tintindex": 0},
				"down": {"uv": [1, 4, 2, 5], "rotation": 90, "texture": "#0", "tintindex": 0}
			}
		},
		{
			"name": "_&/3%6-7A",
			"from": [-0.68901, 2.75, 7.62766],
			"to": [0.31099, 5.25, 9.32766],
			"rotation": {"angle": -22.5, "axis": "y", "origin": [10.06099, 12.75, 9.77766]},
			"faces": {
				"west": {"uv": [1, 4, 2, 5], "rotation": 90, "texture": "#0", "tintindex": 0},
				"up": {"uv": [1, 4, 2, 5], "texture": "#0", "tintindex": 0},
				"down": {"uv": [1, 4, 2, 5], "rotation": 90, "texture": "#0", "tintindex": 0}
			}
		},
		{
			"name": "_&/3%6-7A",
			"from": [2.72121, 2.75, 5.91909],
			"to": [3.72121, 5.25, 8.41909],
			"rotation": {"angle": 22.5, "axis": "y", "origin": [7.37121, 12.75, 13.16909]},
			"faces": {
				"west": {"uv": [1, 4, 2, 5], "rotation": 90, "texture": "#0", "tintindex": 0},
				"up": {"uv": [1, 4, 2, 5], "texture": "#0", "tintindex": 0},
				"down": {"uv": [1, 4, 2, 5], "rotation": 90, "texture": "#0", "tintindex": 0}
			}
		},
		{
			"from": [5.2093, 2.15, 11.5022],
			"to": [10.7907, 5.13723, 13.94177],
			"rotation": {"angle": 0, "axis": "y", "origin": [7.29907, 12.35636, 13.14513]},
			"faces": {
				"east": {"uv": [1, 4, 2, 5], "rotation": 90, "texture": "#0", "tintindex": 0},
				"south": {"uv": [1, 4, 2, 5], "rotation": 90, "texture": "#0", "tintindex": 0},
				"west": {"uv": [1, 4, 2, 5], "rotation": 90, "texture": "#0", "tintindex": 0},
				"up": {"uv": [1, 4, 2, 5], "texture": "#0", "tintindex": 0},
				"down": {"uv": [1, 4, 2, 5], "rotation": 90, "texture": "#0", "tintindex": 0}
			}
		},
		{
			"from": [9.26606, 2.15, 10.79184],
			"to": [10.51606, 5.13723, 13.23141],
			"rotation": {"angle": -22.5, "axis": "y", "origin": [8.86777, 12.35636, 11.83737]},
			"faces": {
				"north": {"uv": [1, 4, 2, 5], "rotation": 90, "texture": "#0", "tintindex": 0},
				"up": {"uv": [1, 4, 2, 5], "texture": "#0", "tintindex": 0},
				"down": {"uv": [1, 4, 2, 5], "rotation": 90, "texture": "#0", "tintindex": 0}
			}
		},
		{
			"from": [5.48394, 2.15, 10.79184],
			"to": [6.73394, 5.13723, 13.23141],
			"rotation": {"angle": 22.5, "axis": "y", "origin": [7.13223, 12.35636, 11.83737]},
			"faces": {
				"north": {"uv": [1, 5, 2, 4], "rotation": 90, "texture": "#0", "tintindex": 0},
				"up": {"uv": [2, 4, 1, 5], "texture": "#0", "tintindex": 0},
				"down": {"uv": [1, 5, 2, 4], "rotation": 90, "texture": "#0", "tintindex": 0}
			}
		},
		{
			"from": [5.69792, 0.48801, 11.80886],
			"to": [10.30207, 2.37725, 13.40383],
			"rotation": {"angle": 0, "axis": "y", "origin": [7.04782, 7.04048, 12.87011]},
			"faces": {
				"east": {"uv": [1, 4, 2, 5], "rotation": 90, "texture": "#0", "tintindex": 0},
				"west": {"uv": [1, 4, 2, 5], "rotation": 90, "texture": "#0", "tintindex": 0},
				"down": {"uv": [1, 4, 2, 5], "rotation": 90, "texture": "#0", "tintindex": 0}
			}
		},
		{
			"from": [9.36723, 0.48801, 11.34999],
			"to": [10.12467, 2.37725, 12.92584],
			"rotation": {"angle": -22.5, "axis": "y", "origin": [9.05994, 7.04048, 12.02536]},
			"faces": {
				"north": {"uv": [1, 4, 2, 5], "rotation": 90, "texture": "#0", "tintindex": 0},
				"east": {"uv": [1, 4, 2, 5], "rotation": 90, "texture": "#0", "tintindex": 0},
				"down": {"uv": [1, 4, 2, 5], "rotation": 90, "texture": "#0", "tintindex": 0}
			}
		},
		{
			"from": [4.00966, 0.48801, 11.22116],
			"to": [4.7671, 2.37725, 12.79701],
			"rotation": {"angle": 22.5, "axis": "y", "origin": [9.05994, 7.04048, -0.81267]},
			"faces": {
				"south": {"uv": [1, 5, 2, 4], "rotation": 90, "texture": "#0", "tintindex": 0},
				"up": {"uv": [1, 5, 2, 4], "texture": "#0", "tintindex": 0},
				"down": {"uv": [2, 4, 1, 5], "rotation": 90, "texture": "#0", "tintindex": 0}
			}
		},
		{
			"from": [5.86335, 0.48801, 11.28977],
			"to": [6.6208, 2.37725, 12.86562],
			"rotation": {"angle": 22.5, "axis": "y", "origin": [7.08544, 7.04048, 11.96514]},
			"faces": {
				"north": {"uv": [1, 4, 2, 5], "rotation": 90, "texture": "#0", "tintindex": 0},
				"east": {"uv": [1, 4, 2, 5], "rotation": 90, "texture": "#0", "tintindex": 0},
				"down": {"uv": [1, 4, 2, 5], "rotation": 90, "texture": "#0", "tintindex": 0}
			}
		},
		{
			"from": [11.22092, 0.48801, 11.28138],
			"to": [11.97837, 2.37725, 12.85723],
			"rotation": {"angle": -22.5, "axis": "y", "origin": [7.08544, 7.04048, -0.75245]},
			"faces": {
				"south": {"uv": [1, 5, 2, 4], "rotation": 90, "texture": "#0", "tintindex": 0},
				"up": {"uv": [1, 5, 2, 4], "texture": "#0", "tintindex": 0},
				"down": {"uv": [2, 4, 1, 5], "rotation": 90, "texture": "#0", "tintindex": 0}
			}
		},
		{
			"from": [6.39772, 0.48801, 11.51899],
			"to": [9.60229, 2.42755, 13.6937],
			"rotation": {"angle": 0, "axis": "y", "origin": [7.63448, 6.63123, 8.93701]},
			"faces": {
				"north": {"uv": [1, 4, 2, 5], "rotation": 180, "texture": "#0", "tintindex": 0},
				"south": {"uv": [1, 4, 2, 5], "rotation": 180, "texture": "#0", "tintindex": 0},
				"down": {"uv": [1, 4, 2, 5], "rotation": 180, "texture": "#0", "tintindex": 0}
			}
		},
		{
			"name": "button4",
			"from": [2.75, 5.75, 10.7],
			"to": [2.949, 6, 11.7],
			"rotation": {"angle": -22.5, "axis": "y", "origin": [2.8495, 5.5, 11.2]},
			"faces": {
				"north": {"uv": [1, 1, 2, 2], "rotation": 180, "texture": "#0"},
				"east": {"uv": [1, 1, 2, 2], "rotation": 180, "texture": "#0"},
				"south": {"uv": [1, 1, 2, 2], "rotation": 180, "texture": "#0"},
				"west": {"uv": [1, 1, 2, 2], "rotation": 180, "texture": "#0"},
				"up": {"uv": [1, 1, 2, 2], "rotation": 180, "texture": "#0"}
			}
		},
		{
			"name": "button4",
			"from": [2.3495, 5.75, 11.1005],
			"to": [3.3495, 6, 11.2995],
			"rotation": {"angle": 45, "axis": "y", "origin": [2.8495, 5.5, 11.2]},
			"faces": {
				"north": {"uv": [1, 1, 2, 2], "rotation": 180, "texture": "#0"},
				"east": {"uv": [1, 1, 2, 2], "rotation": 180, "texture": "#0"},
				"south": {"uv": [1, 1, 2, 2], "rotation": 180, "texture": "#0"},
				"west": {"uv": [1, 1, 2, 2], "rotation": 180, "texture": "#0"},
				"up": {"uv": [1, 1, 2, 2], "rotation": 180, "texture": "#0"}
			}
		},
		{
			"name": "button4",
			"from": [2.3495, 5.75, 11.1005],
			"to": [3.3495, 6, 11.2995],
			"rotation": {"angle": 22.5, "axis": "y", "origin": [2.8495, 5.5, 11.2]},
			"faces": {
				"north": {"uv": [1, 1, 2, 2], "rotation": 180, "texture": "#0"},
				"east": {"uv": [1, 1, 2, 2], "rotation": 180, "texture": "#0"},
				"south": {"uv": [1, 1, 2, 2], "rotation": 180, "texture": "#0"},
				"west": {"uv": [1, 1, 2, 2], "rotation": 180, "texture": "#0"},
				"up": {"uv": [1, 1, 2, 2], "rotation": 180, "texture": "#0"},
				"down": {"uv": [1, 1, 2, 2], "rotation": 180, "texture": "#0"}
			}
		},
		{
			"name": "button4",
			"from": [2.3495, 5.75, 11.1005],
			"to": [3.3495, 6, 11.2995],
			"rotation": {"angle": 0, "axis": "y", "origin": [2.8495, 5.5, 11.2]},
			"faces": {
				"north": {"uv": [1, 1, 2, 2], "rotation": 180, "texture": "#0"},
				"east": {"uv": [1, 1, 2, 2], "rotation": 180, "texture": "#0"},
				"south": {"uv": [1, 1, 2, 2], "rotation": 180, "texture": "#0"},
				"west": {"uv": [1, 1, 2, 2], "rotation": 180, "texture": "#0"},
				"up": {"uv": [1, 1, 2, 2], "rotation": 180, "texture": "#0"},
				"down": {"uv": [1, 1, 2, 2], "rotation": 180, "texture": "#0"}
			}
		},
		{
			"name": "button4",
			"from": [2.3495, 5.75, 11.1005],
			"to": [3.3495, 6, 11.2995],
			"rotation": {"angle": -22.5, "axis": "y", "origin": [2.8495, 5.5, 11.2]},
			"faces": {
				"north": {"uv": [1, 1, 2, 2], "rotation": 180, "texture": "#0"},
				"east": {"uv": [1, 1, 2, 2], "rotation": 180, "texture": "#0"},
				"south": {"uv": [1, 1, 2, 2], "rotation": 180, "texture": "#0"},
				"west": {"uv": [1, 1, 2, 2], "rotation": 180, "texture": "#0"},
				"up": {"uv": [1, 1, 2, 2], "rotation": 180, "texture": "#0"},
				"down": {"uv": [1, 1, 2, 2], "rotation": 180, "texture": "#0"}
			}
		},
		{
			"name": "button4",
			"from": [2.75, 5.75, 10.7],
			"to": [2.949, 6, 11.7],
			"rotation": {"angle": 45, "axis": "y", "origin": [2.8495, 5.5, 11.2]},
			"faces": {
				"north": {"uv": [1, 1, 2, 2], "rotation": 180, "texture": "#0"},
				"east": {"uv": [1, 1, 2, 2], "rotation": 180, "texture": "#0"},
				"south": {"uv": [1, 1, 2, 2], "rotation": 180, "texture": "#0"},
				"west": {"uv": [1, 1, 2, 2], "rotation": 180, "texture": "#0"},
				"up": {"uv": [1, 1, 2, 2], "rotation": 180, "texture": "#0"},
				"down": {"uv": [1, 1, 2, 2], "rotation": 180, "texture": "#0"}
			}
		},
		{
			"name": "button4",
			"from": [2.75, 5.75, 10.7],
			"to": [2.949, 6, 11.7],
			"rotation": {"angle": 22.5, "axis": "y", "origin": [2.8495, 5.5, 11.2]},
			"faces": {
				"north": {"uv": [1, 1, 2, 2], "rotation": 180, "texture": "#0"},
				"east": {"uv": [1, 1, 2, 2], "rotation": 180, "texture": "#0"},
				"south": {"uv": [1, 1, 2, 2], "rotation": 180, "texture": "#0"},
				"west": {"uv": [1, 1, 2, 2], "rotation": 180, "texture": "#0"},
				"up": {"uv": [1, 1, 2, 2], "rotation": 180, "texture": "#0"},
				"down": {"uv": [1, 1, 2, 2], "rotation": 180, "texture": "#0"}
			}
		},
		{
			"name": "button4",
			"from": [2.75, 5.75, 10.7],
			"to": [2.949, 6, 11.7],
			"rotation": {"angle": 0, "axis": "y", "origin": [2.8495, 5.5, 11.2]},
			"faces": {
				"north": {"uv": [1, 1, 2, 2], "rotation": 180, "texture": "#0"},
				"east": {"uv": [1, 1, 2, 2], "rotation": 180, "texture": "#0"},
				"south": {"uv": [1, 1, 2, 2], "rotation": 180, "texture": "#0"},
				"west": {"uv": [1, 1, 2, 2], "rotation": 180, "texture": "#0"},
				"up": {"uv": [1, 1, 2, 2], "rotation": 180, "texture": "#0"},
				"down": {"uv": [1, 1, 2, 2], "rotation": 180, "texture": "#0"}
			}
		},
		{
			"name": "button3",
			"from": [3.675, 5.75, 9.825],
			"to": [3.874, 6, 10.825],
			"rotation": {"angle": -22.5, "axis": "y", "origin": [3.7745, 5.5, 10.325]},
			"faces": {
				"north": {"uv": [1, 1, 2, 2], "rotation": 180, "texture": "#0"},
				"east": {"uv": [1, 1, 2, 2], "rotation": 180, "texture": "#0"},
				"south": {"uv": [1, 1, 2, 2], "rotation": 180, "texture": "#0"},
				"west": {"uv": [1, 1, 2, 2], "rotation": 180, "texture": "#0"},
				"up": {"uv": [1, 1, 2, 2], "rotation": 180, "texture": "#0"},
				"down": {"uv": [1, 1, 2, 2], "rotation": 180, "texture": "#0"}
			}
		},
		{
			"name": "button3",
			"from": [3.2745, 5.75, 10.2255],
			"to": [4.2745, 6, 10.4245],
			"rotation": {"angle": 45, "axis": "y", "origin": [3.7745, 5.5, 10.325]},
			"faces": {
				"north": {"uv": [1, 1, 2, 2], "rotation": 180, "texture": "#0"},
				"east": {"uv": [1, 1, 2, 2], "rotation": 180, "texture": "#0"},
				"south": {"uv": [1, 1, 2, 2], "rotation": 180, "texture": "#0"},
				"west": {"uv": [1, 1, 2, 2], "rotation": 180, "texture": "#0"},
				"up": {"uv": [1, 1, 2, 2], "rotation": 180, "texture": "#0"},
				"down": {"uv": [1, 1, 2, 2], "rotation": 180, "texture": "#0"}
			}
		},
		{
			"name": "button3",
			"from": [3.2745, 5.75, 10.2255],
			"to": [4.2745, 6, 10.4245],
			"rotation": {"angle": 22.5, "axis": "y", "origin": [3.7745, 5.5, 10.325]},
			"faces": {
				"north": {"uv": [1, 1, 2, 2], "rotation": 180, "texture": "#0"},
				"east": {"uv": [1, 1, 2, 2], "rotation": 180, "texture": "#0"},
				"south": {"uv": [1, 1, 2, 2], "rotation": 180, "texture": "#0"},
				"west": {"uv": [1, 1, 2, 2], "rotation": 180, "texture": "#0"},
				"up": {"uv": [1, 1, 2, 2], "rotation": 180, "texture": "#0"},
				"down": {"uv": [1, 1, 2, 2], "rotation": 180, "texture": "#0"}
			}
		},
		{
			"name": "button3",
			"from": [3.2745, 5.75, 10.2255],
			"to": [4.2745, 6, 10.4245],
			"rotation": {"angle": 0, "axis": "y", "origin": [3.7745, 5.5, 10.325]},
			"faces": {
				"north": {"uv": [1, 1, 2, 2], "rotation": 180, "texture": "#0"},
				"east": {"uv": [1, 1, 2, 2], "rotation": 180, "texture": "#0"},
				"south": {"uv": [1, 1, 2, 2], "rotation": 180, "texture": "#0"},
				"west": {"uv": [1, 1, 2, 2], "rotation": 180, "texture": "#0"},
				"up": {"uv": [1, 1, 2, 2], "rotation": 180, "texture": "#0"}
			}
		},
		{
			"name": "button3",
			"from": [3.2745, 5.75, 10.2255],
			"to": [4.2745, 6, 10.4245],
			"rotation": {"angle": -22.5, "axis": "y", "origin": [3.7745, 5.5, 10.325]},
			"faces": {
				"north": {"uv": [1, 1, 2, 2], "rotation": 180, "texture": "#0"},
				"east": {"uv": [1, 1, 2, 2], "rotation": 180, "texture": "#0"},
				"south": {"uv": [1, 1, 2, 2], "rotation": 180, "texture": "#0"},
				"west": {"uv": [1, 1, 2, 2], "rotation": 180, "texture": "#0"},
				"up": {"uv": [1, 1, 2, 2], "rotation": 180, "texture": "#0"},
				"down": {"uv": [1, 1, 2, 2], "rotation": 180, "texture": "#0"}
			}
		},
		{
			"name": "button3",
			"from": [3.675, 5.75, 9.825],
			"to": [3.874, 6, 10.825],
			"rotation": {"angle": 45, "axis": "y", "origin": [3.7745, 5.5, 10.325]},
			"faces": {
				"north": {"uv": [1, 1, 2, 2], "rotation": 180, "texture": "#0"},
				"east": {"uv": [1, 1, 2, 2], "rotation": 180, "texture": "#0"},
				"south": {"uv": [1, 1, 2, 2], "rotation": 180, "texture": "#0"},
				"west": {"uv": [1, 1, 2, 2], "rotation": 180, "texture": "#0"},
				"up": {"uv": [1, 1, 2, 2], "rotation": 180, "texture": "#0"},
				"down": {"uv": [1, 1, 2, 2], "rotation": 180, "texture": "#0"}
			}
		},
		{
			"name": "button3",
			"from": [3.675, 5.75, 9.825],
			"to": [3.874, 6, 10.825],
			"rotation": {"angle": 22.5, "axis": "y", "origin": [3.7745, 5.5, 10.325]},
			"faces": {
				"north": {"uv": [1, 1, 2, 2], "rotation": 180, "texture": "#0"},
				"east": {"uv": [1, 1, 2, 2], "rotation": 180, "texture": "#0"},
				"south": {"uv": [1, 1, 2, 2], "rotation": 180, "texture": "#0"},
				"west": {"uv": [1, 1, 2, 2], "rotation": 180, "texture": "#0"},
				"up": {"uv": [1, 1, 2, 2], "rotation": 180, "texture": "#0"},
				"down": {"uv": [1, 1, 2, 2], "rotation": 180, "texture": "#0"}
			}
		},
		{
			"name": "button3",
			"from": [3.675, 5.75, 9.825],
			"to": [3.874, 6, 10.825],
			"rotation": {"angle": 0, "axis": "y", "origin": [3.7745, 5.5, 10.325]},
			"faces": {
				"north": {"uv": [1, 1, 2, 2], "rotation": 180, "texture": "#0"},
				"east": {"uv": [1, 1, 2, 2], "rotation": 180, "texture": "#0"},
				"south": {"uv": [1, 1, 2, 2], "rotation": 180, "texture": "#0"},
				"west": {"uv": [1, 1, 2, 2], "rotation": 180, "texture": "#0"},
				"up": {"uv": [1, 1, 2, 2], "rotation": 180, "texture": "#0"}
			}
		},
		{
			"name": "button2",
			"from": [1.825, 5.75, 9.825],
			"to": [2.024, 6, 10.825],
			"rotation": {"angle": -22.5, "axis": "y", "origin": [1.9245, 5.5, 10.325]},
			"faces": {
				"north": {"uv": [1, 1, 2, 2], "rotation": 180, "texture": "#0"},
				"east": {"uv": [1, 1, 2, 2], "rotation": 180, "texture": "#0"},
				"south": {"uv": [1, 1, 2, 2], "rotation": 180, "texture": "#0"},
				"west": {"uv": [1, 1, 2, 2], "rotation": 180, "texture": "#0"},
				"up": {"uv": [1, 1, 2, 2], "rotation": 180, "texture": "#0"},
				"down": {"uv": [1, 1, 2, 2], "rotation": 180, "texture": "#0"}
			}
		},
		{
			"name": "button2",
			"from": [1.4245, 5.75, 10.2255],
			"to": [2.4245, 6, 10.4245],
			"rotation": {"angle": 45, "axis": "y", "origin": [1.9245, 5.5, 10.325]},
			"faces": {
				"north": {"uv": [1, 1, 2, 2], "rotation": 180, "texture": "#0"},
				"east": {"uv": [1, 1, 2, 2], "rotation": 180, "texture": "#0"},
				"south": {"uv": [1, 1, 2, 2], "rotation": 180, "texture": "#0"},
				"west": {"uv": [1, 1, 2, 2], "rotation": 180, "texture": "#0"},
				"up": {"uv": [1, 1, 2, 2], "rotation": 180, "texture": "#0"},
				"down": {"uv": [1, 1, 2, 2], "rotation": 180, "texture": "#0"}
			}
		},
		{
			"name": "button2",
			"from": [1.4245, 5.75, 10.2255],
			"to": [2.4245, 6, 10.4245],
			"rotation": {"angle": 22.5, "axis": "y", "origin": [1.9245, 5.5, 10.325]},
			"faces": {
				"north": {"uv": [1, 1, 2, 2], "rotation": 180, "texture": "#0"},
				"east": {"uv": [1, 1, 2, 2], "rotation": 180, "texture": "#0"},
				"south": {"uv": [1, 1, 2, 2], "rotation": 180, "texture": "#0"},
				"west": {"uv": [1, 1, 2, 2], "rotation": 180, "texture": "#0"},
				"up": {"uv": [1, 1, 2, 2], "rotation": 180, "texture": "#0"},
				"down": {"uv": [1, 1, 2, 2], "rotation": 180, "texture": "#0"}
			}
		},
		{
			"name": "button2",
			"from": [1.4245, 5.75, 10.2255],
			"to": [2.4245, 6, 10.4245],
			"rotation": {"angle": 0, "axis": "y", "origin": [1.9245, 5.5, 10.325]},
			"faces": {
				"north": {"uv": [1, 1, 2, 2], "rotation": 180, "texture": "#0"},
				"east": {"uv": [1, 1, 2, 2], "rotation": 180, "texture": "#0"},
				"south": {"uv": [1, 1, 2, 2], "rotation": 180, "texture": "#0"},
				"west": {"uv": [1, 1, 2, 2], "rotation": 180, "texture": "#0"},
				"up": {"uv": [1, 1, 2, 2], "rotation": 180, "texture": "#0"}
			}
		},
		{
			"name": "button2",
			"from": [1.4245, 5.75, 10.2255],
			"to": [2.4245, 6, 10.4245],
			"rotation": {"angle": -22.5, "axis": "y", "origin": [1.9245, 5.5, 10.325]},
			"faces": {
				"north": {"uv": [1, 1, 2, 2], "rotation": 180, "texture": "#0"},
				"east": {"uv": [1, 1, 2, 2], "rotation": 180, "texture": "#0"},
				"south": {"uv": [1, 1, 2, 2], "rotation": 180, "texture": "#0"},
				"west": {"uv": [1, 1, 2, 2], "rotation": 180, "texture": "#0"},
				"up": {"uv": [1, 1, 2, 2], "rotation": 180, "texture": "#0"},
				"down": {"uv": [1, 1, 2, 2], "rotation": 180, "texture": "#0"}
			}
		},
		{
			"name": "button2",
			"from": [1.825, 5.75, 9.825],
			"to": [2.024, 6, 10.825],
			"rotation": {"angle": 45, "axis": "y", "origin": [1.9245, 5.5, 10.325]},
			"faces": {
				"north": {"uv": [1, 1, 2, 2], "rotation": 180, "texture": "#0"},
				"east": {"uv": [1, 1, 2, 2], "rotation": 180, "texture": "#0"},
				"south": {"uv": [1, 1, 2, 2], "rotation": 180, "texture": "#0"},
				"west": {"uv": [1, 1, 2, 2], "rotation": 180, "texture": "#0"},
				"up": {"uv": [1, 1, 2, 2], "rotation": 180, "texture": "#0"},
				"down": {"uv": [1, 1, 2, 2], "rotation": 180, "texture": "#0"}
			}
		},
		{
			"name": "button2",
			"from": [1.825, 5.75, 9.825],
			"to": [2.024, 6, 10.825],
			"rotation": {"angle": 22.5, "axis": "y", "origin": [1.9245, 5.5, 10.325]},
			"faces": {
				"north": {"uv": [1, 1, 2, 2], "rotation": 180, "texture": "#0"},
				"east": {"uv": [1, 1, 2, 2], "rotation": 180, "texture": "#0"},
				"south": {"uv": [1, 1, 2, 2], "rotation": 180, "texture": "#0"},
				"west": {"uv": [1, 1, 2, 2], "rotation": 180, "texture": "#0"},
				"up": {"uv": [1, 1, 2, 2], "rotation": 180, "texture": "#0"},
				"down": {"uv": [1, 1, 2, 2], "rotation": 180, "texture": "#0"}
			}
		},
		{
			"name": "button2",
			"from": [1.825, 5.75, 9.825],
			"to": [2.024, 6, 10.825],
			"rotation": {"angle": 0, "axis": "y", "origin": [1.9245, 5.5, 10.325]},
			"faces": {
				"north": {"uv": [1, 1, 2, 2], "rotation": 180, "texture": "#0"},
				"east": {"uv": [1, 1, 2, 2], "rotation": 180, "texture": "#0"},
				"south": {"uv": [1, 1, 2, 2], "rotation": 180, "texture": "#0"},
				"west": {"uv": [1, 1, 2, 2], "rotation": 180, "texture": "#0"},
				"up": {"uv": [1, 1, 2, 2], "rotation": 180, "texture": "#0"}
			}
		},
		{
			"name": "button1",
			"from": [2.75, 5.75, 8.925],
			"to": [2.949, 6, 9.925],
			"rotation": {"angle": -22.5, "axis": "y", "origin": [2.8495, 5.5, 9.425]},
			"faces": {
				"north": {"uv": [1, 1, 2, 2], "rotation": 180, "texture": "#0"},
				"east": {"uv": [1, 1, 2, 2], "rotation": 180, "texture": "#0"},
				"south": {"uv": [1, 1, 2, 2], "rotation": 180, "texture": "#0"},
				"west": {"uv": [1, 1, 2, 2], "rotation": 180, "texture": "#0"},
				"up": {"uv": [1, 1, 2, 2], "rotation": 180, "texture": "#0"},
				"down": {"uv": [1, 1, 2, 2], "rotation": 180, "texture": "#0"}
			}
		},
		{
			"name": "button1",
			"from": [2.3495, 5.75, 9.3255],
			"to": [3.3495, 6, 9.5245],
			"rotation": {"angle": 45, "axis": "y", "origin": [2.8495, 5.5, 9.425]},
			"faces": {
				"north": {"uv": [1, 1, 2, 2], "rotation": 180, "texture": "#0"},
				"east": {"uv": [1, 1, 2, 2], "rotation": 180, "texture": "#0"},
				"south": {"uv": [1, 1, 2, 2], "rotation": 180, "texture": "#0"},
				"west": {"uv": [1, 1, 2, 2], "rotation": 180, "texture": "#0"},
				"up": {"uv": [1, 1, 2, 2], "rotation": 180, "texture": "#0"},
				"down": {"uv": [1, 1, 2, 2], "rotation": 180, "texture": "#0"}
			}
		},
		{
			"name": "button1",
			"from": [2.3495, 5.75, 9.3255],
			"to": [3.3495, 6, 9.5245],
			"rotation": {"angle": 22.5, "axis": "y", "origin": [2.8495, 5.5, 9.425]},
			"faces": {
				"north": {"uv": [1, 1, 2, 2], "rotation": 180, "texture": "#0"},
				"east": {"uv": [1, 1, 2, 2], "rotation": 180, "texture": "#0"},
				"south": {"uv": [1, 1, 2, 2], "rotation": 180, "texture": "#0"},
				"west": {"uv": [1, 1, 2, 2], "rotation": 180, "texture": "#0"},
				"up": {"uv": [1, 1, 2, 2], "rotation": 180, "texture": "#0"},
				"down": {"uv": [1, 1, 2, 2], "rotation": 180, "texture": "#0"}
			}
		},
		{
			"name": "button1",
			"from": [2.3495, 5.75, 9.3255],
			"to": [3.3495, 6, 9.5245],
			"rotation": {"angle": 0, "axis": "y", "origin": [2.8495, 5.5, 9.425]},
			"faces": {
				"north": {"uv": [1, 1, 2, 2], "rotation": 180, "texture": "#0"},
				"east": {"uv": [1, 1, 2, 2], "rotation": 180, "texture": "#0"},
				"south": {"uv": [1, 1, 2, 2], "rotation": 180, "texture": "#0"},
				"west": {"uv": [1, 1, 2, 2], "rotation": 180, "texture": "#0"},
				"up": {"uv": [1, 1, 2, 2], "rotation": 180, "texture": "#0"}
			}
		},
		{
			"name": "button1",
			"from": [2.3495, 5.75, 9.3255],
			"to": [3.3495, 6, 9.5245],
			"rotation": {"angle": -22.5, "axis": "y", "origin": [2.8495, 5.5, 9.425]},
			"faces": {
				"north": {"uv": [1, 1, 2, 2], "rotation": 180, "texture": "#0"},
				"east": {"uv": [1, 1, 2, 2], "rotation": 180, "texture": "#0"},
				"south": {"uv": [1, 1, 2, 2], "rotation": 180, "texture": "#0"},
				"west": {"uv": [1, 1, 2, 2], "rotation": 180, "texture": "#0"},
				"up": {"uv": [1, 1, 2, 2], "rotation": 180, "texture": "#0"},
				"down": {"uv": [1, 1, 2, 2], "rotation": 180, "texture": "#0"}
			}
		},
		{
			"name": "button1",
			"from": [2.75, 5.75, 8.925],
			"to": [2.949, 6, 9.925],
			"rotation": {"angle": 45, "axis": "y", "origin": [2.8495, 5.5, 9.425]},
			"faces": {
				"north": {"uv": [1, 1, 2, 2], "rotation": 180, "texture": "#0"},
				"east": {"uv": [1, 1, 2, 2], "rotation": 180, "texture": "#0"},
				"south": {"uv": [1, 1, 2, 2], "rotation": 180, "texture": "#0"},
				"west": {"uv": [1, 1, 2, 2], "rotation": 180, "texture": "#0"},
				"up": {"uv": [1, 1, 2, 2], "rotation": 180, "texture": "#0"},
				"down": {"uv": [1, 1, 2, 2], "rotation": 180, "texture": "#0"}
			}
		},
		{
			"name": "button1",
			"from": [2.75, 5.75, 8.925],
			"to": [2.949, 6, 9.925],
			"rotation": {"angle": 22.5, "axis": "y", "origin": [2.8495, 5.5, 9.425]},
			"faces": {
				"north": {"uv": [1, 1, 2, 2], "rotation": 180, "texture": "#0"},
				"east": {"uv": [1, 1, 2, 2], "rotation": 180, "texture": "#0"},
				"south": {"uv": [1, 1, 2, 2], "rotation": 180, "texture": "#0"},
				"west": {"uv": [1, 1, 2, 2], "rotation": 180, "texture": "#0"},
				"up": {"uv": [1, 1, 2, 2], "rotation": 180, "texture": "#0"}
			}
		},
		{
			"name": "button1",
			"from": [2.75, 5.75, 8.925],
			"to": [2.949, 6, 9.925],
			"rotation": {"angle": 0, "axis": "y", "origin": [2.8495, 5.5, 9.425]},
			"faces": {
				"north": {"uv": [1, 1, 2, 2], "rotation": 180, "texture": "#0"},
				"east": {"uv": [1, 1, 2, 2], "rotation": 180, "texture": "#0"},
				"south": {"uv": [1, 1, 2, 2], "rotation": 180, "texture": "#0"},
				"west": {"uv": [1, 1, 2, 2], "rotation": 180, "texture": "#0"},
				"up": {"uv": [1, 1, 2, 2], "rotation": 180, "texture": "#0"},
				"down": {"uv": [1, 1, 2, 2], "rotation": 180, "texture": "#0"}
			}
		},
		{
			"name": "controller ring",
			"from": [1.6745, 5.775, 9.14],
			"to": [4.0245, 5.775, 11.49],
			"rotation": {"angle": 0, "axis": "y", "origin": [1.9245, 5.5, 10.325]},
			"faces": {
				"up": {"uv": [0, 0, 16, 16], "rotation": 180, "texture": "#3", "tintindex": 0}
			}
		},
		{
			"name": "blue button",
			"from": [3.925, 6, 7.65],
			"to": [4.169, 6.25, 8.875],
			"rotation": {"angle": -22.5, "axis": "y", "origin": [4.047, 5.75, 8.2625]},
			"faces": {
				"north": {"uv": [4, 1, 5, 2], "rotation": 180, "texture": "#0"},
				"east": {"uv": [4, 1, 5, 2], "rotation": 180, "texture": "#0"},
				"south": {"uv": [4, 1, 5, 2], "rotation": 180, "texture": "#0"},
				"west": {"uv": [4, 1, 5, 2], "rotation": 180, "texture": "#0"},
				"up": {"uv": [4, 1, 5, 2], "rotation": 180, "texture": "#0"},
				"down": {"uv": [4, 1, 5, 2], "rotation": 180, "texture": "#0"}
			}
		},
		{
			"name": "blue button",
			"from": [3.925, 6, 7.65],
			"to": [4.169, 6.25, 8.875],
			"rotation": {"angle": 0, "axis": "y", "origin": [4.047, 5.75, 8.2625]},
			"faces": {
				"north": {"uv": [4, 1, 5, 2], "rotation": 180, "texture": "#0"},
				"east": {"uv": [4, 1, 5, 2], "rotation": 180, "texture": "#0"},
				"south": {"uv": [4, 1, 5, 2], "rotation": 180, "texture": "#0"},
				"west": {"uv": [4, 1, 5, 2], "rotation": 180, "texture": "#0"},
				"up": {"uv": [4, 1, 5, 2], "rotation": 180, "texture": "#0"},
				"down": {"uv": [4, 1, 5, 2], "rotation": 180, "texture": "#0"}
			}
		},
		{
			"name": "blue button",
			"from": [3.925, 6, 7.65],
			"to": [4.169, 6.25, 8.875],
			"rotation": {"angle": 22.5, "axis": "y", "origin": [4.047, 5.75, 8.2625]},
			"faces": {
				"north": {"uv": [4, 1, 5, 2], "rotation": 180, "texture": "#0"},
				"east": {"uv": [4, 1, 5, 2], "rotation": 180, "texture": "#0"},
				"south": {"uv": [4, 1, 5, 2], "rotation": 180, "texture": "#0"},
				"west": {"uv": [4, 1, 5, 2], "rotation": 180, "texture": "#0"},
				"up": {"uv": [4, 1, 5, 2], "rotation": 180, "texture": "#0"},
				"down": {"uv": [4, 1, 5, 2], "rotation": 180, "texture": "#0"}
			}
		},
		{
			"name": "blue button",
			"from": [3.925, 6, 7.65],
			"to": [4.169, 6.25, 8.875],
			"rotation": {"angle": 45, "axis": "y", "origin": [4.047, 5.75, 8.2625]},
			"faces": {
				"north": {"uv": [4, 1, 5, 2], "rotation": 180, "texture": "#0"},
				"east": {"uv": [4, 1, 5, 2], "rotation": 180, "texture": "#0"},
				"south": {"uv": [4, 1, 5, 2], "rotation": 180, "texture": "#0"},
				"west": {"uv": [4, 1, 5, 2], "rotation": 180, "texture": "#0"},
				"up": {"uv": [4, 1, 5, 2], "rotation": 180, "texture": "#0"},
				"down": {"uv": [4, 1, 5, 2], "rotation": 180, "texture": "#0"}
			}
		},
		{
			"name": "blue button",
			"from": [3.4345, 6, 8.1405],
			"to": [4.6595, 6.25, 8.3845],
			"rotation": {"angle": -22.5, "axis": "y", "origin": [4.047, 5.75, 8.2625]},
			"faces": {
				"north": {"uv": [4, 1, 5, 2], "rotation": 180, "texture": "#0"},
				"east": {"uv": [4, 1, 5, 2], "rotation": 180, "texture": "#0"},
				"south": {"uv": [4, 1, 5, 2], "rotation": 180, "texture": "#0"},
				"west": {"uv": [4, 1, 5, 2], "rotation": 180, "texture": "#0"},
				"up": {"uv": [4, 1, 5, 2], "rotation": 180, "texture": "#0"},
				"down": {"uv": [4, 1, 5, 2], "rotation": 180, "texture": "#0"}
			}
		},
		{
			"name": "blue button",
			"from": [3.4345, 6, 8.1405],
			"to": [4.6595, 6.25, 8.3845],
			"rotation": {"angle": 0, "axis": "y", "origin": [4.047, 5.75, 8.2625]},
			"faces": {
				"north": {"uv": [4, 1, 5, 2], "rotation": 180, "texture": "#0"},
				"east": {"uv": [4, 1, 5, 2], "rotation": 180, "texture": "#0"},
				"south": {"uv": [4, 1, 5, 2], "rotation": 180, "texture": "#0"},
				"west": {"uv": [4, 1, 5, 2], "rotation": 180, "texture": "#0"},
				"up": {"uv": [4, 1, 5, 2], "rotation": 180, "texture": "#0"},
				"down": {"uv": [4, 1, 5, 2], "rotation": 180, "texture": "#0"}
			}
		},
		{
			"name": "blue button",
			"from": [3.4345, 6, 8.1405],
			"to": [4.6595, 6.25, 8.3845],
			"rotation": {"angle": 22.5, "axis": "y", "origin": [4.047, 5.75, 8.2625]},
			"faces": {
				"north": {"uv": [4, 1, 5, 2], "rotation": 180, "texture": "#0"},
				"east": {"uv": [4, 1, 5, 2], "rotation": 180, "texture": "#0"},
				"south": {"uv": [4, 1, 5, 2], "rotation": 180, "texture": "#0"},
				"west": {"uv": [4, 1, 5, 2], "rotation": 180, "texture": "#0"},
				"up": {"uv": [4, 1, 5, 2], "rotation": 180, "texture": "#0"},
				"down": {"uv": [4, 1, 5, 2], "rotation": 180, "texture": "#0"}
			}
		},
		{
			"name": "blue button",
			"from": [3.4345, 6, 8.1405],
			"to": [4.6595, 6.25, 8.3845],
			"rotation": {"angle": 45, "axis": "y", "origin": [4.047, 5.75, 8.2625]},
			"faces": {
				"north": {"uv": [4, 1, 5, 2], "rotation": 180, "texture": "#0"},
				"east": {"uv": [4, 1, 5, 2], "rotation": 180, "texture": "#0"},
				"south": {"uv": [4, 1, 5, 2], "rotation": 180, "texture": "#0"},
				"west": {"uv": [4, 1, 5, 2], "rotation": 180, "texture": "#0"},
				"up": {"uv": [4, 1, 5, 2], "rotation": 180, "texture": "#0"},
				"down": {"uv": [4, 1, 5, 2], "rotation": 180, "texture": "#0"}
			}
		},
		{
			"name": "blue button",
			"from": [5, 6.05, 8.7],
			"to": [5.244, 6.3, 9.925],
			"rotation": {"angle": -22.5, "axis": "y", "origin": [5.122, 5.8, 9.3125]},
			"faces": {
				"north": {"uv": [7, 1, 8, 2], "rotation": 180, "texture": "#0"},
				"east": {"uv": [7, 1, 8, 2], "rotation": 180, "texture": "#0"},
				"south": {"uv": [7, 1, 8, 2], "rotation": 180, "texture": "#0"},
				"west": {"uv": [7, 1, 8, 2], "rotation": 180, "texture": "#0"},
				"up": {"uv": [7, 1, 8, 2], "rotation": 180, "texture": "#0"},
				"down": {"uv": [7, 1, 8, 2], "rotation": 180, "texture": "#0"}
			}
		},
		{
			"name": "blue button",
			"from": [5, 6.05, 8.7],
			"to": [5.244, 6.3, 9.925],
			"rotation": {"angle": 0, "axis": "y", "origin": [5.122, 5.8, 9.3125]},
			"faces": {
				"north": {"uv": [7, 1, 8, 2], "rotation": 180, "texture": "#0"},
				"east": {"uv": [7, 1, 8, 2], "rotation": 180, "texture": "#0"},
				"south": {"uv": [7, 1, 8, 2], "rotation": 180, "texture": "#0"},
				"west": {"uv": [7, 1, 8, 2], "rotation": 180, "texture": "#0"},
				"up": {"uv": [7, 1, 8, 2], "rotation": 180, "texture": "#0"},
				"down": {"uv": [7, 1, 8, 2], "rotation": 180, "texture": "#0"}
			}
		},
		{
			"name": "blue button",
			"from": [5, 6.05, 8.7],
			"to": [5.244, 6.3, 9.925],
			"rotation": {"angle": 22.5, "axis": "y", "origin": [5.122, 5.8, 9.3125]},
			"faces": {
				"north": {"uv": [7, 1, 8, 2], "rotation": 180, "texture": "#0"},
				"east": {"uv": [7, 1, 8, 2], "rotation": 180, "texture": "#0"},
				"south": {"uv": [7, 1, 8, 2], "rotation": 180, "texture": "#0"},
				"west": {"uv": [7, 1, 8, 2], "rotation": 180, "texture": "#0"},
				"up": {"uv": [7, 1, 8, 2], "rotation": 180, "texture": "#0"},
				"down": {"uv": [7, 1, 8, 2], "rotation": 180, "texture": "#0"}
			}
		},
		{
			"name": "blue button",
			"from": [5, 6.05, 8.7],
			"to": [5.244, 6.3, 9.925],
			"rotation": {"angle": 45, "axis": "y", "origin": [5.122, 5.8, 9.3125]},
			"faces": {
				"north": {"uv": [7, 1, 8, 2], "rotation": 180, "texture": "#0"},
				"east": {"uv": [7, 1, 8, 2], "rotation": 180, "texture": "#0"},
				"south": {"uv": [7, 1, 8, 2], "rotation": 180, "texture": "#0"},
				"west": {"uv": [7, 1, 8, 2], "rotation": 180, "texture": "#0"},
				"up": {"uv": [7, 1, 8, 2], "rotation": 180, "texture": "#0"},
				"down": {"uv": [7, 1, 8, 2], "rotation": 180, "texture": "#0"}
			}
		},
		{
			"name": "blue button",
			"from": [4.5095, 6.05, 9.1905],
			"to": [5.7345, 6.3, 9.4345],
			"rotation": {"angle": -22.5, "axis": "y", "origin": [5.122, 5.8, 9.3125]},
			"faces": {
				"north": {"uv": [7, 1, 8, 2], "rotation": 180, "texture": "#0"},
				"east": {"uv": [7, 1, 8, 2], "rotation": 180, "texture": "#0"},
				"south": {"uv": [7, 1, 8, 2], "rotation": 180, "texture": "#0"},
				"west": {"uv": [7, 1, 8, 2], "rotation": 180, "texture": "#0"},
				"up": {"uv": [7, 1, 8, 2], "rotation": 180, "texture": "#0"},
				"down": {"uv": [7, 1, 8, 2], "rotation": 180, "texture": "#0"}
			}
		},
		{
			"name": "blue button",
			"from": [4.5095, 6.05, 9.1905],
			"to": [5.7345, 6.3, 9.4345],
			"rotation": {"angle": 0, "axis": "y", "origin": [5.122, 5.8, 9.3125]},
			"faces": {
				"north": {"uv": [7, 1, 8, 2], "rotation": 180, "texture": "#0"},
				"east": {"uv": [7, 1, 8, 2], "rotation": 180, "texture": "#0"},
				"south": {"uv": [7, 1, 8, 2], "rotation": 180, "texture": "#0"},
				"west": {"uv": [7, 1, 8, 2], "rotation": 180, "texture": "#0"},
				"up": {"uv": [7, 1, 8, 2], "rotation": 180, "texture": "#0"},
				"down": {"uv": [7, 1, 8, 2], "rotation": 180, "texture": "#0"}
			}
		},
		{
			"name": "blue button",
			"from": [4.5095, 6.05, 9.1905],
			"to": [5.7345, 6.3, 9.4345],
			"rotation": {"angle": 22.5, "axis": "y", "origin": [5.122, 5.8, 9.3125]},
			"faces": {
				"north": {"uv": [7, 1, 8, 2], "rotation": 180, "texture": "#0"},
				"east": {"uv": [7, 1, 8, 2], "rotation": 180, "texture": "#0"},
				"south": {"uv": [7, 1, 8, 2], "rotation": 180, "texture": "#0"},
				"west": {"uv": [7, 1, 8, 2], "rotation": 180, "texture": "#0"},
				"up": {"uv": [7, 1, 8, 2], "rotation": 180, "texture": "#0"},
				"down": {"uv": [7, 1, 8, 2], "rotation": 180, "texture": "#0"}
			}
		},
		{
			"name": "blue button",
			"from": [4.5095, 6.05, 9.1905],
			"to": [5.7345, 6.3, 9.4345],
			"rotation": {"angle": 45, "axis": "y", "origin": [5.122, 5.8, 9.3125]},
			"faces": {
				"north": {"uv": [7, 1, 8, 2], "rotation": 180, "texture": "#0"},
				"east": {"uv": [7, 1, 8, 2], "rotation": 180, "texture": "#0"},
				"south": {"uv": [7, 1, 8, 2], "rotation": 180, "texture": "#0"},
				"west": {"uv": [7, 1, 8, 2], "rotation": 180, "texture": "#0"},
				"up": {"uv": [7, 1, 8, 2], "rotation": 180, "texture": "#0"},
				"down": {"uv": [7, 1, 8, 2], "rotation": 180, "texture": "#0"}
			}
		},
		{
			"name": "blue button",
			"from": [7.925, 6.05, 8.575],
			"to": [8.169, 6.3, 9.8],
			"rotation": {"angle": -22.5, "axis": "y", "origin": [8.047, 5.8, 9.1875]},
			"faces": {
				"north": {"uv": [10, 1, 11, 2], "rotation": 180, "texture": "#0"},
				"east": {"uv": [10, 1, 11, 2], "rotation": 180, "texture": "#0"},
				"south": {"uv": [10, 1, 11, 2], "rotation": 180, "texture": "#0"},
				"west": {"uv": [10, 1, 11, 2], "rotation": 180, "texture": "#0"},
				"up": {"uv": [10, 1, 11, 2], "rotation": 180, "texture": "#0"},
				"down": {"uv": [10, 1, 11, 2], "rotation": 180, "texture": "#0"}
			}
		},
		{
			"name": "blue button",
			"from": [7.925, 6.05, 8.575],
			"to": [8.169, 6.3, 9.8],
			"rotation": {"angle": 0, "axis": "y", "origin": [8.047, 5.8, 9.1875]},
			"faces": {
				"north": {"uv": [10, 1, 11, 2], "rotation": 180, "texture": "#0"},
				"east": {"uv": [10, 1, 11, 2], "rotation": 180, "texture": "#0"},
				"south": {"uv": [10, 1, 11, 2], "rotation": 180, "texture": "#0"},
				"west": {"uv": [10, 1, 11, 2], "rotation": 180, "texture": "#0"},
				"up": {"uv": [10, 1, 11, 2], "rotation": 180, "texture": "#0"},
				"down": {"uv": [10, 1, 11, 2], "rotation": 180, "texture": "#0"}
			}
		},
		{
			"name": "blue button",
			"from": [7.925, 6.05, 8.575],
			"to": [8.169, 6.3, 9.8],
			"rotation": {"angle": 22.5, "axis": "y", "origin": [8.047, 5.8, 9.1875]},
			"faces": {
				"north": {"uv": [10, 1, 11, 2], "rotation": 180, "texture": "#0"},
				"east": {"uv": [10, 1, 11, 2], "rotation": 180, "texture": "#0"},
				"south": {"uv": [10, 1, 11, 2], "rotation": 180, "texture": "#0"},
				"west": {"uv": [10, 1, 11, 2], "rotation": 180, "texture": "#0"},
				"up": {"uv": [10, 1, 11, 2], "rotation": 180, "texture": "#0"},
				"down": {"uv": [10, 1, 11, 2], "rotation": 180, "texture": "#0"}
			}
		},
		{
			"name": "blue button",
			"from": [7.925, 6.05, 8.575],
			"to": [8.169, 6.3, 9.8],
			"rotation": {"angle": 45, "axis": "y", "origin": [8.047, 5.8, 9.1875]},
			"faces": {
				"north": {"uv": [10, 1, 11, 2], "rotation": 180, "texture": "#0"},
				"east": {"uv": [10, 1, 11, 2], "rotation": 180, "texture": "#0"},
				"south": {"uv": [10, 1, 11, 2], "rotation": 180, "texture": "#0"},
				"west": {"uv": [10, 1, 11, 2], "rotation": 180, "texture": "#0"},
				"up": {"uv": [10, 1, 11, 2], "rotation": 180, "texture": "#0"},
				"down": {"uv": [10, 1, 11, 2], "rotation": 180, "texture": "#0"}
			}
		},
		{
			"name": "blue button",
			"from": [7.4345, 6.05, 9.0655],
			"to": [8.6595, 6.3, 9.3095],
			"rotation": {"angle": -22.5, "axis": "y", "origin": [8.047, 5.8, 9.1875]},
			"faces": {
				"north": {"uv": [10, 1, 11, 2], "rotation": 180, "texture": "#0"},
				"east": {"uv": [10, 1, 11, 2], "rotation": 180, "texture": "#0"},
				"south": {"uv": [10, 1, 11, 2], "rotation": 180, "texture": "#0"},
				"west": {"uv": [10, 1, 11, 2], "rotation": 180, "texture": "#0"},
				"up": {"uv": [10, 1, 11, 2], "rotation": 180, "texture": "#0"},
				"down": {"uv": [10, 1, 11, 2], "rotation": 180, "texture": "#0"}
			}
		},
		{
			"name": "blue button",
			"from": [7.4345, 6.05, 9.0655],
			"to": [8.6595, 6.3, 9.3095],
			"rotation": {"angle": 0, "axis": "y", "origin": [8.047, 5.8, 9.1875]},
			"faces": {
				"north": {"uv": [10, 1, 11, 2], "rotation": 180, "texture": "#0"},
				"east": {"uv": [10, 1, 11, 2], "rotation": 180, "texture": "#0"},
				"south": {"uv": [10, 1, 11, 2], "rotation": 180, "texture": "#0"},
				"west": {"uv": [10, 1, 11, 2], "rotation": 180, "texture": "#0"},
				"up": {"uv": [10, 1, 11, 2], "rotation": 180, "texture": "#0"},
				"down": {"uv": [10, 1, 11, 2], "rotation": 180, "texture": "#0"}
			}
		},
		{
			"name": "blue button",
			"from": [7.4345, 6.05, 9.0655],
			"to": [8.6595, 6.3, 9.3095],
			"rotation": {"angle": 22.5, "axis": "y", "origin": [8.047, 5.8, 9.1875]},
			"faces": {
				"north": {"uv": [10, 1, 11, 2], "rotation": 180, "texture": "#0"},
				"east": {"uv": [10, 1, 11, 2], "rotation": 180, "texture": "#0"},
				"south": {"uv": [10, 1, 11, 2], "rotation": 180, "texture": "#0"},
				"west": {"uv": [10, 1, 11, 2], "rotation": 180, "texture": "#0"},
				"up": {"uv": [10, 1, 11, 2], "rotation": 180, "texture": "#0"},
				"down": {"uv": [10, 1, 11, 2], "rotation": 180, "texture": "#0"}
			}
		},
		{
			"name": "blue button",
			"from": [7.4345, 6.05, 9.0655],
			"to": [8.6595, 6.3, 9.3095],
			"rotation": {"angle": 45, "axis": "y", "origin": [8.047, 5.8, 9.1875]},
			"faces": {
				"north": {"uv": [10, 1, 11, 2], "rotation": 180, "texture": "#0"},
				"east": {"uv": [10, 1, 11, 2], "rotation": 180, "texture": "#0"},
				"south": {"uv": [10, 1, 11, 2], "rotation": 180, "texture": "#0"},
				"west": {"uv": [10, 1, 11, 2], "rotation": 180, "texture": "#0"},
				"up": {"uv": [10, 1, 11, 2], "rotation": 180, "texture": "#0"},
				"down": {"uv": [10, 1, 11, 2], "rotation": 180, "texture": "#0"}
			}
		},
		{
			"from": [12.45, 5.675, 8.475],
			"to": [13.21563, 6.175, 10.925],
			"rotation": {"angle": 0, "axis": "y", "origin": [12.8328, 5.925, 9.7]},
			"faces": {
				"north": {"uv": [7, 4, 8, 5], "texture": "#0"},
				"east": {"uv": [7, 4, 8, 5], "texture": "#0"},
				"south": {"uv": [7, 4, 8, 5], "texture": "#0"},
				"west": {"uv": [7, 4, 8, 5], "texture": "#0"},
				"up": {"uv": [5.6, 0.1, 10.4, 15.9], "rotation": 180, "texture": "#2"}
			}
		},
		{
			"from": [11.6078, 5.675, 9.3172],
			"to": [14.0578, 6.175, 10.08283],
			"rotation": {"angle": 0, "axis": "y", "origin": [12.8328, 5.925, 9.7]},
			"faces": {
				"north": {"uv": [7, 4, 8, 5], "texture": "#0"},
				"east": {"uv": [7, 4, 8, 5], "texture": "#0"},
				"south": {"uv": [7, 4, 8, 5], "texture": "#0"},
				"west": {"uv": [7, 4, 8, 5], "texture": "#0"},
				"up": {"uv": [0.1, 5.6, 15.9, 10.4], "rotation": 180, "texture": "#2"}
			}
		},
		{
			"from": [7.01467, 0, 13.5],
			"to": [9.01467, 1, 14.5],
			"faces": {
				"north": {"uv": [1, 4, 2, 5], "texture": "#0"},
				"east": {"uv": [1, 4, 2, 5], "texture": "#0"},
				"south": {"uv": [1, 4, 2, 5], "texture": "#0"},
				"west": {"uv": [1, 4, 2, 5], "texture": "#0"},
				"up": {"uv": [1, 4, 2, 5], "texture": "#0"},
				"down": {"uv": [1, 4, 2, 5], "texture": "#0"}
			}
		},
		{
			"from": [14.76467, 0, 6],
			"to": [15.76467, 1, 8],
			"faces": {
				"north": {"uv": [1, 4, 2, 5], "texture": "#0"},
				"east": {"uv": [1, 4, 2, 5], "texture": "#0"},
				"south": {"uv": [1, 4, 2, 5], "texture": "#0"},
				"west": {"uv": [1, 4, 2, 5], "texture": "#0"},
				"up": {"uv": [1, 4, 2, 5], "texture": "#0"},
				"down": {"uv": [1, 4, 2, 5], "texture": "#0"}
			}
		},
		{
			"from": [0.26467, 0, 6],
			"to": [1.26467, 1, 8],
			"faces": {
				"north": {"uv": [1, 4, 2, 5], "texture": "#0"},
				"east": {"uv": [1, 4, 2, 5], "texture": "#0"},
				"south": {"uv": [1, 4, 2, 5], "texture": "#0"},
				"west": {"uv": [1, 4, 2, 5], "texture": "#0"},
				"up": {"uv": [1, 4, 2, 5], "texture": "#0"},
				"down": {"uv": [1, 4, 2, 5], "texture": "#0"}
			}
		},
		{
			"from": [7.01467, 0, 0],
			"to": [9.01467, 1, 1],
			"faces": {
				"north": {"uv": [1, 4, 2, 5], "texture": "#0"},
				"east": {"uv": [1, 4, 2, 5], "texture": "#0"},
				"south": {"uv": [1, 4, 2, 5], "texture": "#0"},
				"west": {"uv": [1, 4, 2, 5], "texture": "#0"},
				"up": {"uv": [1, 4, 2, 5], "texture": "#0"},
				"down": {"uv": [1, 4, 2, 5], "texture": "#0"}
			}
		},
		{
			"name": "control stick outer rim",
			"from": [7.688, 5.575, 4.5982],
			"to": [8.312, 6.075, 5.4362],
			"rotation": {"angle": 22.5, "axis": "y", "origin": [8, 5.825, 6.1672]},
			"faces": {
				"north": {"uv": [10, 4, 11, 5], "texture": "#0"},
				"south": {"uv": [13, 4, 14, 5], "texture": "#0"},
				"up": {"uv": [10, 4, 11, 5], "texture": "#0"},
				"down": {"uv": [10, 4, 11, 5], "texture": "#0"}
			}
		},
		{
			"name": "control stick outer rim",
			"from": [7.68632, 5.575, 4.59625],
			"to": [8.31032, 6.075, 5.35925],
			"rotation": {"angle": 0, "axis": "y", "origin": [7.99832, 5.825, 6.16525]},
			"faces": {
				"north": {"uv": [10, 4, 11, 5], "texture": "#0"},
				"up": {"uv": [10, 4, 11, 5], "texture": "#0"}
			}
		},
		{
			"name": "control stick outer rim",
			"from": [7.68632, 5.575, 4.59625],
			"to": [8.31032, 6.075, 5.43425],
			"rotation": {"angle": -22.5, "axis": "y", "origin": [7.99832, 5.825, 6.16525]},
			"faces": {
				"north": {"uv": [10, 4, 11, 5], "texture": "#0"},
				"south": {"uv": [13, 4, 14, 5], "texture": "#0"},
				"up": {"uv": [10, 4, 11, 5], "texture": "#0"},
				"down": {"uv": [10, 4, 11, 5], "texture": "#0"}
			}
		},
		{
			"name": "control stick outer rim",
			"from": [7.68632, 5.575, 4.59625],
			"to": [8.31032, 6.075, 5.43425],
			"rotation": {"angle": -45, "axis": "y", "origin": [7.99832, 5.825, 6.16525]},
			"faces": {
				"north": {"uv": [10, 4, 11, 5], "texture": "#0"},
				"east": {"uv": [10, 4, 11, 5], "texture": "#0"},
				"south": {"uv": [10, 4, 11, 5], "texture": "#0"},
				"west": {"uv": [10, 4, 11, 5], "texture": "#0"},
				"up": {"uv": [10, 4, 11, 5], "texture": "#0"},
				"down": {"uv": [10, 4, 11, 5], "texture": "#0"}
			}
		},
		{
			"name": "control stick outer rim",
			"from": [8.72932, 5.575, 5.85325],
			"to": [9.56732, 6.075, 6.47725],
			"rotation": {"angle": 22.5, "axis": "y", "origin": [7.99832, 5.825, 6.16525]},
			"faces": {
				"north": {"uv": [10, 4, 11, 5], "texture": "#0"},
				"east": {"uv": [10, 4, 11, 5], "texture": "#0"},
				"south": {"uv": [10, 4, 11, 5], "texture": "#0"},
				"west": {"uv": [13, 4, 14, 5], "texture": "#0"},
				"up": {"uv": [10, 4, 11, 5], "texture": "#0"},
				"down": {"uv": [10, 4, 11, 5], "rotation": 270, "texture": "#0"}
			}
		},
		{
			"name": "control stick outer rim",
			"from": [8.80432, 5.575, 5.85325],
			"to": [9.56732, 6.075, 6.47725],
			"rotation": {"angle": 0, "axis": "y", "origin": [7.99832, 5.825, 6.16525]},
			"faces": {
				"north": {"uv": [10, 4, 11, 5], "texture": "#0"},
				"east": {"uv": [10, 4, 11, 5], "texture": "#0"},
				"south": {"uv": [10, 4, 11, 5], "texture": "#0"},
				"up": {"uv": [10, 4, 11, 5], "texture": "#0"},
				"down": {"uv": [10, 4, 11, 5], "rotation": 270, "texture": "#0"}
			}
		},
		{
			"name": "control stick outer rim",
			"from": [8.72932, 5.575, 5.85325],
			"to": [9.56732, 6.075, 6.47725],
			"rotation": {"angle": -22.5, "axis": "y", "origin": [7.99832, 5.825, 6.16525]},
			"faces": {
				"north": {"uv": [10, 4, 11, 5], "texture": "#0"},
				"east": {"uv": [10, 4, 11, 5], "texture": "#0"},
				"south": {"uv": [10, 4, 11, 5], "texture": "#0"},
				"west": {"uv": [13, 4, 14, 5], "texture": "#0"},
				"up": {"uv": [10, 4, 11, 5], "texture": "#0"},
				"down": {"uv": [10, 4, 11, 5], "rotation": 270, "texture": "#0"}
			}
		},
		{
			"name": "control stick outer rim",
			"from": [8.80432, 5.575, 5.85325],
			"to": [9.56732, 6.075, 6.47725],
			"rotation": {"angle": -45, "axis": "y", "origin": [7.99832, 5.825, 6.16525]},
			"faces": {
				"north": {"uv": [10, 4, 11, 5], "texture": "#0"},
				"east": {"uv": [10, 4, 11, 5], "texture": "#0"},
				"up": {"uv": [10, 4, 11, 5], "texture": "#0"},
				"down": {"uv": [10, 4, 11, 5], "rotation": 270, "texture": "#0"}
			}
		},
		{
			"name": "control stick outer rim",
			"from": [7.688, 5.575, 6.8982],
			"to": [8.312, 6.075, 7.7362],
			"rotation": {"angle": 22.5, "axis": "y", "origin": [8, 5.825, 6.1672]},
			"faces": {
				"north": {"uv": [13, 4, 14, 5], "texture": "#0"},
				"east": {"uv": [10, 4, 11, 5], "texture": "#0"},
				"south": {"uv": [10, 4, 11, 5], "texture": "#0"},
				"up": {"uv": [10, 4, 11, 5], "rotation": 180, "texture": "#0"},
				"down": {"uv": [10, 4, 11, 5], "rotation": 180, "texture": "#0"}
			}
		},
		{
			"name": "control stick outer rim",
			"from": [7.68968, 5.575, 6.97516],
			"to": [8.31368, 6.075, 7.73816],
			"rotation": {"angle": 0, "axis": "y", "origin": [8.00168, 5.825, 6.16916]},
			"faces": {
				"east": {"uv": [10, 4, 11, 5], "texture": "#0"},
				"south": {"uv": [10, 4, 11, 5], "texture": "#0"},
				"west": {"uv": [10, 4, 11, 5], "texture": "#0"},
				"up": {"uv": [10, 4, 11, 5], "rotation": 180, "texture": "#0"}
			}
		},
		{
			"name": "control stick outer rim",
			"from": [7.68968, 5.575, 6.90016],
			"to": [8.31368, 6.075, 7.73816],
			"rotation": {"angle": -22.5, "axis": "y", "origin": [8.00168, 5.825, 6.16916]},
			"faces": {
				"north": {"uv": [13, 4, 14, 5], "texture": "#0"},
				"east": {"uv": [10, 4, 11, 5], "texture": "#0"},
				"south": {"uv": [10, 4, 11, 5], "texture": "#0"},
				"west": {"uv": [10, 4, 11, 5], "texture": "#0"},
				"up": {"uv": [10, 4, 11, 5], "texture": "#0"},
				"down": {"uv": [10, 4, 11, 5], "rotation": 180, "texture": "#0"}
			}
		},
		{
			"name": "control stick outer rim",
			"from": [7.68968, 5.575, 6.97516],
			"to": [8.31368, 6.075, 7.73816],
			"rotation": {"angle": -45, "axis": "y", "origin": [8.00168, 5.825, 6.16916]},
			"faces": {
				"east": {"uv": [10, 4, 11, 5], "texture": "#0"},
				"south": {"uv": [10, 4, 11, 5], "texture": "#0"},
				"west": {"uv": [10, 4, 11, 5], "texture": "#0"},
				"up": {"uv": [10, 4, 11, 5], "rotation": 180, "texture": "#0"},
				"down": {"uv": [10, 4, 11, 5], "rotation": 180, "texture": "#0"}
			}
		},
		{
			"name": "control stick outer rim",
			"from": [6.43268, 5.575, 5.85716],
			"to": [7.27068, 6.075, 6.48116],
			"rotation": {"angle": 22.5, "axis": "y", "origin": [8.00168, 5.825, 6.16916]},
			"faces": {
				"north": {"uv": [10, 4, 11, 5], "texture": "#0"},
				"east": {"uv": [13, 4, 14, 5], "texture": "#0"},
				"south": {"uv": [10, 4, 11, 5], "texture": "#0"},
				"west": {"uv": [10, 4, 11, 5], "texture": "#0"},
				"up": {"uv": [10, 4, 11, 5], "rotation": 180, "texture": "#0"},
				"down": {"uv": [10, 4, 11, 5], "rotation": 90, "texture": "#0"}
			}
		},
		{
			"name": "control stick outer rim",
			"from": [6.43268, 5.575, 5.85716],
			"to": [7.19568, 6.075, 6.48116],
			"rotation": {"angle": 0, "axis": "y", "origin": [8.00168, 5.825, 6.16916]},
			"faces": {
				"north": {"uv": [10, 4, 11, 5], "texture": "#0"},
				"south": {"uv": [10, 4, 11, 5], "texture": "#0"},
				"west": {"uv": [10, 4, 11, 5], "texture": "#0"},
				"up": {"uv": [10, 4, 11, 5], "rotation": 180, "texture": "#0"},
				"down": {"uv": [10, 4, 11, 5], "rotation": 90, "texture": "#0"}
			}
		},
		{
			"name": "control stick outer rim",
			"from": [6.43268, 5.575, 5.85716],
			"to": [7.27068, 6.075, 6.48116],
			"rotation": {"angle": -22.5, "axis": "y", "origin": [8.00168, 5.825, 6.16916]},
			"faces": {
				"north": {"uv": [10, 4, 11, 5], "texture": "#0"},
				"east": {"uv": [13, 4, 14, 5], "texture": "#0"},
				"south": {"uv": [10, 4, 11, 5], "texture": "#0"},
				"west": {"uv": [10, 4, 11, 5], "texture": "#0"},
				"up": {"uv": [10, 4, 11, 5], "rotation": 180, "texture": "#0"},
				"down": {"uv": [10, 4, 11, 5], "rotation": 90, "texture": "#0"}
			}
		},
		{
			"name": "control stick outer rim",
			"from": [6.43268, 5.575, 5.85716],
			"to": [7.19568, 6.075, 6.48116],
			"rotation": {"angle": -45, "axis": "y", "origin": [8.00168, 5.825, 6.16916]},
			"faces": {
				"south": {"uv": [10, 4, 11, 5], "texture": "#0"},
				"west": {"uv": [10, 4, 11, 5], "texture": "#0"},
				"up": {"uv": [10, 4, 11, 5], "rotation": 180, "texture": "#0"},
				"down": {"uv": [10, 4, 11, 5], "rotation": 90, "texture": "#0"}
			}
		},
		{
			"name": "joystick middle",
			"from": [7.95808, 5.6, 5.95976],
			"to": [8.04232, 6.635, 6.38339],
			"rotation": {"angle": 22.5, "axis": "y", "origin": [8.0002, 6.5875, 6.17157]},
			"faces": {
				"north": {"uv": [13, 1, 14, 2], "rotation": 90, "texture": "#0"},
				"down": {"uv": [13, 1, 14, 2], "rotation": 90, "texture": "#0"}
			}
		},
		{
			"name": "joystick middle",
			"from": [7.95785, 5.6, 5.95949],
			"to": [8.04209, 6.635, 6.38312],
			"rotation": {"angle": 0, "axis": "y", "origin": [7.99997, 6.5825, 6.17131]},
			"faces": {
				"north": {"uv": [13, 1, 14, 2], "rotation": 90, "texture": "#0"}
			}
		},
		{
			"name": "joystick middle",
			"from": [7.95785, 5.6, 5.95949],
			"to": [8.04209, 6.635, 6.38312],
			"rotation": {"angle": -22.5, "axis": "y", "origin": [7.99997, 6.5875, 6.17131]},
			"faces": {
				"north": {"uv": [13, 1, 14, 2], "rotation": 90, "texture": "#0"},
				"down": {"uv": [13, 1, 14, 2], "rotation": 90, "texture": "#0"}
			}
		},
		{
			"name": "joystick middle",
			"from": [7.95785, 5.6, 5.95949],
			"to": [8.04209, 6.635, 6.38312],
			"rotation": {"angle": -45, "axis": "y", "origin": [7.99997, 6.5775, 6.17131]},
			"faces": {
				"north": {"uv": [13, 1, 14, 2], "rotation": 90, "texture": "#0"},
				"east": {"uv": [13, 1, 14, 2], "rotation": 90, "texture": "#0"},
				"south": {"uv": [13, 1, 14, 2], "rotation": 90, "texture": "#0"},
				"west": {"uv": [13, 1, 14, 2], "rotation": 90, "texture": "#0"},
				"down": {"uv": [13, 1, 14, 2], "rotation": 90, "texture": "#0"}
			}
		},
		{
			"name": "joystick middle",
			"from": [7.78816, 5.6, 6.12919],
			"to": [8.21179, 6.635, 6.21343],
			"rotation": {"angle": 22.5, "axis": "y", "origin": [7.99997, 6.5875, 6.17131]},
			"faces": {
				"north": {"uv": [13, 1, 14, 2], "rotation": 90, "texture": "#0"},
				"east": {"uv": [13, 1, 14, 2], "rotation": 90, "texture": "#0"},
				"south": {"uv": [13, 1, 14, 2], "rotation": 90, "texture": "#0"},
				"west": {"uv": [13, 1, 14, 2], "rotation": 90, "texture": "#0"},
				"down": {"uv": [13, 1, 14, 2], "rotation": 90, "texture": "#0"}
			}
		},
		{
			"name": "joystick middle",
			"from": [7.78816, 5.6, 6.12919],
			"to": [8.21179, 6.635, 6.21343],
			"rotation": {"angle": 0, "axis": "y", "origin": [7.99997, 6.5875, 6.17131]},
			"faces": {
				"north": {"uv": [13, 1, 14, 2], "rotation": 90, "texture": "#0"},
				"east": {"uv": [13, 1, 14, 2], "rotation": 90, "texture": "#0"},
				"south": {"uv": [13, 1, 14, 2], "rotation": 90, "texture": "#0"},
				"west": {"uv": [13, 1, 14, 2], "rotation": 90, "texture": "#0"}
			}
		},
		{
			"name": "joystick middle",
			"from": [7.78816, 5.6, 6.12919],
			"to": [8.21179, 6.635, 6.21343],
			"rotation": {"angle": -22.5, "axis": "y", "origin": [7.99997, 6.5875, 6.17131]},
			"faces": {
				"north": {"uv": [13, 1, 14, 2], "rotation": 90, "texture": "#0"},
				"east": {"uv": [13, 1, 14, 2], "rotation": 90, "texture": "#0"},
				"south": {"uv": [13, 1, 14, 2], "rotation": 90, "texture": "#0"},
				"west": {"uv": [13, 1, 14, 2], "rotation": 90, "texture": "#0"},
				"down": {"uv": [13, 1, 14, 2], "rotation": 90, "texture": "#0"}
			}
		},
		{
			"name": "joystick middle",
			"from": [7.78816, 5.6, 6.12919],
			"to": [8.21179, 6.635, 6.21343],
			"rotation": {"angle": -45, "axis": "y", "origin": [7.99997, 6.5875, 6.17131]},
			"faces": {
				"north": {"uv": [13, 1, 14, 2], "rotation": 90, "texture": "#0"},
				"east": {"uv": [13, 1, 14, 2], "rotation": 90, "texture": "#0"},
				"south": {"uv": [13, 1, 14, 2], "rotation": 90, "texture": "#0"},
				"west": {"uv": [13, 1, 14, 2], "rotation": 90, "texture": "#0"},
				"down": {"uv": [13, 1, 14, 2], "rotation": 90, "texture": "#0"}
			}
		},
		{
			"name": "joystick bottom",
			"from": [7.94969, 5.625, 5.92671],
			"to": [8.05078, 5.66, 6.43506],
			"rotation": {"angle": 22.5, "axis": "y", "origin": [8.00024, 6.6125, 6.18089]},
			"faces": {
				"up": {"uv": [13, 1, 14, 2], "rotation": 90, "texture": "#0"},
				"down": {"uv": [13, 1, 14, 2], "rotation": 90, "texture": "#0"}
			}
		},
		{
			"name": "joystick bottom",
			"from": [7.94942, 5.625, 5.92639],
			"to": [8.05051, 5.66, 6.43475],
			"rotation": {"angle": -22.5, "axis": "y", "origin": [7.99997, 6.6125, 6.18057]},
			"faces": {
				"up": {"uv": [13, 1, 14, 2], "rotation": 90, "texture": "#0"},
				"down": {"uv": [13, 1, 14, 2], "rotation": 90, "texture": "#0"}
			}
		},
		{
			"name": "joystick bottom",
			"from": [7.94942, 5.625, 5.92639],
			"to": [8.05051, 5.66, 6.43475],
			"rotation": {"angle": -45, "axis": "y", "origin": [7.99997, 6.6025, 6.18057]},
			"faces": {
				"up": {"uv": [13, 1, 14, 2], "rotation": 90, "texture": "#0"},
				"down": {"uv": [13, 1, 14, 2], "rotation": 90, "texture": "#0"}
			}
		},
		{
			"name": "joystick bottom",
			"from": [7.74579, 5.625, 6.13003],
			"to": [8.25414, 5.66, 6.23111],
			"rotation": {"angle": 22.5, "axis": "y", "origin": [7.99997, 6.6125, 6.18057]},
			"faces": {
				"up": {"uv": [13, 1, 14, 2], "rotation": 90, "texture": "#0"},
				"down": {"uv": [13, 1, 14, 2], "rotation": 90, "texture": "#0"}
			}
		},
		{
			"name": "joystick bottom",
			"from": [7.74579, 5.625, 6.13003],
			"to": [8.25414, 5.66, 6.23111],
			"rotation": {"angle": -22.5, "axis": "y", "origin": [7.99997, 6.6125, 6.18057]},
			"faces": {
				"up": {"uv": [13, 1, 14, 2], "rotation": 90, "texture": "#0"},
				"down": {"uv": [13, 1, 14, 2], "rotation": 90, "texture": "#0"}
			}
		},
		{
			"name": "joystick bottom",
			"from": [7.74579, 5.625, 6.13003],
			"to": [8.25414, 5.66, 6.23111],
			"rotation": {"angle": -45, "axis": "y", "origin": [7.99997, 6.6125, 6.18057]},
			"faces": {
				"up": {"uv": [13, 1, 14, 2], "rotation": 90, "texture": "#0"},
				"down": {"uv": [13, 1, 14, 2], "rotation": 90, "texture": "#0"}
			}
		},
		{
			"name": "joystick top",
			"from": [7.86026, 6.525, 5.44919],
			"to": [8.14106, 6.76, 6.86129],
			"rotation": {"angle": 22.5, "axis": "y", "origin": [8.00066, 6.7125, 6.15524]},
			"faces": {
				"north": {"uv": [13, 1, 14, 2], "rotation": 90, "texture": "#0"},
				"south": {"uv": [13, 1, 14, 2], "rotation": 90, "texture": "#0"},
				"up": {"uv": [13, 1, 14, 2], "rotation": 90, "texture": "#0"},
				"down": {"uv": [13, 1, 14, 2], "rotation": 90, "texture": "#0"}
			}
		},
		{
			"name": "joystick top",
			"from": [7.85951, 6.525, 5.4483],
			"to": [8.14031, 6.76, 6.8604],
			"rotation": {"angle": 0, "axis": "y", "origin": [7.99991, 6.7075, 6.15436]},
			"faces": {
				"north": {"uv": [13, 1, 14, 2], "rotation": 90, "texture": "#0"},
				"south": {"uv": [13, 1, 14, 2], "rotation": 90, "texture": "#0"},
				"up": {"uv": [13, 1, 14, 2], "rotation": 90, "texture": "#0"},
				"down": {"uv": [13, 1, 14, 2], "rotation": 90, "texture": "#0"}
			}
		},
		{
			"name": "joystick top",
			"from": [7.85951, 6.525, 5.44831],
			"to": [8.14031, 6.76, 6.86041],
			"rotation": {"angle": -22.5, "axis": "y", "origin": [7.99991, 6.7125, 6.15436]},
			"faces": {
				"north": {"uv": [13, 1, 14, 2], "rotation": 90, "texture": "#0"},
				"south": {"uv": [13, 1, 14, 2], "rotation": 90, "texture": "#0"},
				"up": {"uv": [13, 1, 14, 2], "rotation": 90, "texture": "#0"},
				"down": {"uv": [13, 1, 14, 2], "rotation": 90, "texture": "#0"}
			}
		},
		{
			"name": "joystick top",
			"from": [7.85951, 6.525, 5.44831],
			"to": [8.14031, 6.76, 6.86041],
			"rotation": {"angle": -45, "axis": "y", "origin": [7.99991, 6.7025, 6.15436]},
			"faces": {
				"north": {"uv": [13, 1, 14, 2], "rotation": 90, "texture": "#0"},
				"east": {"uv": [13, 1, 14, 2], "rotation": 90, "texture": "#0"},
				"south": {"uv": [13, 1, 14, 2], "rotation": 90, "texture": "#0"},
				"west": {"uv": [13, 1, 14, 2], "rotation": 90, "texture": "#0"},
				"up": {"uv": [13, 1, 14, 2], "rotation": 90, "texture": "#0"},
				"down": {"uv": [13, 1, 14, 2], "rotation": 90, "texture": "#0"}
			}
		},
		{
			"name": "joystick top",
			"from": [7.29386, 6.525, 6.01396],
			"to": [8.70596, 6.76, 6.29476],
			"rotation": {"angle": 22.5, "axis": "y", "origin": [7.99991, 6.7125, 6.15436]},
			"faces": {
				"north": {"uv": [13, 1, 14, 2], "rotation": 90, "texture": "#0"},
				"east": {"uv": [13, 1, 14, 2], "rotation": 90, "texture": "#0"},
				"south": {"uv": [13, 1, 14, 2], "rotation": 90, "texture": "#0"},
				"west": {"uv": [13, 1, 14, 2], "rotation": 90, "texture": "#0"},
				"up": {"uv": [13, 1, 14, 2], "rotation": 90, "texture": "#0"},
				"down": {"uv": [13, 1, 14, 2], "rotation": 90, "texture": "#0"}
			}
		},
		{
			"name": "joystick top",
			"from": [7.29386, 6.525, 6.01396],
			"to": [8.70596, 6.76, 6.29476],
			"rotation": {"angle": 0, "axis": "y", "origin": [7.99991, 6.7125, 6.15436]},
			"faces": {
				"north": {"uv": [13, 1, 14, 2], "rotation": 90, "texture": "#0"},
				"east": {"uv": [13, 1, 14, 2], "rotation": 90, "texture": "#0"},
				"south": {"uv": [13, 1, 14, 2], "rotation": 90, "texture": "#0"},
				"west": {"uv": [13, 1, 14, 2], "rotation": 90, "texture": "#0"},
				"up": {"uv": [13, 1, 14, 2], "rotation": 90, "texture": "#0"},
				"down": {"uv": [13, 1, 14, 2], "rotation": 90, "texture": "#0"}
			}
		},
		{
			"name": "joystick top",
			"from": [7.29386, 6.525, 6.01396],
			"to": [8.70596, 6.76, 6.29476],
			"rotation": {"angle": -22.5, "axis": "y", "origin": [7.99991, 6.7125, 6.15436]},
			"faces": {
				"north": {"uv": [13, 1, 14, 2], "rotation": 90, "texture": "#0"},
				"east": {"uv": [13, 1, 14, 2], "rotation": 90, "texture": "#0"},
				"south": {"uv": [13, 1, 14, 2], "rotation": 90, "texture": "#0"},
				"west": {"uv": [13, 1, 14, 2], "rotation": 90, "texture": "#0"},
				"up": {"uv": [13, 1, 14, 2], "rotation": 90, "texture": "#0"},
				"down": {"uv": [13, 1, 14, 2], "rotation": 90, "texture": "#0"}
			}
		},
		{
			"name": "joystick top",
			"from": [7.29386, 6.525, 6.01396],
			"to": [8.70596, 6.76, 6.29476],
			"rotation": {"angle": -45, "axis": "y", "origin": [7.99991, 6.7125, 6.15436]},
			"faces": {
				"north": {"uv": [13, 1, 14, 2], "rotation": 90, "texture": "#0"},
				"east": {"uv": [13, 1, 14, 2], "rotation": 90, "texture": "#0"},
				"south": {"uv": [13, 1, 14, 2], "rotation": 90, "texture": "#0"},
				"west": {"uv": [13, 1, 14, 2], "rotation": 90, "texture": "#0"},
				"up": {"uv": [13, 1, 14, 2], "rotation": 90, "texture": "#0"},
				"down": {"uv": [13, 1, 14, 2], "rotation": 90, "texture": "#0"}
			}
		},
		{
			"name": "joystick top",
			"from": [7.31886, 6.765, 5.4733],
			"to": [8.68096, 6.765, 6.8354],
			"rotation": {"angle": 0, "axis": "y", "origin": [7.99991, 6.7125, 6.15436]},
			"faces": {
				"up": {"uv": [0, 0, 16, 16], "rotation": 90, "texture": "#1"}
			}
		},
		{
			"name": "yellow arrow",
			"from": [3.5745, 6.01, 10.0755],
			"to": [4.0745, 6.01, 10.5755],
			"rotation": {"angle": 0, "axis": "y", "origin": [3.7745, 5.5, 10.325]},
			"faces": {
				"up": {"uv": [0, 11, 4.5, 16], "rotation": 180, "texture": "#2"}
			}
		},
		{
			"name": "yellow arrow",
			"from": [2.5995, 6.01, 11.0005],
			"to": [3.0995, 6.01, 11.5005],
			"rotation": {"angle": 0, "axis": "y", "origin": [2.8495, 5.5, 11.2]},
			"faces": {
				"up": {"uv": [0, 0, 5, 4.5], "rotation": 180, "texture": "#2"}
			}
		},
		{
			"name": "yellow arrow",
			"from": [1.6245, 6.01, 10.0755],
			"to": [2.1245, 6.01, 10.5755],
			"rotation": {"angle": 0, "axis": "y", "origin": [1.9245, 5.5, 10.325]},
			"faces": {
				"up": {"uv": [11.5, 0, 16, 5], "rotation": 180, "texture": "#2"}
			}
		},
		{
			"name": "yellow arrow",
			"from": [2.5995, 6.01, 9.1505],
			"to": [3.0995, 6.01, 9.6505],
			"rotation": {"angle": 0, "axis": "y", "origin": [2.8495, 5.5, 9.425]},
			"faces": {
				"up": {"uv": [11, 11.5, 16, 16], "rotation": 180, "texture": "#2"}
			}
		},
		{
			"name": "red start",
			"from": [7.5345, 6.325, 8.9155],
			"to": [8.5595, 6.325, 9.4595],
			"rotation": {"angle": 0, "axis": "y", "origin": [8.047, 5.8, 9.1875]},
			"faces": {
				"up": {"uv": [0, 0, 16, 7.5], "rotation": 180, "texture": "#4"}
			}
		},
		{
			"name": "green B",
			"from": [5.0845, 6.325, 8.9655],
			"to": [5.4595, 6.325, 9.6095],
			"rotation": {"angle": 0, "axis": "y", "origin": [5.122, 5.8, 9.3125]},
			"faces": {
				"up": {"uv": [0, 8, 4.5, 16], "rotation": 180, "texture": "#4"}
			}
		},
		{
			"name": "blue A",
			"from": [4.0095, 6.275, 7.9655],
			"to": [4.3845, 6.275, 8.6095],
			"rotation": {"angle": 0, "axis": "y", "origin": [4.047, 5.75, 8.2625]},
			"faces": {
				"up": {"uv": [11, 8, 16, 16], "rotation": 180, "texture": "#4"}
			}
		},
		{
			"name": "controller main",
			"from": [6.36417, 5.8, 11.94508],
			"to": [9.84017, 5.8, 13.24508],
			"rotation": {"angle": 0, "axis": "y", "origin": [7.46412, 12.25, 7.07008]},
			"faces": {
				"up": {"uv": [0, 10.1, 16, 15.9], "rotation": 180, "texture": "#5", "tintindex": 0}
			}
		},
		{
			"name": "shoulder buttons",
			"from": [15.40613, 4.5, 9.68057],
			"to": [15.90613, 5.25, 10.58057],
			"rotation": {"angle": -22.5, "axis": "y", "origin": [8.65613, 12.25, 7.58057]},
			"faces": {
				"north": {"uv": [14, 4, 13, 5], "rotation": 90, "texture": "#0"},
				"east": {"uv": [7, 4, 8, 5], "texture": "#0"},
				"up": {"uv": [7, 4, 8, 5], "texture": "#0"},
				"down": {"uv": [7, 4, 8, 5], "texture": "#0"}
			}
		},
		{
			"name": "shoulder buttons",
			"from": [10.65613, 4.5, 14.33057],
			"to": [11.65613, 5.25, 14.83057],
			"rotation": {"angle": 22.5, "axis": "y", "origin": [8.65613, 12.25, 7.58057]},
			"faces": {
				"east": {"uv": [14, 4, 13, 5], "rotation": 90, "texture": "#0"},
				"south": {"uv": [7, 4, 8, 5], "texture": "#0"},
				"west": {"uv": [14, 4, 13, 5], "rotation": 90, "texture": "#0"},
				"up": {"uv": [7, 4, 8, 5], "texture": "#0"},
				"down": {"uv": [7, 4, 8, 5], "texture": "#0"}
			}
		},
		{
			"name": "shoulder buttons",
			"from": [2.77834, 4.5, 12.98633],
			"to": [13.27834, 5.25, 13.51333],
			"faces": {
				"south": {"uv": [7, 4, 8, 5], "texture": "#0"},
				"up": {"uv": [7, 4, 8, 5], "texture": "#0"},
				"down": {"uv": [7, 4, 8, 5], "texture": "#0"}
			}
		},
		{
			"name": "shoulder buttons",
			"from": [4.40055, 4.5, 14.33057],
			"to": [5.40055, 5.25, 14.83057],
			"rotation": {"angle": -22.5, "axis": "y", "origin": [7.40055, 12.25, 7.58057]},
			"faces": {
				"east": {"uv": [13, 4, 14, 5], "rotation": 90, "texture": "#0"},
				"south": {"uv": [7, 4, 8, 5], "texture": "#0"},
				"west": {"uv": [13, 4, 14, 5], "rotation": 90, "texture": "#0"},
				"up": {"uv": [7, 4, 8, 5], "texture": "#0"},
				"down": {"uv": [7, 4, 8, 5], "texture": "#0"}
			}
		},
		{
			"name": "shoulder buttons",
			"from": [0.15055, 4.5, 9.68057],
			"to": [0.65055, 5.25, 10.58057],
			"rotation": {"angle": 22.5, "axis": "y", "origin": [7.40055, 12.25, 7.58057]},
			"faces": {
				"north": {"uv": [13, 4, 14, 5], "rotation": 90, "texture": "#0"},
				"west": {"uv": [7, 4, 8, 5], "texture": "#0"},
				"up": {"uv": [7, 4, 8, 5], "texture": "#0"},
				"down": {"uv": [7, 4, 8, 5], "texture": "#0"}
			}
		}
	],
	"display": {
		"thirdperson_righthand": {
			"rotation": [-90, 0, -180],
			"translation": [0, 2.25, 3.5],
			"scale": [0.5, 0.5, 0.5]
		},
		"firstperson_righthand": {
			"rotation": [-130, 7, -180],
			"translation": [0, 0, -1.5]
		},
		"ground": {
			"translation": [0, 2, 0],
			"scale": [0.5, 0.5, 0.5]
		},
		"gui": {
			"rotation": [30, 145, 0],
			"translation": [-1.5, 0.75, 0],
			"scale": [0.82, 0.82, 0.82]
		},
		"head": {
			"rotation": [-90, 0, 0],
			"translation": [0, 0, -3.5]
		},
		"fixed": {
			"rotation": [-90, 0, 0],
			"translation": [0, 0, -6.5]
		}
	},
	"groups": [
		{
			"name": "controller main",
			"origin": [8, 8, 8],
			"children": [0, 1, 2, 3, 4, 5, 6, 7, 8, 9, 10, 11, 12, 13, 14, 15, 16, 17, 18, 19, 20, 21, 22, 23, 24, 25, 26, 27, 28, 29, 30, 31, 32, 33, 34, 35, 36, 37, 38]
		},
		{
			"name": "controller side part",
			"origin": [8, 8, 8],
			"children": [39, 40, 41, 42, 43, 44, 45, 46, 47]
		},
		{
			"name": "controller side part",
			"origin": [8, 8, 8],
			"children": [48, 49, 50, 51, 52, 53, 54, 55, 56]
		},
		{
			"name": "bottom back part",
			"origin": [8, 8, 8],
			"children": [57, 58, 59, 60, 61, 62, 63, 64, 65]
		},
		{
			"name": "yellow buttons",
			"origin": [8, 8, 8],
			"children": [66, 67, 68, 69, 70, 71, 72, 73, 74, 75, 76, 77, 78, 79, 80, 81, 82, 83, 84, 85, 86, 87, 88, 89, 90, 91, 92, 93, 94, 95, 96, 97, 98]
		},
		{
			"name": "blue button (A)",
			"origin": [8, 8, 8],
			"children": [99, 100, 101, 102, 103, 104, 105, 106]
		},
		{
			"name": "green button (B)",
			"origin": [8, 8, 8],
			"children": [107, 108, 109, 110, 111, 112, 113, 114]
		},
		{
			"name": "red button (Start)",
			"origin": [8, 8, 8],
			"children": [115, 116, 117, 118, 119, 120, 121, 122]
		},
		{
			"name": "arrow sticks",
			"origin": [8, 8, 8],
			"children": [123, 124]
		},
		{
			"name": "delete later",
			"origin": [8, 8, 8],
			"children": [125, 126, 127, 128]
		},
		{
			"name": "control stick outer",
			"origin": [8, 8, 8],
			"children": [129, 130, 131, 132, 133, 134, 135, 136, 137, 138, 139, 140, 141, 142, 143, 144]
		},
		{
			"name": "joystick",
			"origin": [8, 8, 8],
			"children": [145, 146, 147, 148, 149, 150, 151, 152, 153, 154, 155, 156, 157, 158, 159, 160, 161, 162, 163, 164, 165, 166, 167]
		},
		{
			"name": "text",
			"origin": [8, 8, 8],
			"children": [168, 169, 170, 171, 172, 173, 174, 175]
		},
		{
			"name": "shoulder buttons",
			"origin": [8, 8, 8],
			"children": [176, 177, 178, 179, 180]
		}
	]
}