{
	"credit": "Model made by dragonmaster95 with Blockbench, a free, modern block model editor by JannisX11",
	"textures": {
		"1": "decorations/other/handbook0"
	},
	"elements": [
		{
			"from": [6, 7.875, 2.1665],
			"to": [10, 8.125, 13.8335],
			"rotation": {"angle": 0, "axis": "z", "origin": [8, 7.875, 8.005]},
			"faces": {
				"north": {"uv": [14.83281, 11.66641, 15.86563, 16.01641], "texture": "#1", "rotation": 180},
				"east": {"uv": [14.83281, 11.66641, 15.86563, 16.01641], "texture": "#1", "rotation": 180},
				"south": {"uv": [14.83281, 11.66641, 15.86563, 16.01641], "texture": "#1", "rotation": 180},
				"west": {"uv": [8.25, 0, 8, 11.66641], "texture": "#1", "rotation": 270},
				"up": {"uv": [8, 0, 16, 11.66641], "texture": "#1"},
				"down": {"uv": [0, 0, 8, 11.66641], "texture": "#1", "rotation": 180}
			}
		}
	],
	"display": {
		"head": {
			"scale": [4, 2, 2],
			"translation": [0, -31, 0]
		},
		"thirdperson_righthand": {
			"scale": [1.6, 0.8, 0.8],
			"rotation": [101, 0, 0],
			"translation": [0, 3.5, 1]
		},
		"thirdperson_lefthand": {
			"scale": [1.6, 0.8, 0.8],
			"rotation": [101, 0, 0],
			"translation": [0, 3.5, 1]
		},
		"firstperson_righthand": {
			"scale": [2, 1, 1],
			"rotation": [88, 0, 13],
			"translation": [-2, 7, 2]
		},
		"firstperson_lefthand": {
			"scale": [2, 1, 1],
			"rotation": [88, 0, 13],
			"translation": [-2, 7, 2]
		},
		"ground": {
			"scale": [1.4, 0.7, 0.7],
			"rotation": [0, 0, 6],
			"translation": [0, -3.5, 0]
		},
		"fixed": {
			"scale": [2, 1, 1],
			"translation": [0, 0, -1.5],
			"rotation": [90, 0, 6]
		},
		"gui": {
			"scale": [0.001, 0.001, 0.001]
		}
	}
}