{
	"credit": "Model made by dragonmaster95 with Blockbench, a free, modern block model editor by JannisX11",
	"textures": {
		"0": "decorations/other/handbook1",
		"1": "decorations/other/handbook0",
		"particle": "decorations/other/handbook1"
	},
	"elements": [
		{
			"from": [8, 7.875, 2.1715],
			"to": [12, 8.125, 13.8385],
			"rotation": {"angle": 0, "axis": "y", "origin": [8, 7.875, 8.005]},
			"faces": {
				"north": {"uv": [14.83281, 11.66641, 15.86563, 16.01641], "texture": "#1"},
				"east": {"uv": [14.83281, 11.66641, 15.86563, 16.01641], "texture": "#1"},
				"south": {"uv": [14.83281, 11.66641, 15.86563, 16.01641], "texture": "#1"},
				"up": {"uv": [8, 0, 16, 11.66641], "texture": "#0"},
				"down": {"uv": [0, 0, 8, 11.667], "texture": "#1", "rotation": 180}
			}
		},
		{
			"from": [4, 7.875, 2.1615],
			"to": [8, 8.125, 13.8285],
			"rotation": {"angle": -22.5, "axis": "z", "origin": [8, 7.875, 8.005]},
			"faces": {
				"north": {"uv": [14.83281, 11.66641, 15.86563, 16.01641], "texture": "#1"},
				"south": {"uv": [14.83281, 11.66641, 15.86563, 16.01641], "texture": "#1"},
				"west": {"uv": [14.83281, 11.66641, 15.86563, 16.01641], "texture": "#1"},
				"up": {"uv": [0, 0, 8.19922, 11.66641], "texture": "#0"},
				"down": {"uv": [8, 0, 16, 11.66641], "texture": "#1", "rotation": 180}
			}
		}
	],
	"display": {
		"head": {
			"scale": [2, 1, 1],
			"translation": [0, 0, 0]
		},
		"thirdperson_righthand": {
			"scale": [1.6, 0.8, 0.8],
			"rotation": [101, 0, 6],
			"translation": [-6, 3, 0]
		},
		"thirdperson_lefthand": {
			"scale": [1.6, 0.8, 0.8],
			"rotation": [101, 0, -6],
			"translation": [-6, 3, 0]
		},
		"firstperson_righthand": {
			"scale": [2, 1, 1],
			"rotation": [90, 0, 6],
			"translation": [-9, 8.25, 2.5]
		},
		"firstperson_lefthand": {
			"scale": [2, 1, 1],
			"rotation": [90, 0, -6],
			"translation": [-9, 8.25, 2.8]
		},
		"ground": {
			"scale": [1.4, 0.7, 0.7],
			"rotation": [0, 0, 6],
			"translation": [0, -3.5, 0]
		},
		"fixed": {
			"scale": [2, 1, 1],
			"translation": [0, 0, -1.5],
			"rotation": [90, 0, 6]
		},
		"gui": {
			"scale": [0.001, 0.001, 0.001]
		}
	}
}