{
	"credit": "Made by dragonmaster95 with Blockbench",
	"textures": {
		"0": "minigames/fl/background"
	},
	"elements": [
		{
			"name": "Cube",
			"from": [0, -16, -16],
			"to": [0.05, 32, 32],
			"faces": {
				"east": {"uv": [0, 0, 16, 15], "texture": "#0"},
				"west": {"uv": [0, 0, 16, 15], "texture": "#0"}
			}
		}
	],
	"display": {
		"gui": {
			"rotation": [0, -90, 0],
			"translation": [0, -3.25, 0],
			"scale": [0.37, 0.37, 0.37]
		},
		"head": {
			"rotation": [0, 90, 0],
			"translation": [0, -37, 4.5],
			"scale": [1, 4, 4]
		}
	}
}