{
    "__comment": "Model generated using MrCrayfish's Model Creator (http://mrcrayfish.com/modelcreator/)",
    "textures": {
        "0": "minigames/fl/bowser_face"
    }, 
    "display": {
		"head": {
			"scale": [ 4, 4, 4],
			"rotation": [ 0, 90, 0],
			"translation": [ 0, 0, 0]
				}
    }, 
    "elements": [
        {
            "name": "Cube",
            "from": [ 7.0, 7.0, 7.0 ], 
            "to": [ 11.300000004470348, 9.0, 9.0 ], 
            "rotation": { "origin": [ 8.0, 8.0, 8.0 ], "axis": "z", "angle": -45.0 },
            "faces": {
                "north": { "texture": "#0", "uv": [ 1.0, 1.0, 2.000000004470348, 2.0 ] },
                "east": { "texture": "#0", "uv": [ 1.0, 1.0, 2.0, 2.0 ] },
                "south": { "texture": "#0", "uv": [ 1.0, 1.0, 2.000000004470348, 2.0 ] },
                "west": { "texture": "#0", "uv": [ 1.0, 1.0, 2.0, 2.0 ] },
                "up": { "texture": "#0", "uv": [ 1.0, 1.0, 2.000000004470348, 2.0 ] },
                "down": { "texture": "#0", "uv": [ 1.0, 1.0, 2.000000004470348, 2.0 ] }
            }
        },
        {
            "name": "Cube",
            "from": [ 7.0, 7.0, 7.0 ], 
            "to": [ 11.300000004470348, 9.0, 9.0 ], 
            "rotation": { "origin": [ 5.300000004470348, 10.200000002980232, 8.0 ], "axis": "z", "angle": -22.5 },
            "faces": {
                "north": { "texture": "#0", "uv": [ 1.0, 1.0, 2.000000004470348, 2.0 ] },
                "east": { "texture": "#0", "uv": [ 1.0, 1.0, 2.0, 2.0 ] },
                "south": { "texture": "#0", "uv": [ 1.0, 1.0, 2.000000004470348, 2.0 ] },
                "west": { "texture": "#0", "uv": [ 1.0, 1.0, 2.0, 2.0 ] },
                "up": { "texture": "#0", "uv": [ 1.0, 1.0, 2.000000004470348, 2.0 ] },
                "down": { "texture": "#0", "uv": [ 1.0, 1.0, 2.000000004470348, 2.0 ] }
            }
        },
        {
            "name": "Cube",
            "from": [ 3.6999999955296516, 6.42, 7.0 ], 
            "to": [ 8.0, 9.42, 9.0 ], 
            "faces": {
                "north": { "texture": "#0", "uv": [ 1.0, 1.0, 2.000000004470348, 2.0 ] },
                "east": { "texture": "#0", "uv": [ 1.0, 1.0, 2.0, 2.0 ] },
                "south": { "texture": "#0", "uv": [ 1.0, 1.0, 2.000000004470348, 2.0 ] },
                "west": { "texture": "#0", "uv": [ 1.0, 1.0, 2.0, 2.0 ] },
                "up": { "texture": "#0", "uv": [ 1.0, 1.0, 2.000000004470348, 2.0 ] },
                "down": { "texture": "#0", "uv": [ 1.0, 1.0, 2.000000004470348, 2.0 ] }
            }
        },
        {
            "name": "Cube",
            "from": [ 3.299999989569187, 8.95, 7.0 ], 
            "to": [ 4.5999999940395355, 10.95, 9.0 ], 
            "rotation": { "origin": [ 8.000000014901161, 8.0, 8.0 ], "axis": "z", "angle": 22.5 },
            "faces": {
                "north": { "texture": "#0", "uv": [ 1.0, 1.0, 2.000000004470348, 2.0 ] },
                "east": { "texture": "#0", "uv": [ 1.0, 1.0, 2.0, 2.0 ] },
                "south": { "texture": "#0", "uv": [ 1.0, 1.0, 2.000000004470348, 2.0 ] },
                "west": { "texture": "#0", "uv": [ 1.0, 1.0, 2.0, 2.0 ] },
                "up": { "texture": "#0", "uv": [ 1.0, 1.0, 2.000000004470348, 2.0 ] },
                "down": { "texture": "#0", "uv": [ 1.0, 1.0, 2.000000004470348, 2.0 ] }
            }
        },
        {
            "name": "Cube",
            "from": [ 2.5999999940395355, 6.42, 7.0 ], 
            "to": [ 4.100000001490116, 7.4, 9.0 ], 
            "faces": {
                "north": { "texture": "#0", "uv": [ 1.0, 1.0, 2.000000004470348, 2.0 ] },
                "east": { "texture": "#0", "uv": [ 1.0, 1.0, 2.0, 2.0 ] },
                "south": { "texture": "#0", "uv": [ 1.0, 1.0, 2.000000004470348, 2.0 ] },
                "west": { "texture": "#0", "uv": [ 1.0, 1.0, 2.0, 2.0 ] },
                "up": { "texture": "#0", "uv": [ 1.0, 1.0, 2.000000004470348, 2.0 ] },
                "down": { "texture": "#0", "uv": [ 1.0, 1.0, 2.000000004470348, 2.0 ] }
            }
        },
        {
            "name": "Cube",
            "from": [ 2.59, 6.442, 7.0 ], 
            "to": [ 4.100000001490116, 7.4, 9.0 ], 
            "rotation": { "origin": [ 5.000000014901161, 6.899999998509884, 8.0 ], "axis": "z", "angle": -22.5 },
            "faces": {
                "north": { "texture": "#0", "uv": [ 1.0, 1.0, 2.000000004470348, 2.0 ] },
                "east": { "texture": "#0", "uv": [ 1.0, 1.0, 2.0, 2.0 ] },
                "south": { "texture": "#0", "uv": [ 1.0, 1.0, 2.000000004470348, 2.0 ] },
                "west": { "texture": "#0", "uv": [ 1.0, 1.0, 2.0, 2.0 ] },
                "up": { "texture": "#0", "uv": [ 1.0, 1.0, 2.000000004470348, 2.0 ] },
                "down": { "texture": "#0", "uv": [ 1.0, 1.0, 2.000000004470348, 2.0 ] }
            }
        },
        {
            "name": "Cube",
            "from": [ 8.200000002980232, 4.019999995529652, 7.0 ], 
            "to": [ 10.200000002980232, 5.32, 9.0 ], 
            "rotation": { "origin": [ 8.0, 8.0, 8.0 ], "axis": "z", "angle": 22.5 },
            "faces": {
                "north": { "texture": "#0", "uv": [ 1.0, 1.0, 2.000000004470348, 2.0 ] },
                "east": { "texture": "#0", "uv": [ 1.0, 1.0, 2.0, 2.0 ] },
                "south": { "texture": "#0", "uv": [ 1.0, 1.0, 2.000000004470348, 2.0 ] },
                "west": { "texture": "#0", "uv": [ 1.0, 1.0, 2.0, 2.0 ] },
                "up": { "texture": "#0", "uv": [ 1.0, 1.0, 2.000000004470348, 2.0 ] },
                "down": { "texture": "#0", "uv": [ 1.0, 1.0, 2.000000004470348, 2.0 ] }
            }
        }
    ]
}