{
    "textures": {
        "0": "item/baloon_burst_window"
    }, 
    "display": {
		"head": {
			"scale": [ 1, 2.6, 1.6],
			"rotation": [ 0, 90, 0],
			"translation": [ 0, -37, 4.5]
				}
    }, 
    "elements": [
        {
            "name": "Cube",
            "from": [ 0.0, -16.0, -16.0 ], 
            "to": [ 0.05, 32.0, 32.0 ], 
            "faces": {
				"east": { "texture": "#0", "uv": [ 0.0, 0.0, 16.0, 15.0 ] },
                "west": { "texture": "#0", "uv": [ 0.0, 0.0, 16.0, 15.0 ] }
            }
        }
    ]
}