{
	"credit": "Made with Blockbench by dragonmaster95",
	"textures": {
		"0": "decorations/board/general/bowser/scales",
		"1": "decorations/board/general/bowser/nails",
		"2": "decorations/board/general/bowser/shackle"
	},
	"elements": [
		{
			"name": "scales 45",
			"from": [2.04, 4.56715, 22.80567],
			"to": [14, 8.32415, 27.04867],
			"rotation": {"angle": -22.5, "axis": "x", "origin": [16.02, 4.31015, 25.31267]},
			"faces": {
				"east": {"uv": [7.2, 5.3, 0, 12.5], "texture": "#0"},
				"south": {"uv": [16, 6, 0, 12], "texture": "#0"},
				"west": {"uv": [7.2, 5.3, 0, 12.5], "texture": "#0"}
			}
		},
		{
			"name": "nails 45",
			"from": [2, -1.1, 28.65],
			"to": [14, 4.9, 28.75],
			"rotation": {"angle": -22.5, "axis": "x", "origin": [8, 0.2, 27]},
			"faces": {
				"east": {"uv": [0.1, 0, 0, 8], "texture": "#1"},
				"south": {"uv": [16, 0, 0, 8], "texture": "#1"},
				"west": {"uv": [0.1, 0, 0, 8], "texture": "#1"},
				"down": {"uv": [16, 7.5, 0, 8], "texture": "#1"}
			}
		},
		{
			"name": "nails side",
			"from": [2.01, 0.25, 25.757],
			"to": [13.99, 4.493, 30],
			"rotation": {"angle": 22.5, "axis": "x", "origin": [8, 2.3715, 27.8785]},
			"faces": {
				"east": {"uv": [8, 8, 0, 16], "rotation": 180, "texture": "#1"},
				"west": {"uv": [8, 8, 0, 16], "rotation": 180, "texture": "#1"},
				"down": {"uv": [16, 8, 0, 0], "texture": "#1"}
			}
		},
		{
			"name": "scales",
			"from": [1.99, 8.19524, 17.82656],
			"to": [13.99, 12.68824, 29.57656],
			"rotation": {"angle": 22.5, "axis": "x", "origin": [7.99, 15.94524, 9.81656]},
			"faces": {
				"east": {"uv": [16, 9, 0, 16], "texture": "#0"},
				"west": {"uv": [16, 9, 0, 16], "texture": "#0"},
				"up": {"uv": [16, 0, 0, 16], "texture": "#0"},
				"down": {"uv": [16, 0, 0, 16], "texture": "#0"}
			}
		},
		{
			"name": "scales",
			"from": [2, 13.118, 14.84627],
			"to": [14, 17.6885, 19.32727],
			"rotation": {"angle": 22.5, "axis": "x", "origin": [8, 8.625, 6.83627]},
			"faces": {
				"east": {"uv": [16, 3, 9.9, 9], "texture": "#0"},
				"west": {"uv": [16, 3, 9.9, 9], "texture": "#0"},
				"up": {"uv": [2, 16, 7, 0], "rotation": 90, "texture": "#0"},
				"down": {"uv": [16, 0, 0, 16], "texture": "#0"}
			}
		},
		{
			"name": "scales 22.5",
			"from": [2.015, 4.13995, 20.38044],
			"to": [13.995, 8.68295, 25.38044],
			"rotation": {"angle": 45, "axis": "x", "origin": [16.01, 8.68295, 25.38044]},
			"faces": {
				"east": {"uv": [13, 5.1, 5, 12], "texture": "#0"},
				"west": {"uv": [13, 5.1, 5, 12], "texture": "#0"},
				"up": {"uv": [16, 0, 0, 6], "texture": "#0"}
			}
		},
		{
			"name": "Shakle",
			"from": [1.8, 8.9, 13],
			"to": [14.2, 18.2, 17],
			"rotation": {"angle": 22.5, "axis": "x", "origin": [8, 8, 6]},
			"faces": {
				"north": {"uv": [8, 8, 0, 16], "texture": "#2"},
				"east": {"uv": [0, 8, 16, 0], "rotation": 270, "texture": "#2"},
				"south": {"uv": [8, 8, 0, 16], "texture": "#2"},
				"west": {"uv": [0, 8, 16, 0], "rotation": 270, "texture": "#2"},
				"up": {"uv": [16, 0, 0, 8], "rotation": 180, "texture": "#2"},
				"down": {"uv": [16, 0, 0, 8], "texture": "#2"}
			}
		},
		{
			"name": "scales",
			"from": [2, 9, 3.75],
			"to": [14, 17.9, 14],
			"rotation": {"angle": 22.5, "axis": "x", "origin": [8, 8, 6]},
			"faces": {
				"east": {"uv": [0, 8, 16, 0], "rotation": 270, "texture": "#0"},
				"west": {"uv": [0, 8, 16, 0], "rotation": 270, "texture": "#0"},
				"up": {"uv": [16, 0, 0, 8], "rotation": 180, "texture": "#0"},
				"down": {"uv": [16, 0, 0, 8], "texture": "#0"}
			}
		},
		{
			"name": "thumb",
			"from": [2, 2.35, 18.51],
			"to": [5, 5.593, 24.26],
			"rotation": {"angle": -45, "axis": "y", "origin": [3, 7.25, 19.5]},
			"faces": {
				"east": {"uv": [16, 9, 0, 16], "texture": "#0"},
				"west": {"uv": [16, 9, 0, 16], "texture": "#0"},
				"up": {"uv": [0, 13, 16, 6], "rotation": 90, "texture": "#0"},
				"down": {"uv": [0, 7, 16, 0], "rotation": 90, "texture": "#0"}
			}
		},
		{
			"name": "thumb",
			"from": [-1.075, 2.36, 22.16],
			"to": [1.05, 5.58, 24.91],
			"faces": {
				"east": {"uv": [16, 7, 9, 14], "texture": "#0"},
				"west": {"uv": [16, 7, 9, 14], "texture": "#0"},
				"up": {"uv": [2, 10, 7, 3], "rotation": 90, "texture": "#0"},
				"down": {"uv": [0, 12, 6, 5], "rotation": 90, "texture": "#0"}
			}
		},
		{
			"name": "thumb nail",
			"from": [-1.07, 2.36, 24.91],
			"to": [1.93, 5.58, 24.96],
			"rotation": {"angle": -45, "axis": "y", "origin": [-1.075, 2.97, 24.91]},
			"faces": {
				"north": {"uv": [0.25, 8, 4.75, 7.75], "rotation": 90, "texture": "#1"},
				"east": {"uv": [0.25, 0.25, 4.75, 0], "rotation": 90, "texture": "#1"},
				"south": {"uv": [0.25, 8, 4.75, 0], "rotation": 90, "texture": "#1"},
				"west": {"uv": [0.25, 0.25, 4.75, 0], "rotation": 90, "texture": "#1"},
				"up": {"uv": [0.5, 0, 0.25, 8.25], "texture": "#1"},
				"down": {"uv": [4.5, 8.25, 4.75, 0], "rotation": 90, "texture": "#1"}
			}
		},
		{
			"name": "thumb top",
			"from": [-1.075, 2.36, 24.91],
			"to": [1.05, 5.58, 27.035],
			"faces": {
				"up": {"uv": [8, 8, 0, 16], "texture": "#1"},
				"down": {"uv": [0, 16, 8, 8], "rotation": 270, "texture": "#1"}
			}
		},
		{
			"name": "scales",
			"from": [1.6, 8.05507, -12.99949],
			"to": [15.1, 18.45507, 10.50051],
			"rotation": {"angle": 22.5, "axis": "y", "origin": [7.75, 7.30507, 8.00051]},
			"faces": {
				"north": {"uv": [16, 0, 0, 16], "texture": "#0"},
				"east": {"uv": [0, 16, 16, 0], "rotation": 270, "texture": "#0"},
				"south": {"uv": [8, 8, 0, 16], "texture": "#0"},
				"west": {"uv": [0, 16, 16, 0], "rotation": 270, "texture": "#0"},
				"up": {"uv": [16, 0, 0, 16], "rotation": 180, "texture": "#0"},
				"down": {"uv": [16, 0, 0, 16], "texture": "#0"}
			}
		},
		{
			"name": "scales",
			"from": [0.25, 7.75, -2.75],
			"to": [14.25, 18.65, 4.25],
			"rotation": {"angle": 22.5, "axis": "y", "origin": [8.5, 8, 5]},
			"faces": {
				"north": {"uv": [8, 8, 0, 16], "texture": "#2"},
				"east": {"uv": [0, 8, 16, 0], "rotation": 90, "texture": "#2"},
				"south": {"uv": [8, 8, 0, 16], "texture": "#2"},
				"west": {"uv": [0, 8, 16, 0], "rotation": 90, "texture": "#2"},
				"up": {"uv": [16, 0, 0, 8], "texture": "#2"},
				"down": {"uv": [16, 0, 0, 8], "rotation": 180, "texture": "#2"}
			}
		}
	],
	"display": {
		"thirdperson_righthand": {
			"rotation": [58.5, 161.5, 33],
			"translation": [12.5, 7.5, -13.5],
			"scale": [0.7, 0.7, 0.6]
		},
		"thirdperson_lefthand": {
			"rotation": [58.5, 161.5, 33],
			"translation": [12.5, 8, -13.5],
			"scale": [-0.7, 0.7, 0.6]
		},
		"head": {
			"rotation": [-90, -25, 0],
			"translation": [0, 10, 6],
			"scale": [1.16667, 1.16667, 1]
		}
	}
}