{
	"credit": "Made with Blockbench by dragonmaster95",
	"textures": {
		"0": "decorations/board/general/bowser/spikes",
		"4": "decorations/board/general/bowser/shell",
		"12": "block/white_concrete",
		"13": "decorations/board/general/bowser/scales",
		"16": "decorations/board/general/bowser/belly"
	},
	"elements": [
		{
			"from": [-3.06277, 4.325, 1.05405],
			"to": [-0.81277, 6.575, 10.80405],
			"faces": {
				"west": {"uv": [0, 0, 1, 1], "texture": "#12"},
				"up": {"uv": [0, 0, 1, 1], "texture": "#12"},
				"down": {"uv": [0, 0, 1, 1], "texture": "#12"}
			}
		},
		{
			"from": [-0.2588, 8.20694, -3.98409],
			"to": [4.9912, 10.45694, -1.73409],
			"rotation": {"angle": 22.5, "axis": "z", "origin": [10.6162, 11.88194, 3.36591]},
			"faces": {
				"north": {"uv": [0, 0, 1, 1], "texture": "#12"},
				"west": {"uv": [0, 0, 1, 1], "texture": "#12"},
				"up": {"uv": [0, 0, 1, 1], "texture": "#12"},
				"down": {"uv": [0, 0, 1, 1], "texture": "#12"}
			}
		},
		{
			"from": [5.9647, 6.16282, -3.98409],
			"to": [10.0897, 8.41282, -1.73409],
			"faces": {
				"north": {"uv": [0, 0, 1, 1], "texture": "#12"},
				"up": {"uv": [0, 0, 1, 1], "texture": "#12"},
				"down": {"uv": [0, 0, 1, 1], "texture": "#12"}
			}
		},
		{
			"from": [11.43834, 6.19292, -3.98409],
			"to": [16.68834, 8.44292, -1.73409],
			"rotation": {"angle": -22.5, "axis": "z", "origin": [10.68834, 11.81792, 3.36591]},
			"faces": {
				"north": {"uv": [0, 0, 1, 1], "texture": "#12"},
				"east": {"uv": [0, 0, 1, 1], "texture": "#12"},
				"up": {"uv": [0, 0, 1, 1], "texture": "#12"},
				"down": {"uv": [0, 0, 1, 1], "texture": "#12"}
			}
		},
		{
			"from": [-1.59992, 4.325, -10.11433],
			"to": [5.52508, 6.575, -7.86433],
			"rotation": {"angle": 45, "axis": "y", "origin": [11.15008, 8, -2.76433]},
			"faces": {
				"north": {"uv": [0, 0, 1, 1], "texture": "#12"},
				"up": {"uv": [0, 0, 1, 1], "texture": "#12"},
				"down": {"uv": [0, 0, 1, 1], "texture": "#12"}
			}
		},
		{
			"from": [5.1474, 4.325, 2.87876],
			"to": [12.2724, 6.575, 5.12876],
			"rotation": {"angle": -45, "axis": "y", "origin": [17.8974, 8, 10.22876]},
			"faces": {
				"north": {"uv": [0, 0, 1, 1], "texture": "#12"},
				"up": {"uv": [0, 0, 1, 1], "texture": "#12"},
				"down": {"uv": [0, 0, 1, 1], "texture": "#12"}
			}
		},
		{
			"from": [-1.45177, 4.325, 14.01118],
			"to": [0.79823, 6.575, 20.01118],
			"rotation": {"angle": 22.5, "axis": "y", "origin": [-10.31893, 8, 16.45713]},
			"faces": {
				"west": {"uv": [0, 0, 1, 1], "texture": "#12"},
				"up": {"uv": [0, 0, 1, 1], "texture": "#12"},
				"down": {"uv": [0, 0, 1, 1], "texture": "#12"}
			}
		},
		{
			"from": [16.86716, 4.325, 1.05405],
			"to": [19.11716, 6.575, 10.80405],
			"faces": {
				"east": {"uv": [0, 0, 1, 1], "texture": "#12"},
				"up": {"uv": [0, 0, 1, 1], "texture": "#12"},
				"down": {"uv": [0, 0, 1, 1], "texture": "#12"}
			}
		},
		{
			"from": [3.85149, 4.325, 11.48836],
			"to": [9.85149, 6.575, 13.73836],
			"rotation": {"angle": -22.5, "axis": "y", "origin": [-5.01567, 8, 3.43431]},
			"faces": {
				"south": {"uv": [0, 0, 1, 1], "texture": "#12"},
				"up": {"uv": [0, 0, 1, 1], "texture": "#12"},
				"down": {"uv": [0, 0, 1, 1], "texture": "#12"}
			}
		},
		{
			"from": [4.77661, 4.325, 16.39343],
			"to": [11.27911, 6.575, 18.64343],
			"faces": {
				"south": {"uv": [0, 0, 1, 1], "texture": "#12"},
				"up": {"uv": [0, 0, 1, 1], "texture": "#12"},
				"down": {"uv": [0, 0, 1, 1], "texture": "#12"}
			}
		},
		{
			"from": [16.77738, 4.325, 6.36351],
			"to": [19.02738, 6.575, 12.36351],
			"rotation": {"angle": -22.5, "axis": "y", "origin": [7.91022, 8, 8.80946]},
			"faces": {
				"east": {"uv": [0, 0, 1, 1], "texture": "#12"},
				"up": {"uv": [0, 0, 1, 1], "texture": "#12"},
				"down": {"uv": [0, 0, 1, 1], "texture": "#12"}
			}
		},
		{
			"from": [8.00957, 4.325, 20.57109],
			"to": [14.00957, 6.575, 22.82109],
			"rotation": {"angle": 22.5, "axis": "y", "origin": [-0.85759, 8, 12.51704]},
			"faces": {
				"south": {"uv": [0, 0, 1, 1], "texture": "#12"},
				"up": {"uv": [0, 0, 1, 1], "texture": "#12"},
				"down": {"uv": [0, 0, 1, 1], "texture": "#12"}
			}
		},
		{
			"name": "green shell",
			"from": [5.94613, 9.2545, 3.86271],
			"to": [11.07613, 11.8045, 5.48271],
			"rotation": {"angle": -45, "axis": "y", "origin": [15.12613, 11.9005, 9.15471]},
			"faces": {
				"north": {"uv": [1.25, 9.25, 7.75469, 11.8], "texture": "#4"},
				"up": {"uv": [6, 8, 12.50469, 9.61953], "rotation": 180, "texture": "#4"}
			}
		},
		{
			"name": "green shell",
			"from": [1.08806, 9.2545, -5.49232],
			"to": [6.21806, 11.8045, -3.87232],
			"rotation": {"angle": 45, "axis": "y", "origin": [10.26806, 11.9005, -0.20032]},
			"faces": {
				"north": {"uv": [2.25, 8.75, 10.12969, 11.3], "texture": "#4"},
				"up": {"uv": [1.25, 6.5, 10.12969, 8.11953], "rotation": 180, "texture": "#4"}
			}
		},
		{
			"name": "green shell",
			"from": [6.53458, 10.57723, -1.07854],
			"to": [9.50458, 13.12723, 0.54146],
			"faces": {
				"north": {"uv": [7, 9.75, 9.2195, 12.3], "texture": "#4"},
				"up": {"uv": [7, 8.85, 9.21875, 10.26953], "rotation": 180, "texture": "#4"}
			}
		},
		{
			"name": "green shell",
			"from": [10.11396, 10.64076, -1.078],
			"to": [14.04396, 13.19076, 0.542],
			"rotation": {"angle": -22.5, "axis": "z", "origin": [9.64956, 14.69076, 4.214]},
			"faces": {
				"north": {"uv": [4.075, 9.75, 7.47969, 12.3], "texture": "#4"},
				"east": {"uv": [1.25, 8.75, 2.86953, 11.3], "texture": "#4"},
				"up": {"uv": [4.15, 8.25, 7.45469, 9.75], "rotation": 180, "texture": "#4"}
			}
		},
		{
			"name": "green shell",
			"from": [2.26461, 12.0944, -1.078],
			"to": [6.19461, 14.6444, 0.542],
			"rotation": {"angle": 22.5, "axis": "z", "origin": [10.17827, 14.7404, 4.214]},
			"faces": {
				"north": {"uv": [3, 9.75, 6.40469, 12.3], "texture": "#4"},
				"west": {"uv": [8.25, 8.75, 9.11953, 11.3], "texture": "#4"},
				"up": {"uv": [8.75, 8.25, 12.67969, 9.86953], "rotation": 180, "texture": "#4"}
			}
		},
		{
			"name": "green shell",
			"from": [14.38436, 9.255, 2.54891],
			"to": [16.00436, 11.805, 10.04891],
			"faces": {
				"east": {"uv": [3.5, 8.75, 11, 11.8], "texture": "#4"},
				"up": {"uv": [3.75, 5.75, 11.25, 7.36953], "rotation": 270, "texture": "#4"}
			}
		},
		{
			"name": "green shell",
			"from": [5.67916, 9.2545, 13.89327],
			"to": [10.36096, 11.8045, 15.66327],
			"faces": {
				"south": {"uv": [5, 8.5, 10.8562, 11.3], "texture": "#4"},
				"up": {"uv": [5, 6.75, 10.85547, 8.51953], "texture": "#4"}
			}
		},
		{
			"name": "green shell",
			"from": [8.00689, 9.254, 17.05119],
			"to": [12.32689, 11.804, 18.67119],
			"rotation": {"angle": 22.5, "axis": "y", "origin": [1.62253, 11.9, 11.25227]},
			"faces": {
				"south": {"uv": [0, 8.5, 6.8195, 12.3], "texture": "#4"},
				"up": {"uv": [5.5, 6.75, 12.31875, 8.36953], "texture": "#4"}
			}
		},
		{
			"name": "green shell",
			"from": [5.01308, 9.254, 10.51162],
			"to": [9.33308, 11.804, 12.13162],
			"rotation": {"angle": -22.5, "axis": "y", "origin": [-1.37128, 11.9, 4.7127]},
			"faces": {
				"south": {"uv": [3, 8.5, 10.3195, 11.05], "texture": "#4"},
				"up": {"uv": [3.25, 6.5, 10.56875, 8.11953], "texture": "#4"}
			}
		},
		{
			"name": "green shell",
			"from": [14.31971, 9.2545, 6.82172],
			"to": [15.93971, 11.8045, 11.14172],
			"rotation": {"angle": -22.5, "axis": "y", "origin": [7.93536, 11.9005, 8.58281]},
			"faces": {
				"east": {"uv": [2.5, 8.5, 7.8195, 11.8], "texture": "#4"},
				"up": {"uv": [8.25, 7, 13.56875, 8.61953], "rotation": 270, "texture": "#4"}
			}
		},
		{
			"name": "green shell",
			"from": [1.19473, 9.2545, 12.32805],
			"to": [2.81473, 11.8045, 16.64805],
			"rotation": {"angle": 22.5, "axis": "y", "origin": [-5.18963, 11.9005, 14.08913]},
			"faces": {
				"west": {"uv": [1.75, 8.75, 7.0695, 11.3], "texture": "#4"},
				"up": {"uv": [7.25, 6.75, 12.56875, 8.36953], "rotation": 90, "texture": "#4"}
			}
		},
		{
			"name": "green shell",
			"from": [0.03481, 9.255, 2.54891],
			"to": [1.65481, 11.805, 10.04891],
			"faces": {
				"west": {"uv": [4.75, 8.75, 12.25, 11.3], "texture": "#4"},
				"up": {"uv": [4.75, 7, 12.25, 8.61953], "rotation": 90, "texture": "#4"}
			}
		},
		{
			"name": "green shell",
			"from": [5.43266, 6.4925, 3.39088],
			"to": [11.84516, 9.3425, 5.41588],
			"rotation": {"angle": -45, "axis": "y", "origin": [16.90766, 9.8, 10.00588]},
			"faces": {
				"north": {"uv": [1.25, 13, 7.6625, 15.85], "texture": "#4"},
				"up": {"uv": [1.25, 11, 7.6625, 13.025], "rotation": 180, "texture": "#4"}
			}
		},
		{
			"name": "green shell",
			"from": [-0.63993, 6.4925, -8.3029],
			"to": [5.77257, 9.3425, -6.2779],
			"rotation": {"angle": 45, "axis": "y", "origin": [10.83507, 9.8, -1.6879]},
			"faces": {
				"north": {"uv": [2.75, 13, 9.1625, 15.85], "texture": "#4"},
				"up": {"uv": [2.75, 11, 9.1625, 13.025], "rotation": 180, "texture": "#4"}
			}
		},
		{
			"name": "green shell",
			"from": [6.16823, 8.14654, -2.78568],
			"to": [9.88073, 10.99654, -0.76068],
			"faces": {
				"north": {"uv": [6.15, 13, 9.85, 15.85], "texture": "#4"},
				"up": {"uv": [6, 11, 9.7125, 13.025], "rotation": 180, "texture": "#4"}
			}
		},
		{
			"name": "green shell",
			"from": [10.75596, 8.12163, -2.785],
			"to": [15.70596, 10.97163, -0.76],
			"rotation": {"angle": -22.5, "axis": "z", "origin": [10.38096, 13.18413, 3.83]},
			"faces": {
				"north": {"uv": [2.25, 13, 6.45, 15.85], "texture": "#4"},
				"east": {"uv": [1, 13, 2.275, 15.85], "texture": "#4"},
				"up": {"uv": [2.25, 11, 6.45, 13.025], "rotation": 180, "texture": "#4"}
			}
		},
		{
			"name": "green shell",
			"from": [0.80779, 10.04905, -2.785],
			"to": [5.60779, 12.89905, -0.76],
			"rotation": {"angle": 22.5, "axis": "z", "origin": [10.67029, 13.35655, 3.83]},
			"faces": {
				"north": {"uv": [4, 13, 8.2, 15.85], "texture": "#4"},
				"west": {"uv": [2.75, 13, 4.775, 15.85], "texture": "#4"},
				"up": {"uv": [4, 11, 8.2, 13.025], "rotation": 180, "texture": "#4"}
			}
		},
		{
			"name": "green shell",
			"from": [15.98045, 6.4936, 1.74864],
			"to": [18.00545, 9.3436, 10.52364],
			"faces": {
				"east": {"uv": [3, 13, 11.775, 15.85], "texture": "#4"},
				"up": {"uv": [3, 11, 11.775, 13.025], "rotation": 270, "texture": "#4"}
			}
		},
		{
			"name": "green shell",
			"from": [5.09895, 6.4925, 15.55408],
			"to": [10.9512, 9.3425, 17.57908],
			"faces": {
				"south": {"uv": [4.25, 13, 11.60156, 15.85], "texture": "#4"},
				"up": {"uv": [4.25, 11, 11.62656, 13.025], "texture": "#4"}
			}
		},
		{
			"name": "green shell",
			"from": [8.00861, 6.492, 19.31398],
			"to": [13.40861, 9.342, 21.33898],
			"rotation": {"angle": 22.5, "axis": "y", "origin": [0.02817, 9.7995, 12.06534]},
			"faces": {
				"south": {"uv": [6.5, 13, 13.15, 15.85], "texture": "#4"},
				"up": {"uv": [6.5, 11, 13.15, 13.025], "texture": "#4"}
			}
		},
		{
			"name": "green shell",
			"from": [4.26634, 6.492, 11.13952],
			"to": [9.66634, 9.342, 13.16452],
			"rotation": {"angle": -22.5, "axis": "y", "origin": [-3.7141, 9.7995, 3.89088]},
			"faces": {
				"south": {"uv": [2.25, 13, 9.65, 15.85], "texture": "#4"},
				"up": {"uv": [2.25, 11, 9.65, 13.025], "texture": "#4"}
			}
		},
		{
			"name": "green shell",
			"from": [15.89964, 6.4925, 6.52716],
			"to": [17.92464, 9.3425, 11.92716],
			"rotation": {"angle": -22.5, "axis": "y", "origin": [7.9192, 9.8, 8.72851]},
			"faces": {
				"east": {"uv": [7.75, 13, 13.15, 15.85], "texture": "#4"},
				"up": {"uv": [7.75, 11.25, 13.15, 13.275], "rotation": 270, "texture": "#4"}
			}
		},
		{
			"name": "green shell",
			"from": [-0.50659, 6.4925, 13.41006],
			"to": [1.51841, 9.3425, 18.81006],
			"rotation": {"angle": 22.5, "axis": "y", "origin": [-8.48704, 9.8, 15.61142]},
			"faces": {
				"west": {"uv": [7.5, 13, 12.9, 15.85], "texture": "#4"},
				"up": {"uv": [7.5, 11.25, 12.9, 13.275], "rotation": 90, "texture": "#4"}
			}
		},
		{
			"name": "green shell",
			"from": [-1.95649, 6.493, 1.74864],
			"to": [0.06851, 9.343, 10.52364],
			"faces": {
				"west": {"uv": [4, 13, 12.775, 15.85], "texture": "#4"},
				"up": {"uv": [4, 11.25, 12.775, 13.275], "rotation": 90, "texture": "#4"}
			}
		},
		{
			"name": "green shell",
			"from": [4.18456, 11.804, 0.51848],
			"to": [11.80456, 14.204, 3.16848],
			"faces": {
				"north": {"uv": [5.75, 2.75, 8.15, 10.36953], "rotation": 270, "texture": "#4"},
				"up": {"uv": [2.5, 2.75, 5.2, 10.36953], "rotation": 90, "texture": "#4"}
			}
		},
		{
			"name": "green shell",
			"from": [12.58555, 11.802, 10.00924],
			"to": [15.70555, 14.202, 13.00924],
			"rotation": {"angle": -22.5, "axis": "y", "origin": [14.97055, 7.998, 6.83533]},
			"faces": {
				"east": {"uv": [5.75, 0.25, 9, 2.65], "texture": "#4"},
				"up": {"uv": [2, 3.5, 5.11953, 6.5], "rotation": 270, "texture": "#4"}
			}
		},
		{
			"name": "green shell",
			"from": [4.8362, 11.8, 10.30119],
			"to": [7.9762, 14.2, 14.20119],
			"rotation": {"angle": -22.5, "axis": "y", "origin": [7.2412, 7.996, 8.17727]},
			"faces": {
				"south": {"uv": [3, 0.5, 6.11953, 1.9], "texture": "#4"},
				"up": {"uv": [9, 3, 12.11953, 7.15], "texture": "#4"}
			}
		},
		{
			"name": "green shell",
			"from": [7.8982, 11.8, 9.66976],
			"to": [11.0382, 14.2, 13.56976],
			"rotation": {"angle": 22.5, "axis": "y", "origin": [10.2832, 7.996, 7.54584]},
			"faces": {
				"south": {"uv": [0, 0, 3.12, 2.4], "texture": "#4"},
				"up": {"uv": [0, 0, 3.12, 3.9], "texture": "#4"}
			}
		},
		{
			"name": "green shell",
			"from": [-0.63042, 11.802, 5.35964],
			"to": [3.11958, 14.202, 8.35964],
			"rotation": {"angle": 22.5, "axis": "y", "origin": [12.25458, 7.998, 2.18572]},
			"faces": {
				"west": {"uv": [0, 0.5, 3, 2.9], "texture": "#4"},
				"up": {"uv": [6.75, 3.75, 10.5, 6.75], "texture": "#4"}
			}
		},
		{
			"name": "green shell",
			"from": [9.16953, 11.8, -2.82217],
			"to": [12.88953, 14.2, -0.64717],
			"rotation": {"angle": -45, "axis": "y", "origin": [6.45453, 7.996, 2.02892]},
			"faces": {
				"north": {"uv": [2.25, 4.75, 5.96953, 7.15], "texture": "#4"},
				"up": {"uv": [4.75, 3.25, 8.46953, 5.425], "texture": "#4"}
			}
		},
		{
			"name": "green shell",
			"from": [5.79044, 11.8, 3.64786],
			"to": [9.51044, 14.2, 5.82286],
			"rotation": {"angle": 45, "axis": "y", "origin": [3.07544, 7.996, 8.49894]},
			"faces": {
				"north": {"uv": [0.25, 1.25, 3.96953, 3.65], "rotation": 180, "texture": "#4"},
				"up": {"uv": [5, 2.75, 7.175, 4.21875], "rotation": 270, "texture": "#4"}
			}
		},
		{
			"name": "green shell",
			"from": [1.565, 11.804, 3.14891],
			"to": [14.435, 14.204, 10.04891],
			"faces": {
				"east": {"uv": [5.25, 5.25, 12.65, 7.65], "rotation": 180, "texture": "#4"},
				"west": {"uv": [5.25, 5, 12.65, 7.4], "texture": "#4"},
				"up": {"uv": [5.25, 0, 12.65, 12.86953], "rotation": 90, "texture": "#4"}
			}
		},
		{
			"from": [2.75, 3.5, -2.725],
			"to": [13.25, 6.5, 16.775],
			"faces": {
				"north": {"uv": [0, 0, 10.5, 3], "texture": "#13"},
				"south": {"uv": [0, 0, 10.5, 3], "texture": "#13"},
				"down": {"uv": [0, 0, 10.5, 16], "texture": "#13"}
			}
		},
		{
			"from": [5.375, -1.71791, 11.27656],
			"to": [10.625, 1.40709, 20.00156],
			"rotation": {"angle": -22.5, "axis": "x", "origin": [8, 4.03209, 6.37656]},
			"faces": {
				"east": {"uv": [0, 0, 6.975, 2.625], "texture": "#13"},
				"south": {"uv": [0, 0, 5.25, 2.625], "texture": "#13"},
				"west": {"uv": [0, 0, 6.975, 2.625], "texture": "#13"},
				"up": {"uv": [0, 0, 5.25, 6.975], "texture": "#13"},
				"down": {"uv": [0, 0, 16, 16], "texture": "#16"}
			}
		},
		{
			"from": [6.125, -6.53739, 17.13506],
			"to": [9.875, -4.03739, 22.86006],
			"rotation": {"angle": -45, "axis": "x", "origin": [9.5, 3.56261, 6.51006]},
			"faces": {
				"east": {"uv": [0, 0, 5.475, 2.25], "texture": "#13"},
				"south": {"uv": [0, 0, 3.75, 2.25], "texture": "#13"},
				"west": {"uv": [0, 0, 5.475, 2.25], "texture": "#13"},
				"up": {"uv": [0, 0, 3.75, 5.475], "texture": "#13"},
				"down": {"uv": [0, 0, 16, 16], "texture": "#16"}
			}
		},
		{
			"from": [7.25, -6.19523, 23.2361],
			"to": [8.75, -4.32023, 28.7111],
			"rotation": {"angle": -45, "axis": "x", "origin": [11.75, 3.27977, 7.1111]},
			"faces": {
				"east": {"uv": [0, 0, 5.475, 1.875], "texture": "#13"},
				"south": {"uv": [0, 0, 1.5, 1.875], "texture": "#13"},
				"west": {"uv": [0, 0, 5.475, 1.875], "texture": "#13"},
				"up": {"uv": [0, 0, 1.5, 5.475], "texture": "#13"},
				"down": {"uv": [0, 0, 16, 16], "texture": "#16"}
			}
		},
		{
			"from": [-1.75, 3.5, 1.775],
			"to": [17.75, 6.5, 12.275],
			"faces": {
				"east": {"uv": [0, 0, 10.5, 3], "texture": "#13"},
				"west": {"uv": [0, 0, 10.5, 3], "texture": "#13"},
				"down": {"uv": [0, 0, 16, 10.5], "texture": "#13"}
			}
		},
		{
			"from": [-4.29521, 3.51, 4.35515],
			"to": [16.92979, 6.51, 10.73015],
			"rotation": {"angle": -45, "axis": "y", "origin": [7.77979, 8, 9.30515]},
			"faces": {
				"east": {"uv": [0, 0, 6.375, 3], "texture": "#13"},
				"west": {"uv": [0, 0, 6.375, 3], "texture": "#13"},
				"down": {"uv": [0, 0, 16, 6.375], "texture": "#13"}
			}
		},
		{
			"from": [-3.22125, 3.51, 0.02308],
			"to": [18.00375, 6.51, 6.39808],
			"rotation": {"angle": 45, "axis": "y", "origin": [12.30375, 8, 4.37308]},
			"faces": {
				"east": {"uv": [0, 0, 6.375, 3], "texture": "#13"},
				"west": {"uv": [0, 0, 6.375, 3], "texture": "#13"},
				"down": {"uv": [0, 0, 16, 6.375], "texture": "#13"}
			}
		},
		{
			"from": [-0.977, 1.776, 1.61847],
			"to": [16.003, 4.551, 6.71847],
			"rotation": {"angle": 45, "axis": "y", "origin": [11.443, 5.751, 5.09847]},
			"faces": {
				"east": {"uv": [0, 0, 5.1, 2.775], "texture": "#13"},
				"west": {"uv": [0, 0, 5.1, 2.775], "texture": "#13"},
				"down": {"uv": [0, 7.25, 0.5, 7.5], "texture": "#16"}
			}
		},
		{
			"from": [-1.83616, 1.776, 5.08412],
			"to": [15.14384, 4.551, 10.18412],
			"rotation": {"angle": -45, "axis": "y", "origin": [7.82384, 5.751, 9.04412]},
			"faces": {
				"east": {"uv": [0, 0, 5.1, 2.775], "texture": "#13"},
				"west": {"uv": [0, 0, 5.1, 2.775], "texture": "#13"},
				"down": {"uv": [0, 7.25, 0.5, 7.5], "texture": "#16"}
			}
		},
		{
			"from": [0.2, 1.775, 3.02],
			"to": [15.8, 4.55, 11.42],
			"faces": {
				"east": {"uv": [0, 0, 8.4, 2.775], "texture": "#13"},
				"west": {"uv": [0, 0, 8.4, 2.775], "texture": "#13"},
				"down": {"uv": [0, 0, 16, 16], "texture": "#16"}
			}
		},
		{
			"from": [3.8, 1.775, 13.52],
			"to": [12.2, 4.55, 15.02],
			"faces": {
				"south": {"uv": [0, 0, 8.4, 2.775], "texture": "#13"},
				"down": {"uv": [0, 8, 16, 16], "texture": "#16"}
			}
		},
		{
			"from": [3.875, 2.25, -2.725],
			"to": [12.125, 3.5, -0.35],
			"faces": {
				"north": {"uv": [1.375, 3, 9.625, 4.25], "texture": "#13"},
				"east": {"uv": [0, 0, 1, 1], "texture": "#13"},
				"west": {"uv": [0, 0, 1, 1], "texture": "#13"},
				"down": {"uv": [0, 0, 8.25, 3.375], "texture": "#13"}
			}
		},
		{
			"from": [3.8, 1.775, -0.58],
			"to": [12.2, 4.55, 1.22],
			"faces": {
				"north": {"uv": [0, 0, 1, 1], "texture": "#13"},
				"down": {"uv": [0, 0, 16, 8], "texture": "#16"}
			}
		},
		{
			"from": [-5.03567, 12.63988, 11.14751],
			"to": [0.14433, 15.59988, 11.14751],
			"rotation": {"angle": -45, "axis": "x", "origin": [8.86473, 9.32888, 14.25812]},
			"faces": {
				"north": {"uv": [0, 16, 8, 0], "rotation": 270, "texture": "#0"}
			}
		},
		{
			"from": [2.9456, -1.47836, 4.77296],
			"to": [13.0544, 0.31984, 10.21616],
			"faces": {
				"east": {"uv": [0, 0, 1, 1], "texture": "#16"},
				"west": {"uv": [0, 0, 1, 1], "texture": "#16"},
				"down": {"uv": [0, 0, 16, 16], "texture": "#16"}
			}
		},
		{
			"from": [2.1829, -1.47674, 3.86477],
			"to": [13.18594, 0.32146, 7.16957],
			"rotation": {"angle": 45, "axis": "y", "origin": [10.23106, 1.09906, 6.11981]},
			"faces": {
				"east": {"uv": [0, 0, 1, 1], "texture": "#16"},
				"west": {"uv": [0, 0, 1, 1], "texture": "#16"},
				"down": {"uv": [0, 7.25, 0.5, 7.5], "texture": "#16"}
			}
		},
		{
			"from": [5.2784, -1.47755, 10.13516],
			"to": [10.7216, 0.32065, 12.54896],
			"faces": {
				"south": {"uv": [0, 0, 6.72, 2.22], "texture": "#16"},
				"down": {"uv": [0, 8, 16, 16], "texture": "#16"}
			}
		},
		{
			"from": [1.62617, -1.47674, 6.11051],
			"to": [12.62921, 0.32146, 9.41531],
			"rotation": {"angle": -45, "axis": "y", "origin": [7.88585, 1.09906, 8.67659]},
			"faces": {
				"east": {"uv": [0, 0, 1, 1], "texture": "#16"},
				"west": {"uv": [0, 0, 1, 1], "texture": "#16"},
				"down": {"uv": [0, 7.25, 0.5, 7.5], "texture": "#16"}
			}
		},
		{
			"from": [5.2784, -1.47755, 2.44016],
			"to": [10.7216, 0.32065, 4.77296],
			"faces": {
				"north": {"uv": [0, 0, 6.72, 2.22], "texture": "#16"},
				"down": {"uv": [0, 0, 16, 8], "texture": "#16"}
			}
		},
		{
			"from": [1.76, 0.144, 4.016],
			"to": [14.24, 3.364, 10.736],
			"faces": {
				"east": {"uv": [0, 0, 1, 1], "texture": "#16"},
				"west": {"uv": [0, 0, 1, 1], "texture": "#16"},
				"down": {"uv": [0, 0, 16, 16], "texture": "#16"}
			}
		},
		{
			"from": [0.8184, 0.146, 2.89477],
			"to": [14.4024, 3.366, 6.97477],
			"rotation": {"angle": 45, "axis": "y", "origin": [10.7544, 4.326, 5.67877]},
			"faces": {
				"east": {"uv": [0, 0, 4.08, 3.22], "texture": "#16"},
				"west": {"uv": [0, 0, 1, 1], "texture": "#16"},
				"down": {"uv": [0, 7.25, 0.5, 7.5], "texture": "#16"}
			}
		},
		{
			"from": [4.64, 0.145, 10.636],
			"to": [11.36, 3.365, 13.616],
			"faces": {
				"south": {"uv": [0, 0, 6.72, 2.22], "texture": "#16"},
				"down": {"uv": [0, 8, 16, 16], "texture": "#16"}
			}
		},
		{
			"from": [0.13107, 0.146, 5.6673],
			"to": [13.71507, 3.366, 9.7473],
			"rotation": {"angle": -45, "axis": "y", "origin": [7.85907, 4.326, 8.8353]},
			"faces": {
				"east": {"uv": [0, 0, 1, 1], "texture": "#16"},
				"west": {"uv": [0, 0, 1, 1], "texture": "#16"},
				"down": {"uv": [0, 7.25, 0.5, 7.5], "texture": "#16"}
			}
		},
		{
			"from": [4.64, 0.145, 1.136],
			"to": [11.36, 3.365, 4.016],
			"faces": {
				"north": {"uv": [0, 0, 6.72, 2.22], "texture": "#16"},
				"down": {"uv": [0, 0, 16, 8], "texture": "#16"}
			}
		},
		{
			"from": [6.3706, 9.44693, -6.281],
			"to": [9.3306, 12.40693, -1.101],
			"rotation": {"angle": 45, "axis": "z", "origin": [7.8506, 10.92693, -3.691]},
			"faces": {
				"east": {"uv": [7.75, 0, 15.75, 16], "rotation": 90, "texture": "#0"},
				"up": {"uv": [0, 0, 8, 16], "texture": "#0"}
			}
		},
		{
			"from": [13.48916, 11.40883, 4.67411],
			"to": [20.06916, 11.40883, 7.63411],
			"rotation": {"angle": -22.5, "axis": "x", "origin": [-1.66916, -0.78547, 4.67411]},
			"faces": {
				"up": {"uv": [8, 0, 0, 16], "rotation": 90, "texture": "#0"}
			}
		},
		{
			"from": [15.85567, 4.73181, 5.15513],
			"to": [21.03567, 7.69181, 5.15513],
			"rotation": {"angle": 45, "axis": "x", "origin": [7.86473, 6.52081, 11.01573]},
			"faces": {
				"north": {"uv": [7.5, 16, 15.5, 0], "rotation": 90, "texture": "#0"}
			}
		},
		{
			"from": [13.89698, 4.51544, 5.26885],
			"to": [20.47698, 4.51544, 8.22885],
			"rotation": {"angle": 22.5, "axis": "x", "origin": [-10.07698, -7.67886, 25.57706]},
			"faces": {
				"up": {"uv": [0, 0, 8, 16], "rotation": 90, "texture": "#0"}
			}
		},
		{
			"from": [7.08637, 9.08882, 5.99993],
			"to": [14.26637, 11.10882, 5.99993],
			"rotation": {"angle": -22.5, "axis": "y", "origin": [-3.18661, -7.44323, 25.3575]},
			"faces": {
				"north": {"uv": [0, 0.75, 13.75, 16], "rotation": 270, "texture": "#0"}
			}
		},
		{
			"from": [5.90026, 15.78047, 2.33264],
			"to": [10.08636, 21.35247, 2.33264],
			"rotation": {"angle": 22.5, "axis": "x", "origin": [5.80723, -5.53153, 2.31386]},
			"faces": {
				"north": {"uv": [0, 0.25, 15.5, 16], "texture": "#0"}
			}
		},
		{
			"from": [7.99333, 14.151, 3.58],
			"to": [7.99333, 19.331, 6.54],
			"rotation": {"angle": 45, "axis": "y", "origin": [7.99333, -4.201, 3.58]},
			"faces": {
				"east": {"uv": [0, 0, 8, 16], "texture": "#0"}
			}
		},
		{
			"from": [7.99333, 14.151, 3.58],
			"to": [7.99333, 19.331, 6.54],
			"rotation": {"angle": -45, "axis": "y", "origin": [7.99333, -4.201, 3.58]},
			"faces": {
				"west": {"uv": [7.5, 0, 15.5, 16], "texture": "#0"}
			}
		},
		{
			"from": [-5.03567, 4.83181, 5.15513],
			"to": [0.14433, 7.79181, 5.15513],
			"rotation": {"angle": 45, "axis": "x", "origin": [7.86473, 6.52081, 11.01573]},
			"faces": {
				"north": {"uv": [7.5, 0, 15.5, 16], "rotation": 90, "texture": "#0"}
			}
		},
		{
			"from": [-6.52351, 7.3813, 5.67736],
			"to": [-0.95151, 7.3813, 9.71736],
			"rotation": {"angle": -22.5, "axis": "z", "origin": [4.84817, 5.67137, 20.99316]},
			"faces": {
				"up": {"uv": [0, 0.25, 15.5, 16], "rotation": 270, "texture": "#0"}
			}
		},
		{
			"from": [-4.47698, 4.51544, 5.26885],
			"to": [2.10302, 4.51544, 8.22885],
			"rotation": {"angle": 22.5, "axis": "x", "origin": [-2.07698, -7.67886, 25.57706]},
			"faces": {
				"up": {"uv": [8, 0, 0, 16], "rotation": 270, "texture": "#0"}
			}
		},
		{
			"from": [-4.47698, 12.21026, 15.71249],
			"to": [2.10302, 12.21026, 18.67249],
			"rotation": {"angle": -22.5, "axis": "x", "origin": [13.24735, 0.01592, 21.4318]},
			"faces": {
				"up": {"uv": [7.5, 0, 15.5, 16], "rotation": 270, "texture": "#0"}
			}
		},
		{
			"from": [-4.06916, 11.40883, 4.67411],
			"to": [2.51084, 11.40883, 7.63411],
			"rotation": {"angle": -22.5, "axis": "x", "origin": [-1.66916, -0.78547, 4.67411]},
			"faces": {
				"up": {"uv": [0, 0, 8, 16], "rotation": 270, "texture": "#0"}
			}
		},
		{
			"from": [-4.06916, 9.56829, -5.02512],
			"to": [2.51084, 9.56829, -2.06512],
			"rotation": {"angle": 22.5, "axis": "x", "origin": [13.65517, -2.62604, -0.21557]},
			"faces": {
				"up": {"uv": [15.5, 0, 7.5, 16], "rotation": 270, "texture": "#0"}
			}
		},
		{
			"from": [-5.25328, 9.59333, 5.67879],
			"to": [1.92672, 11.61333, 5.67879],
			"rotation": {"angle": -22.5, "axis": "y", "origin": [9.6003, -6.93872, 5.67879]},
			"faces": {
				"north": {"uv": [0, 0.75, 13.75, 16], "rotation": 90, "texture": "#0"}
			}
		},
		{
			"from": [5.75756, 2.06612, 2.65628],
			"to": [9.94366, 2.06612, 8.22828],
			"rotation": {"angle": 22.5, "axis": "x", "origin": [5.58412, 29.94726, 25.8368]},
			"faces": {
				"up": {"uv": [0, 0.25, 15.75, 16], "texture": "#0"}
			}
		},
		{
			"from": [13.48916, 9.56829, -5.02512],
			"to": [20.06916, 9.56829, -2.06512],
			"rotation": {"angle": 22.5, "axis": "x", "origin": [13.65517, -2.62604, -0.21557]},
			"faces": {
				"up": {"uv": [7.5, 0, 15.5, 16], "rotation": 90, "texture": "#0"}
			}
		},
		{
			"from": [14.17328, 9.59333, 4.47879],
			"to": [21.35328, 11.61333, 4.47879],
			"rotation": {"angle": 22.5, "axis": "y", "origin": [9.6003, -6.93872, 5.67879]},
			"faces": {
				"north": {"uv": [1.5, 0.75, 15.25, 16], "rotation": 270, "texture": "#0"}
			}
		},
		{
			"from": [15.85567, 12.53988, 11.14751],
			"to": [21.03567, 15.49988, 11.14751],
			"rotation": {"angle": -45, "axis": "x", "origin": [8.86473, 9.32888, 14.25812]},
			"faces": {
				"north": {"uv": [0, 0, 8, 16], "rotation": 270, "texture": "#0"}
			}
		},
		{
			"from": [16.45151, 4.8813, 5.67736],
			"to": [22.02351, 4.8813, 9.71736],
			"rotation": {"angle": 22.5, "axis": "z", "origin": [4.84817, 5.67137, 20.99316]},
			"faces": {
				"up": {"uv": [0, 0.25, 15.5, 16], "rotation": 90, "texture": "#0"}
			}
		},
		{
			"from": [13.89698, 12.21026, 15.71249],
			"to": [20.47698, 12.21026, 18.67249],
			"rotation": {"angle": -22.5, "axis": "x", "origin": [13.24735, 0.01592, 21.4318]},
			"faces": {
				"up": {"uv": [7.5, 16, 15.5, 0], "rotation": 270, "texture": "#0"}
			}
		},
		{
			"from": [8.0194, 8.36, 15.701],
			"to": [8.0194, 11.32, 20.881],
			"rotation": {"angle": 45, "axis": "z", "origin": [8.0194, 11.299, 11.13]},
			"faces": {
				"east": {"uv": [0, 0, 8, 16], "rotation": 270, "texture": "#0"}
			}
		},
		{
			"from": [8.0194, 8.36, 15.701],
			"to": [8.0194, 11.32, 20.881],
			"rotation": {"angle": -45, "axis": "z", "origin": [8.0194, 11.299, 11.13]},
			"faces": {
				"west": {"uv": [7.5, 0, 15.5, 16], "rotation": 90, "texture": "#0"}
			}
		},
		{
			"from": [5.94121, 11.3813, 15.95151],
			"to": [9.98121, 11.3813, 21.52351],
			"rotation": {"angle": -22.5, "axis": "x", "origin": [5.84817, 9.67137, 21.25701]},
			"faces": {
				"up": {"uv": [0, 0.25, 15.5, 16], "rotation": 180, "texture": "#0"}
			}
		},
		{
			"from": [1.74672, 9.34333, 7.07121],
			"to": [8.92672, 11.36333, 7.07121],
			"rotation": {"angle": 22.5, "axis": "y", "origin": [16.6003, -7.43872, 26.42879]},
			"faces": {
				"north": {"uv": [0, 0.75, 13.75, 16], "rotation": 90, "texture": "#0"}
			}
		},
		{
			"from": [5.99333, 15.77328, 13.82879],
			"to": [10.03333, 21.34528, 13.82879],
			"rotation": {"angle": -22.5, "axis": "x", "origin": [5.9003, -5.53872, 13.82879]},
			"faces": {
				"north": {"uv": [0, 0.25, 15.5, 16], "texture": "#0"}
			}
		},
		{
			"from": [7.98623, 14.151, 9.61293],
			"to": [7.99623, 19.331, 12.57293],
			"rotation": {"angle": -45, "axis": "y", "origin": [7.98623, -4.201, 12.57293]},
			"faces": {
				"west": {"uv": [0, 0, 8, 16], "texture": "#0"}
			}
		},
		{
			"from": [7.9933, 14.151, 9.62],
			"to": [8.0033, 19.331, 12.58],
			"rotation": {"angle": 45, "axis": "y", "origin": [7.9933, 14.151, 12.58]},
			"faces": {
				"east": {"uv": [7.75, 0, 15.75, 16], "texture": "#0"}
			}
		},
		{
			"name": "green shell",
			"from": [5.615, 11.804, 10.04891],
			"to": [10.385, 14.204, 14.02391],
			"faces": {
				"south": {"uv": [1.25, 4.55, 3.725, 9.31953], "rotation": 90, "texture": "#4"},
				"up": {"uv": [1.875, 4.0625, 5.85, 8.83203], "rotation": 90, "texture": "#4"}
			}
		}
	],
	"display": {
		"thirdperson_righthand": {
			"rotation": [75, 45, 0],
			"translation": [0, 2.5, 0],
			"scale": [0.375, 0.375, 0.375]
		},
		"thirdperson_lefthand": {
			"rotation": [75, 45, 0],
			"translation": [0, 2.5, 0],
			"scale": [0.375, 0.375, 0.375]
		},
		"firstperson_righthand": {
			"rotation": [0, 89.5, 25],
			"translation": [1.13, 3.2, 0],
			"scale": [0.68, 0.68, 0.68]
		},
		"firstperson_lefthand": {
			"rotation": [0, 90, -25],
			"translation": [1.13, 3.2, 0],
			"scale": [0.68, 0.68, 0.68]
		},
		"ground": {
			"translation": [0, 2, 0],
			"scale": [0.5, 0.5, 0.5]
		},
		"gui": {
			"rotation": [30, 225, 0],
			"scale": [0.625, 0.625, 0.625]
		},
		"head": {
			"rotation": [90, 0, 0],
			"translation": [0, 4, 8.5],
			"scale": [3.4, 3.4, 3.4]
		}
	},
	"groups": [0, 1, 2, 3, 4, 5, 6, 7, 8, 9, 10, 11, 12, 13, 14, 15, 16, 17, 18, 19, 20, 21, 22, 23, 24, 25, 26, 27, 28, 29, 30, 31, 32, 33, 34, 35, 36, 37, 38, 39, 40, 41, 42, 43, 44, 45, 46, 47, 48, 49, 50, 51, 52, 53, 54, 55, 56, 57,
		{
			"name": "group",
			"children": [58, 59, 60, 61, 62]
		},
		{
			"name": "group",
			"children": [63, 64, 65, 66, 67]
		},
		{
			"name": "group",
			"children": [68, 69, 70, 71, 72, 73, 74, 75, 76, 77, 78, 79, 80, 81, 82, 83, 84, 85, 86, 87, 88, 89, 90, 91, 92, 93, 94, 95]
		}, 96]
}