{
	"credit": "Made with Blockbench by dragonmaster95",
	"textures": {
		"0": "decorations/board/general/bowser/shackle",
		"1": "decorations/board/general/bowser/eye",
		"2": "decorations/board/general/bowser/mouth",
		"3": "decorations/board/general/bowser/head_scale",
		"4": "decorations/board/general/bowser/hair",
		"5": "block/bone_block_side",
		"6": "decorations/board/general/bowser/spikes",
		"7": "decorations/board/yoshi/yoshi/yoshi_dk",
		"8": "decorations/board/general/bowser/nose",
		"particle": "decorations/board/general/bowser/shackle"
	},
	"elements": [
		{
			"from": [3.67849, 7.38923, 13.31141],
			"to": [12.32151, 10.96935, 15.25129],
			"rotation": {"angle": 22.5, "axis": "z", "origin": [8, 9.17929, 14.28135]},
			"faces": {
				"north": {"uv": [0, 9, 8, 15.25], "texture": "#0"},
				"east": {"uv": [0, 0, 16, 8.25], "rotation": 270, "texture": "#0"},
				"south": {"uv": [0, 9, 8, 15.25], "texture": "#0"},
				"west": {"uv": [0, 0, 16, 8.25], "rotation": 90, "texture": "#0"}
			}
		},
		{
			"from": [6.20987, 4.85781, 13.31141],
			"to": [9.78999, 13.50083, 15.25129],
			"rotation": {"angle": 22.5, "axis": "z", "origin": [7.99994, 9.17932, 14.28135]},
			"faces": {
				"north": {"uv": [0, 9, 8, 15.25], "rotation": 90, "texture": "#0"},
				"south": {"uv": [0, 9, 8, 15.25], "rotation": 90, "texture": "#0"},
				"up": {"uv": [0, 0, 16, 8.25], "rotation": 180, "texture": "#0"},
				"down": {"uv": [0, 0, 16, 8.25], "texture": "#0"}
			}
		},
		{
			"from": [5.04845, 4.08178, 13.32102],
			"to": [8.62858, 12.72481, 15.24169],
			"rotation": {"angle": -22.5, "axis": "z", "origin": [9.36996, 5.87185, 14.29096]},
			"faces": {
				"north": {"uv": [0.1875, 9, 7.825, 15.25], "rotation": 90, "texture": "#0"},
				"south": {"uv": [0.1875, 9, 7.825, 15.25], "rotation": 90, "texture": "#0"},
				"up": {"uv": [0, 0, 16, 8.25], "rotation": 180, "texture": "#0"},
				"down": {"uv": [0, 0, 16, 8.25], "texture": "#0"}
			}
		},
		{
			"from": [3.67849, 7.38923, 13.32102],
			"to": [12.32151, 10.96936, 15.24169],
			"rotation": {"angle": -22.5, "axis": "z", "origin": [8, 9.17929, 14.28135]},
			"faces": {
				"north": {"uv": [0.1875, 9, 7.825, 15.25], "texture": "#0"},
				"east": {"uv": [0, 0, 16, 8.25], "rotation": 270, "texture": "#0"},
				"south": {"uv": [0.1875, 9, 7.825, 15.25], "texture": "#0"},
				"west": {"uv": [0, 0, 16, 8.25], "rotation": 90, "texture": "#0"}
			}
		},
		{
			"from": [3.302, 7.028, 8.775],
			"to": [12.6575, 9.2555, 13.31],
			"faces": {
				"north": {"uv": [0, 0, 15.35547, 3.22734], "texture": "#3"},
				"east": {"uv": [0, 0, 15.53438, 7.22734], "texture": "#3"},
				"south": {"uv": [0, 0, 15.35547, 3.22734], "texture": "#3"},
				"west": {"uv": [0, 0, 15.53438, 7.22734], "texture": "#3"}
			}
		},
		{
			"from": [3.37185, 7.66264, 8.772],
			"to": [12.01487, 11.24276, 13.307],
			"rotation": {"angle": -22.5, "axis": "z", "origin": [7.34085, 8.63464, 8.449]},
			"faces": {
				"north": {"uv": [0, 6, 15.64297, 12.57969], "texture": "#3"},
				"east": {"uv": [0, 0, 14.53438, 11.57969], "texture": "#3"},
				"west": {"uv": [0, 0, 15.53438, 12.57969], "texture": "#3"}
			}
		},
		{
			"from": [4.74215, 12.35518, 12.525],
			"to": [8.32227, 12.9982, 13.31],
			"rotation": {"angle": -22.5, "axis": "z", "origin": [8.71115, 5.32718, 8.45]},
			"faces": {
				"south": {"uv": [0, 0, 3.58012, 0.64302], "texture": "#3"},
				"up": {"uv": [0, 0, 3.58012, 0.785], "texture": "#3"}
			}
		},
		{
			"from": [7.3057, 14.02287, 12.525],
			"to": [10.88582, 14.66589, 13.31],
			"rotation": {"angle": 22.5, "axis": "z", "origin": [11.2747, 6.99487, 8.45]},
			"faces": {
				"south": {"uv": [0, 0, 3.58012, 0.64302], "texture": "#3"},
				"up": {"uv": [0, 0, 3.58012, 0.785], "texture": "#3"}
			}
		},
		{
			"from": [3.9983, 7.39284, 8.774],
			"to": [12.64132, 10.97296, 13.309],
			"rotation": {"angle": 22.5, "axis": "z", "origin": [7.9673, 8.36484, 8.449]},
			"faces": {
				"north": {"uv": [1, 7, 15.64297, 13.57969], "texture": "#3"},
				"east": {"uv": [0, 0, 15.53438, 12.57969], "texture": "#3"},
				"west": {"uv": [0, 0, 15.53438, 12.57969], "texture": "#3"}
			}
		},
		{
			"from": [6.75, 8.25, 6],
			"to": [9.25, 13.5, 13.25],
			"faces": {
				"north": {"uv": [0, 5, 5.5, 16], "texture": "#3"},
				"up": {"uv": [0, 0, 5.5, 15.25], "texture": "#3"}
			}
		},
		{
			"from": [5.59149, 8, 6.23044],
			"to": [7.59149, 13.5, 10.98044],
			"rotation": {"angle": 22.5, "axis": "y", "origin": [6.59149, 8, 8.23044]},
			"faces": {
				"north": {"uv": [5.5, 5, 9.5, 16], "texture": "#3"},
				"up": {"uv": [0, 0, 6, 15.75], "texture": "#3"}
			}
		},
		{
			"from": [8.40851, 8, 6.23044],
			"to": [10.40851, 13.5, 10.98044],
			"rotation": {"angle": -22.5, "axis": "y", "origin": [9.40851, 8, 8.23044]},
			"faces": {
				"north": {"uv": [12, 5, 16, 16], "texture": "#3"},
				"up": {"uv": [10, 0, 16, 15.75], "texture": "#3"}
			}
		},
		{
			"from": [7.93925, 7.5, 6.99581],
			"to": [11.93925, 13.5, 11.74581],
			"rotation": {"angle": 22.5, "axis": "y", "origin": [10.93925, 8, 8.99581]},
			"faces": {
				"east": {"uv": [0, 0, 12.75, 16], "texture": "#3"},
				"up": {"uv": [3, 0, 16, 15.75], "texture": "#3"}
			}
		},
		{
			"from": [4.06075, 7.25, 6.99581],
			"to": [8.06075, 13.5, 11.74581],
			"rotation": {"angle": -22.5, "axis": "y", "origin": [5.06075, 8, 8.99581]},
			"faces": {
				"west": {"uv": [0, 0, 11.75, 15.25], "texture": "#3"},
				"up": {"uv": [0, 0, 13, 15.75], "texture": "#3"}
			}
		},
		{
			"from": [3.6215, 8.251, 9.8535],
			"to": [7.6215, 13.501, 12.2285],
			"rotation": {"angle": 22.5, "axis": "y", "origin": [6.6215, 8.001, 11.8535]},
			"faces": {
				"west": {"uv": [0, 0, 7.375, 15.25], "texture": "#3"},
				"up": {"uv": [0, 0, 13, 7.375], "texture": "#3"}
			}
		},
		{
			"from": [8.22626, 8.251, 10.61887],
			"to": [12.22626, 13.501, 12.99387],
			"rotation": {"angle": -22.5, "axis": "y", "origin": [11.22626, 8.001, 12.61887]},
			"faces": {
				"east": {"uv": [0, 0, 7.375, 15.25], "texture": "#3"},
				"up": {"uv": [0, 0, 11, 6.375], "texture": "#3"}
			}
		},
		{
			"from": [3.99337, 8.25, 10.84801],
			"to": [12.00637, 13.5, 13.34801],
			"faces": {
				"south": {"uv": [0, 0, 15.0125, 10.25], "texture": "#3"},
				"up": {"uv": [0, 0, 15.0125, 4.5], "texture": "#3"}
			}
		},
		{
			"from": [7.94053, 7.75, 6.99227],
			"to": [11.94053, 13.5, 10.74227],
			"rotation": {"angle": 22.5, "axis": "y", "origin": [10.92365, 7.5, 8.99227]},
			"faces": {
				"east": {"uv": [0, 1.5, 9.25, 16], "texture": "#1"}
			}
		},
		{
			"from": [8.40851, 7.75, 6.22044],
			"to": [10.40851, 13.5, 6.22044],
			"rotation": {"angle": -22.5, "axis": "y", "origin": [9.40851, 7.5, 8.22044]},
			"faces": {
				"north": {"uv": [9.25, 1.5, 13.75, 16], "texture": "#1"}
			}
		},
		{
			"from": [8.25, 7.75, 5.99],
			"to": [9.25, 13.5, 5.99],
			"faces": {
				"north": {"uv": [13.75, 1.5, 16, 16], "texture": "#1"}
			}
		},
		{
			"from": [6.875, 9.225, 6.2],
			"to": [9.125, 13.95, 12.725],
			"faces": {
				"north": {"uv": [0, 0, 2.25, 4.725], "texture": "#3"},
				"east": {"uv": [0, 0, 6.525, 4.725], "texture": "#3"},
				"south": {"uv": [0, 0, 2.25, 4.725], "texture": "#3"},
				"west": {"uv": [0, 0, 6.525, 4.725], "texture": "#3"},
				"up": {"uv": [0, 0, 2.25, 6.525], "texture": "#3"}
			}
		},
		{
			"from": [5.83234, 9.225, 6.4074],
			"to": [7.63234, 13.95, 10.6824],
			"rotation": {"angle": 22.5, "axis": "y", "origin": [6.73234, 9, 8.2074]},
			"faces": {
				"north": {"uv": [0, 0, 1.8, 4.725], "texture": "#3"},
				"east": {"uv": [0, 0, 4.275, 4.725], "texture": "#3"},
				"south": {"uv": [0, 0, 1.8, 4.725], "texture": "#3"},
				"west": {"uv": [0, 0, 4.275, 4.725], "texture": "#3"},
				"up": {"uv": [0, 0, 1.8, 4.275], "texture": "#3"}
			}
		},
		{
			"from": [8.36766, 9.225, 6.4074],
			"to": [10.16766, 13.95, 10.6824],
			"rotation": {"angle": -22.5, "axis": "y", "origin": [9.26766, 9, 8.2074]},
			"faces": {
				"north": {"uv": [12, 5, 16, 16], "texture": "#3"},
				"up": {"uv": [10, 0, 16, 15.75], "texture": "#3"}
			}
		},
		{
			"from": [7.94532, 9.225, 7.09623],
			"to": [11.54532, 13.95, 11.37123],
			"rotation": {"angle": 22.5, "axis": "y", "origin": [10.64532, 9, 8.89623]},
			"faces": {
				"north": {"uv": [0, 0, 3.6, 4.725], "texture": "#3"},
				"east": {"uv": [0, 0, 12.75, 16], "texture": "#3"},
				"south": {"uv": [0, 0, 3.6, 4.725], "texture": "#3"},
				"west": {"uv": [0, 0, 4.275, 4.725], "texture": "#3"},
				"up": {"uv": [3, 0, 16, 15.75], "texture": "#3"}
			}
		},
		{
			"from": [4.45468, 9.225, 7.09623],
			"to": [8.05468, 13.95, 11.37123],
			"rotation": {"angle": -22.5, "axis": "y", "origin": [5.35468, 9, 8.89623]},
			"faces": {
				"west": {"uv": [0, 0, 11.75, 15.25], "texture": "#3"},
				"up": {"uv": [0, 0, 13, 15.75], "texture": "#3"}
			}
		},
		{
			"from": [6.875, 9.225, 6.2],
			"to": [9.125, 13.95, 12.725],
			"faces": {
				"north": {"uv": [0, 5, 5.5, 16], "texture": "#3"},
				"up": {"uv": [0, 0, 5.5, 15.25], "texture": "#3"}
			}
		},
		{
			"from": [4.05935, 9.225, 9.66815],
			"to": [7.65935, 13.95, 11.80565],
			"rotation": {"angle": 22.5, "axis": "y", "origin": [6.75935, 9, 11.46815]},
			"faces": {
				"north": {"uv": [0, 0, 3.6, 4.725], "texture": "#3"},
				"east": {"uv": [0, 0, 2.1375, 4.725], "texture": "#3"},
				"south": {"uv": [0, 0, 3.6, 4.725], "texture": "#3"},
				"west": {"uv": [0, 0, 2.1375, 4.725], "texture": "#3"},
				"up": {"uv": [0, 0, 3.6, 2.1375], "texture": "#3"}
			}
		},
		{
			"from": [8.20363, 9.225, 10.35698],
			"to": [11.80363, 13.95, 12.49448],
			"rotation": {"angle": -22.5, "axis": "y", "origin": [10.90363, 9, 12.15698]},
			"faces": {
				"north": {"uv": [0, 0, 3.6, 4.725], "texture": "#3"},
				"east": {"uv": [0, 0, 2.1375, 4.725], "texture": "#3"},
				"south": {"uv": [0, 0, 3.6, 4.725], "texture": "#3"},
				"west": {"uv": [0, 0, 2.1375, 4.725], "texture": "#3"},
				"up": {"uv": [0, 0, 3.6, 2.1375], "texture": "#3"}
			}
		},
		{
			"from": [4.39403, 9.225, 10.56321],
			"to": [11.60573, 13.95, 12.81321],
			"faces": {
				"south": {"uv": [0, 0, 15.0125, 10.25], "texture": "#3"},
				"up": {"uv": [0, 0, 15.0125, 4.5], "texture": "#3"}
			}
		},
		{
			"from": [7, 10.2, 6.4],
			"to": [9, 14.4, 12.2],
			"faces": {
				"north": {"uv": [0, 5, 5.5, 16], "texture": "#3"},
				"up": {"uv": [0, 0, 5.5, 15.25], "texture": "#3"}
			}
		},
		{
			"from": [6.07319, 10.2, 6.58435],
			"to": [7.67319, 14.4, 10.38435],
			"rotation": {"angle": 22.5, "axis": "y", "origin": [6.87319, 10, 8.18435]},
			"faces": {
				"north": {"uv": [0, 0, 1.6, 4.2], "texture": "#3"},
				"east": {"uv": [0, 0, 3.8, 4.2], "texture": "#3"},
				"south": {"uv": [0, 0, 1.6, 4.2], "texture": "#3"},
				"west": {"uv": [0, 0, 3.8, 4.2], "texture": "#3"},
				"up": {"uv": [0, 0, 1.6, 3.8], "texture": "#3"}
			}
		},
		{
			"from": [8.32681, 10.2, 6.58435],
			"to": [9.92681, 14.4, 10.38435],
			"rotation": {"angle": -22.5, "axis": "y", "origin": [9.12681, 10, 8.18435]},
			"faces": {
				"north": {"uv": [12, 5, 16, 16], "texture": "#3"},
				"up": {"uv": [10, 0, 16, 15.75], "texture": "#3"}
			}
		},
		{
			"from": [7.9514, 10.21, 7.19665],
			"to": [11.1514, 14.41, 10.99665],
			"rotation": {"angle": 22.5, "axis": "y", "origin": [10.3514, 10.01, 8.79665]},
			"faces": {
				"north": {"uv": [0, 0, 3.2, 4.2], "texture": "#3"},
				"east": {"uv": [0, 0, 12.75, 16], "texture": "#3"},
				"south": {"uv": [0, 0, 3.2, 4.2], "texture": "#3"},
				"west": {"uv": [0, 0, 3.8, 4.2], "texture": "#3"},
				"up": {"uv": [3, 0, 16, 15.75], "texture": "#3"}
			}
		},
		{
			"from": [4.8486, 10.21, 7.19665],
			"to": [8.0486, 14.41, 10.99665],
			"rotation": {"angle": -22.5, "axis": "y", "origin": [5.6486, 10.01, 8.79665]},
			"faces": {
				"west": {"uv": [0, 0, 11.75, 15.25], "texture": "#3"},
				"up": {"uv": [0, 0, 13, 15.75], "texture": "#3"}
			}
		},
		{
			"from": [7, 10.2, 6.4],
			"to": [9, 14.4, 12.2],
			"faces": {
				"north": {"uv": [0, 5, 5.5, 16], "texture": "#3"},
				"up": {"uv": [0, 0, 5, 15.8], "texture": "#3"}
			}
		},
		{
			"from": [4.79469, 10.2, 10.27841],
			"to": [11.20509, 14.4, 12.27841],
			"faces": {
				"south": {"uv": [0, 0, 15.0125, 10.25], "texture": "#3"},
				"up": {"uv": [0, 0, 15.0125, 4.5], "texture": "#3"}
			}
		},
		{
			"name": "mouth",
			"from": [2.25, 3.22784, 10.80885],
			"to": [13.75, 6.77784, 13.90885],
			"faces": {
				"north": {"uv": [0, 0, 1, 1], "texture": "#2"},
				"east": {"uv": [0, 0, 1, 1], "texture": "#2"},
				"south": {"uv": [0, 0, 1, 1], "texture": "#2"},
				"west": {"uv": [0, 0, 1, 1], "texture": "#2"},
				"up": {"uv": [0, 0, 1, 1], "texture": "#2"},
				"down": {"uv": [0, 0, 1, 1], "texture": "#2"}
			}
		},
		{
			"name": "mouth",
			"from": [7.77189, 3.38806, 4.75],
			"to": [9.52189, 10.18806, 7],
			"rotation": {"angle": -22.5, "axis": "z", "origin": [7.77189, 9.78806, 10.6]},
			"faces": {
				"north": {"uv": [0, 0, 1, 1], "texture": "#2"},
				"east": {"uv": [0, 0, 1, 1], "texture": "#2"},
				"west": {"uv": [0, 0, 1, 1], "texture": "#2"},
				"up": {"uv": [0, 0, 1, 1], "texture": "#2"},
				"down": {"uv": [0, 0, 1, 1], "texture": "#2"}
			}
		},
		{
			"name": "mouth",
			"from": [6.49843, 6.52597, 7],
			"to": [8.24843, 9.67597, 8.25],
			"rotation": {"angle": 22.5, "axis": "z", "origin": [6.74843, 9.17597, 10.6]},
			"faces": {
				"north": {"uv": [0, 0, 1, 1], "texture": "#2"},
				"east": {"uv": [0, 0, 1, 1], "texture": "#2"},
				"south": {"uv": [0, 0, 1, 1], "texture": "#2"},
				"west": {"uv": [0, 0, 1, 1], "texture": "#2"},
				"up": {"uv": [0, 0, 1, 1], "texture": "#2"},
				"down": {"uv": [0, 0, 1, 1], "texture": "#2"}
			}
		},
		{
			"name": "mouth",
			"from": [6.49843, 5.42597, 4.45],
			"to": [8.24843, 9.67597, 7.2],
			"rotation": {"angle": 22.5, "axis": "z", "origin": [6.74843, 9.17597, 10.8]},
			"faces": {
				"north": {"uv": [0, 0, 1, 1], "texture": "#2"},
				"up": {"uv": [0, 0, 1, 1], "texture": "#2"},
				"down": {"uv": [0, 0, 1, 1], "texture": "#2"}
			}
		},
		{
			"name": "mouth",
			"from": [7.75157, 7.1, 7],
			"to": [9.50157, 10.25, 8.25],
			"rotation": {"angle": -22.5, "axis": "z", "origin": [7.75157, 9.75, 10.6]},
			"faces": {
				"north": {"uv": [0, 0, 1, 1], "texture": "#2"},
				"east": {"uv": [0, 0, 1, 1], "texture": "#2"},
				"south": {"uv": [0, 0, 1, 1], "texture": "#2"},
				"west": {"uv": [0, 0, 1, 1], "texture": "#2"},
				"up": {"uv": [0, 0, 1, 1], "texture": "#2"},
				"down": {"uv": [0, 0, 1, 1], "texture": "#2"}
			}
		},
		{
			"name": "mouth",
			"from": [7.75157, 6, 4.45],
			"to": [9.50157, 10.25, 7.2],
			"rotation": {"angle": -22.5, "axis": "z", "origin": [7.75157, 9.75, 10.6]},
			"faces": {
				"north": {"uv": [0, 0, 1, 1], "texture": "#2"},
				"up": {"uv": [0, 0, 1, 1], "texture": "#2"},
				"down": {"uv": [0, 0, 1, 1], "texture": "#2"}
			}
		},
		{
			"name": "mouth",
			"from": [5.49016, 4.52135, 4.45],
			"to": [8.24016, 7.02135, 9.2],
			"rotation": {"angle": 45, "axis": "z", "origin": [4.24016, 5.97135, 10.8]},
			"faces": {
				"north": {"uv": [0, 0, 1, 1], "texture": "#2"},
				"west": {"uv": [0, 0, 1, 1], "texture": "#2"},
				"up": {"uv": [0, 0, 1, 1], "texture": "#2"},
				"down": {"uv": [0, 0, 1, 1], "texture": "#2"}
			}
		},
		{
			"name": "mouth",
			"from": [2.25424, 3.78953, 10.51223],
			"to": [13.75424, 7.43953, 12.86223],
			"rotation": {"angle": -22.5, "axis": "x", "origin": [8.75424, 6.68953, 10.61223]},
			"faces": {
				"north": {"uv": [0, 0, 1, 1], "texture": "#2"},
				"east": {"uv": [0, 0, 1, 1], "texture": "#2"},
				"west": {"uv": [0, 0, 1, 1], "texture": "#2"},
				"up": {"uv": [0, 0, 1, 1], "texture": "#2"}
			}
		},
		{
			"name": "mouth",
			"from": [2.25, 4.7768, 11.22791],
			"to": [13.75, 6.9268, 13.57791],
			"rotation": {"angle": -45, "axis": "x", "origin": [8.75, 6.1768, 11.32791]},
			"faces": {
				"east": {"uv": [0, 0, 1, 1], "texture": "#2"},
				"south": {"uv": [0, 0, 1, 1], "texture": "#2"},
				"west": {"uv": [0, 0, 1, 1], "texture": "#2"}
			}
		},
		{
			"name": "mouth",
			"from": [3.75, 2.2188, 10.57695],
			"to": [12.25, 6.2188, 11.92695],
			"faces": {
				"north": {"uv": [0, 0, 1, 1], "texture": "#2"},
				"east": {"uv": [0, 0, 1, 1], "texture": "#2"},
				"west": {"uv": [0, 0, 1, 1], "texture": "#2"},
				"up": {"uv": [0, 0, 1, 1], "texture": "#2"},
				"down": {"uv": [0, 0, 1, 1], "texture": "#2"}
			}
		},
		{
			"name": "mouth",
			"from": [2.25, 1.7188, 11.57695],
			"to": [13.75, 4.2188, 13.92695],
			"rotation": {"angle": 22.5, "axis": "x", "origin": [8.25, 3.7688, 11.42695]},
			"faces": {
				"north": {"uv": [0, 14, 1, 15], "texture": "#2"},
				"east": {"uv": [0, 0, 1, 1], "texture": "#2"},
				"south": {"uv": [0, 0, 1, 1], "texture": "#2"},
				"west": {"uv": [0, 0, 1, 1], "texture": "#2"},
				"down": {"uv": [0, 0, 1, 1], "texture": "#2"}
			}
		},
		{
			"name": "mouth",
			"from": [2.75424, 6.73953, 9.76223],
			"to": [13.25424, 8.53953, 12.36223],
			"faces": {
				"north": {"uv": [0, 0, 1, 1], "texture": "#2"},
				"east": {"uv": [0, 0, 1, 1], "texture": "#2"},
				"south": {"uv": [0, 0, 1, 1], "texture": "#2"},
				"west": {"uv": [0, 0, 1, 1], "texture": "#2"},
				"up": {"uv": [0, 0, 1, 1], "texture": "#2"},
				"down": {"uv": [0, 0, 1, 1], "texture": "#2"}
			}
		},
		{
			"name": "mouth",
			"from": [9.50424, 4.79558, 5.94673],
			"to": [13.00424, 8.69558, 10.54673],
			"rotation": {"angle": -22.5, "axis": "x", "origin": [10.25424, 6.64558, 10.54673]},
			"faces": {
				"north": {"uv": [0, 0, 1, 1], "texture": "#2"},
				"east": {"uv": [0, 0, 1, 1], "texture": "#2"},
				"west": {"uv": [0, 0, 1, 1], "texture": "#2"},
				"up": {"uv": [0, 0, 1, 1], "texture": "#2"},
				"down": {"uv": [0, 14.5, 1, 16], "rotation": 90, "texture": "#2"}
			}
		},
		{
			"name": "mouth",
			"from": [3.00424, 4.79558, 5.94673],
			"to": [6.25424, 8.69558, 10.54673],
			"rotation": {"angle": -22.5, "axis": "x", "origin": [10.25424, 6.64558, 10.54673]},
			"faces": {
				"north": {"uv": [0, 0, 1, 1], "texture": "#2"},
				"east": {"uv": [0, 0, 1, 1], "texture": "#2"},
				"west": {"uv": [0, 0, 1, 1], "texture": "#2"},
				"up": {"uv": [0, 0, 1, 1], "texture": "#2"},
				"down": {"uv": [0, 14.5, 1, 16], "rotation": 270, "texture": "#2"}
			}
		},
		{
			"name": "mouth",
			"from": [3.6395, 6.78282, 5.85253],
			"to": [12.2395, 7.58282, 7.45253],
			"faces": {
				"east": {"uv": [0, 0, 1, 1], "texture": "#2"},
				"west": {"uv": [0, 0, 1, 1], "texture": "#2"},
				"up": {"uv": [0, 0, 1, 1], "texture": "#2"}
			}
		},
		{
			"name": "mouth",
			"from": [3.6395, 3.20554, 4.75],
			"to": [6.9395, 7.60554, 7],
			"faces": {
				"north": {"uv": [0, 0, 1, 1], "texture": "#2"},
				"west": {"uv": [0, 0, 1, 1], "texture": "#2"},
				"up": {"uv": [0, 0, 1, 1], "texture": "#2"},
				"down": {"uv": [0, 14, 1, 15], "texture": "#2"}
			}
		},
		{
			"name": "mouth",
			"from": [8.93, 3.1977, 4.75],
			"to": [12.23, 7.5977, 7],
			"faces": {
				"north": {"uv": [0, 0, 1, 1], "texture": "#2"},
				"east": {"uv": [0, 0, 1, 1], "texture": "#2"},
				"up": {"uv": [0, 0, 1, 1], "texture": "#2"},
				"down": {"uv": [0, 14, 1, 15], "texture": "#2"}
			}
		},
		{
			"name": "mouth",
			"from": [9.18335, 8.23367, 4.45],
			"to": [11.93335, 10.73367, 9.2],
			"rotation": {"angle": -45, "axis": "z", "origin": [7.93335, 9.68367, 10.8]},
			"faces": {
				"north": {"uv": [0, 0, 1, 1], "texture": "#2"},
				"east": {"uv": [0, 0, 1, 1], "texture": "#2"},
				"up": {"uv": [0, 0, 1, 1], "texture": "#2"},
				"down": {"uv": [0, 0, 1, 1], "texture": "#2"}
			}
		},
		{
			"name": "mouth",
			"from": [3.75, 5.5, 5.75],
			"to": [12.25, 7.75, 10.35],
			"rotation": {"angle": -22.5, "axis": "x", "origin": [8, 7.75, 10.6]},
			"faces": {
				"north": {"uv": [0, 0, 1, 1], "texture": "#2"},
				"east": {"uv": [0, 0, 1, 1], "texture": "#2"},
				"south": {"uv": [0, 0, 1, 1], "texture": "#2"},
				"west": {"uv": [0, 0, 1, 1], "texture": "#2"},
				"up": {"uv": [0, 0, 1, 1], "texture": "#2"},
				"down": {"uv": [0, 15, 1, 16], "texture": "#2"}
			}
		},
		{
			"name": "mouth",
			"from": [2.75, 0.5, 6.85],
			"to": [13.25, 2.75, 10.35],
			"rotation": {"angle": -22.5, "axis": "x", "origin": [8, 7.25, 10.6]},
			"faces": {
				"north": {"uv": [0, 0, 1, 1], "texture": "#2"},
				"east": {"uv": [0, 0, 1, 1], "texture": "#2"},
				"west": {"uv": [0, 0, 1, 1], "texture": "#2"},
				"up": {"uv": [0, 15, 1, 16], "texture": "#2"},
				"down": {"uv": [0, 0, 1, 1], "texture": "#2"}
			}
		},
		{
			"name": "mouth",
			"from": [3.5, 0.5, 5.85],
			"to": [12.5, 2.75, 6.85],
			"rotation": {"angle": -22.5, "axis": "x", "origin": [8, 7.25, 10.6]},
			"faces": {
				"north": {"uv": [0, 0, 1, 1], "texture": "#2"},
				"east": {"uv": [0, 0, 1, 1], "texture": "#2"},
				"west": {"uv": [0, 0, 1, 1], "texture": "#2"},
				"up": {"uv": [0, 15, 1, 16], "texture": "#2"},
				"down": {"uv": [0, 0, 1, 1], "texture": "#2"}
			}
		},
		{
			"name": "mouth",
			"from": [4.5, 0.5, 5.35],
			"to": [11.5, 2.75, 5.85],
			"rotation": {"angle": -22.5, "axis": "x", "origin": [8, 7.25, 10.6]},
			"faces": {
				"north": {"uv": [0, 0, 1, 1], "texture": "#2"},
				"east": {"uv": [0, 0, 1, 1], "texture": "#2"},
				"west": {"uv": [0, 0, 1, 1], "texture": "#2"},
				"up": {"uv": [0, 15, 1, 16], "texture": "#2"},
				"down": {"uv": [0, 0, 1, 1], "texture": "#2"}
			}
		},
		{
			"name": "mouth",
			"from": [6.4618, 2.8062, 4.75],
			"to": [8.2118, 9.6062, 7],
			"rotation": {"angle": 22.5, "axis": "z", "origin": [6.7118, 9.2062, 10.6]},
			"faces": {
				"north": {"uv": [0, 0, 1, 1], "texture": "#2"},
				"east": {"uv": [0, 0, 1, 1], "texture": "#2"},
				"west": {"uv": [0, 0, 1, 1], "texture": "#2"},
				"up": {"uv": [0, 0, 1, 1], "texture": "#2"},
				"down": {"uv": [0, 0, 1, 1], "texture": "#2"}
			}
		},
		{
			"from": [6.99, 12.79381, 10.04292],
			"to": [9.01, 16.29381, 12.19292],
			"rotation": {"angle": -22.5, "axis": "x", "origin": [8.5, 8.04381, 7.94292]},
			"faces": {
				"north": {"uv": [0, 0, 13, 15.25], "texture": "#4"},
				"east": {"uv": [0, 0, 15.25, 15.25], "texture": "#4"},
				"south": {"uv": [0, 0, 14, 15.25], "texture": "#4"},
				"west": {"uv": [0, 0, 15.25, 15.25], "texture": "#4"},
				"up": {"uv": [0, 0, 14, 15.25], "texture": "#4"},
				"down": {"uv": [0, 0, 14, 15.25], "texture": "#4"}
			}
		},
		{
			"from": [7, 13.88737, 6.69062],
			"to": [9, 17.28737, 8.69062],
			"faces": {
				"north": {"uv": [0, 0, 14, 15.25], "texture": "#4"},
				"east": {"uv": [0, 1, 15.5, 15.25], "texture": "#4"},
				"south": {"uv": [0, 0, 14, 15.25], "texture": "#4"},
				"west": {"uv": [0, 1, 15.5, 15.25], "texture": "#4"},
				"up": {"uv": [0, 0, 12, 15.5], "texture": "#4"},
				"down": {"uv": [0, 0, 13, 15.5], "texture": "#4"}
			}
		},
		{
			"from": [6.99, 13.39522, 9.81094],
			"to": [9.01, 16.14522, 13.06094],
			"faces": {
				"north": {"uv": [0, 0, 2, 2.25], "texture": "#4"},
				"east": {"uv": [0, 0, 15.25, 11.25], "texture": "#4"},
				"south": {"uv": [0, 0, 2, 2.25], "texture": "#4"},
				"west": {"uv": [0, 0, 15.25, 10.25], "texture": "#4"},
				"up": {"uv": [0, 0, 10, 15.25], "texture": "#4"},
				"down": {"uv": [0, 0, 10, 15.25], "texture": "#4"}
			}
		},
		{
			"from": [7, 14.75, 9.75],
			"to": [9, 17.5, 10.75],
			"rotation": {"angle": 22.5, "axis": "x", "origin": [8, 8.5, 8]},
			"faces": {
				"north": {"uv": [0, 0, 14, 15.25], "texture": "#4"},
				"east": {"uv": [0, 0, 7, 15.25], "texture": "#4"},
				"south": {"uv": [0, 0, 14, 15.25], "texture": "#4"},
				"west": {"uv": [0, 0, 6, 15.25], "texture": "#4"},
				"up": {"uv": [0, 0, 15, 7], "texture": "#4"},
				"down": {"uv": [0, 0, 16, 7], "texture": "#4"}
			}
		},
		{
			"from": [7.5, 12.40433, 10.26903],
			"to": [8.5, 15.90433, 12.51903],
			"rotation": {"angle": -22.5, "axis": "x", "origin": [8.5, 7.90433, 8.01903]},
			"faces": {
				"north": {"uv": [0, 0, 4, 15.5], "texture": "#4"},
				"east": {"uv": [0, 0, 10.25, 15.5], "texture": "#4"},
				"south": {"uv": [0, 0, 4, 15.5], "texture": "#4"},
				"west": {"uv": [0, 0, 10.25, 15.5], "texture": "#4"},
				"up": {"uv": [0, 0, 6, 15.25], "texture": "#4"},
				"down": {"uv": [0, 0, 7, 15.25], "texture": "#4"}
			}
		},
		{
			"from": [7.5, 13.39522, 10.06094],
			"to": [8.5, 16.64522, 13.06094],
			"faces": {
				"north": {"uv": [0, 0, 5, 15.75], "texture": "#4"},
				"east": {"uv": [0, 0, 16, 13.75], "texture": "#4"},
				"south": {"uv": [0, 0, 5, 15.75], "texture": "#4"},
				"west": {"uv": [0, 0, 16, 14.75], "texture": "#4"},
				"up": {"uv": [0, 0, 5, 16], "texture": "#4"},
				"down": {"uv": [0, 0, 5, 15], "texture": "#4"}
			}
		},
		{
			"from": [4.76242, 7.75, 9.4583],
			"to": [8.76242, 13.5, 13.2083],
			"rotation": {"angle": -22.5, "axis": "y", "origin": [11.6266, 7.5, 8.4583]},
			"faces": {
				"west": {"uv": [9.25, 1.5, 0, 16], "texture": "#1"}
			}
		},
		{
			"from": [6.5251, 7.75, 4.91405],
			"to": [8.5251, 13.5, 4.91405],
			"rotation": {"angle": 22.5, "axis": "y", "origin": [10.34213, 7.5, 9.91405]},
			"faces": {
				"north": {"uv": [13.75, 1.5, 9.25, 16], "texture": "#1"}
			}
		},
		{
			"from": [6.75, 7.75, 5.99],
			"to": [7.75, 13.5, 5.99],
			"faces": {
				"north": {"uv": [16, 1.5, 13.75, 16], "texture": "#1"}
			}
		},
		{
			"from": [4.25, 4.35, 5.5],
			"to": [11.5, 4.45, 9],
			"rotation": {"angle": -22.5, "axis": "x", "origin": [8, 8.5, 8]},
			"faces": {
				"north": {"uv": [0, 0, 1, 1], "texture": "#7"},
				"east": {"uv": [0, 0, 1, 1], "texture": "#7"},
				"south": {"uv": [0, 0, 1, 1], "texture": "#7"},
				"west": {"uv": [0, 0, 1, 1], "texture": "#7"},
				"up": {"uv": [0, 0, 1, 1], "texture": "#7"},
				"down": {"uv": [0, 0, 1, 1], "texture": "#7"}
			}
		},
		{
			"from": [4.25, 1.36, 5.5],
			"to": [11.5, 1.86, 8.25],
			"rotation": {"angle": -22.5, "axis": "x", "origin": [8, 8, 8]},
			"faces": {
				"north": {"uv": [0, 0, 1, 1], "texture": "#7"},
				"east": {"uv": [0, 0, 1, 1], "texture": "#7"},
				"west": {"uv": [0, 0, 1, 1], "texture": "#7"},
				"up": {"uv": [0, 0, 1, 1], "texture": "#7"},
				"down": {"uv": [0, 0, 1, 1], "texture": "#7"}
			}
		},
		{
			"from": [4.25, 2, 10.5],
			"to": [11.5, 5.25, 10.6],
			"faces": {
				"north": {"uv": [0, 0, 1, 1], "texture": "#7"},
				"east": {"uv": [0, 0, 1, 1], "texture": "#7"},
				"west": {"uv": [0, 0, 1, 1], "texture": "#7"},
				"up": {"uv": [0, 0, 1, 1], "texture": "#7"},
				"down": {"uv": [0, 0, 1, 1], "texture": "#7"}
			}
		},
		{
			"from": [5.75, 13.5, 10.25],
			"to": [8.25, 16.75, 12.75],
			"rotation": {"angle": -45, "axis": "z", "origin": [8, 8, 8]},
			"faces": {
				"north": {"uv": [0, 0, 1, 1], "texture": "#5"},
				"east": {"uv": [0, 0, 1, 1], "texture": "#5"},
				"south": {"uv": [0, 0, 1, 1], "texture": "#5"},
				"west": {"uv": [0, 0, 1, 1], "texture": "#5"},
				"up": {"uv": [0, 0, 1, 1], "texture": "#5"}
			}
		},
		{
			"from": [14.35, 13.15, 11],
			"to": [15.85, 16.15, 12],
			"rotation": {"angle": 22.5, "axis": "z", "origin": [8, 8, 8]},
			"faces": {
				"north": {"uv": [0, 0, 1, 1], "texture": "#5"},
				"east": {"uv": [0, 0, 1, 1], "texture": "#5"},
				"south": {"uv": [0, 0, 1, 1], "texture": "#5"},
				"west": {"uv": [0, 0, 1, 1], "texture": "#5"},
				"up": {"uv": [0, 0, 1, 1], "texture": "#5"}
			}
		},
		{
			"from": [14.1, 11.4, 10.5],
			"to": [16.1, 14.4, 12.5],
			"rotation": {"angle": 22.5, "axis": "z", "origin": [8, 8, 8]},
			"faces": {
				"north": {"uv": [0, 0, 1, 1], "texture": "#5"},
				"east": {"uv": [0, 0, 1, 1], "texture": "#5"},
				"south": {"uv": [0, 0, 1, 1], "texture": "#5"},
				"west": {"uv": [0, 0, 1, 1], "texture": "#5"},
				"up": {"uv": [0, 0, 1, 1], "texture": "#5"}
			}
		},
		{
			"from": [7.75, 13.5, 10.25],
			"to": [10.25, 16.75, 12.75],
			"rotation": {"angle": 45, "axis": "z", "origin": [8, 8, 8]},
			"faces": {
				"north": {"uv": [0, 0, 1, 1], "texture": "#5"},
				"east": {"uv": [0, 0, 1, 1], "texture": "#5"},
				"south": {"uv": [0, 0, 1, 1], "texture": "#5"},
				"west": {"uv": [0, 0, 1, 1], "texture": "#5"},
				"up": {"uv": [0, 0, 1, 1], "texture": "#5"}
			}
		},
		{
			"from": [0.15, 13.15, 11],
			"to": [1.65, 16.15, 12],
			"rotation": {"angle": -22.5, "axis": "z", "origin": [8, 8, 8]},
			"faces": {
				"north": {"uv": [0, 0, 1, 1], "texture": "#5"},
				"east": {"uv": [0, 0, 1, 1], "texture": "#5"},
				"south": {"uv": [0, 0, 1, 1], "texture": "#5"},
				"west": {"uv": [0, 0, 1, 1], "texture": "#5"},
				"up": {"uv": [0, 0, 1, 1], "texture": "#5"}
			}
		},
		{
			"from": [-0.1, 11.4, 10.5],
			"to": [1.9, 14.4, 12.5],
			"rotation": {"angle": -22.5, "axis": "z", "origin": [8, 8, 8]},
			"faces": {
				"north": {"uv": [0, 0, 1, 1], "texture": "#5"},
				"east": {"uv": [0, 0, 1, 1], "texture": "#5"},
				"south": {"uv": [0, 0, 1, 1], "texture": "#5"},
				"west": {"uv": [0, 0, 1, 1], "texture": "#5"},
				"up": {"uv": [0, 0, 1, 1], "texture": "#5"}
			}
		},
		{
			"from": [3.25, 2.75, 7],
			"to": [12.5, 4, 8.5],
			"rotation": {"angle": -22.5, "axis": "x", "origin": [8, 8, 8]},
			"faces": {
				"east": {"uv": [0, 0, 16, 16], "rotation": 180, "texture": "#6"},
				"west": {"uv": [0, 0, 16, 16], "rotation": 180, "texture": "#6"}
			}
		},
		{
			"from": [5, 1.75, 5.25],
			"to": [6.5, 3, 5.5],
			"rotation": {"angle": -22.5, "axis": "x", "origin": [8, 7.5, 8]},
			"faces": {
				"north": {"uv": [0, 0, 16, 16], "texture": "#6"}
			}
		},
		{
			"from": [3.35, 2.3, 5.25],
			"to": [5.85, 4.55, 5.5],
			"rotation": {"angle": -22.5, "axis": "x", "origin": [8, 8, 8]},
			"faces": {
				"north": {"uv": [0, 0, 16, 16], "rotation": 180, "texture": "#6"}
			}
		},
		{
			"from": [10.15, 2.3, 5.25],
			"to": [12.65, 4.55, 5.5],
			"rotation": {"angle": -22.5, "axis": "x", "origin": [8, 8, 8]},
			"faces": {
				"north": {"uv": [0, 0, 16, 16], "rotation": 180, "texture": "#6"}
			}
		},
		{
			"from": [9.5, 1.75, 5.25],
			"to": [11, 3, 5.5],
			"rotation": {"angle": -22.5, "axis": "x", "origin": [8, 7.5, 8]},
			"faces": {
				"north": {"uv": [0, 0, 16, 16], "texture": "#6"}
			}
		},
		{
			"from": [3.25, 1.5, 6.25],
			"to": [12.5, 3, 7.75],
			"rotation": {"angle": -22.5, "axis": "x", "origin": [8, 7.5, 8]},
			"faces": {
				"east": {"uv": [0, 0, 16, 16], "texture": "#6"},
				"west": {"uv": [0, 0, 16, 16], "texture": "#6"}
			}
		},
		{
			"name": "mouth",
			"from": [5.15157, 7.65, 4.35],
			"to": [6.90157, 9.4, 7.2],
			"rotation": {"angle": 22.5, "axis": "z", "origin": [7.75157, 9.75, 10.8]},
			"faces": {
				"north": {"uv": [0, 0, 16, 16], "texture": "#8"}
			}
		},
		{
			"name": "mouth",
			"from": [8.85157, 7.75, 4.35],
			"to": [10.60157, 9.5, 7.2],
			"rotation": {"angle": -22.5, "axis": "z", "origin": [7.75157, 9.75, 10.8]},
			"faces": {
				"north": {"uv": [16, 0, 0, 16], "texture": "#8"}
			}
		},
		{
			"name": "mouth",
			"from": [3.75, 0.25, 6.1],
			"to": [12, 0.5, 10.1],
			"rotation": {"angle": -22.5, "axis": "x", "origin": [8, 7.25, 10.6]},
			"faces": {
				"north": {"uv": [0, 0, 1, 1], "texture": "#2"},
				"east": {"uv": [0, 0, 1, 1], "texture": "#2"},
				"south": {"uv": [0, 0, 1, 1], "texture": "#2"},
				"west": {"uv": [0, 0, 1, 1], "texture": "#2"},
				"down": {"uv": [0, 0, 1, 1], "texture": "#2"}
			}
		}
	],
	"display": {
		"head": {
			"rotation": [90, 0, 0],
			"translation": [0, 21, -3.75],
			"scale": [3.5, 3, 4]
		}
	},
	"groups": [
		{
			"name": "collar",
			"children": [0, 1, 2, 3]
		},
		{
			"name": "green",
			"children": [4, 5, 6, 7, 8]
		},
		{
			"name": "green2",
			"children": [9, 10, 11, 12, 13, 14, 15, 16]
		},
		{
			"name": "eye",
			"children": [17, 18, 19]
		},
		{
			"name": "green3",
			"children": [20, 21, 22, 23, 24, 25, 26, 27, 28]
		},
		{
			"name": "green4",
			"children": [29, 30, 31, 32, 33, 34, 35]
		},
		{
			"name": "mouth",
			"children": [36, 37, 38, 39, 40, 41, 42, 43, 44, 45, 46, 47, 48, 49, 50, 51, 52, 53, 54, 55, 56, 57, 58]
		},
		{
			"name": "hair",
			"children": [59, 60, 61, 62]
		},
		{
			"name": "hair2",
			"children": [63, 64]
		},
		{
			"name": "eye2",
			"children": [65, 66, 67]
		},
		{
			"name": "mouth red",
			"children": [68, 69, 70]
		},
		{
			"name": "horn",
			"children": [71, 72, 73]
		},
		{
			"name": "horn",
			"children": [74, 75, 76]
		},
		{
			"name": "teeth",
			"children": [77, 78, 79, 80, 81, 82]
		}, 83, 84, 85,
		{
			"name": "nose",
			"children": []
		}
	]
}