{
	"credit": "Made with Blockbench, a free, modern block model editor by JannisX11",
	"textures": {
		"0": "decorations/board/general/bowser/spikes",
		"1": "block/black_concrete",
		"4": "decorations/board/general/bowser/shell2",
		"12": "block/white_concrete",
		"13": "decorations/board/general/bowser/scales2",
		"16": "decorations/board/general/bowser/belly"
	},
	"elements": [
		{
			"name": "cube",
			"from": [-3.0627682702698973, 4.324999999999999, 1.0540477960374286],
			"to": [-0.8127682702698973, 6.574999999999999, 10.804047796037427],
			"faces": {
				"west": {"uv": [0, 0, 1, 1], "texture": "#12"},
				"up": {"uv": [0, 0, 1, 1], "texture": "#12"},
				"down": {"uv": [0, 0, 1, 1], "texture": "#12"}
			},
			"_loading": false
		},
		{
			"name": "cube",
			"from": [-0.2588041521972073, 8.20693960894933, -3.9840880199167223],
			"to": [4.991195847802794, 10.45693960894933, -1.7340880199167223],
			"faces": {
				"north": {"uv": [0, 0, 1, 1], "texture": "#12"},
				"west": {"uv": [0, 0, 1, 1], "texture": "#12"},
				"up": {"uv": [0, 0, 1, 1], "texture": "#12"},
				"down": {"uv": [0, 0, 1, 1], "texture": "#12"}
			},
			"rotation": {
				"origin": [10.616195847802793, 11.88193960894933, 3.365911980083278],
				"axis": "z",
				"angle": 22.5
			},
			"_loading": false
		},
		{
			"name": "cube",
			"from": [5.964697368547059, 6.1628169680671165, -3.9840880199167223],
			"to": [10.089697368547059, 8.412816968067116, -1.7340880199167223],
			"faces": {
				"north": {"uv": [0, 0, 1, 1], "texture": "#12"},
				"up": {"uv": [0, 0, 1, 1], "texture": "#12"},
				"down": {"uv": [0, 0, 1, 1], "texture": "#12"}
			},
			"rotation": {
				"origin": [16.839697368547057, 9.837816968067116, 3.365911980083278],
				"axis": "z",
				"angle": 0
			},
			"_loading": false
		},
		{
			"name": "cube",
			"from": [11.438344303395773, 6.192922964566526, -3.9840880199167223],
			"to": [16.688344303395773, 8.442922964566526, -1.7340880199167223],
			"faces": {
				"north": {"uv": [0, 0, 1, 1], "texture": "#12"},
				"east": {"uv": [0, 0, 1, 1], "texture": "#12"},
				"up": {"uv": [0, 0, 1, 1], "texture": "#12"},
				"down": {"uv": [0, 0, 1, 1], "texture": "#12"}
			},
			"rotation": {
				"origin": [10.688344303395775, 11.817922964566526, 3.365911980083278],
				"axis": "z",
				"angle": -22.5
			},
			"_loading": false
		},
		{
			"name": "cube",
			"from": [-1.5999219684202899, 4.324999999999999, -10.114328822369927],
			"to": [5.52507803157971, 6.574999999999999, -7.8643288223699255],
			"faces": {
				"north": {"uv": [0, 0, 1, 1], "texture": "#12"},
				"up": {"uv": [0, 0, 1, 1], "texture": "#12"},
				"down": {"uv": [0, 0, 1, 1], "texture": "#12"}
			},
			"rotation": {"origin": [11.15007803157971, 8, -2.764328822369926], "axis": "y", "angle": 45},
			"_loading": false
		},
		{
			"name": "cube",
			"from": [5.147403809817222, 4.324999999999999, 2.878758281932881],
			"to": [12.27240380981722, 6.574999999999999, 5.128758281932882],
			"faces": {
				"north": {"uv": [0, 0, 1, 1], "texture": "#12"},
				"up": {"uv": [0, 0, 1, 1], "texture": "#12"},
				"down": {"uv": [0, 0, 1, 1], "texture": "#12"}
			},
			"rotation": {"origin": [17.89740380981722, 8, 10.228758281932882], "axis": "y", "angle": -45}
		},
		{
			"name": "cube",
			"from": [-1.45177029203737, 4.324999999999999, 14.01117714581556],
			"to": [0.798229707962629, 6.574999999999999, 20.01117714581556],
			"faces": {
				"west": {"uv": [0, 0, 1, 1], "texture": "#12"},
				"up": {"uv": [0, 0, 1, 1], "texture": "#12"},
				"down": {"uv": [0, 0, 1, 1], "texture": "#12"}
			},
			"rotation": {"origin": [-10.318933299401387, 8, 16.457129349778135], "axis": "y", "angle": 22.5}
		},
		{
			"name": "cube",
			"from": [16.867163007364013, 4.324999999999999, 1.0540477960374268],
			"to": [19.117163007364013, 6.574999999999999, 10.804047796037427],
			"faces": {
				"east": {"uv": [0, 0, 1, 1], "texture": "#12"},
				"up": {"uv": [0, 0, 1, 1], "texture": "#12"},
				"down": {"uv": [0, 0, 1, 1], "texture": "#12"}
			}
		},
		{
			"name": "cube",
			"from": [3.8514932951813563, 4.324999999999999, 11.488357551366748],
			"to": [9.851493295181356, 6.574999999999999, 13.738357551366748],
			"faces": {
				"south": {"uv": [0, 0, 1, 1], "texture": "#12"},
				"up": {"uv": [0, 0, 1, 1], "texture": "#12"},
				"down": {"uv": [0, 0, 1, 1], "texture": "#12"}
			},
			"rotation": {"origin": [-5.015669712182659, 8, 3.434309755329319], "axis": "y", "angle": -22.5}
		},
		{
			"name": "cube",
			"from": [4.77660951898836, 4.324999999999999, 16.393425585295688],
			"to": [11.27910951898836, 6.574999999999999, 18.643425585295688],
			"faces": {
				"south": {"uv": [0, 0, 1, 1], "texture": "#12"},
				"up": {"uv": [0, 0, 1, 1], "texture": "#12"},
				"down": {"uv": [0, 0, 1, 1], "texture": "#12"}
			},
			"rotation": {"origin": [-3.490553488375653, 8, 8.339377789258258], "axis": "y", "angle": 0}
		},
		{
			"name": "cube",
			"from": [16.777381267819436, 4.324999999999999, 6.363506672996482],
			"to": [19.027381267819436, 6.574999999999999, 12.363506672996483],
			"faces": {
				"east": {"uv": [0, 0, 1, 1], "texture": "#12"},
				"up": {"uv": [0, 0, 1, 1], "texture": "#12"},
				"down": {"uv": [0, 0, 1, 1], "texture": "#12"}
			},
			"rotation": {"origin": [7.910218260455423, 8, 8.809458876959056], "axis": "y", "angle": -22.5}
		},
		{
			"name": "cube",
			"from": [8.009569433683389, 4.324999999999999, 20.571090895554917],
			"to": [14.009569433683389, 6.574999999999999, 22.821090895554917],
			"faces": {
				"south": {"uv": [0, 0, 1, 1], "texture": "#12"},
				"up": {"uv": [0, 0, 1, 1], "texture": "#12"},
				"down": {"uv": [0, 0, 1, 1], "texture": "#12"}
			},
			"rotation": {"origin": [-0.8575935736806279, 8, 12.517043099517487], "axis": "y", "angle": 22.5}
		},
		{
			"name": "green shell",
			"from": [5.9461307430684, 9.2545, 3.862705962991674],
			"to": [11.076130743068397, 11.804499999999999, 5.482705962991676],
			"faces": {
				"north": {"uv": [1.25, 9.25, 7.7546875, 11.8], "texture": "#4"},
				"up": {"uv": [6, 8, 12.5046875, 9.61953125], "texture": "#4", "rotation": 180}
			},
			"rotation": {"origin": [15.1261307430684, 11.9005, 9.154705962991674], "axis": "y", "angle": -45}
		},
		{
			"name": "green shell",
			"from": [1.0880561827373914, 9.2545, -5.492316752106348],
			"to": [6.218056182737392, 11.804499999999999, -3.8723167521063466],
			"faces": {
				"north": {"uv": [2.25, 8.75, 10.1296875, 11.3], "texture": "#4"},
				"up": {"uv": [1.25, 6.5, 10.1296875, 8.11953125], "texture": "#4", "rotation": 180}
			},
			"rotation": {
				"origin": [10.268056182737391, 11.9005, -0.2003167521063478],
				"axis": "y",
				"angle": 45
			}
		},
		{
			"name": "green shell",
			"from": [6.534582105353883, 10.57722821700832, -1.0785433743400414],
			"to": [9.504582105353881, 13.12722821700832, 0.5414566256599604],
			"faces": {
				"north": {"uv": [7, 9.75, 9.2195, 12.3], "texture": "#4"},
				"up": {
					"uv": [7, 8.850000000000009, 9.21875, 10.269531250000005],
					"texture": "#4",
					"rotation": 180
				}
			},
			"rotation": {
				"origin": [14.364582105353882, 13.223228217008323, 4.21345662565996],
				"axis": "z",
				"angle": 0
			}
		},
		{
			"name": "green shell",
			"from": [10.113956997769954, 10.640762679161568, -1.078],
			"to": [14.043956997769952, 13.190762679161569, 0.5420000000000018],
			"faces": {
				"north": {"uv": [4.075000000000005, 9.75, 7.479687499999997, 12.3], "texture": "#4"},
				"east": {"uv": [1.25, 8.75, 2.86953125, 11.3], "texture": "#4"},
				"up": {
					"uv": [4.149999999999999, 8.25, 7.454687500000004, 9.75],
					"texture": "#4",
					"rotation": 180
				}
			},
			"rotation": {
				"origin": [9.649564896214912, 14.690762679161569, 4.214000000000001],
				"axis": "z",
				"angle": -22.5
			}
		},
		{
			"name": "green shell",
			"from": [2.2646063574172537, 12.094401720975151, -1.078],
			"to": [6.194606357417255, 14.64440172097515, 0.5420000000000018],
			"faces": {
				"north": {"uv": [3, 9.75, 6.4046875, 12.3], "texture": "#4"},
				"west": {"uv": [8.25, 8.75, 9.11953125, 11.3], "texture": "#4"},
				"up": {"uv": [8.75, 8.25, 12.6796875, 9.86953125], "texture": "#4", "rotation": 180}
			},
			"rotation": {
				"origin": [10.178267367835266, 14.74040172097515, 4.214000000000001],
				"axis": "z",
				"angle": 22.5
			}
		},
		{
			"name": "green shell",
			"from": [14.384357365302092, 9.255, 2.5489144131469494],
			"to": [16.00435736530209, 11.805, 10.04891441314695],
			"faces": {
				"east": {"uv": [3.5, 8.75, 11, 11.8], "texture": "#4"},
				"up": {"uv": [3.75, 5.75, 11.25, 7.36953125], "texture": "#4", "rotation": 270}
			}
		},
		{
			"name": "green shell",
			"from": [5.679158853671621, 9.2545, 13.893266421412893],
			"to": [10.36095885367162, 11.804499999999999, 15.663266421412896],
			"faces": {
				"south": {"uv": [5, 8.5, 10.856200000000001, 11.3], "texture": "#4"},
				"up": {"uv": [5, 6.75, 10.85546875, 8.51953125], "texture": "#4"}
			},
			"rotation": {
				"origin": [-0.27319851163047204, 11.9005, 8.244352008265944],
				"axis": "y",
				"angle": 0
			}
		},
		{
			"name": "green shell",
			"from": [8.006889992252038, 9.253999999999998, 17.051185444799543],
			"to": [12.32688999225204, 11.803999999999997, 18.671185444799544],
			"faces": {
				"south": {"uv": [0, 8.5, 6.8195, 12.3], "texture": "#4"},
				"up": {"uv": [5.5, 6.75, 12.31875, 8.36953125], "texture": "#4"}
			},
			"rotation": {
				"origin": [1.6225326269499476, 11.899999999999997, 11.252271031652592],
				"axis": "y",
				"angle": 22.5
			}
		},
		{
			"name": "green shell",
			"from": [5.013075172530576, 9.253999999999998, 10.511617436984062],
			"to": [9.333075172530577, 11.803999999999997, 12.131617436984062],
			"faces": {
				"south": {"uv": [3, 8.5, 10.3195, 11.05], "texture": "#4"},
				"up": {"uv": [3.25, 6.5, 10.56875, 8.11953125], "texture": "#4"}
			},
			"rotation": {
				"origin": [-1.371282192771515, 11.899999999999997, 4.712703023837113],
				"axis": "y",
				"angle": -22.5
			}
		},
		{
			"name": "green shell",
			"from": [14.319714512829997, 9.2545, 6.8217248045574665],
			"to": [15.939714512829994, 11.804499999999999, 11.141724804557468],
			"faces": {
				"east": {"uv": [2.5, 8.5, 7.8195, 11.8], "texture": "#4"},
				"up": {"uv": [8.25, 7, 13.56875, 8.61953125], "texture": "#4", "rotation": 270}
			},
			"rotation": {
				"origin": [7.935357147527904, 11.9005, 8.582810391410518],
				"axis": "y",
				"angle": -22.5
			}
		},
		{
			"name": "green shell",
			"from": [1.1947253897330938, 9.2545, 12.328047544987204],
			"to": [2.814725389733092, 11.804499999999999, 16.6480475449872],
			"faces": {
				"west": {"uv": [1.75, 8.75, 7.0695, 11.3], "texture": "#4"},
				"up": {"uv": [7.25, 6.75, 12.56875, 8.36953125], "texture": "#4", "rotation": 90}
			},
			"rotation": {
				"origin": [-5.189631975568997, 11.9005, 14.089133131840256],
				"axis": "y",
				"angle": 22.5
			}
		},
		{
			"name": "green shell",
			"from": [0.03480684540567225, 9.255, 2.5489144131469494],
			"to": [1.6548068454056732, 11.805, 10.04891441314695],
			"faces": {
				"west": {"uv": [4.75, 8.75, 12.25, 11.3], "texture": "#4"},
				"up": {"uv": [4.75, 7, 12.25, 8.61953125], "texture": "#4", "rotation": 90}
			}
		},
		{
			"name": "green shell",
			"from": [5.4326634288354985, 6.4925000000000015, 3.390882453739592],
			"to": [11.845163428835498, 9.342500000000001, 5.415882453739594],
			"faces": {
				"north": {"uv": [1.25, 13, 7.6625, 15.85], "texture": "#4"},
				"up": {"uv": [1.25, 11, 7.6625, 13.025], "texture": "#4", "rotation": 180}
			},
			"rotation": {"origin": [16.907663428835498, 9.8, 10.005882453739591], "axis": "y", "angle": -45}
		},
		{
			"name": "green shell",
			"from": [-0.6399297715782595, 6.4925000000000015, -8.302895940132935],
			"to": [5.77257022842174, 9.342500000000001, -6.277895940132932],
			"faces": {
				"north": {"uv": [2.75, 13, 9.1625, 15.85], "texture": "#4"},
				"up": {"uv": [2.75, 11, 9.1625, 13.025], "texture": "#4", "rotation": 180}
			},
			"rotation": {"origin": [10.835070228421738, 9.8, -1.6878959401329343], "axis": "y", "angle": 45}
		},
		{
			"name": "green shell",
			"from": [6.168227631692353, 8.146535271260406, -2.7856792179250505],
			"to": [9.880727631692352, 10.996535271260406, -0.7606792179250501],
			"faces": {
				"north": {"uv": [6.15, 13, 9.85, 15.85], "texture": "#4"},
				"up": {"uv": [6, 11, 9.7125, 13.025], "texture": "#4", "rotation": 180}
			},
			"rotation": {
				"origin": [15.955727631692351, 11.454035271260405, 3.8293207820749506],
				"axis": "z",
				"angle": 0
			}
		},
		{
			"name": "green shell",
			"from": [10.755959901108383, 8.121625024078536, -2.785],
			"to": [15.705959901108383, 10.971625024078538, -0.7599999999999998],
			"faces": {
				"north": {"uv": [2.25, 13, 6.45, 15.85], "texture": "#4"},
				"east": {"uv": [1, 13, 2.275, 15.85], "texture": "#4"},
				"up": {"uv": [2.25, 11, 6.45, 13.025], "texture": "#4", "rotation": 180}
			},
			"rotation": {
				"origin": [10.380959901108385, 13.184125024078536, 3.830000000000001],
				"axis": "z",
				"angle": -22.5
			}
		},
		{
			"name": "green shell",
			"from": [0.807790094723714, 10.049045033732588, -2.785],
			"to": [5.607790094723714, 12.899045033732587, -0.7599999999999998],
			"faces": {
				"north": {"uv": [4, 13, 8.2, 15.85], "texture": "#4"},
				"west": {"uv": [2.75, 13, 4.775, 15.85], "texture": "#4"},
				"up": {"uv": [4, 11, 8.2, 13.025], "texture": "#4", "rotation": 180}
			},
			"rotation": {
				"origin": [10.670290094723716, 13.356545033732587, 3.830000000000001],
				"axis": "z",
				"angle": 22.5
			}
		},
		{
			"name": "green shell",
			"from": [15.980446706627614, 6.493599999999999, 1.7486430164336841],
			"to": [18.005446706627612, 9.343599999999999, 10.523643016433684],
			"faces": {
				"east": {"uv": [3, 13, 11.775, 15.85], "texture": "#4"},
				"up": {"uv": [3, 11, 11.775, 13.025], "texture": "#4", "rotation": 270}
			}
		},
		{
			"name": "green shell",
			"from": [5.098948567089526, 6.4925000000000015, 15.554083026766119],
			"to": [10.951198567089524, 9.342500000000001, 17.579083026766117],
			"faces": {
				"south": {"uv": [4.25, 13, 11.6015625, 15.85], "texture": "#4"},
				"up": {"uv": [4.25, 11, 11.6265625, 13.025], "texture": "#4"}
			},
			"rotation": {"origin": [-2.341498139538089, 9.8, 8.30544001033243], "axis": "y", "angle": 0}
		},
		{
			"name": "green shell",
			"from": [8.008612490315048, 6.491999999999999, 19.313981805999425],
			"to": [13.408612490315049, 9.341999999999999, 21.338981805999428],
			"faces": {
				"south": {"uv": [6.5, 13, 13.15, 15.85], "texture": "#4"},
				"up": {"uv": [6.5, 11, 13.15, 13.025], "texture": "#4"}
			},
			"rotation": {
				"origin": [0.028165783687435386, 9.799499999999998, 12.06533878956574],
				"axis": "y",
				"angle": 22.5
			}
		},
		{
			"name": "green shell",
			"from": [4.26634396566322, 6.491999999999999, 11.139521796230074],
			"to": [9.666343965663222, 9.341999999999999, 13.164521796230073],
			"faces": {
				"south": {"uv": [2.25, 13, 9.65, 15.85], "texture": "#4"},
				"up": {"uv": [2.25, 11, 9.65, 13.025], "texture": "#4"}
			},
			"rotation": {
				"origin": [-3.7141027409643925, 9.799499999999998, 3.8908787797963873],
				"axis": "y",
				"angle": -22.5
			}
		},
		{
			"name": "green shell",
			"from": [15.899643141037496, 6.4925000000000015, 6.527156005696834],
			"to": [17.924643141037492, 9.342500000000001, 11.927156005696833],
			"faces": {
				"east": {"uv": [7.75, 13, 13.15, 15.85], "texture": "#4"},
				"up": {"uv": [7.75, 11.25, 13.15, 13.275], "texture": "#4", "rotation": 270}
			},
			"rotation": {"origin": [7.91919643440988, 9.8, 8.728512989263148], "axis": "y", "angle": -22.5}
		},
		{
			"name": "green shell",
			"from": [-0.5065932628336327, 6.4925, 13.410059431234004],
			"to": [1.5184067371663659, 9.3425, 18.810059431234002],
			"faces": {
				"west": {"uv": [7.5, 13, 12.9, 15.85], "texture": "#4"},
				"up": {"uv": [7.5, 11.25, 12.9, 13.275], "texture": "#4", "rotation": 90}
			},
			"rotation": {"origin": [-8.487039969461247, 9.8, 15.611416414800319], "axis": "y", "angle": 22.5}
		},
		{
			"name": "green shell",
			"from": [-1.9564914432429088, 6.493, 1.748643016433686],
			"to": [0.06850855675709244, 9.343, 10.523643016433686],
			"faces": {
				"west": {"uv": [4, 13, 12.775, 15.85], "texture": "#4"},
				"up": {"uv": [4, 11.25, 12.775, 13.275], "texture": "#4", "rotation": 90}
			}
		},
		{
			"name": "green shell",
			"from": [4.1845627739860465, 11.803999999999997, 0.5184771871329943],
			"to": [11.804562773986044, 14.203999999999997, 3.168477187132994],
			"faces": {
				"north": {"uv": [5.75, 2.75, 8.15, 10.36953125], "texture": "#4", "rotation": 270},
				"up": {"uv": [2.5, 2.75, 5.2, 10.36953125], "texture": "#4", "rotation": 90}
			}
		},
		{
			"name": "green shell",
			"from": [5.615000000000003, 11.803999999999997, 10.04891441314695],
			"to": [10.385, 14.203999999999997, 14.02391441314695],
			"faces": {
				"south": {
					"uv": [1.25, 4.550000000000001, 3.7249999999999996, 9.31953125],
					"texture": "#4",
					"rotation": 90
				},
				"up": {"uv": [1.875, 4.0625, 5.85, 8.83203125], "texture": "#4", "rotation": 90}
			}
		},
		{
			"name": "green shell",
			"from": [12.585553005260309, 11.802, 10.009241939256519],
			"to": [15.705553005260306, 14.202, 13.009241939256519],
			"faces": {
				"east": {"uv": [5.75, 0.25, 9, 2.65], "texture": "#4"},
				"up": {"uv": [2, 3.5, 5.11953125, 6.5], "texture": "#4", "rotation": 270}
			},
			"rotation": {
				"origin": [14.970553005260307, 7.998000000000003, 6.835327526109569],
				"axis": "y",
				"angle": -22.5
			}
		},
		{
			"name": "green shell",
			"from": [4.8362, 11.8, 10.301185271599355],
			"to": [7.9761999999999995, 14.200000000000001, 14.201185271599353],
			"faces": {
				"south": {"uv": [3, 0.5, 6.11953125, 1.9], "texture": "#4"},
				"up": {"uv": [9, 3, 12.11953125, 7.15], "texture": "#4"}
			},
			"rotation": {
				"origin": [7.2412007875008175, 7.996000000000004, 8.177270858452403],
				"axis": "y",
				"angle": -22.5
			}
		},
		{
			"name": "green shell",
			"from": [7.8982004411428095, 11.8, 9.669757608196957],
			"to": [11.03820044114281, 14.200000000000001, 13.569757608196957],
			"faces": {
				"south": {"uv": [0, 0, 3.1199999999999966, 2.4000000000000004], "texture": "#4"},
				"up": {"uv": [0, 0, 3.1199999999999966, 3.9000000000000004], "texture": "#4"}
			},
			"rotation": {
				"origin": [10.283200441142807, 7.996000000000004, 7.545843195050007],
				"axis": "y",
				"angle": 22.5
			}
		},
		{
			"name": "green shell",
			"from": [-0.6304166852481732, 11.802, 5.359638236020678],
			"to": [3.119583314751827, 14.202, 8.359638236020679],
			"faces": {
				"west": {"uv": [0, 0.5, 3, 2.9], "texture": "#4"},
				"up": {"uv": [6.75, 3.75, 10.5, 6.75], "texture": "#4"}
			},
			"rotation": {
				"origin": [12.254583314751823, 7.998000000000003, 2.1857238228737286],
				"axis": "y",
				"angle": 22.5
			}
		},
		{
			"name": "green shell",
			"from": [9.169532348484452, 11.8, -2.8221677960614198],
			"to": [12.889532348484451, 14.200000000000001, -0.647167796061419],
			"faces": {
				"north": {"uv": [2.25, 4.75, 5.96953125, 7.15], "texture": "#4"},
				"up": {"uv": [4.75, 3.25, 8.46953125, 5.425], "texture": "#4"}
			},
			"rotation": {
				"origin": [6.4545323484844515, 7.996000000000004, 2.028917790791632],
				"axis": "y",
				"angle": -45
			}
		},
		{
			"name": "green shell",
			"from": [5.790440603658639, 11.8, 3.6478592517954898],
			"to": [9.510440603658637, 14.200000000000001, 5.822859251795491],
			"faces": {
				"north": {"uv": [0.25, 1.25, 3.96953125, 3.65], "texture": "#4", "rotation": 180},
				"up": {"uv": [5, 2.75, 7.175, 4.21875], "texture": "#4", "rotation": 270}
			},
			"rotation": {
				"origin": [3.075440603658638, 7.996000000000004, 8.498944838648542],
				"axis": "y",
				"angle": 45
			}
		},
		{
			"name": "green shell",
			"from": [1.5650000000000013, 11.803999999999997, 3.148914413146949],
			"to": [14.434999999999999, 14.203999999999997, 10.04891441314695],
			"faces": {
				"east": {"uv": [5.25, 5.25, 12.65, 7.65], "texture": "#4", "rotation": 180},
				"west": {"uv": [5.25, 5, 12.65, 7.4], "texture": "#4"},
				"up": {"uv": [5.25, 0, 12.65, 12.86953125], "texture": "#4", "rotation": 90}
			}
		},
		{
			"name": "cube",
			"from": [2.75, 3.5, -2.724999999999998],
			"to": [13.25, 6.5, 16.775000000000002],
			"faces": {
				"north": {"uv": [0, 0, 10.5, 3], "texture": "#13"},
				"south": {"uv": [0, 0, 10.5, 3], "texture": "#13"},
				"down": {"uv": [0, 0, 10.5, 16], "texture": "#13"}
			}
		},
		{
			"name": "cube",
			"from": [-1.75, 3.5, 1.7749999999999995],
			"to": [17.75, 6.5, 12.275000000000002],
			"faces": {
				"east": {"uv": [0, 0, 10.500000000000004, 3], "texture": "#13"},
				"west": {"uv": [0, 0, 10.500000000000004, 3], "texture": "#13"},
				"down": {"uv": [0, 0, 16, 10.500000000000004], "texture": "#13"}
			}
		},
		{
			"name": "cube",
			"from": [-4.2952056147303175, 3.51, 4.355151519016504],
			"to": [16.92979438526968, 6.51, 10.730151519016502],
			"faces": {
				"east": {"uv": [0, 0, 6.374999999999998, 3], "texture": "#13"},
				"west": {"uv": [0, 0, 6.374999999999998, 3], "texture": "#13"},
				"down": {"uv": [0, 0, 16, 6.374999999999998], "texture": "#13"}
			},
			"rotation": {"origin": [7.779794385269681, 8, 9.305151519016503], "axis": "y", "angle": -45}
		},
		{
			"name": "cube",
			"from": [-3.2212527239173667, 3.51, 0.023081720240336168],
			"to": [18.003747276082635, 6.51, 6.398081720240336],
			"faces": {
				"east": {"uv": [0, 0, 6.375, 3], "texture": "#13"},
				"west": {"uv": [0, 0, 6.375, 3], "texture": "#13"},
				"down": {"uv": [0, 0, 16, 6.375], "texture": "#13"}
			},
			"rotation": {"origin": [12.303747276082634, 8, 4.373081720240336], "axis": "y", "angle": 45}
		},
		{
			"name": "cube",
			"from": [-0.9770021791338941, 1.7759999999999998, 1.618465376192269],
			"to": [16.00299782086611, 4.551000000000001, 6.718465376192269],
			"faces": {
				"east": {"uv": [0, 0, 5.1, 2.7750000000000012], "texture": "#13"},
				"west": {"uv": [0, 0, 5.1, 2.7750000000000012], "texture": "#13"},
				"down": {"uv": [0, 0, 16, 6.375], "texture": "#13"}
			},
			"rotation": {"origin": [11.442997820866106, 5.751, 5.098465376192269], "axis": "y", "angle": 45}
		},
		{
			"name": "cube",
			"from": [-1.8361644917842543, 1.7759999999999998, 5.084121215213203],
			"to": [15.143835508215744, 4.551000000000001, 10.184121215213203],
			"faces": {
				"east": {"uv": [0, 0, 5.1, 2.7750000000000012], "texture": "#13"},
				"west": {"uv": [0, 0, 5.1, 2.7750000000000012], "texture": "#13"},
				"down": {"uv": [0, 0, 16, 6.374999999999998], "texture": "#13"}
			},
			"rotation": {"origin": [7.823835508215744, 5.751, 9.044121215213202], "axis": "y", "angle": -45}
		},
		{
			"name": "cube",
			"from": [0.1999999999999993, 1.7749999999999995, 3.0199999999999996],
			"to": [15.799999999999999, 4.550000000000001, 11.420000000000002],
			"faces": {
				"east": {"uv": [0, 0, 8.400000000000002, 2.7750000000000012], "texture": "#13"},
				"west": {"uv": [0, 0, 8.400000000000002, 2.7750000000000012], "texture": "#13"},
				"down": {"uv": [0, 0, 16, 10.500000000000004], "texture": "#13"}
			}
		},
		{
			"name": "cube",
			"from": [3.8000000000000007, 1.7749999999999995, 13.52],
			"to": [12.200000000000003, 4.550000000000001, 15.02],
			"faces": {
				"south": {"uv": [0, 0, 8.400000000000002, 2.7750000000000012], "texture": "#13"},
				"down": {"uv": [0, 0, 8.400000000000002, 1.5], "texture": "#13"}
			}
		},
		{
			"name": "cube",
			"from": [3.875, 2.25, -2.724999999999998],
			"to": [12.125, 3.5, -0.34999999999999787],
			"faces": {
				"north": {"uv": [1.375, 3, 9.625, 4.25], "texture": "#13"},
				"east": {"uv": [0, 0, 1, 1], "texture": "#13"},
				"west": {"uv": [0, 0, 1, 1], "texture": "#13"},
				"down": {"uv": [0, 0, 8.25, 3.375], "texture": "#13"}
			}
		},
		{
			"name": "cube",
			"from": [2.1829025879212365, -1.4767400000000013, 3.8647655637725897],
			"to": [13.18594258792124, 0.3214600000000001, 7.16956556377259],
			"faces": {
				"east": {"uv": [0, 0, 1, 1], "texture": "#16"},
				"west": {"uv": [0, 0, 1, 1], "texture": "#16"},
				"down": {"uv": [0, 7.25, 0.5, 7.5], "texture": "#16"}
			},
			"rotation": {
				"origin": [10.231062587921238, 1.0990599999999988, 6.119805563772591],
				"axis": "y",
				"angle": 45
			}
		},
		{
			"name": "cube",
			"from": [1.6261654093238018, -1.4767400000000013, 6.110510547458156],
			"to": [12.629205409323804, 0.3214600000000001, 9.415310547458155],
			"faces": {
				"east": {"uv": [0, 0, 1, 1], "texture": "#16"},
				"west": {"uv": [0, 0, 1, 1], "texture": "#16"},
				"down": {"uv": [0, 7.25, 0.5, 7.5], "texture": "#16"}
			},
			"rotation": {
				"origin": [7.885845409323802, 1.0990599999999988, 8.676590547458154],
				"axis": "y",
				"angle": -45
			}
		},
		{
			"name": "cube",
			"from": [2.9455999999999998, -1.4783600000000003, 4.772959999999999],
			"to": [13.054400000000001, 0.3198400000000001, 10.216160000000002],
			"faces": {
				"east": {"uv": [0, 0, 1, 1], "texture": "#16"},
				"west": {"uv": [0, 0, 1, 1], "texture": "#16"},
				"down": {"uv": [0, 0, 16, 16], "texture": "#16"}
			}
		},
		{
			"name": "cube",
			"from": [5.2783999999999995, -1.477549999999999, 10.13516],
			"to": [10.721599999999999, 0.32064999999999966, 12.548960000000003],
			"faces": {
				"south": {"uv": [0, 0, 6.72, 2.2200000000000006], "texture": "#16"},
				"down": {"uv": [0, 8, 16, 16], "texture": "#16"}
			}
		},
		{
			"name": "cube",
			"from": [5.2783999999999995, -1.477549999999999, 2.4401600000000006],
			"to": [10.721599999999999, 0.32064999999999966, 4.772960000000003],
			"faces": {
				"north": {"uv": [0, 0, 6.72, 2.2200000000000006], "texture": "#16"},
				"down": {"uv": [0, 0, 16, 8], "texture": "#16"}
			}
		},
		{
			"name": "cube",
			"from": [3.799999999999999, 1.7749999999999995, -0.5799999999999983],
			"to": [12.200000000000001, 4.550000000000001, 1.2200000000000015],
			"faces": {
				"north": {"uv": [0, 0, 8.400000000000002, 2.7750000000000012], "texture": "#13"},
				"down": {"uv": [0, 0, 8.25, 3.375], "texture": "#13"}
			}
		},
		{
			"name": "cube",
			"from": [8.019395609969088, 8.359999999999994, 15.700999999999993],
			"to": [8.019395609969088, 11.319999999999995, 20.880999999999993],
			"faces": {"west": {"uv": [7.5, 0, 15.5, 16], "texture": "#0", "rotation": 90}},
			"rotation": {
				"origin": [8.019395609969088, 11.298999999999996, 11.129999999999999],
				"axis": "z",
				"angle": -45
			}
		},
		{
			"name": "cube",
			"from": [5.941208780061824, 11.381303476725211, 15.951506281373504],
			"to": [9.981208780061827, 11.381303476725211, 21.523506281373514],
			"faces": {"up": {"uv": [0, 0.25, 15.5, 16], "texture": "#0", "rotation": 180}},
			"rotation": {
				"origin": [5.848172707749642, 9.671368262721648, 21.257012261131024],
				"axis": "x",
				"angle": -22.5
			}
		},
		{
			"name": "cube",
			"from": [8.019395609969088, 8.359999999999994, 15.700999999999993],
			"to": [8.019395609969088, 11.319999999999995, 20.880999999999993],
			"faces": {"east": {"uv": [0, 0, 8, 16], "texture": "#0", "rotation": 270}},
			"rotation": {
				"origin": [8.019395609969088, 11.298999999999996, 11.129999999999999],
				"axis": "z",
				"angle": 45
			}
		},
		{
			"name": "cube",
			"from": [6.3706000000000005, 9.446929821758351, -6.281],
			"to": [9.3306, 12.40692982175835, -1.101],
			"faces": {
				"east": {"uv": [7.75, 0, 15.75, 16], "texture": "#0", "rotation": 90},
				"up": {"uv": [0, 0, 8, 16], "texture": "#0"}
			},
			"rotation": {"origin": [7.8506, 10.92692982175835, -3.691], "axis": "z", "angle": 45}
		},
		{
			"name": "cube",
			"from": [5.757563927687817, 2.0661154700616784, 2.6562848376710875],
			"to": [9.943663927687817, 2.0661154700616784, 8.2282848376711],
			"faces": {"up": {"uv": [0, 0.25, 15.75, 16], "texture": "#0"}},
			"rotation": {
				"origin": [5.584116988374532, 29.947263694767415, 25.83680338017564],
				"axis": "x",
				"angle": 22.5
			}
		},
		{
			"name": "cube",
			"from": [-5.0356681286201646, 4.831813718414759, 5.155129506204701],
			"to": [0.14433187137983516, 7.79181371841476, 5.155129506204701],
			"faces": {"north": {"uv": [7.5, 0, 15.5, 16], "texture": "#0", "rotation": 90}},
			"rotation": {
				"origin": [7.8647274813489165, 6.520813718414761, 11.015733896235613],
				"axis": "x",
				"angle": 45
			}
		},
		{
			"name": "cube",
			"from": [-6.523506281373514, 7.381303476725211, 5.677357436769024],
			"to": [-0.9515062813735042, 7.381303476725211, 9.717357436769028],
			"faces": {"up": {"uv": [0, 0.25, 15.5, 16], "texture": "#0", "rotation": 270}},
			"rotation": {
				"origin": [4.848172707749642, 5.671368262721648, 20.993160917838225],
				"axis": "z",
				"angle": -22.5
			}
		},
		{
			"name": "cube",
			"from": [-5.0356681286201646, 12.63988237630403, 11.147513057026273],
			"to": [0.14433187137983516, 15.59988237630403, 11.147513057026273],
			"faces": {"north": {"uv": [0, 16, 8, 0], "texture": "#0", "rotation": 270}},
			"rotation": {
				"origin": [8.864727481348917, 9.328882376304032, 14.258117447057185],
				"axis": "x",
				"angle": -45
			}
		},
		{
			"name": "cube",
			"from": [-4.069163160134592, 9.568290701073671, -5.02512380121494],
			"to": [2.5108368398654077, 9.568290701073671, -2.0651238012149395],
			"faces": {"up": {"uv": [15.5, 0, 7.5, 16], "texture": "#0", "rotation": 270}},
			"rotation": {
				"origin": [13.655170173198734, -2.6260426322596615, -0.21556615945738677],
				"axis": "x",
				"angle": 22.5
			}
		},
		{
			"name": "cube",
			"from": [-5.253279403119456, 9.593333333333332, 5.678785382876976],
			"to": [1.9267205968805436, 11.613333333333332, 5.678785382876976],
			"faces": {"north": {"uv": [0, 0.75, 13.75, 16], "texture": "#0", "rotation": 90}},
			"rotation": {
				"origin": [9.60029726102115, -6.93872059688054, 5.678785382876976],
				"axis": "y",
				"angle": -22.5
			}
		},
		{
			"name": "cube",
			"from": [-4.069163160134592, 11.40882619023028, 4.674107889583198],
			"to": [2.5108368398654077, 11.40882619023028, 7.634107889583198],
			"faces": {"up": {"uv": [0, 0, 8, 16], "texture": "#0", "rotation": 270}},
			"rotation": {
				"origin": [-1.669163160134591, -0.7854738097697183, 4.674107889583198],
				"axis": "x",
				"angle": -22.5
			}
		},
		{
			"name": "cube",
			"from": [-4.476984783023433, 12.210256883989896, 15.71248539110556],
			"to": [2.1030152169765675, 12.210256883989896, 18.67248539110556],
			"faces": {"up": {"uv": [7.5, 0, 15.5, 16], "texture": "#0", "rotation": 270}},
			"rotation": {
				"origin": [13.247348550309894, 0.015923550656562924, 21.431795430433233],
				"axis": "x",
				"angle": -22.5
			}
		},
		{
			"name": "cube",
			"from": [1.746720596880543, 9.343333333333332, 7.071214617123026],
			"to": [8.926720596880543, 11.363333333333332, 7.071214617123026],
			"faces": {"north": {"uv": [0, 0.75, 13.75, 16], "texture": "#0", "rotation": 90}},
			"rotation": {
				"origin": [16.60029726102115, -7.43872059688054, 26.428785382876974],
				"axis": "y",
				"angle": 22.5
			}
		},
		{
			"name": "cube",
			"from": [-4.476984783023433, 4.515437350050005, 5.268845151346625],
			"to": [2.1030152169765675, 4.515437350050005, 8.228845151346626],
			"faces": {"up": {"uv": [8, 0, 0, 16], "texture": "#0", "rotation": 270}},
			"rotation": {
				"origin": [-2.0769847830234305, -7.678862649949995, 25.57706093051302],
				"axis": "x",
				"angle": 22.5
			}
		},
		{
			"name": "cube",
			"from": [15.855668128620165, 4.7318137184147595, 5.155129506204701],
			"to": [21.035668128620166, 7.69181371841476, 5.155129506204701],
			"faces": {"north": {"uv": [7.5, 16, 15.5, 0], "texture": "#0", "rotation": 90}},
			"rotation": {
				"origin": [7.8647274813489165, 6.520813718414761, 11.015733896235613],
				"axis": "x",
				"angle": 45
			}
		},
		{
			"name": "cube",
			"from": [16.451506281373504, 4.8813034767252095, 5.677357436769024],
			"to": [22.023506281373514, 4.8813034767252095, 9.717357436769028],
			"faces": {"up": {"uv": [0, 0.25, 15.5, 16], "texture": "#0", "rotation": 90}},
			"rotation": {
				"origin": [4.848172707749642, 5.671368262721648, 20.993160917838225],
				"axis": "z",
				"angle": 22.5
			}
		},
		{
			"name": "cube",
			"from": [15.855668128620165, 12.53988237630403, 11.147513057026273],
			"to": [21.035668128620166, 15.499882376304031, 11.147513057026273],
			"faces": {"north": {"uv": [0, 0, 8, 16], "texture": "#0", "rotation": 270}},
			"rotation": {
				"origin": [8.864727481348917, 9.328882376304032, 14.258117447057185],
				"axis": "x",
				"angle": -45
			}
		},
		{
			"name": "cube",
			"from": [13.489163160134591, 9.568290701073671, -5.02512380121494],
			"to": [20.069163160134593, 9.568290701073671, -2.0651238012149395],
			"faces": {"up": {"uv": [7.5, 0, 15.5, 16], "texture": "#0", "rotation": 90}},
			"rotation": {
				"origin": [13.655170173198734, -2.6260426322596615, -0.21556615945738677],
				"axis": "x",
				"angle": 22.5
			}
		},
		{
			"name": "cube",
			"from": [14.173279403119455, 9.593333333333332, 4.478785382876974],
			"to": [21.353279403119455, 11.613333333333332, 4.478785382876974],
			"faces": {"north": {"uv": [1.5, 0.75, 15.25, 16], "texture": "#0", "rotation": 270}},
			"rotation": {
				"origin": [9.60029726102115, -6.93872059688054, 5.678785382876976],
				"axis": "y",
				"angle": 22.5
			}
		},
		{
			"name": "cube",
			"from": [13.489163160134591, 11.40882619023028, 4.674107889583198],
			"to": [20.069163160134593, 11.40882619023028, 7.634107889583198],
			"faces": {"up": {"uv": [8, 0, 0, 16], "texture": "#0", "rotation": 90}},
			"rotation": {
				"origin": [-1.669163160134591, -0.7854738097697183, 4.674107889583198],
				"axis": "x",
				"angle": -22.5
			}
		},
		{
			"name": "cube",
			"from": [13.896984783023433, 12.210256883989896, 15.71248539110556],
			"to": [20.476984783023433, 12.210256883989896, 18.67248539110556],
			"faces": {"up": {"uv": [7.5, 16, 15.5, 0], "texture": "#0", "rotation": 270}},
			"rotation": {
				"origin": [13.247348550309894, 0.015923550656562924, 21.431795430433233],
				"axis": "x",
				"angle": -22.5
			}
		},
		{
			"name": "cube",
			"from": [7.086371456792065, 9.088819252934663, 5.999928520236541],
			"to": [14.266371456792065, 11.108819252934662, 5.999928520236541],
			"faces": {"north": {"uv": [0, 0.75, 13.75, 16], "texture": "#0", "rotation": 270}},
			"rotation": {
				"origin": [-3.1866106853062366, -7.443234677279209, 25.35749928599049],
				"axis": "y",
				"angle": -22.5
			}
		},
		{
			"name": "cube",
			"from": [13.896984783023434, 4.515437350050005, 5.268845151346625],
			"to": [20.476984783023433, 4.515437350050005, 8.228845151346626],
			"faces": {"up": {"uv": [0, 0, 8, 16], "texture": "#0", "rotation": 90}},
			"rotation": {
				"origin": [-10.07698478302343, -7.678862649949995, 25.57706093051302],
				"axis": "x",
				"angle": 22.5
			}
		},
		{
			"name": "cube",
			"from": [1.7599999999999998, 0.14400000000000013, 4.015999999999999],
			"to": [14.24, 3.3640000000000008, 10.736000000000002],
			"faces": {
				"east": {"uv": [0, 0, 8.400000000000002, 2.7750000000000012], "texture": "#13"},
				"west": {"uv": [0, 0, 8.400000000000002, 2.7750000000000012], "texture": "#13"},
				"down": {"uv": [0, 0, 16, 16], "texture": "#16"}
			}
		},
		{
			"name": "cube",
			"from": [0.8183982566928849, 0.1459999999999999, 2.8947723009538153],
			"to": [14.402398256692889, 3.3660000000000005, 6.9747723009538145],
			"faces": {
				"east": {"uv": [0, 0, 5.1, 2.7750000000000012], "texture": "#13"},
				"west": {"uv": [0, 0, 5.1, 2.7750000000000012], "texture": "#13"},
				"down": {"uv": [0, 7.25, 0.5, 7.5], "texture": "#16"}
			},
			"rotation": {
				"origin": [10.754398256692886, 4.325999999999999, 5.678772300953815],
				"axis": "y",
				"angle": 45
			}
		},
		{
			"name": "cube",
			"from": [4.64, 0.14500000000000002, 10.636000000000001],
			"to": [11.36, 3.3650000000000007, 13.616000000000003],
			"faces": {
				"south": {"uv": [0, 0, 8.400000000000002, 2.7750000000000012], "texture": "#13"},
				"down": {"uv": [0, 8, 16, 16], "texture": "#16"}
			}
		},
		{
			"name": "cube",
			"from": [0.1310684065725951, 0.1459999999999999, 5.667296972170563],
			"to": [13.715068406572597, 3.3660000000000005, 9.747296972170563],
			"faces": {
				"east": {"uv": [0, 0, 5.1, 2.7750000000000012], "texture": "#13"},
				"west": {"uv": [0, 0, 5.1, 2.7750000000000012], "texture": "#13"},
				"down": {"uv": [0, 7.25, 0.5, 7.5], "texture": "#16"}
			},
			"rotation": {
				"origin": [7.859068406572595, 4.325999999999999, 8.83529697217056],
				"axis": "y",
				"angle": -45
			}
		},
		{
			"name": "cube",
			"from": [4.64, 0.14500000000000002, 1.136000000000001],
			"to": [11.36, 3.3650000000000007, 4.016000000000004],
			"faces": {
				"north": {"uv": [0, 0, 8.400000000000002, 2.7750000000000012], "texture": "#13"},
				"down": {"uv": [0, 0, 16, 8], "texture": "#16"}
			}
		},
		{
			"name": "cube",
			"from": [5, 4.25, -2.75],
			"to": [11, 7, -1.75],
			"faces": {
				"north": {"uv": [0, 0, 1, 1], "texture": "#1"},
				"east": {"uv": [0, 0, 1, 1], "texture": "#1"},
				"south": {"uv": [0, 0, 1, 1], "texture": "#1"},
				"west": {"uv": [0, 0, 1, 1], "texture": "#1"},
				"up": {"uv": [0, 0, 1, 1], "texture": "#1"},
				"down": {"uv": [0, 0, 1, 1], "texture": "#1"}
			}
		},
		{
			"name": "cube",
			"from": [7.323223304703362, 5.980077554195743, -2.75],
			"to": [8.823223304703362, 8.730077554195743, -1.75],
			"faces": {
				"north": {"uv": [0, 0, 1, 1], "texture": "#1"},
				"east": {"uv": [0, 0, 1, 1], "texture": "#1"},
				"south": {"uv": [0, 0, 1, 1], "texture": "#1"},
				"west": {"uv": [0, 0, 1, 1], "texture": "#1"},
				"up": {"uv": [0, 0, 1, 1], "texture": "#1"},
				"down": {"uv": [0, 0, 1, 1], "texture": "#1"}
			},
			"rotation": {"origin": [4.823223304703362, 9.730077554195743, 8], "axis": "z", "angle": -45}
		},
		{
			"name": "cube",
			"from": [5.252155492837888, 0.6265241636024701, -2.75],
			"to": [6.752155492837888, 3.37652416360247, -1.75],
			"faces": {
				"north": {"uv": [0, 0, 1, 1], "texture": "#1"},
				"east": {"uv": [0, 0, 1, 1], "texture": "#1"},
				"south": {"uv": [0, 0, 1, 1], "texture": "#1"},
				"west": {"uv": [0, 0, 1, 1], "texture": "#1"},
				"up": {"uv": [0, 0, 1, 1], "texture": "#1"},
				"down": {"uv": [0, 0, 1, 1], "texture": "#1"}
			},
			"rotation": {"origin": [3.752155492837888, 9.37652416360247, 8], "axis": "z", "angle": 45}
		}
	],
	"groups": [
		0,
		1,
		2,
		3,
		4,
		5,
		6,
		7,
		8,
		9,
		10,
		11,
		12,
		13,
		14,
		15,
		16,
		17,
		18,
		19,
		20,
		21,
		22,
		23,
		24,
		25,
		26,
		27,
		28,
		29,
		30,
		31,
		32,
		33,
		34,
		35,
		36,
		38,
		39,
		40,
		41,
		42,
		43,
		44,
		45,
		46,
		47,
		48,
		49,
		50,
		51,
		52,
		53,
		59,
		67,
		{
			"name": "group",
			"origin": [8, 8, 8],
			"isOpen": true,
			"display": {"isselected": false, "visibility": true, "export": true, "autouv": true},
			"children": [56, 54, 57, 55, 58]
		},
		{
			"name": "group",
			"origin": [8, 8, 8],
			"isOpen": true,
			"display": {"isselected": false, "visibility": true, "export": true, "autouv": true},
			"children": [83, 84, 85, 86, 87]
		},
		{
			"name": "group",
			"origin": [8, 8, 8],
			"isOpen": true,
			"display": {"isselected": false, "visibility": true, "export": true, "autouv": true},
			"children": [
				63,
				79,
				74,
				82,
				81,
				65,
				66,
				73,
				71,
				70,
				68,
				69,
				64,
				77,
				78,
				76,
				75,
				80,
				62,
				60,
				61,
				72
			]
		},
		37,
		90,
		89,
		88
	],
	"display": {
		"thirdperson_righthand": {
			"scale": [4, 3, 4],
			"rotation": [90, 0, 0],
			"translation": [-6, -0.5, 26.1]
		},
		"head": {"scale": [1, 1, 1]},
		"firstperson_lefthand": {
			"scale": [0.68, 0.68, 0.68],
			"rotation": [0, 90, -25],
			"translation": [1.13, 3.2, 0]
		},
		"firstperson_righthand": {
			"scale": [0.68, 0.68, 0.68],
			"rotation": [0, 89.5, 25],
			"translation": [1.13, 3.2, 0]
		},
		"fixed": {"scale": [1, 1, 1]},
		"gui": {"scale": [0.625, 0.625, 0.625], "rotation": [30, 225, 0], "translation": [0, 0, 0]},
		"thirdperson_lefthand": {
			"scale": [4, 3, 4],
			"rotation": [90, 0, 0],
			"translation": [-6, -0.5, 26.1]
		},
		"ground": {"scale": [0.5, 0.5, 0.5], "rotation": [0, 0, 0], "translation": [0, 2, 0]}
	}
}