{
	"credit": "Made with Blockbench by dragonmaster95",
	"textures": {
		"main": "minigames/sgs/flag_b_animated"
	},
	"elements": [
		{
			"name": "r",
			"from": [7.5, 10, -10],
			"to": [8.5, 11, 13],
			"rotation": {"angle": 0, "axis": "y", "origin": [15.5, 18, -2]},
			"faces": {
				"north": {"uv": [0.00625, 7.25625, 7.99375, 7.74375], "rotation": 270, "texture": "#main"},
				"east": {"uv": [0.00625, 7.00625, 7.99375, 7.49375], "rotation": 90, "texture": "#main"},
				"south": {"uv": [0.00625, 7.25625, 7.99375, 7.74375], "rotation": 90, "texture": "#main"},
				"west": {"uv": [0.00625, 7.50625, 7.99375, 7.99375], "rotation": 90, "texture": "#main"},
				"up": {"uv": [0.00625, 7.25625, 7.99375, 7.74375], "rotation": 90, "texture": "#main"},
				"down": {"uv": [0.00625, 7.25625, 7.99375, 7.74375], "rotation": 90, "texture": "#main"}
			}
		},
		{
			"name": "r",
			"from": [8.5, 10.45, -10],
			"to": [12.278, 10.475, 2],
			"rotation": {"angle": 22.5, "axis": "z", "origin": [8.5, 10.5, -2]},
			"faces": {
				"up": {"uv": [0.00625, 0.00625, 1.74375, 6.99375], "texture": "#main"},
				"down": {"uv": [6.25625, 0.00625, 7.99375, 6.99375], "rotation": 180, "texture": "#main"}
			}
		},
		{
			"name": "r",
			"from": [19.36233, 8.83427, -9.99997],
			"to": [23.14033, 8.85927, 2.00003],
			"rotation": {"angle": 22.5, "axis": "z", "origin": [19.36233, 8.88427, -1.99997]},
			"faces": {
				"up": {"uv": [6.25625, 0.00625, 7.99375, 6.99375], "texture": "#main"},
				"down": {"uv": [0.00625, 0.00625, 1.74375, 6.99375], "rotation": 180, "texture": "#main"}
			}
		},
		{
			"name": "r",
			"from": [12.00955, 11.89581, -10.00003],
			"to": [20.00955, 11.92081, 1.99997],
			"rotation": {"angle": -22.5, "axis": "z", "origin": [12.00955, 11.94581, -2.00003]},
			"faces": {
				"up": {"uv": [1.75625, 0.00625, 6.24375, 6.99375], "texture": "#main"},
				"down": {"uv": [1.75625, 0.00625, 6.24375, 6.99375], "rotation": 180, "texture": "#main"}
			}
		},
		{
			"name": "r",
			"from": [8.5, 10.5, -10],
			"to": [23.5, 10.525, 2],
			"rotation": {"angle": 0, "axis": "z", "origin": [11.5, 11.49375, 0]},
			"faces": {
				"up": {"uv": [8.00625, 0.00625, 15.99375, 6.99375], "texture": "#main"},
				"down": {"uv": [8.00625, 0.00625, 15.99375, 6.99375], "rotation": 180, "texture": "#main"}
			}
		},
		{
			"name": "r",
			"from": [8.5, 10.525, -10],
			"to": [12.278, 10.55, 2],
			"rotation": {"angle": -22.5, "axis": "z", "origin": [8.5, 10.5, -2]},
			"faces": {
				"up": {"uv": [0.00625, 8.00625, 1.74375, 14.99375], "texture": "#main"},
				"down": {"uv": [6.25625, 8.00625, 7.875, 14.99375], "rotation": 180, "texture": "#main"}
			}
		},
		{
			"name": "r",
			"from": [19.36233, 12.14073, -9.99997],
			"to": [23.14033, 12.16573, 2.00003],
			"rotation": {"angle": -22.5, "axis": "z", "origin": [19.36233, 12.11573, -1.99997]},
			"faces": {
				"up": {"uv": [6.25625, 8.00625, 7.875, 14.99375], "texture": "#main"},
				"down": {"uv": [0.00625, 8.00625, 1.74375, 14.99375], "rotation": 180, "texture": "#main"}
			}
		},
		{
			"name": "r",
			"from": [12.00955, 9.07919, -10.00003],
			"to": [20.00955, 9.10419, 1.99997],
			"rotation": {"angle": 22.5, "axis": "z", "origin": [12.00955, 9.05419, -2.00003]},
			"faces": {
				"up": {"uv": [1.75625, 8.00625, 6.24375, 14.99375], "texture": "#main"},
				"down": {"uv": [1.75625, 8.00625, 6.24375, 14.99375], "rotation": 180, "texture": "#main"}
			}
		}
	],
	"display": {
		"thirdperson_righthand": {
			"rotation": [90, 0, 0],
			"scale": [0.71, 0.71, 0.71]
		}
	}
}