{
	"credit": "Made with Blockbench, a free, modern block model editor by JannisX11",
	"textures": {
		"0": "block/white_concrete",
		"1": "minigames/bo/light_yellow",
		"2": "minigames/bo/glass_mushroom",
		"particle": "block/white_concrete"
	},
	"elements": [
		{
			"name": "cube",
			"from": [-8, -12, 0],
			"to": [24, 28, 8],
			"faces": {
				"north": {"uv": [1, 0, 15, 16], "texture": "#2"},
				"east": {"uv": [0, 0, 0.5, 0.5], "texture": "#0"},
				"west": {"uv": [0, 0, 0.5, 0.5], "texture": "#0"},
				"up": {"uv": [0, 0, 0.5, 0.5], "texture": "#0"},
				"down": {"uv": [0, 0, 0.5, 0.5], "texture": "#0"}
			}
		},
		{
			"name": "cube",
			"from": [-7.900000000000002, -16, -16],
			"to": [23.9, 13.82, -1.5],
			"faces": {
				"east": {"uv": [0, 10, 16, 16], "texture": "#1"},
				"south": {"uv": [0, 10, 16, 16], "texture": "#1"}
			},
			"rotation": {
				"origin": [11, 68.24301016998734, 82.31988989504919],
				"axis": "x",
				"angle": -22.5,
				"rescale": true
			}
		},
		{
			"name": "cube",
			"from": [-7.900000000000002, -16, -4.7626323872115],
			"to": [23.9, 32, 9.7373676127885],
			"faces": {
				"east": {"uv": [0, 0, 16, 10], "texture": "#1"},
				"south": {"uv": [0, 0, 16, 10], "texture": "#1"}
			},
			"rotation": {
				"origin": [11, 11.460899999999999, 21.7374],
				"axis": "x",
				"angle": -22.5,
				"rescale": true
			}
		}
	],
	"display": {
		"head": {"scale": [3.199, 3.19, 3.199], "rotation": [0, 180, 0], "translation": [0, 20.75, -13]},
		"thirdperson_righthand": {"scale": [1, 1, 1]}
	}
}