{
	"credit": "Made with Blockbench, a free, modern block model editor by JannisX11",
	"parent": "minigame/bo/glass_1",
	"textures": {
		"0": "block/white_concrete",
		"1": "minigames/bo/light_yellow",
		"2": "minigames/bo/glass_star",
		"particle": "block/white_concrete"
	},
	"elements": [
		{
			"name": "cube",
			"from": [-8, -12, 0],
			"to": [24, 28, 8],
			"faces": {
				"north": {"uv": [15, 0, 1, 16], "texture": "#2"},
				"east": {"uv": [0, 0, 0.5, 0.5], "texture": "#0"},
				"west": {"uv": [0, 0, 0.5, 0.5], "texture": "#0"},
				"up": {"uv": [0, 0, 0.5, 0.5], "texture": "#0"},
				"down": {"uv": [0, 0, 0.5, 0.5], "texture": "#0"}
			}
		},
		{
			"name": "cube",
			"from": [-7.900000000000002, 3.9609418908535474, -16],
			"to": [23.9, 18.460941890853547, 13.82],
			"faces": {
				"east": {"uv": [0, 10, 16, 16], "texture": "#1", "rotation": 90},
				"up": {"uv": [0, 10, 16, 16], "texture": "#1"}
			},
			"rotation": {
				"origin": [11, -46.53905810914645, -55.2626323872115],
				"axis": "x",
				"angle": 45,
				"rescale": true
			}
		},
		{
			"name": "cube",
			"from": [-7.900000000000002, 3.9609418908535474, -16],
			"to": [23.9, 18.460941890853547, 32],
			"faces": {
				"east": {"uv": [0, 0, 16, 10], "texture": "#1", "rotation": 90},
				"up": {"uv": [0, 0, 16, 10], "texture": "#1"}
			},
			"rotation": {
				"origin": [11, 1.4609418908535474, -7.2626323872115],
				"axis": "x",
				"angle": 45,
				"rescale": true
			}
		}
	],
	"display": {
		"head": {"scale": [3.199, 3.19, 3.199], "rotation": [0, 180, 0], "translation": [0, 20.75, -13]},
		"thirdperson_righthand": {"scale": [1, 1, 1]}
	}
}