{
	"credit": "Made with Blockbench, a free, modern block model editor by JannisX11",
	"parent": "minigame/bo/glass_1",
	"textures": {
		"0": "block/white_concrete",
		"2": "minigames/bo/glass_bowser",
		"particle": "block/white_concrete"
	},
	"elements": [
		{
			"name": "cube",
			"from": [-12, -12, 0],
			"to": [28, 28, 8],
			"faces": {
				"north": {"uv": [16, 0, 0, 16], "texture": "#2"},
				"east": {"uv": [0, 0, 0.5, 0.5], "texture": "#0"},
				"west": {"uv": [0, 0, 0.5, 0.5], "texture": "#0"},
				"up": {"uv": [0, 0, 0.5, 0.5], "texture": "#0"},
				"down": {"uv": [0, 0, 0.5, 0.5], "texture": "#0"}
			}
		}
	],
	"display": {
		"head": {"scale": [3.199, 3.19, 3.199], "rotation": [0, 180, 0], "translation": [0, 20.75, -13]},
		"thirdperson_righthand": {"scale": [1, 1, 1]}
	}
}