{
	"credit": "Made by dragonmaster95 with Blockbench",
	"textures": {
		"0": "block/white_concrete",
		"1": "minigames/bo/light_yellow",
		"2": "minigames/bo/glass_mushroom",
		"particle": "block/white_concrete"
	},
	"elements": [
		{
			"from": [-8, -12, 0],
			"to": [24, 28, 8],
			"faces": {
				"north": {"uv": [1, 0, 15, 16], "texture": "#2"},
				"east": {"uv": [0, 0, 0.5, 0.5], "texture": "#0"},
				"west": {"uv": [0, 0, 0.5, 0.5], "texture": "#0"},
				"up": {"uv": [0, 0, 0.5, 0.5], "texture": "#0"},
				"down": {"uv": [0, 0, 0.5, 0.5], "texture": "#0"}
			}
		},
		{
			"from": [-7.9, 3.96094, -16],
			"to": [23.9, 18.46094, 13.82],
			"rotation": {"angle": 45, "axis": "x", "origin": [11, -46.53906, -55.26263], "rescale": true},
			"faces": {
				"east": {"uv": [0, 10, 16, 16], "rotation": 90, "texture": "#1"},
				"up": {"uv": [0, 10, 16, 16], "texture": "#1"}
			}
		},
		{
			"from": [-7.9, 3.96094, -16],
			"to": [23.9, 18.46094, 32],
			"rotation": {"angle": 45, "axis": "x", "origin": [11, 1.46094, -7.26263], "rescale": true},
			"faces": {
				"east": {"uv": [0, 0, 16, 10], "rotation": 90, "texture": "#1"},
				"up": {"uv": [0, 0, 16, 10], "texture": "#1"}
			}
		}
	],
	"display": {
		"gui": {
			"rotation": [30, 225, 0],
			"translation": [-1.25, 1.25, 0],
			"scale": [0.34, 0.34, 0.34]
		},
		"head": {
			"rotation": [0, 180, 0],
			"translation": [0, 20.75, -13],
			"scale": [3.199, 3.19, 3.199]
		}
	}
}