{
	"credit": "Made with Blockbench, a free, modern block model editor by JannisX11",
	"textures": {"0": "decorations/board/yoshi/yoshi/yoshi_head", "1": "block/white_concrete"},
	"elements": [
		{
			"name": "cube",
			"from": [6.343, 13.75, 4],
			"to": [9.657, 17.5, 12],
			"faces": {
				"north": {"uv": [0, 0, 1, 1], "texture": "#1"},
				"south": {"uv": [0, 0, 1, 1], "texture": "#1"},
				"up": {"uv": [0, 0, 1, 1], "texture": "#1"},
				"down": {"uv": [0, 0, 1, 1], "texture": "#1"}
			}
		},
		{
			"name": "cube",
			"from": [6.343, 13.75, 4],
			"to": [9.657, 17.5, 12],
			"faces": {
				"north": {"uv": [0, 0, 1, 1], "texture": "#1"},
				"south": {"uv": [0, 0, 1, 1], "texture": "#1"},
				"up": {"uv": [0, 0, 1, 1], "texture": "#1"},
				"down": {"uv": [0, 0, 1, 1], "texture": "#1"}
			},
			"rotation": {"origin": [8, 23.25, 8], "axis": "y", "angle": 45}
		},
		{
			"name": "cube",
			"from": [4, 13.75, 6.343],
			"to": [12, 17.5, 9.657],
			"faces": {
				"east": {"uv": [0, 0, 1, 1], "texture": "#1"},
				"west": {"uv": [0, 0, 1, 1], "texture": "#1"},
				"up": {"uv": [0, 0, 1, 1], "texture": "#1", "rotation": 270},
				"down": {"uv": [0, 0, 1, 1], "texture": "#1", "rotation": 90}
			},
			"rotation": {"origin": [8, 23.25, 8], "axis": "y", "angle": 0}
		},
		{
			"name": "cube",
			"from": [4, 13.75, 6.343],
			"to": [12, 17.5, 9.657],
			"faces": {
				"east": {"uv": [0, 0, 1, 1], "texture": "#1"},
				"west": {"uv": [0, 0, 1, 1], "texture": "#1"},
				"up": {"uv": [0, 0, 1, 1], "texture": "#1", "rotation": 270},
				"down": {"uv": [0, 0, 1, 1], "texture": "#1", "rotation": 90}
			},
			"rotation": {"origin": [8, 23.25, 8], "axis": "y", "angle": 45}
		},
		{
			"name": "cube",
			"from": [4.4656, 8.25, 6.5358748],
			"to": [11.5344, 11, 9.4641252],
			"faces": {
				"east": {"uv": [0, 0, 1, 1], "texture": "#1"},
				"west": {"uv": [0, 0, 1, 1], "texture": "#1"},
				"down": {"uv": [0, 0, 1, 1], "texture": "#1", "rotation": 90}
			},
			"rotation": {"origin": [8, 16.702399999999997, 8], "axis": "y", "angle": 45}
		},
		{
			"name": "cube",
			"from": [4.4656, 8.25, 6.5358748],
			"to": [11.5344, 11, 9.4641252],
			"faces": {
				"east": {"uv": [0, 0, 1, 1], "texture": "#1"},
				"west": {"uv": [0, 0, 1, 1], "texture": "#1"},
				"down": {"uv": [0, 0, 1, 1], "texture": "#1", "rotation": 90}
			},
			"rotation": {"origin": [8, 16.702399999999997, 8], "axis": "y", "angle": 0}
		},
		{
			"name": "cube",
			"from": [6.5358748, 8.25, 4.4656],
			"to": [9.4641252, 11, 11.5344],
			"faces": {
				"north": {"uv": [0, 0, 1, 1], "texture": "#1"},
				"south": {"uv": [0, 0, 1, 1], "texture": "#1"},
				"down": {"uv": [0, 0, 1, 1], "texture": "#1"}
			},
			"rotation": {"origin": [8, 16.702399999999997, 8], "axis": "y", "angle": 45}
		},
		{
			"name": "cube",
			"from": [6.5358748, 8.25, 4.4656],
			"to": [9.4641252, 11, 11.5344],
			"faces": {
				"north": {"uv": [0, 0, 1, 1], "texture": "#1"},
				"south": {"uv": [0, 0, 1, 1], "texture": "#1"},
				"down": {"uv": [0, 0, 1, 1], "texture": "#1"}
			}
		},
		{
			"name": "cube",
			"from": [4.24, 11, 6.44242],
			"to": [11.76, 14, 9.55758],
			"faces": {
				"east": {"uv": [0, 0, 1, 1], "texture": "#1"},
				"west": {"uv": [0, 0, 1, 1], "texture": "#1"},
				"down": {"uv": [0, 0, 1, 1], "texture": "#1", "rotation": 90}
			},
			"rotation": {"origin": [8, 20.46, 8], "axis": "y", "angle": 45}
		},
		{
			"name": "cube",
			"from": [4.24, 11, 6.44242],
			"to": [11.76, 14, 9.55758],
			"faces": {
				"east": {"uv": [0, 0, 1, 1], "texture": "#1"},
				"west": {"uv": [0, 0, 1, 1], "texture": "#1"},
				"down": {"uv": [0, 0, 1, 1], "texture": "#1", "rotation": 90}
			},
			"rotation": {"origin": [8, 20.46, 8], "axis": "y", "angle": 0}
		},
		{
			"name": "cube",
			"from": [6.44242, 11, 4.24],
			"to": [9.55758, 14, 11.76],
			"faces": {
				"north": {"uv": [0, 0, 1, 1], "texture": "#1"},
				"south": {"uv": [0, 0, 1, 1], "texture": "#1"},
				"down": {"uv": [0, 0, 1, 1], "texture": "#1"}
			},
			"rotation": {"origin": [8, 20.46, 8], "axis": "y", "angle": 45}
		},
		{
			"name": "cube",
			"from": [6.44242, 11, 4.24],
			"to": [9.55758, 14, 11.76],
			"faces": {
				"north": {"uv": [0, 0, 1, 1], "texture": "#1"},
				"south": {"uv": [0, 0, 1, 1], "texture": "#1"},
				"down": {"uv": [0, 0, 1, 1], "texture": "#1"}
			}
		},
		{
			"name": "cube",
			"from": [4.87700416, 2.75, 6.70629897328],
			"to": [11.12299584, 5.5, 9.29370102672],
			"faces": {
				"east": {"uv": [12.1, 2.0999999999999996, 13.9, 5.9], "texture": "#1"},
				"west": {"uv": [12.1, 2.0999999999999996, 13.9, 5.9], "texture": "#1"},
				"down": {"uv": [0, 0, 1, 1], "texture": "#1", "rotation": 90}
			},
			"rotation": {"origin": [8, 11.160340639999996, 8], "axis": "y", "angle": 45}
		},
		{
			"name": "cube",
			"from": [4.87700416, 2.75, 6.70629897328],
			"to": [11.12299584, 5.5, 9.29370102672],
			"faces": {
				"east": {"uv": [12.1, 2.0999999999999996, 13.9, 5.9], "texture": "#1"},
				"west": {"uv": [12.1, 2.0999999999999996, 13.9, 5.9], "texture": "#1"},
				"down": {"uv": [0, 0, 1, 1], "texture": "#1", "rotation": 90}
			},
			"rotation": {"origin": [8, 11.160340639999996, 8], "axis": "y", "angle": 0}
		},
		{
			"name": "cube",
			"from": [6.70629897328, 2.75, 4.87700416],
			"to": [9.29370102672, 5.5, 11.12299584],
			"faces": {
				"north": {"uv": [12.1, 2.0999999999999996, 13.9, 5.9], "texture": "#1"},
				"south": {"uv": [12.1, 2.0999999999999996, 13.9, 5.9], "texture": "#1"},
				"down": {"uv": [0, 0, 1, 1], "texture": "#1"}
			},
			"rotation": {"origin": [8, 11.160340639999996, 8], "axis": "y", "angle": 45}
		},
		{
			"name": "cube",
			"from": [6.70629897328, 2.75, 4.87700416],
			"to": [9.29370102672, 5.5, 11.12299584],
			"faces": {
				"north": {"uv": [12.1, 2.0999999999999996, 13.9, 5.9], "texture": "#1"},
				"south": {"uv": [12.1, 2.0999999999999996, 13.9, 5.9], "texture": "#1"},
				"down": {"uv": [0, 0, 1, 1], "texture": "#1"}
			}
		},
		{
			"name": "cube",
			"from": [5.0643839104, 0, 6.7839210348832],
			"to": [10.9356160896, 2.75, 9.2160789651168],
			"faces": {
				"east": {"uv": [12.1, 1, 13.9, 4.299999999999999], "texture": "#1"},
				"west": {"uv": [12.1, 1, 13.9, 4.299999999999999], "texture": "#1"},
				"down": {"uv": [0, 0, 1, 1], "texture": "#1", "rotation": 90}
			},
			"rotation": {"origin": [8, 7.435720201599995, 8], "axis": "y", "angle": 45}
		},
		{
			"name": "cube",
			"from": [5.0643839104, 0, 6.7839210348832],
			"to": [10.9356160896, 2.75, 9.2160789651168],
			"faces": {
				"east": {"uv": [12.1, 1, 13.9, 4.299999999999999], "texture": "#1"},
				"west": {"uv": [12.1, 1, 13.9, 4.299999999999999], "texture": "#1"},
				"down": {"uv": [0, 0, 1, 1], "texture": "#1", "rotation": 90}
			},
			"rotation": {"origin": [8, 7.435720201599995, 8], "axis": "y", "angle": 0}
		},
		{
			"name": "cube",
			"from": [6.7839210348832, 0, 5.0643839104],
			"to": [9.2160789651168, 2.75, 10.9356160896],
			"faces": {
				"north": {"uv": [12.1, 1, 13.9, 4.299999999999999], "texture": "#1"},
				"south": {"uv": [12.1, 1, 13.9, 4.299999999999999], "texture": "#1"},
				"down": {"uv": [0, 0, 1, 1], "texture": "#1"}
			},
			"rotation": {"origin": [8, 7.435720201599995, 8], "axis": "y", "angle": 45}
		},
		{
			"name": "cube",
			"from": [6.7839210348832, 0, 5.0643839104],
			"to": [9.2160789651168, 2.75, 10.9356160896],
			"faces": {
				"north": {"uv": [12.1, 1, 13.9, 4.299999999999999], "texture": "#1"},
				"south": {"uv": [12.1, 1, 13.9, 4.299999999999999], "texture": "#1"},
				"down": {"uv": [0, 0, 1, 1], "texture": "#1"}
			}
		},
		{
			"name": "cube",
			"from": [5.811967360000001, 24, 7.093607478880001],
			"to": [10.18803264, 27, 8.90639252112],
			"faces": {
				"east": {"uv": [0, 0, 1, 1], "texture": "#1"},
				"west": {"uv": [0, 0, 1, 1], "texture": "#1"},
				"up": {"uv": [0, 0, 1, 1], "texture": "#1", "rotation": 270},
				"down": {"uv": [0, 0, 1, 1], "texture": "#1", "rotation": 270}
			},
			"rotation": {"origin": [8, 29.783073439999995, 8], "axis": "y", "angle": 45}
		},
		{
			"name": "cube",
			"from": [5.811967360000001, 24, 7.093607478880001],
			"to": [10.18803264, 27, 8.90639252112],
			"faces": {
				"east": {"uv": [0, 0, 1, 1], "texture": "#1"},
				"west": {"uv": [0, 0, 1, 1], "texture": "#1"},
				"up": {"uv": [0, 0, 1, 1], "texture": "#1", "rotation": 270},
				"down": {"uv": [0, 0, 1, 1], "texture": "#1", "rotation": 270}
			},
			"rotation": {"origin": [8, 29.783073439999995, 8], "axis": "y", "angle": 0}
		},
		{
			"name": "cube",
			"from": [7.093607478880001, 24, 5.811967360000001],
			"to": [8.90639252112, 27, 10.18803264],
			"faces": {
				"north": {"uv": [0, 0, 1, 1], "texture": "#1"},
				"south": {"uv": [0, 0, 1, 1], "texture": "#1"},
				"up": {"uv": [0, 0, 1, 1], "texture": "#1"},
				"down": {"uv": [0, 0, 1, 1], "texture": "#1", "rotation": 270}
			},
			"rotation": {"origin": [8, 29.783073439999995, 8], "axis": "y", "angle": 45}
		},
		{
			"name": "cube",
			"from": [7.093607478880001, 24, 5.811967360000001],
			"to": [8.90639252112, 27, 10.18803264],
			"faces": {
				"north": {"uv": [0, 0, 1, 1], "texture": "#1"},
				"south": {"uv": [0, 0, 1, 1], "texture": "#1"},
				"up": {"uv": [0, 0, 1, 1], "texture": "#1"},
				"down": {"uv": [0, 0, 1, 1], "texture": "#1", "rotation": 270}
			}
		},
		{
			"name": "cube",
			"from": [4.5600000000000005, 17.5, 6.57498],
			"to": [11.44, 18.5, 9.42502],
			"faces": {
				"east": {"uv": [0, 0, 1, 1], "texture": "#1"},
				"west": {"uv": [0, 0, 1, 1], "texture": "#1"},
				"up": {"uv": [0, 0, 1, 1], "texture": "#1", "rotation": 270}
			},
			"rotation": {"origin": [8, 25.24, 8], "axis": "y", "angle": 45}
		},
		{
			"name": "cube",
			"from": [4.5600000000000005, 17.5, 6.57498],
			"to": [11.44, 18.5, 9.42502],
			"faces": {
				"east": {"uv": [0, 0, 1, 1], "texture": "#1"},
				"west": {"uv": [0, 0, 1, 1], "texture": "#1"},
				"up": {"uv": [0, 0, 1, 1], "texture": "#1", "rotation": 270}
			},
			"rotation": {"origin": [8, 25.24, 8], "axis": "y", "angle": 0}
		},
		{
			"name": "cube",
			"from": [6.57498, 17.5, 4.5600000000000005],
			"to": [9.42502, 18.5, 11.44],
			"faces": {
				"north": {"uv": [0, 0, 1, 1], "texture": "#1"},
				"south": {"uv": [0, 0, 1, 1], "texture": "#1"},
				"up": {"uv": [0, 0, 1, 1], "texture": "#1"}
			},
			"rotation": {"origin": [8, 25.24, 8], "axis": "y", "angle": 45}
		},
		{
			"name": "cube",
			"from": [6.57498, 17.5, 4.5600000000000005],
			"to": [9.42502, 18.5, 11.44],
			"faces": {
				"north": {"uv": [0, 0, 1, 1], "texture": "#1"},
				"south": {"uv": [0, 0, 1, 1], "texture": "#1"},
				"up": {"uv": [0, 0, 1, 1], "texture": "#1"}
			}
		},
		{
			"name": "cube",
			"from": [5.041600000000001, 18.5, 6.7744828],
			"to": [10.9584, 19.5, 9.2255172],
			"faces": {
				"east": {"uv": [0, 0, 1, 1], "texture": "#1"},
				"west": {"uv": [0, 0, 1, 1], "texture": "#1"},
				"up": {"uv": [0, 0, 1, 1], "texture": "#1", "rotation": 270}
			},
			"rotation": {"origin": [8, 25.156399999999998, 8], "axis": "y", "angle": 45}
		},
		{
			"name": "cube",
			"from": [5.041600000000001, 18.5, 6.7744828],
			"to": [10.9584, 19.5, 9.2255172],
			"faces": {
				"east": {"uv": [0, 0, 1, 1], "texture": "#1"},
				"west": {"uv": [0, 0, 1, 1], "texture": "#1"},
				"up": {"uv": [0, 0, 1, 1], "texture": "#1", "rotation": 270}
			},
			"rotation": {"origin": [8, 25.156399999999998, 8], "axis": "y", "angle": 0}
		},
		{
			"name": "cube",
			"from": [6.7744828, 18.5, 5.041600000000001],
			"to": [9.2255172, 19.5, 10.9584],
			"faces": {
				"north": {"uv": [0, 0, 1, 1], "texture": "#1"},
				"south": {"uv": [0, 0, 1, 1], "texture": "#1"},
				"up": {"uv": [0, 0, 1, 1], "texture": "#1"}
			},
			"rotation": {"origin": [8, 25.156399999999998, 8], "axis": "y", "angle": 45}
		},
		{
			"name": "cube",
			"from": [6.7744828, 18.5, 5.041600000000001],
			"to": [9.2255172, 19.5, 10.9584],
			"faces": {
				"north": {"uv": [0, 0, 1, 1], "texture": "#1"},
				"south": {"uv": [0, 0, 1, 1], "texture": "#1"},
				"up": {"uv": [0, 0, 1, 1], "texture": "#1"}
			}
		},
		{
			"name": "cube",
			"from": [6.52964206592, 22.5, 7.39090422580736],
			"to": [9.470357934079999, 23.5, 8.60909577419264],
			"faces": {
				"east": {"uv": [0, 0, 1, 1], "texture": "#1"},
				"west": {"uv": [0, 0, 1, 1], "texture": "#1"}
			},
			"rotation": {"origin": [8, 25.808305351679998, 8], "axis": "y", "angle": 45}
		},
		{
			"name": "cube",
			"from": [6.52964206592, 22.5, 7.39090422580736],
			"to": [9.470357934079999, 23.5, 8.60909577419264],
			"faces": {
				"east": {"uv": [0, 0, 1, 1], "texture": "#1"},
				"west": {"uv": [0, 0, 1, 1], "texture": "#1"}
			},
			"rotation": {"origin": [8, 25.808305351679998, 8], "axis": "y", "angle": 0}
		},
		{
			"name": "cube",
			"from": [7.39090422580736, 22.5, 6.52964206592],
			"to": [8.60909577419264, 23.5, 9.470357934079999],
			"faces": {
				"north": {"uv": [0, 0, 1, 1], "texture": "#1"},
				"south": {"uv": [0, 0, 1, 1], "texture": "#1"}
			},
			"rotation": {"origin": [8, 25.808305351679998, 8], "axis": "y", "angle": 45}
		},
		{
			"name": "cube",
			"from": [7.39090422580736, 22.5, 6.52964206592],
			"to": [8.60909577419264, 23.5, 9.470357934079999],
			"faces": {
				"north": {"uv": [0, 0, 1, 1], "texture": "#1"},
				"south": {"uv": [0, 0, 1, 1], "texture": "#1"}
			}
		},
		{
			"name": "cube",
			"from": [5.455776, 19.5, 6.946055208000001],
			"to": [10.544224, 20.5, 9.053944792000001],
			"faces": {
				"east": {"uv": [0, 0, 1, 1], "texture": "#1"},
				"west": {"uv": [0, 0, 1, 1], "texture": "#1"},
				"up": {"uv": [0, 0, 1, 1], "texture": "#1", "rotation": 270}
			},
			"rotation": {"origin": [8, 25.224503999999996, 8], "axis": "y", "angle": 45}
		},
		{
			"name": "cube",
			"from": [5.455776, 19.5, 6.946055208000001],
			"to": [10.544224, 20.5, 9.053944792000001],
			"faces": {
				"east": {"uv": [0, 0, 1, 1], "texture": "#1"},
				"west": {"uv": [0, 0, 1, 1], "texture": "#1"},
				"up": {"uv": [0, 0, 1, 1], "texture": "#1", "rotation": 270}
			},
			"rotation": {"origin": [8, 25.224503999999996, 8], "axis": "y", "angle": 0}
		},
		{
			"name": "cube",
			"from": [6.946055208000001, 19.5, 5.455776],
			"to": [9.053944792000001, 20.5, 10.544224],
			"faces": {
				"north": {"uv": [0, 0, 1, 1], "texture": "#1"},
				"south": {"uv": [0, 0, 1, 1], "texture": "#1"},
				"up": {"uv": [0, 0, 1, 1], "texture": "#1"}
			},
			"rotation": {"origin": [8, 25.224503999999996, 8], "axis": "y", "angle": 45}
		},
		{
			"name": "cube",
			"from": [6.946055208000001, 19.5, 5.455776],
			"to": [9.053944792000001, 20.5, 10.544224],
			"faces": {
				"north": {"uv": [0, 0, 1, 1], "texture": "#1"},
				"south": {"uv": [0, 0, 1, 1], "texture": "#1"},
				"up": {"uv": [0, 0, 1, 1], "texture": "#1"}
			}
		},
		{
			"name": "cube",
			"from": [5.811967360000001, 20.5, 7.093607478880001],
			"to": [10.18803264, 21.5, 8.90639252112],
			"faces": {
				"east": {"uv": [0, 0, 1, 1], "texture": "#1"},
				"west": {"uv": [0, 0, 1, 1], "texture": "#1"},
				"up": {"uv": [0, 0, 1, 1], "texture": "#1", "rotation": 270}
			},
			"rotation": {"origin": [8, 25.423073439999996, 8], "axis": "y", "angle": 45}
		},
		{
			"name": "cube",
			"from": [5.811967360000001, 20.5, 7.093607478880001],
			"to": [10.18803264, 21.5, 8.90639252112],
			"faces": {
				"east": {"uv": [0, 0, 1, 1], "texture": "#1"},
				"west": {"uv": [0, 0, 1, 1], "texture": "#1"},
				"up": {"uv": [0, 0, 1, 1], "texture": "#1", "rotation": 270}
			},
			"rotation": {"origin": [8, 25.423073439999996, 8], "axis": "y", "angle": 0}
		},
		{
			"name": "cube",
			"from": [7.093607478880001, 20.5, 5.811967360000001],
			"to": [8.90639252112, 21.5, 10.18803264],
			"faces": {
				"north": {"uv": [0, 0, 1, 1], "texture": "#1"},
				"south": {"uv": [0, 0, 1, 1], "texture": "#1"},
				"up": {"uv": [0, 0, 1, 1], "texture": "#1"}
			},
			"rotation": {"origin": [8, 25.423073439999996, 8], "axis": "y", "angle": 45}
		},
		{
			"name": "cube",
			"from": [7.093607478880001, 20.5, 5.811967360000001],
			"to": [8.90639252112, 21.5, 10.18803264],
			"faces": {
				"north": {"uv": [0, 0, 1, 1], "texture": "#1"},
				"south": {"uv": [0, 0, 1, 1], "texture": "#1"},
				"up": {"uv": [0, 0, 1, 1], "texture": "#1"}
			}
		},
		{
			"name": "cube",
			"from": [6.1620525824, 21.5, 7.238630282259201],
			"to": [9.837947417599999, 22.5, 8.7613697177408],
			"faces": {
				"east": {"uv": [0, 0, 1, 1], "texture": "#1"},
				"west": {"uv": [0, 0, 1, 1], "texture": "#1"},
				"up": {"uv": [0, 0, 1, 1], "texture": "#1", "rotation": 270}
			},
			"rotation": {"origin": [8, 25.635381689599996, 8], "axis": "y", "angle": 45}
		},
		{
			"name": "cube",
			"from": [6.1620525824, 21.5, 7.238630282259201],
			"to": [9.837947417599999, 22.5, 8.7613697177408],
			"faces": {
				"east": {"uv": [0, 0, 1, 1], "texture": "#1"},
				"west": {"uv": [0, 0, 1, 1], "texture": "#1"},
				"up": {"uv": [0, 0, 1, 1], "texture": "#1", "rotation": 270}
			},
			"rotation": {"origin": [8, 25.635381689599996, 8], "axis": "y", "angle": 0}
		},
		{
			"name": "cube",
			"from": [7.238630282259201, 21.5, 6.1620525824],
			"to": [8.7613697177408, 22.5, 9.837947417599999],
			"faces": {
				"north": {"uv": [0, 0, 1, 1], "texture": "#1"},
				"south": {"uv": [0, 0, 1, 1], "texture": "#1"},
				"up": {"uv": [0, 0, 1, 1], "texture": "#1"}
			},
			"rotation": {"origin": [8, 25.635381689599996, 8], "axis": "y", "angle": 45}
		},
		{
			"name": "cube",
			"from": [7.238630282259201, 21.5, 6.1620525824],
			"to": [8.7613697177408, 22.5, 9.837947417599999],
			"faces": {
				"north": {"uv": [0, 0, 1, 1], "texture": "#1"},
				"south": {"uv": [0, 0, 1, 1], "texture": "#1"},
				"up": {"uv": [0, 0, 1, 1], "texture": "#1"}
			}
		},
		{
			"name": "cube",
			"from": [6.1620525824, 23.5, 7.238630282259201],
			"to": [9.837947417599999, 24, 8.7613697177408],
			"faces": {
				"east": {"uv": [0, 0, 1, 1], "texture": "#1"},
				"west": {"uv": [0, 0, 1, 1], "texture": "#1"},
				"up": {"uv": [0, 0, 1, 1], "texture": "#1", "rotation": 270},
				"down": {"uv": [0, 0, 1, 1], "texture": "#1", "rotation": 90}
			},
			"rotation": {"origin": [8, 27.635381689599996, 8], "axis": "y", "angle": 45}
		},
		{
			"name": "cube",
			"from": [6.1620525824, 23.5, 7.238630282259201],
			"to": [9.837947417599999, 24, 8.7613697177408],
			"faces": {
				"east": {"uv": [0, 0, 1, 1], "texture": "#1"},
				"west": {"uv": [0, 0, 1, 1], "texture": "#1"},
				"up": {"uv": [0, 0, 1, 1], "texture": "#1", "rotation": 270},
				"down": {"uv": [0, 0, 1, 1], "texture": "#1", "rotation": 90}
			},
			"rotation": {"origin": [8, 27.635381689599996, 8], "axis": "y", "angle": 0}
		},
		{
			"name": "cube",
			"from": [7.238630282259201, 23.5, 6.1620525824],
			"to": [8.7613697177408, 24, 9.837947417599999],
			"faces": {
				"north": {"uv": [0, 0, 1, 1], "texture": "#1"},
				"south": {"uv": [0, 0, 1, 1], "texture": "#1"},
				"up": {"uv": [0, 0, 1, 1], "texture": "#1"},
				"down": {"uv": [0, 0, 1, 1], "texture": "#1"}
			},
			"rotation": {"origin": [8, 27.635381689599996, 8], "axis": "y", "angle": 45}
		},
		{
			"name": "cube",
			"from": [7.238630282259201, 23.5, 6.1620525824],
			"to": [8.7613697177408, 24, 9.837947417599999],
			"faces": {
				"north": {"uv": [0, 0, 1, 1], "texture": "#1"},
				"south": {"uv": [0, 0, 1, 1], "texture": "#1"},
				"up": {"uv": [0, 0, 1, 1], "texture": "#1"},
				"down": {"uv": [0, 0, 1, 1], "texture": "#1"}
			}
		},
		{
			"name": "cube",
			"from": [6.1620525824, 27, 7.238630282259201],
			"to": [9.837947417599999, 27.5, 8.7613697177408],
			"faces": {
				"east": {"uv": [0, 0, 1, 1], "texture": "#1"},
				"west": {"uv": [0, 0, 1, 1], "texture": "#1"},
				"up": {"uv": [0, 0, 1, 1], "texture": "#1", "rotation": 270}
			},
			"rotation": {"origin": [8, 31.135381689599996, 8], "axis": "y", "angle": 45}
		},
		{
			"name": "cube",
			"from": [6.1620525824, 27, 7.238630282259201],
			"to": [9.837947417599999, 27.5, 8.7613697177408],
			"faces": {
				"east": {"uv": [0, 0, 1, 1], "texture": "#1"},
				"west": {"uv": [0, 0, 1, 1], "texture": "#1"},
				"up": {"uv": [0, 0, 1, 1], "texture": "#1", "rotation": 270}
			},
			"rotation": {"origin": [8, 31.135381689599996, 8], "axis": "y", "angle": 0}
		},
		{
			"name": "cube",
			"from": [7.238630282259201, 27, 6.1620525824],
			"to": [8.7613697177408, 27.5, 9.837947417599999],
			"faces": {
				"north": {"uv": [0, 0, 1, 1], "texture": "#1"},
				"south": {"uv": [0, 0, 1, 1], "texture": "#1"},
				"up": {"uv": [0, 0, 1, 1], "texture": "#1"}
			},
			"rotation": {"origin": [8, 31.135381689599996, 8], "axis": "y", "angle": 45}
		},
		{
			"name": "cube",
			"from": [7.238630282259201, 27, 6.1620525824],
			"to": [8.7613697177408, 27.5, 9.837947417599999],
			"faces": {
				"north": {"uv": [0, 0, 1, 1], "texture": "#1"},
				"south": {"uv": [0, 0, 1, 1], "texture": "#1"},
				"up": {"uv": [0, 0, 1, 1], "texture": "#1"}
			}
		},
		{
			"name": "cube",
			"from": [4.635572596959948, 5.499920000000001, 6.606285948290658],
			"to": [11.364427403040052, 8.489920000000001, 9.393714051709342],
			"faces": {
				"east": {"uv": [12.1, 2.1, 13.9, 3.9], "texture": "#0", "tintindex": 0},
				"west": {"uv": [12.1, 2.1, 13.9, 3.9], "texture": "#0", "tintindex": 0},
				"down": {"uv": [12.1, 2.1, 13.9, 3.9], "texture": "#0", "tintindex": 0}
			},
			"rotation": {"origin": [8, 15.13527272288811, 8], "axis": "y", "angle": 45}
		},
		{
			"name": "cube",
			"from": [4.635572596959948, 5.499920000000001, 6.606285948290658],
			"to": [11.364427403040052, 8.489920000000001, 9.393714051709342],
			"faces": {
				"east": {"uv": [12.1, 2.1, 13.9, 3.9], "texture": "#0", "tintindex": 0},
				"west": {"uv": [12.1, 2.1, 13.9, 3.9], "texture": "#0", "tintindex": 0},
				"down": {"uv": [12.1, 2.1, 13.9, 3.9], "texture": "#0", "tintindex": 0}
			},
			"rotation": {"origin": [8, 15.13527272288811, 8], "axis": "y", "angle": 0}
		},
		{
			"name": "cube",
			"from": [6.606285948290658, 5.499920000000001, 4.635572596959948],
			"to": [9.393714051709342, 8.489920000000001, 11.364427403040052],
			"faces": {
				"north": {"uv": [12.1, 2.1, 13.9, 3.9], "texture": "#0", "tintindex": 0},
				"south": {"uv": [12.1, 2.1, 13.9, 3.9], "texture": "#0", "tintindex": 0},
				"down": {"uv": [12.1, 2.1, 13.9, 3.9], "texture": "#0", "tintindex": 0}
			}
		},
		{
			"name": "cube",
			"from": [5.005671588608, 0.19999999999999996, 6.759599455580863],
			"to": [10.994328411392, 1.8830000000000007, 9.240400544419137],
			"faces": {
				"east": {"uv": [12.1, 2.1, 13.9, 3.9], "texture": "#0", "tintindex": 0},
				"west": {"uv": [12.1, 2.1, 13.9, 3.9], "texture": "#0", "tintindex": 0}
			},
			"rotation": {"origin": [8, 7.529434605631995, 8], "axis": "y", "angle": 45}
		},
		{
			"name": "cube",
			"from": [5.005671588608, 0.19999999999999996, 6.759599455580863],
			"to": [10.994328411392, 1.8830000000000007, 9.240400544419137],
			"faces": {
				"east": {"uv": [12.1, 2.1, 13.9, 3.9], "texture": "#0", "tintindex": 0},
				"west": {"uv": [12.1, 2.1, 13.9, 3.9], "texture": "#0", "tintindex": 0}
			},
			"rotation": {"origin": [8, 7.529434605631995, 8], "axis": "y", "angle": 0}
		},
		{
			"name": "cube",
			"from": [6.759599455580863, 0.19999999999999996, 5.005671588608],
			"to": [9.240400544419137, 1.8830000000000007, 10.994328411392],
			"faces": {
				"north": {"uv": [12.1, 2.1, 13.9, 3.9], "texture": "#0", "tintindex": 0},
				"south": {"uv": [12.1, 2.1, 13.9, 3.9], "texture": "#0", "tintindex": 0}
			},
			"rotation": {"origin": [8, 7.529434605631995, 8], "axis": "y", "angle": 45}
		},
		{
			"name": "cube",
			"from": [6.759599455580863, 0.19999999999999996, 5.005671588608],
			"to": [9.240400544419137, 1.8830000000000007, 10.994328411392],
			"faces": {
				"north": {"uv": [12.1, 2.1, 13.9, 3.9], "texture": "#0", "tintindex": 0},
				"south": {"uv": [12.1, 2.1, 13.9, 3.9], "texture": "#0", "tintindex": 0}
			}
		},
		{
			"name": "cube",
			"from": [4.82601188392448, 4.132000000000001, 6.685175422915715],
			"to": [11.17398811607552, 5.632000000000001, 9.314824577084284],
			"faces": {
				"east": {"uv": [12.1, 2.1, 13.9, 3.9], "texture": "#0", "tintindex": 0},
				"west": {"uv": [12.1, 2.1, 13.9, 3.9], "texture": "#0", "tintindex": 0}
			},
			"rotation": {"origin": [8, 11.901200681969915, 8], "axis": "y", "angle": 45}
		},
		{
			"name": "cube",
			"from": [4.82601188392448, 4.132000000000001, 6.685175422915715],
			"to": [11.17398811607552, 5.632000000000001, 9.314824577084284],
			"faces": {
				"east": {"uv": [12.1, 2.1, 13.9, 3.9], "texture": "#0", "tintindex": 0},
				"west": {"uv": [12.1, 2.1, 13.9, 3.9], "texture": "#0", "tintindex": 0}
			},
			"rotation": {"origin": [8, 11.901200681969915, 8], "axis": "y", "angle": 0}
		},
		{
			"name": "cube",
			"from": [6.685175422915715, 4.132000000000001, 4.82601188392448],
			"to": [9.314824577084284, 5.632000000000001, 11.17398811607552],
			"faces": {
				"north": {"uv": [12.1, 2.1, 13.9, 3.9], "texture": "#0", "tintindex": 0},
				"south": {"uv": [12.1, 2.2, 13.9, 4], "texture": "#0", "tintindex": 0}
			},
			"rotation": {"origin": [8, 11.901200681969915, 8], "axis": "y", "angle": 45}
		},
		{
			"name": "cube",
			"from": [6.685175422915715, 4.132000000000001, 4.82601188392448],
			"to": [9.314824577084284, 5.632000000000001, 11.17398811607552],
			"faces": {
				"north": {"uv": [12.1, 2.1, 13.9, 3.9], "texture": "#0", "tintindex": 0},
				"south": {"uv": [12.1, 2.2, 13.9, 4], "texture": "#0", "tintindex": 0}
			}
		},
		{
			"name": "cube",
			"from": [6.606285948290658, 5.499920000000001, 4.635572596959948],
			"to": [9.393714051709342, 8.489920000000001, 11.364427403040052],
			"faces": {
				"north": {"uv": [12.1, 2.1, 13.9, 3.9], "texture": "#0", "tintindex": 0},
				"south": {"uv": [12.1, 2.1, 13.9, 3.9], "texture": "#0", "tintindex": 0},
				"down": {"uv": [12.1, 2.1, 13.9, 3.9], "texture": "#0", "tintindex": 0}
			},
			"rotation": {"origin": [8, 8, 8], "axis": "y", "angle": 45}
		}
	],
	"display": {
		"head": {"scale": [1.9, 1.9, 1.9], "translation": [0, 8.5, 0], "rotation": [0, 30, 0]},
		"thirdperson_righthand": {
			"scale": [0.375, 0.375, 0.375],
			"rotation": [40, 45, 0],
			"translation": [0, -0.5, 0]
		},
		"thirdperson_lefthand": {
			"scale": [0.375, 0.375, 0.375],
			"rotation": [40, 45, 0],
			"translation": [0, -0.5, 0]
		},
		"firstperson_righthand": {
			"scale": [0.68, 0.68, 0.68],
			"rotation": [0, -90, 25],
			"translation": [2.5, 1.5, 0]
		},
		"firstperson_lefthand": {
			"scale": [0.68, 0.68, 0.68],
			"rotation": [0, -90, 25],
			"translation": [2.5, 1.5, 0]
		},
		"ground": {"scale": [0.5, 0.5, 0.5], "rotation": [0, 0, 0], "translation": [0, 2, 0]},
		"fixed": {"scale": [0.7, 0.7, 0.7], "rotation": [0, 180, 0], "translation": [0, -4, 0]},
		"gui": {"scale": [0.625, 0.625, 0.625], "rotation": [30, 225, 0], "translation": [0, -3, 0]}
	}
}