{
	"parent": "item/generated",
	"textures": {
		"layer0": "block/acacia_sapling"
	},
	"overrides": [
		{ "predicate": {"custom_model_data": 1}, "model": "decoration/board/yoshi/bubba/bubba"},
		{ "predicate": {"custom_model_data": 2}, "model": "decoration/board/yoshi/bubba/bubba2"},
		
		
		
		
		{ "predicate": {"custom_model_data": 7}, "model": "decoration/board/yoshi/yoshi_letter_y"},
		{ "predicate": {"custom_model_data": 8}, "model": "decoration/board/yoshi/yoshi_letter_o"},
		{ "predicate": {"custom_model_data": 9}, "model": "decoration/board/yoshi/yoshi_letter_s"},
		{ "predicate": {"custom_model_data": 10}, "model": "decoration/board/yoshi/yoshi_letter_h"},
		{ "predicate": {"custom_model_data": 11}, "model": "decoration/board/yoshi/yoshi_letter_i"},
		{ "predicate": {"custom_model_data": 12}, "model": "decoration/board/yoshi/thwomp"},
		{ "predicate": {"custom_model_data": 13}, "model": "decoration/board/yoshi/bowser_tube"}

	]
}