{
	"parent": "item/generated",
	"textures": {
		"layer0": "item/blaze_rod"
	},
	"overrides": [
		{ "predicate": {"custom_model_data": 1}, "model": "decoration/board/star/grafiti_bowser"},
		{ "predicate": {"custom_model_data": 2}, "model": "decoration/board/star/grafiti_arrow_b1"},
		{ "predicate": {"custom_model_data": 3}, "model": "decoration/board/star/grafiti_zstar"},
		{ "predicate": {"custom_model_data": 4}, "model": "decoration/board/star/grafiti_arrow_r1"},
		{ "predicate": {"custom_model_data": 5}, "model": "decoration/board/star/grafiti_arrow_p1"},
		{ "predicate": {"custom_model_data": 6}, "model": "decoration/board/star/grafiti_arrow_b2"},
		{ "predicate": {"custom_model_data": 7}, "model": "decoration/board/star/grafiti_arrow_rp1"},
		{ "predicate": {"custom_model_data": 8}, "model": "decoration/board/star/grafiti_star"},
		{ "predicate": {"custom_model_data": 9}, "model": "decoration/board/star/star_crossing_triangle"}

	]
}