{
    "__comment": "Model generated using MrCrayfish's Model Creator (http://mrcrayfish.com/modelcreator/)",
    "textures": {
        "0": "item/char"
    },
	"display": {
		"head": {
			"scale": [ 1.45, 1.45, 1.45 ],
			"translation": [ 0, -29.5, 0 ],
			"rotation": [ 0, 0, 0 ]
			}
		},
    "elements": [
        {
            "name": "Leg Right1",
            "from": [ 4.0, -0.5, 6.0 ], 
            "to": [ 8.0, 11.5, 10.0 ], 
            "faces": {
                "north": { "texture": "#0", "uv": [ 3.0, 5.0, 4.0, 8.0 ] },
                "east": { "texture": "#0", "uv": [ 2.0, 5.0, 3.0, 8.0 ] },
                "south": { "texture": "#0", "uv": [ 1.0, 5.0, 2.0, 8.0 ] },
                "west": { "texture": "#0", "uv": [ 0.0, 5.0, 1.0, 8.0 ] },
                "up": { "texture": "#0", "uv": [ 1.0, 4.0, 2.0, 5.0 ] },
                "down": { "texture": "#0", "uv": [ 2.0, 4.0, 3.0, 5.0 ] }
            }
        },
        {
            "name": "Leg Left1",
            "from": [ 8.0, -0.5, 6.0 ], 
            "to": [ 12.0, 11.5, 10.0 ], 
            "faces": {
                "north": { "texture": "#0", "uv": [ 8.0, 13.0, 7.0, 16.0 ] },
                "east": { "texture": "#0", "uv": [ 6.0, 13.0, 7.0, 16.0 ] },
                "south": { "texture": "#0", "uv": [ 5.0, 13.0, 6.0, 16.0 ] },
                "west": { "texture": "#0", "uv": [ 4.0, 13.0, 5.0, 16.0 ] },
                "up": { "texture": "#0", "uv": [ 5.0, 12.0, 6.0, 13.0 ] },
                "down": { "texture": "#0", "uv": [ 6.0, 12.0, 7.0, 13.0 ] }
            }
        },
        {
            "name": "Body1",
            "from": [ 4.0, 11.5, 6.0 ], 
            "to": [ 12.0, 23.5, 10.0 ], 
            "faces": {
                "north": { "texture": "#0", "uv": [ 8.0, 5.0, 10.0, 8.0 ] },
                "east": { "texture": "#0", "uv": [ 7.0, 5.0, 8.0, 8.0 ] },
                "south": { "texture": "#0", "uv": [ 5.0, 5.0, 7.0, 8.0 ] },
                "west": { "texture": "#0", "uv": [ 4.0, 5.0, 5.0, 8.0 ] },
                "up": { "texture": "#0", "uv": [ 5.0, 4.0, 7.0, 5.0 ] },
                "down": { "texture": "#0", "uv": [ 7.0, 4.0, 9.0, 5.0 ] }
            }
        },
        {
            "name": "Head1",
            "from": [ 4.0, 23.5, 4.0 ], 
            "to": [ 12.0, 31.5, 12.0 ], 
            "faces": {
                "north": { "texture": "#0", "uv": [ 6.0, 2.0, 8.0, 4.0 ] },
                "east": { "texture": "#0", "uv": [ 4.0, 2.0, 6.0, 4.0 ] },
                "south": { "texture": "#0", "uv": [ 2.0, 2.0, 4.0, 4.0 ] },
                "west": { "texture": "#0", "uv": [ 0.0, 2.0, 2.0, 4.0 ] },
                "up": { "texture": "#0", "uv": [ 2.0, 0.0, 4.0, 2.0 ] },
                "down": { "texture": "#0", "uv": [ 4.0, 0.0, 6.0, 2.0 ], "rotation": 180 }
            }
        },
        {
            "name": "Arm Right1",
            "from": [ 0.0, 11.5, 6.0 ], 
            "to": [ 4.0, 23.5, 10.0 ], 
            "faces": {
                "north": { "texture": "#0", "uv": [ 13.0, 5.0, 14.0, 8.0 ] },
                "east": { "texture": "#0", "uv": [ 10.0, 5.0, 11.0, 8.0 ] },
                "south": { "texture": "#0", "uv": [ 11.0, 5.0, 12.0, 8.0 ] },
                "west": { "texture": "#0", "uv": [ 12.0, 5.0, 13.0, 8.0 ] },
                "up": { "texture": "#0", "uv": [ 11.0, 4.0, 12.0, 5.0 ] },
                "down": { "texture": "#0", "uv": [ 12.0, 4.0, 13.0, 5.0 ] }
            }
        },
        {
            "name": "Arm Left 1",
            "from": [ 12.0, 11.5, 6.0 ], 
            "to": [ 16.0, 23.5, 10.0 ], 
            "faces": {
                "north": { "texture": "#0", "uv": [ 11.0, 13.0, 12.0, 16.0 ] },
                "east": { "texture": "#0", "uv": [ 8.0, 13.0, 9.0, 16.0 ] },
                "south": { "texture": "#0", "uv": [ 9.0, 13.0, 10.0, 16.0 ] },
                "west": { "texture": "#0", "uv": [ 10.0, 13.0, 11.0, 16.0 ] },
                "up": { "texture": "#0", "uv": [ 9.0, 12.0, 10.0, 13.0 ] },
                "down": { "texture": "#0", "uv": [ 10.0, 12.0, 11.0, 13.0 ] }
            }
        },
        {
            "name": "Head2",
            "from": [ 3.5, 23.0, 3.5 ], 
            "to": [ 12.5, 32.0, 12.5 ], 
            "faces": {
                "north": { "texture": "#0", "uv": [ 14.0, 2.0, 16.0, 4.0 ] },
                "east": { "texture": "#0", "uv": [ 12.0, 2.0, 14.0, 4.0 ] },
                "south": { "texture": "#0", "uv": [ 10.0, 2.0, 12.0, 4.0 ] },
                "west": { "texture": "#0", "uv": [ 8.0, 2.0, 10.0, 4.0 ] },
                "up": { "texture": "#0", "uv": [ 10.0, 0.0, 12.0, 2.0 ] },
                "down": { "texture": "#0", "uv": [ 12.0, 0.0, 14.0, 2.0 ], "rotation": 180 }
            }
        },
        {
            "name": "Body2",
            "from": [ 4.0, 11.02, 5.51 ], 
            "to": [ 12.0, 24.03, 10.51 ], 
            "faces": {
                "north": { "texture": "#0", "uv": [ 8.0, 9.0, 10.0, 12.0 ] },
                "east": { "texture": "#0", "uv": [ 7.0, 9.0, 8.0, 12.0 ] },
                "south": { "texture": "#0", "uv": [ 5.0, 9.0, 7.0, 12.0 ] },
                "west": { "texture": "#0", "uv": [ 4.0, 9.0, 5.0, 12.0 ] },
                "up": { "texture": "#0", "uv": [ 5.0, 8.0, 7.0, 9.0 ] },
                "down": { "texture": "#0", "uv": [ 7.0, 8.0, 9.0, 9.0 ] }
            }
        },
        {
            "name": "Arm Right2",
            "from": [ -0.5, 11.0, 5.499999992549419 ], 
            "to": [ 4.49, 24.0, 10.49999999254942 ], 
            "faces": {
                "north": { "texture": "#0", "uv": [ 13.0, 9.0, 14.0, 12.0 ] },
                "east": { "texture": "#0", "uv": [ 10.0, 9.0, 11.0, 12.0 ] },
                "south": { "texture": "#0", "uv": [ 11.0, 9.0, 12.0, 12.0 ] },
                "west": { "texture": "#0", "uv": [ 10.0, 9.0, 11.0, 12.0 ] },
                "up": { "texture": "#0", "uv": [ 11.0, 8.0, 12.0, 9.0 ] },
                "down": { "texture": "#0", "uv": [ 12.0, 8.0, 13.0, 9.0 ], "rotation": 180 }
            }
        },
        {
            "name": "Arm Left2",
            "from": [ 11.49999999254942, 10.99999999254942, 5.499999992549419 ], 
            "to": [ 16.49999999254942, 23.99999999254942, 10.49999999254942 ], 
            "faces": {
                "north": { "texture": "#0", "uv": [ 15.0, 13.0, 16.0, 16.0 ] },
                "east": { "texture": "#0", "uv": [ 12.0, 13.0, 13.0, 16.0 ] },
                "south": { "texture": "#0", "uv": [ 13.0, 13.0, 14.0, 16.0 ] },
                "west": { "texture": "#0", "uv": [ 14.0, 13.0, 15.0, 16.0 ] },
                "up": { "texture": "#0", "uv": [ 13.0, 12.0, 14.0, 13.0 ] },
                "down": { "texture": "#0", "uv": [ 14.0, 12.0, 15.0, 13.0 ] }
            }
        },
        {
            "name": "Leg Right2",
            "from": [ 3.4999999925494194, -1.0000000074505806, 5.499999992549419 ], 
            "to": [ 8.49999999254942, 11.99999999254942, 10.49999999254942 ], 
            "faces": {
                "north": { "texture": "#0", "uv": [ 3.0, 9.0, 4.0, 12.0 ] },
                "east": { "texture": "#0", "uv": [ 2.0, 9.0, 3.0, 12.0 ] },
                "south": { "texture": "#0", "uv": [ 1.0, 9.0, 2.0, 12.0 ] },
                "west": { "texture": "#0", "uv": [ 0.0, 9.0, 1.0, 12.0 ] },
                "down": { "texture": "#0", "uv": [ 2.0, 4.0, 3.0, 5.0 ] }
            }
        },
        {
            "name": "LegLeft2",
            "from": [ 7.499999992549419, -1.0000000074505806, 5.499999992549419 ], 
            "to": [ 12.49999999254942, 11.99999999254942, 10.49999999254942 ], 
            "faces": {
                "north": { "texture": "#0", "uv": [ 3.0, 13.0, 4.0, 16.0 ] },
                "east": { "texture": "#0", "uv": [ 2.0, 13.0, 3.0, 16.0 ] },
                "south": { "texture": "#0", "uv": [ 1.0, 13.0, 2.0, 16.0 ] },
                "west": { "texture": "#0", "uv": [ 0.0, 13.0, 1.0, 16.0 ] },
                "down": { "texture": "#0", "uv": [ 6.0, 12.0, 7.0, 13.0 ] }
            }
        }
    ]
}