{
	"parent": "item/generated",
	"textures": {
		"layer0": "block/cornflower"
	},
	"overrides": [
		{ "predicate": {"custom_model_data": 1}, "model": "minigame/pp3/base"},
		{ "predicate": {"custom_model_data": 2}, "model": "minigame/pp3/black_square"},
		{ "predicate": {"custom_model_data": 3}, "model": "minigame/pp3/black_wheel"},
		{ "predicate": {"custom_model_data": 4}, "model": "minigame/pp3/brown_wheel"},
		{ "predicate": {"custom_model_data": 5}, "model": "minigame/pp3/black_hexagon"},
		{ "predicate": {"custom_model_data": 6}, "model": "minigame/pp3/bike"},
		{ "predicate": {"custom_model_data": 7}, "model": "minigame/pp3/tire"},
		{ "predicate": {"custom_model_data": 8}, "model": "minigame/pp3/pedal"},
		{ "predicate": {"custom_model_data": 9}, "model": "minigame/pp3/chain_1"},
		{ "predicate": {"custom_model_data": 10}, "model": "minigame/pp3/chain_2"},
		{ "predicate": {"custom_model_data": 11}, "model": "minigame/pp3/chain_3"},
		{ "predicate": {"custom_model_data": 12}, "model": "minigame/pp3/chain_4"},
		{ "predicate": {"custom_model_data": 13}, "model": "minigame/pp3/chain_5"},
		{ "predicate": {"custom_model_data": 14}, "model": "minigame/pp3/chain_6"},
		{ "predicate": {"custom_model_data": 15}, "model": "minigame/pp3/chain_7"},
		{ "predicate": {"custom_model_data": 16}, "model": "minigame/pp3/chain_8"},
		{ "predicate": {"custom_model_data": 17}, "model": "minigame/pp3/door"},
		{ "predicate": {"custom_model_data": 18}, "model": "minigame/pp3/lightbulb"}
	]
}