{
	"credit": "Made with Blockbench, a free, modern block model editor by JannisX11",
	"textures": {"0": "item/fading_white", "particle": "item/fading_white"},
	"elements": [
		{
			"name": "cube",
			"from": [1, 1, 1],
			"to": [15, 15, 15],
			"faces": {
				"north": {"uv": [0, 0, 1, 1], "texture": "#0"},
				"east": {"uv": [0, 0, 1, 1], "texture": "#0"},
				"south": {"uv": [0, 0, 1, 1], "texture": "#0"},
				"west": {"uv": [0, 0, 1, 1], "texture": "#0"},
				"up": {"uv": [0, 0, 1, 1], "texture": "#0"},
				"down": {"uv": [0, 0, 1, 1], "texture": "#0"}
			}
		}
	],
	"display": {
		"thirdperson_righthand": {
			"scale": [0.375, 0.375, 0.375],
			"rotation": [75, 45, 0],
			"translation": [0, 2.5, 0]
		},
		"head": {"scale": [1, 1, 1]},
		"thirdperson_lefthand": {"scale": [1, 1, 1]},
		"firstperson_righthand": {
			"scale": [0.4, 0.4, 0.4],
			"rotation": [0, 45, 0],
			"translation": [0, 0, 0]
		},
		"ground": {"scale": [0.25, 0.25, 0.25], "rotation": [0, 0, 0], "translation": [0, 3, 0]},
		"fixed": {"scale": [0.5, 0.5, 0.5], "rotation": [0, 0, 0], "translation": [0, 0, 0]},
		"gui": {"scale": [0.625, 0.625, 0.625], "rotation": [30, 225, 0], "translation": [0, 0, 0]}
	}
}