{
	"parent": "item/generated",
	"textures": {
		"layer0": "item/feather"
	},
	"overrides": [
		{ "predicate": {"custom_model_data": 1}, "model": "decoration/board/general/dice_normal"},
		{ "predicate": {"custom_model_data": 2}, "model": "decoration/board/general/dice_plus"},
		{ "predicate": {"custom_model_data": 3}, "model": "decoration/board/general/dice_minus"},
		{ "predicate": {"custom_model_data": 4}, "model": "decoration/board/general/dice_slow"},
		{ "predicate": {"custom_model_data": 5}, "model": "decoration/board/general/dice_speed"},
		{ "predicate": {"custom_model_data": 6}, "model": "decoration/board/general/dice_warp"},
		{ "predicate": {"custom_model_data": 7}, "model": "decoration/board/general/dice_event"},
		{ "predicate": {"custom_model_data": 8}, "model": "decoration/board/general/dice_mushroom"},
		{ "predicate": {"custom_model_data": 9}, "model": "decoration/board/general/red_arrow"}

	]
}