{
	"parent": "item/generated",
	"textures": {
		"layer0": "item/glowstone_dust"
	},
	"overrides": [
		{ "predicate": {"custom_model_data": 0}, "model": "minigame/bb/pump_0"},
		{ "predicate": {"custom_model_data": 1}, "model": "minigame/bb/pump_1"},
		{ "predicate": {"custom_model_data": 2}, "model": "minigame/bb/pump_2"},
		{ "predicate": {"custom_model_data": 3}, "model": "minigame/bb/pump_3"},
		{ "predicate": {"custom_model_data": 4}, "model": "minigame/bb/pump_4"},
		{ "predicate": {"custom_model_data": 5}, "model": "minigame/bb/pump_5"},
		{ "predicate": {"custom_model_data": 6}, "model": "minigame/bb/window"},
		
                { "predicate": {"custom_model_data": 10}, "model": "minigame/bb/balloon/balloon_0"},
        { "predicate": {"custom_model_data": 15}, "model": "minigame/bb/balloon/balloon_1"},
        { "predicate": {"custom_model_data": 20}, "model": "minigame/bb/balloon/balloon_2"},
        { "predicate": {"custom_model_data": 25}, "model": "minigame/bb/balloon/balloon_3"},
        { "predicate": {"custom_model_data": 30}, "model": "minigame/bb/balloon/balloon_4"},
        { "predicate": {"custom_model_data": 35}, "model": "minigame/bb/balloon/balloon_5"},
        { "predicate": {"custom_model_data": 40}, "model": "minigame/bb/balloon/balloon_6"},
        { "predicate": {"custom_model_data": 45}, "model": "minigame/bb/balloon/balloon_7"},
        { "predicate": {"custom_model_data": 50}, "model": "minigame/bb/balloon/balloon_8"},
        { "predicate": {"custom_model_data": 55}, "model": "minigame/bb/balloon/balloon_9"},
        { "predicate": {"custom_model_data": 60}, "model": "minigame/bb/balloon/balloon_10"},
        { "predicate": {"custom_model_data": 65}, "model": "minigame/bb/balloon/balloon_11"},
        { "predicate": {"custom_model_data": 70}, "model": "minigame/bb/balloon/balloon_12"},
        { "predicate": {"custom_model_data": 75}, "model": "minigame/bb/balloon/balloon_13"},
        { "predicate": {"custom_model_data": 80}, "model": "minigame/bb/balloon/balloon_14"},
        { "predicate": {"custom_model_data": 85}, "model": "minigame/bb/balloon/balloon_15"},
        { "predicate": {"custom_model_data": 90}, "model": "minigame/bb/balloon/balloon_16"},
        { "predicate": {"custom_model_data": 95}, "model": "minigame/bb/balloon/balloon_17"},
        { "predicate": {"custom_model_data": 100}, "model": "minigame/bb/balloon/balloon_18"},
        { "predicate": {"custom_model_data": 105}, "model": "minigame/bb/balloon/balloon_19"},
        { "predicate": {"custom_model_data": 110}, "model": "minigame/bb/balloon/balloon_20"},
        { "predicate": {"custom_model_data": 115}, "model": "minigame/bb/balloon/balloon_21"},
        { "predicate": {"custom_model_data": 120}, "model": "minigame/bb/balloon/balloon_22"},
        { "predicate": {"custom_model_data": 125}, "model": "minigame/bb/balloon/balloon_23"},
        { "predicate": {"custom_model_data": 130}, "model": "minigame/bb/balloon/balloon_24"},
        { "predicate": {"custom_model_data": 135}, "model": "minigame/bb/balloon/balloon_25"},
        { "predicate": {"custom_model_data": 140}, "model": "minigame/bb/balloon/balloon_26"},
        { "predicate": {"custom_model_data": 145}, "model": "minigame/bb/balloon/balloon_27"},
        { "predicate": {"custom_model_data": 150}, "model": "minigame/bb/balloon/balloon_28"},
        { "predicate": {"custom_model_data": 155}, "model": "minigame/bb/balloon/balloon_29"},
        { "predicate": {"custom_model_data": 160}, "model": "minigame/bb/balloon/balloon_30"},
        { "predicate": {"custom_model_data": 165}, "model": "minigame/bb/balloon/balloon_31"},
        { "predicate": {"custom_model_data": 170}, "model": "minigame/bb/balloon/balloon_32"},
        { "predicate": {"custom_model_data": 175}, "model": "minigame/bb/balloon/balloon_33"},
        { "predicate": {"custom_model_data": 180}, "model": "minigame/bb/balloon/balloon_34"},
        { "predicate": {"custom_model_data": 185}, "model": "minigame/bb/balloon/balloon_35"},
        { "predicate": {"custom_model_data": 190}, "model": "minigame/bb/balloon/balloon_36"},
        { "predicate": {"custom_model_data": 195}, "model": "minigame/bb/balloon/balloon_37"},
        { "predicate": {"custom_model_data": 200}, "model": "minigame/bb/balloon/balloon_38"},
        { "predicate": {"custom_model_data": 205}, "model": "minigame/bb/balloon/balloon_39"},
        { "predicate": {"custom_model_data": 210}, "model": "minigame/bb/balloon/balloon_40"},
        { "predicate": {"custom_model_data": 215}, "model": "minigame/bb/balloon/balloon_41"},
        { "predicate": {"custom_model_data": 220}, "model": "minigame/bb/balloon/balloon_42"},
        { "predicate": {"custom_model_data": 225}, "model": "minigame/bb/balloon/balloon_43"},
        { "predicate": {"custom_model_data": 230}, "model": "minigame/bb/balloon/balloon_44"},
        { "predicate": {"custom_model_data": 235}, "model": "minigame/bb/balloon/balloon_45"},
        { "predicate": {"custom_model_data": 240}, "model": "minigame/bb/balloon/balloon_46"},
        { "predicate": {"custom_model_data": 245}, "model": "minigame/bb/balloon/balloon_47"},
        { "predicate": {"custom_model_data": 250}, "model": "minigame/bb/balloon/balloon_48"},
        { "predicate": {"custom_model_data": 255}, "model": "minigame/bb/balloon/balloon_49"},
        { "predicate": {"custom_model_data": 260}, "model": "minigame/bb/balloon/balloon_50"},
        { "predicate": {"custom_model_data": 265}, "model": "minigame/bb/balloon/balloon_51"},
        { "predicate": {"custom_model_data": 270}, "model": "minigame/bb/balloon/balloon_52"},
        { "predicate": {"custom_model_data": 275}, "model": "minigame/bb/balloon/balloon_53"},
        { "predicate": {"custom_model_data": 280}, "model": "minigame/bb/balloon/balloon_54"},
        { "predicate": {"custom_model_data": 285}, "model": "minigame/bb/balloon/balloon_55"},
        { "predicate": {"custom_model_data": 290}, "model": "minigame/bb/balloon/balloon_56"},
        { "predicate": {"custom_model_data": 295}, "model": "minigame/bb/balloon/balloon_57"},
        { "predicate": {"custom_model_data": 300}, "model": "minigame/bb/balloon/balloon_58"},
        { "predicate": {"custom_model_data": 305}, "model": "minigame/bb/balloon/balloon_59"},
        { "predicate": {"custom_model_data": 310}, "model": "minigame/bb/balloon/balloon_60"},
        { "predicate": {"custom_model_data": 315}, "model": "minigame/bb/balloon/balloon_61"},
        { "predicate": {"custom_model_data": 320}, "model": "minigame/bb/balloon/balloon_62"},
        { "predicate": {"custom_model_data": 325}, "model": "minigame/bb/balloon/balloon_63"},
        { "predicate": {"custom_model_data": 330}, "model": "minigame/bb/balloon/balloon_64"},
        { "predicate": {"custom_model_data": 335}, "model": "minigame/bb/balloon/balloon_65"},
        { "predicate": {"custom_model_data": 336}, "model": "minigame/bb/balloon/balloon_65_1"},
        { "predicate": {"custom_model_data": 337}, "model": "minigame/bb/balloon/balloon_65_2"},
        { "predicate": {"custom_model_data": 338}, "model": "minigame/bb/balloon/balloon_65_3"},
        { "predicate": {"custom_model_data": 339}, "model": "minigame/bb/balloon/balloon_65_4"},
        { "predicate": {"custom_model_data": 340}, "model": "minigame/bb/balloon/balloon_66"},
        { "predicate": {"custom_model_data": 341}, "model": "minigame/bb/balloon/balloon_66_1"},
        { "predicate": {"custom_model_data": 342}, "model": "minigame/bb/balloon/balloon_66_2"},
        { "predicate": {"custom_model_data": 343}, "model": "minigame/bb/balloon/balloon_66_3"},
        { "predicate": {"custom_model_data": 344}, "model": "minigame/bb/balloon/balloon_66_4"},
        { "predicate": {"custom_model_data": 345}, "model": "minigame/bb/balloon/balloon_67"},
        { "predicate": {"custom_model_data": 346}, "model": "minigame/bb/balloon/balloon_67_1"},
        { "predicate": {"custom_model_data": 347}, "model": "minigame/bb/balloon/balloon_67_2"},
        { "predicate": {"custom_model_data": 348}, "model": "minigame/bb/balloon/balloon_67_3"},
        { "predicate": {"custom_model_data": 349}, "model": "minigame/bb/balloon/balloon_67_4"},
        { "predicate": {"custom_model_data": 350}, "model": "minigame/bb/balloon/balloon_68"},
        { "predicate": {"custom_model_data": 351}, "model": "minigame/bb/balloon/balloon_68_1"},
        { "predicate": {"custom_model_data": 352}, "model": "minigame/bb/balloon/balloon_68_2"},
        { "predicate": {"custom_model_data": 353}, "model": "minigame/bb/balloon/balloon_68_3"},
        { "predicate": {"custom_model_data": 354}, "model": "minigame/bb/balloon/balloon_68_4"},
        { "predicate": {"custom_model_data": 355}, "model": "minigame/bb/balloon/balloon_69"},
        { "predicate": {"custom_model_data": 356}, "model": "minigame/bb/balloon/balloon_69_1"},
        { "predicate": {"custom_model_data": 357}, "model": "minigame/bb/balloon/balloon_69_2"},
        { "predicate": {"custom_model_data": 358}, "model": "minigame/bb/balloon/balloon_69_3"},
        { "predicate": {"custom_model_data": 359}, "model": "minigame/bb/balloon/balloon_69_4"},
        { "predicate": {"custom_model_data": 360}, "model": "minigame/bb/balloon/balloon_70"},
        { "predicate": {"custom_model_data": 361}, "model": "minigame/bb/balloon/balloon_70_1"},
        { "predicate": {"custom_model_data": 362}, "model": "minigame/bb/balloon/balloon_70_2"},
        { "predicate": {"custom_model_data": 363}, "model": "minigame/bb/balloon/balloon_70_3"},
        { "predicate": {"custom_model_data": 364}, "model": "minigame/bb/balloon/balloon_70_4"},
        { "predicate": {"custom_model_data": 365}, "model": "minigame/bb/balloon/balloon_71"},
        { "predicate": {"custom_model_data": 366}, "model": "minigame/bb/balloon/balloon_71_1"},
        { "predicate": {"custom_model_data": 367}, "model": "minigame/bb/balloon/balloon_71_2"},
        { "predicate": {"custom_model_data": 368}, "model": "minigame/bb/balloon/balloon_71_3"},
        { "predicate": {"custom_model_data": 369}, "model": "minigame/bb/balloon/balloon_71_4"},
        { "predicate": {"custom_model_data": 370}, "model": "minigame/bb/balloon/balloon_72"},
        { "predicate": {"custom_model_data": 371}, "model": "minigame/bb/balloon/balloon_72_1"},
        { "predicate": {"custom_model_data": 372}, "model": "minigame/bb/balloon/balloon_72_2"},
        { "predicate": {"custom_model_data": 373}, "model": "minigame/bb/balloon/balloon_72_3"},
        { "predicate": {"custom_model_data": 374}, "model": "minigame/bb/balloon/balloon_72_4"},
        { "predicate": {"custom_model_data": 375}, "model": "minigame/bb/balloon/balloon_73"},
        { "predicate": {"custom_model_data": 376}, "model": "minigame/bb/balloon/balloon_73_1"},
        { "predicate": {"custom_model_data": 377}, "model": "minigame/bb/balloon/balloon_73_2"},
        { "predicate": {"custom_model_data": 378}, "model": "minigame/bb/balloon/balloon_73_3"},
        { "predicate": {"custom_model_data": 379}, "model": "minigame/bb/balloon/balloon_73_4"},
        { "predicate": {"custom_model_data": 380}, "model": "minigame/bb/balloon/balloon_74"},
        { "predicate": {"custom_model_data": 381}, "model": "minigame/bb/balloon/balloon_74_1"},
        { "predicate": {"custom_model_data": 382}, "model": "minigame/bb/balloon/balloon_74_2"},
        { "predicate": {"custom_model_data": 383}, "model": "minigame/bb/balloon/balloon_74_3"},
        { "predicate": {"custom_model_data": 384}, "model": "minigame/bb/balloon/balloon_74_4"},
        { "predicate": {"custom_model_data": 385}, "model": "minigame/bb/balloon/balloon_75"},
        { "predicate": {"custom_model_data": 386}, "model": "minigame/bb/balloon/balloon_75_1"},
        { "predicate": {"custom_model_data": 387}, "model": "minigame/bb/balloon/balloon_75_2"},
        { "predicate": {"custom_model_data": 388}, "model": "minigame/bb/balloon/balloon_75_3"},
        { "predicate": {"custom_model_data": 389}, "model": "minigame/bb/balloon/balloon_75_4"},
        { "predicate": {"custom_model_data": 390}, "model": "minigame/bb/balloon/balloon_76"},
        { "predicate": {"custom_model_data": 391}, "model": "minigame/bb/balloon/balloon_76_1"},
        { "predicate": {"custom_model_data": 392}, "model": "minigame/bb/balloon/balloon_76_2"},
        { "predicate": {"custom_model_data": 393}, "model": "minigame/bb/balloon/balloon_76_3"},
        { "predicate": {"custom_model_data": 394}, "model": "minigame/bb/balloon/balloon_76_4"},
        { "predicate": {"custom_model_data": 395}, "model": "minigame/bb/balloon/balloon_77"},
        { "predicate": {"custom_model_data": 396}, "model": "minigame/bb/balloon/balloon_77_1"},
        { "predicate": {"custom_model_data": 397}, "model": "minigame/bb/balloon/balloon_77_2"},
        { "predicate": {"custom_model_data": 398}, "model": "minigame/bb/balloon/balloon_77_3"},
        { "predicate": {"custom_model_data": 399}, "model": "minigame/bb/balloon/balloon_77_4"},
        { "predicate": {"custom_model_data": 400}, "model": "minigame/bb/balloon/balloon_78"},
        { "predicate": {"custom_model_data": 401}, "model": "minigame/bb/balloon/balloon_78_1"},
        { "predicate": {"custom_model_data": 402}, "model": "minigame/bb/balloon/balloon_78_2"},
        { "predicate": {"custom_model_data": 403}, "model": "minigame/bb/balloon/balloon_78_3"},
        { "predicate": {"custom_model_data": 404}, "model": "minigame/bb/balloon/balloon_78_4"},
        { "predicate": {"custom_model_data": 405}, "model": "minigame/bb/balloon/balloon_79"},
        { "predicate": {"custom_model_data": 406}, "model": "minigame/bb/balloon/balloon_79_1"},
        { "predicate": {"custom_model_data": 407}, "model": "minigame/bb/balloon/balloon_79_2"},
        { "predicate": {"custom_model_data": 408}, "model": "minigame/bb/balloon/balloon_79_3"},
        { "predicate": {"custom_model_data": 409}, "model": "minigame/bb/balloon/balloon_79_4"}
		
	]
}