{
	"parent": "item/generated",
	"textures": {
		"layer0": "item/green_dye"
	},
	"overrides": [
		{ "predicate": {"custom_model_data": 1}, "model": "minigame/bb2/ball_dk"},
		{ "predicate": {"custom_model_data": 2}, "model": "minigame/bb2/ball_luigi"},
		{ "predicate": {"custom_model_data": 3}, "model": "minigame/bb2/ball_mario"},
		{ "predicate": {"custom_model_data": 4}, "model": "minigame/bb2/ball_peach"},
		{ "predicate": {"custom_model_data": 5}, "model": "minigame/bb2/ball_wario"},
		{ "predicate": {"custom_model_data": 6}, "model": "minigame/bb2/ball_yoshi"}
	]
}