{
	"parent": "item/generated",
	"textures": {
		"layer0": "block/jungle_sapling"
	},
	"overrides": [
		{ "predicate": {"custom_model_data": 1}, "model": "decoration/board/dk/whomp"},
		{ "predicate": {"custom_model_data": 2}, "model": "decoration/board/dk/golden_banana"},
		{ "predicate": {"custom_model_data": 3}, "model": "decoration/board/dk/golden_bowser_statue"},
		{ "predicate": {"custom_model_data": 4}, "model": "decoration/board/dk/barrel"},
		{ "predicate": {"custom_model_data": 5}, "model": "decoration/board/dk/magic_stone_door"}

	]
}