{
	"parent": "item/generated",
	"textures": {
        "layer0": "item/leather_horse_armor"
	},
	"overrides": [
		{ "predicate": {"custom_model_data": 1}, "model": "decoration/board/yoshi/yoshi/yoshi_head"},
		{ "predicate": {"custom_model_data": 2}, "model": "minigame/bo/pin"},
		{ "predicate": {"custom_model_data": 3}, "model": "decoration/board/wario/bob_omb"},
		{ "predicate": {"custom_model_data": 4}, "model": "decoration/other/controller"},
		{ "predicate": {"custom_model_data": 5}, "model": "decoration/other/n64"}
	]
}