{
	"parent": "item/generated",
	"textures": {
		"layer0": "item/light_blue_dye"
	},
	"overrides": [
		{ "predicate": {"custom_model_data": 1}, "model": "minigame/kw/spike_koopa_head"},
		{ "predicate": {"custom_model_data": 2}, "model": "minigame/kw/spike_koopa_arm"},
		{ "predicate": {"custom_model_data": 3}, "model": "minigame/kw/spike_koopa_shell"},
		{ "predicate": {"custom_model_data": 4}, "model": "minigame/kw/spike_koopa_leg"},
		{ "predicate": {"custom_model_data": 5}, "model": "minigame/kw/lock"},
		{ "predicate": {"custom_model_data": 6}, "model": "minigame/kw/door"},
		{ "predicate": {"custom_model_data": 7}, "model": "minigame/kw/key"}
	]
}