{
	"parent": "item/generated",
	"textures": {
		"layer0": "block/lilac_top"
	},
	"overrides": [
		{ "predicate": {"custom_model_data": 1}, "model": "decoration/village/shop/cash_register"},
		{ "predicate": {"custom_model_data": 2}, "model": "decoration/village/shop/table_middle"},
		{ "predicate": {"custom_model_data": 3}, "model": "decoration/village/shop/table_corner"},
		{ "predicate": {"custom_model_data": 4}, "model": "decoration/village/shop/table_edge"},
		{ "predicate": {"custom_model_data": 5}, "model": "decoration/village/shop/record"},
		{ "predicate": {"custom_model_data": 6}, "model": "decoration/village/shop/magma_mountain"}


	]
}