{
	"parent": "block/nether_brick_fence_inventory",
	"textures": {
		"layer0": "block/nether_brick_fence"
	},
	"overrides": [
		{ "predicate": {"custom_model_data": 1}, "model": "decoration/board/general/bowser/arm_left"},
		{ "predicate": {"custom_model_data": 2}, "model": "decoration/board/general/bowser/arm_right"},
		{ "predicate": {"custom_model_data": 3}, "model": "decoration/board/general/bowser/legs"},
		{ "predicate": {"custom_model_data": 4}, "model": "decoration/board/general/bowser/body"},
		{ "predicate": {"custom_model_data": 5}, "model": "decoration/board/general/bowser/head"},
		{ "predicate": {"custom_model_data": 6}, "model": "decoration/board/general/bowser/shell"}

	]
}