{
	"parent": "item/generated",
	"textures": {
		"layer0": "block/rose_bush_top"
	},
	"overrides": [
		{ "predicate": {"custom_model_data": 1}, "model": "decoration/village/minigame/bookshelf"},
		{ "predicate": {"custom_model_data": 2}, "model": "decoration/village/minigame/cabinet"},
		{ "predicate": {"custom_model_data": 3}, "model": "decoration/village/minigame/pot_red"},
		{ "predicate": {"custom_model_data": 4}, "model": "decoration/village/minigame/pot_blue"},
		{ "predicate": {"custom_model_data": 5}, "model": "decoration/village/minigame/table_stone"},
		{ "predicate": {"custom_model_data": 6}, "model": "decoration/village/minigame/table_green"},
		{ "predicate": {"custom_model_data": 7}, "model": "decoration/village/minigame/table_green_decoration"},
		{ "predicate": {"custom_model_data": 8}, "model": "decoration/village/minigame/book_half"},
		{ "predicate": {"custom_model_data": 9}, "model": "decoration/village/minigame/mecha_fly_guy"},
		{ "predicate": {"custom_model_data": 10}, "model": "decoration/village/minigame/mecha_fly_guy_animated"}

	]
}