{
	"parent": "item/generated",
	"textures": {
		"layer0": "block/spruce_sapling"
	},
	"overrides": [
		{ "predicate": {"custom_model_data": 1}, "model": "decoration/board/luigi/nut"},
		{ "predicate": {"custom_model_data": 2}, "model": "decoration/board/luigi/ler_pipe_brown"},
		{ "predicate": {"custom_model_data": 3}, "model": "decoration/board/luigi/ler_pipe_brown_flipped"},
		{ "predicate": {"custom_model_data": 4}, "model": "decoration/board/luigi/ler_pipe_brown_small"},
		{ "predicate": {"custom_model_data": 5}, "model": "decoration/board/luigi/ler_pipe_red"},
		{ "predicate": {"custom_model_data": 6}, "model": "decoration/board/luigi/ler_pipe_black"},
		{ "predicate": {"custom_model_data": 7}, "model": "decoration/board/luigi/screw_edge"},
		{ "predicate": {"custom_model_data": 8}, "model": "decoration/board/luigi/screw_small_green"},
		{ "predicate": {"custom_model_data": 9}, "model": "decoration/board/luigi/screw_small_red"},
		{ "predicate": {"custom_model_data": 10}, "model": "decoration/board/luigi/screw_small_black"},
		{ "predicate": {"custom_model_data": 11}, "model": "decoration/board/luigi/screw_small_yellow"},
		{ "predicate": {"custom_model_data": 12}, "model": "decoration/board/luigi/screw_big_green"},
		{ "predicate": {"custom_model_data": 13}, "model": "decoration/board/luigi/ler_sign_up"},
		{ "predicate": {"custom_model_data": 14}, "model": "decoration/board/luigi/ler_sign_right"},
		{ "predicate": {"custom_model_data": 15}, "model": "decoration/board/luigi/ler_sign_down"},
		{ "predicate": {"custom_model_data": 16}, "model": "decoration/board/luigi/ler_sign_left"},
		{ "predicate": {"custom_model_data": 17}, "model": "decoration/board/luigi/ler_sign_left_special"},
		{ "predicate": {"custom_model_data": 18}, "model": "decoration/board/luigi/robot"},
		{ "predicate": {"custom_model_data": 19}, "model": "decoration/board/luigi/vent"},
		{ "predicate": {"custom_model_data": 20}, "model": "decoration/board/luigi/wall_red"},
		{ "predicate": {"custom_model_data": 21}, "model": "decoration/board/luigi/wall_blue"},
		{ "predicate": {"custom_model_data": 22}, "model": "block/heavy_weighted_pressure_plate_down"}

	]
}