{
	"parent": "item/generated",
	"textures": {
		"layer0": "item/stick"
	},
	"overrides": [
		{ "predicate": {"custom_model_data": 1}, "model": "decoration/board/tutorial/exclamation_cube_red"},
		{ "predicate": {"custom_model_data": 2}, "model": "decoration/board/tutorial/exclamation_cube_orange"},
		{ "predicate": {"custom_model_data": 3}, "model": "decoration/board/tutorial/exclamation_cube_green"},
		{ "predicate": {"custom_model_data": 4}, "model": "decoration/board/tutorial/exclamation_cube_purple"}

	]
}