{
	"credit": "Made with Blockbench by dragonmaster95",
	"textures": {
		"0": "item/yellow_dye_front",
		"1": "item/yellow_dye_base",
		"2": "item/yellow_back_small",
		"particle": "item/yellow_dye_base"
	},
	"elements": [
		{
			"from": [7.9425, 14.85471, 7.525],
			"to": [8.0575, 15.85471, 8.475],
			"rotation": {"angle": 0, "axis": "z", "origin": [7.68246, 15.35471, 8]},
			"faces": {
				"north": {"uv": [11.75, 15, 12, 15.25], "rotation": 90, "texture": "#1"},
				"east": {"uv": [11.75, 15, 12, 15.25], "rotation": 90, "texture": "#1"},
				"south": {"uv": [11.75, 15, 12, 15.25], "rotation": 90, "texture": "#1"},
				"west": {"uv": [11.75, 15, 12, 15.25], "rotation": 90, "texture": "#1"},
				"up": {"uv": [11.75, 15, 12, 15.25], "rotation": 90, "texture": "#1"},
				"down": {"uv": [11.75, 15, 12, 15.25], "rotation": 90, "texture": "#1"}
			}
		},
		{
			"from": [12.0627, 13.03998, 7.525],
			"to": [13.0627, 16.03998, 8.475],
			"rotation": {"angle": 22.5, "axis": "z", "origin": [13.33596, 5.49922, 7.99252]},
			"faces": {
				"north": {"uv": [11.75, 15, 12, 15.25], "rotation": 90, "texture": "#1"},
				"east": {"uv": [11.75, 15, 12, 15.25], "rotation": 90, "texture": "#1"},
				"south": {"uv": [11.75, 15, 12, 15.25], "rotation": 90, "texture": "#1"},
				"west": {"uv": [11.75, 15, 12, 15.25], "rotation": 90, "texture": "#1"},
				"up": {"uv": [11.75, 15, 12, 15.25], "rotation": 90, "texture": "#1"},
				"down": {"uv": [11.75, 15, 12, 15.25], "rotation": 90, "texture": "#1"}
			}
		},
		{
			"from": [13.30181, 17.5349, 7.525],
			"to": [14.30181, 18.2849, 8.475],
			"rotation": {"angle": 45, "axis": "z", "origin": [14.57507, 9.99414, 7.99252]},
			"faces": {
				"north": {"uv": [11.75, 15, 12, 15.25], "rotation": 90, "texture": "#1"},
				"east": {"uv": [11.75, 15, 12, 15.25], "rotation": 90, "texture": "#1"},
				"south": {"uv": [11.75, 15, 12, 15.25], "rotation": 90, "texture": "#1"},
				"west": {"uv": [11.75, 15, 12, 15.25], "rotation": 90, "texture": "#1"},
				"up": {"uv": [11.75, 15, 12, 15.25], "rotation": 90, "texture": "#1"},
				"down": {"uv": [11.75, 15, 12, 15.25], "rotation": 90, "texture": "#1"}
			}
		},
		{
			"from": [7.8566, 14.84494, 7.525],
			"to": [8.3566, 15.84494, 8.475],
			"rotation": {"angle": -22.5, "axis": "z", "origin": [7.9816, 15.34494, 8]},
			"faces": {
				"north": {"uv": [11.75, 15, 12, 15.25], "rotation": 90, "texture": "#1"},
				"east": {"uv": [11.75, 15, 12, 15.25], "rotation": 90, "texture": "#1"},
				"south": {"uv": [11.75, 15, 12, 15.25], "rotation": 90, "texture": "#1"},
				"west": {"uv": [11.75, 15, 12, 15.25], "rotation": 90, "texture": "#1"},
				"up": {"uv": [11.75, 15, 12, 15.25], "rotation": 90, "texture": "#1"},
				"down": {"uv": [11.75, 15, 12, 15.25], "rotation": 90, "texture": "#1"}
			}
		},
		{
			"from": [9.21296, 9.39854, 7.525],
			"to": [11.04469, 10.39916, 8.475],
			"rotation": {"angle": -22.5, "axis": "z", "origin": [12.92984, 6.02242, 7.99252]},
			"faces": {
				"north": {"uv": [11.75, 15, 12, 15.25], "rotation": 90, "texture": "#1"},
				"east": {"uv": [11.75, 15, 12, 15.25], "rotation": 90, "texture": "#1"},
				"south": {"uv": [11.75, 15, 12, 15.25], "rotation": 90, "texture": "#1"},
				"west": {"uv": [11.75, 15, 12, 15.25], "rotation": 90, "texture": "#1"},
				"up": {"uv": [11.75, 15, 12, 15.25], "rotation": 90, "texture": "#1"},
				"down": {"uv": [11.75, 15, 12, 15.25], "rotation": 90, "texture": "#1"}
			}
		},
		{
			"from": [5.99305, 10.57011, 7.525],
			"to": [7.99305, 11.57011, 8.475],
			"rotation": {"angle": -45, "axis": "z", "origin": [9.38381, 7.19337, 7.99252]},
			"faces": {
				"north": {"uv": [11.75, 15, 12, 15.25], "rotation": 90, "texture": "#1"},
				"east": {"uv": [11.75, 15, 12, 15.25], "rotation": 90, "texture": "#1"},
				"south": {"uv": [11.75, 15, 12, 15.25], "rotation": 90, "texture": "#1"},
				"west": {"uv": [11.75, 15, 12, 15.25], "rotation": 90, "texture": "#1"},
				"up": {"uv": [11.75, 15, 12, 15.25], "rotation": 90, "texture": "#1"},
				"down": {"uv": [11.75, 15, 12, 15.25], "rotation": 90, "texture": "#1"}
			}
		},
		{
			"from": [12.48018, 9.86297, 7.525],
			"to": [14.79406, 10.87761, 8.475],
			"rotation": {"angle": 0, "axis": "z", "origin": [19.17876, 6.48623, 7.99252]},
			"faces": {
				"north": {"uv": [11.75, 15, 12, 15.25], "rotation": 90, "texture": "#1"},
				"east": {"uv": [11.75, 15, 12, 15.25], "rotation": 90, "texture": "#1"},
				"south": {"uv": [11.75, 15, 12, 15.25], "rotation": 90, "texture": "#1"},
				"west": {"uv": [11.75, 15, 12, 15.25], "rotation": 90, "texture": "#1"},
				"up": {"uv": [11.75, 15, 12, 15.25], "rotation": 90, "texture": "#1"},
				"down": {"uv": [11.75, 15, 12, 15.25], "rotation": 90, "texture": "#1"}
			}
		},
		{
			"from": [12.64125, 7.82403, 7.525],
			"to": [13.57602, 8.83988, 8.475],
			"rotation": {"angle": -22.5, "axis": "z", "origin": [18.83983, 4.44729, 7.99252]},
			"faces": {
				"north": {"uv": [11.75, 15, 12, 15.25], "rotation": 90, "texture": "#1"},
				"east": {"uv": [11.75, 15, 12, 15.25], "rotation": 90, "texture": "#1"},
				"south": {"uv": [11.75, 15, 12, 15.25], "rotation": 90, "texture": "#1"},
				"west": {"uv": [11.75, 15, 12, 15.25], "rotation": 90, "texture": "#1"},
				"up": {"uv": [11.75, 15, 12, 15.25], "rotation": 90, "texture": "#1"},
				"down": {"uv": [11.75, 15, 12, 15.25], "rotation": 90, "texture": "#1"}
			}
		},
		{
			"from": [11.17386, 3.57117, 7.525],
			"to": [12.17386, 7.27117, 8.475],
			"rotation": {"angle": -45, "axis": "z", "origin": [16.37244, 3.69443, 7.99252]},
			"faces": {
				"north": {"uv": [11.75, 15, 12, 15.25], "rotation": 90, "texture": "#1"},
				"east": {"uv": [11.75, 15, 12, 15.25], "rotation": 90, "texture": "#1"},
				"south": {"uv": [11.75, 15, 12, 15.25], "rotation": 90, "texture": "#1"},
				"west": {"uv": [11.75, 15, 12, 15.25], "rotation": 90, "texture": "#1"},
				"up": {"uv": [11.75, 15, 12, 15.25], "rotation": 90, "texture": "#1"},
				"down": {"uv": [11.75, 15, 12, 15.25], "rotation": 90, "texture": "#1"}
			}
		},
		{
			"from": [13.17386, 8.60563, 7.525],
			"to": [13.86222, 8.97117, 8.475],
			"rotation": {"angle": -22.5, "axis": "z", "origin": [16.37244, 3.69443, 7.99252]},
			"faces": {
				"north": {"uv": [11.75, 15, 12, 15.25], "rotation": 90, "texture": "#1"},
				"east": {"uv": [11.75, 15, 12, 15.25], "rotation": 90, "texture": "#1"},
				"south": {"uv": [11.75, 15, 12, 15.25], "rotation": 90, "texture": "#1"},
				"west": {"uv": [11.75, 15, 12, 15.25], "rotation": 90, "texture": "#1"},
				"up": {"uv": [11.75, 15, 12, 15.25], "rotation": 90, "texture": "#1"},
				"down": {"uv": [11.75, 15, 12, 15.25], "rotation": 90, "texture": "#1"}
			}
		},
		{
			"from": [15.28426, 9.53012, 7.525],
			"to": [16.07262, 9.92066, 8.475],
			"rotation": {"angle": 0, "axis": "z", "origin": [18.58284, 4.61892, 7.99252]},
			"faces": {
				"north": {"uv": [11.75, 15, 12, 15.25], "rotation": 90, "texture": "#1"},
				"east": {"uv": [11.75, 15, 12, 15.25], "rotation": 90, "texture": "#1"},
				"south": {"uv": [11.75, 15, 12, 15.25], "rotation": 90, "texture": "#1"},
				"west": {"uv": [11.75, 15, 12, 15.25], "rotation": 90, "texture": "#1"},
				"up": {"uv": [11.75, 15, 12, 15.25], "rotation": 90, "texture": "#1"},
				"down": {"uv": [11.75, 15, 12, 15.25], "rotation": 90, "texture": "#1"}
			}
		},
		{
			"from": [17.08218, 11.25702, 7.525],
			"to": [17.77054, 11.59756, 8.475],
			"rotation": {"angle": 22.5, "axis": "z", "origin": [20.28076, 6.32082, 7.99252]},
			"faces": {
				"north": {"uv": [11.75, 15, 12, 15.25], "rotation": 90, "texture": "#1"},
				"east": {"uv": [11.75, 15, 12, 15.25], "rotation": 90, "texture": "#1"},
				"south": {"uv": [11.75, 15, 12, 15.25], "rotation": 90, "texture": "#1"},
				"west": {"uv": [11.75, 15, 12, 15.25], "rotation": 90, "texture": "#1"},
				"up": {"uv": [11.75, 15, 12, 15.25], "rotation": 90, "texture": "#1"},
				"down": {"uv": [11.75, 15, 12, 15.25], "rotation": 90, "texture": "#1"}
			}
		},
		{
			"from": [17.96993, 13.44251, 7.525],
			"to": [18.65176, 13.84502, 8.475],
			"rotation": {"angle": 45, "axis": "z", "origin": [21.16851, 8.56828, 7.99252]},
			"faces": {
				"north": {"uv": [11.75, 15, 12, 15.25], "rotation": 90, "texture": "#1"},
				"east": {"uv": [11.75, 15, 12, 15.25], "rotation": 90, "texture": "#1"},
				"south": {"uv": [11.75, 15, 12, 15.25], "rotation": 90, "texture": "#1"},
				"west": {"uv": [11.75, 15, 12, 15.25], "rotation": 90, "texture": "#1"},
				"up": {"uv": [11.75, 15, 12, 15.25], "rotation": 90, "texture": "#1"},
				"down": {"uv": [11.75, 15, 12, 15.25], "rotation": 90, "texture": "#1"}
			}
		},
		{
			"from": [10.6122, 2.65374, 7.525],
			"to": [11.61548, 5.61104, 8.475],
			"rotation": {"angle": -22.5, "axis": "z", "origin": [15.81406, 1.427, 7.99252]},
			"faces": {
				"north": {"uv": [11.75, 15, 12, 15.25], "rotation": 90, "texture": "#1"},
				"east": {"uv": [11.75, 15, 12, 15.25], "rotation": 90, "texture": "#1"},
				"south": {"uv": [11.75, 15, 12, 15.25], "rotation": 90, "texture": "#1"},
				"west": {"uv": [11.75, 15, 12, 15.25], "rotation": 90, "texture": "#1"},
				"up": {"uv": [11.75, 15, 12, 15.25], "rotation": 90, "texture": "#1"},
				"down": {"uv": [11.75, 15, 12, 15.25], "rotation": 90, "texture": "#1"}
			}
		},
		{
			"from": [11.79226, 1.23052, 7.525],
			"to": [12.79226, 2.73052, 8.475],
			"rotation": {"angle": 0, "axis": "z", "origin": [16.99084, -0.39622, 7.99252]},
			"faces": {
				"north": {"uv": [11.75, 15, 12, 15.25], "rotation": 90, "texture": "#1"},
				"east": {"uv": [11.75, 15, 12, 15.25], "rotation": 90, "texture": "#1"},
				"south": {"uv": [11.75, 15, 12, 15.25], "rotation": 90, "texture": "#1"},
				"west": {"uv": [11.75, 15, 12, 15.25], "rotation": 90, "texture": "#1"},
				"up": {"uv": [11.75, 15, 12, 15.25], "rotation": 90, "texture": "#1"},
				"down": {"uv": [11.75, 15, 12, 15.25], "rotation": 90, "texture": "#1"}
			}
		},
		{
			"from": [10.1606, -0.0211, 7.525],
			"to": [13.7606, 0.9789, 8.475],
			"rotation": {"angle": -22.5, "axis": "z", "origin": [14.03734, 5.17748, 7.99252]},
			"faces": {
				"north": {"uv": [11.75, 15, 12, 15.25], "rotation": 90, "texture": "#1"},
				"east": {"uv": [11.75, 15, 12, 15.25], "rotation": 90, "texture": "#1"},
				"south": {"uv": [11.75, 15, 12, 15.25], "rotation": 90, "texture": "#1"},
				"west": {"uv": [11.75, 15, 12, 15.25], "rotation": 90, "texture": "#1"},
				"up": {"uv": [11.75, 15, 12, 15.25], "rotation": 90, "texture": "#1"},
				"down": {"uv": [11.75, 15, 12, 15.25], "rotation": 90, "texture": "#1"}
			}
		},
		{
			"from": [11.73415, 4.40399, 7.525],
			"to": [12.80817, 5.24636, 8.475],
			"rotation": {"angle": 22.5, "axis": "z", "origin": [17.00675, 3.52725, 7.99252]},
			"faces": {
				"north": {"uv": [11.75, 15, 12, 15.25], "rotation": 90, "texture": "#1"},
				"east": {"uv": [11.75, 15, 12, 15.25], "rotation": 90, "texture": "#1"},
				"south": {"uv": [11.75, 15, 12, 15.25], "rotation": 90, "texture": "#1"},
				"west": {"uv": [11.75, 15, 12, 15.25], "rotation": 90, "texture": "#1"},
				"up": {"uv": [11.75, 15, 12, 15.25], "rotation": 90, "texture": "#1"},
				"down": {"uv": [11.75, 15, 12, 15.25], "rotation": 90, "texture": "#1"}
			}
		},
		{
			"from": [11.47762, 3.09776, 7.525],
			"to": [12.52799, 4.55103, 8.475],
			"rotation": {"angle": 0, "axis": "z", "origin": [16.57656, 2.64623, 7.99252]},
			"faces": {
				"north": {"uv": [11.75, 15, 12, 15.25], "rotation": 90, "texture": "#1"},
				"east": {"uv": [11.75, 15, 12, 15.25], "rotation": 90, "texture": "#1"},
				"south": {"uv": [11.75, 15, 12, 15.25], "rotation": 90, "texture": "#1"},
				"west": {"uv": [11.75, 15, 12, 15.25], "rotation": 90, "texture": "#1"},
				"up": {"uv": [11.75, 15, 12, 15.25], "rotation": 90, "texture": "#1"},
				"down": {"uv": [11.75, 15, 12, 15.25], "rotation": 90, "texture": "#1"}
			}
		},
		{
			"name": "hexadecagon",
			"from": [11.79226, 0.48052, 7.525],
			"to": [12.04008, 1.48052, 8.475],
			"rotation": {"angle": 0, "axis": "z", "origin": [11.99117, 1.48052, 8.025]},
			"faces": {
				"north": {"uv": [11.75, 15, 12, 15.25], "rotation": 90, "texture": "#1"},
				"east": {"uv": [11.75, 15, 12, 15.25], "rotation": 90, "texture": "#1"},
				"south": {"uv": [11.75, 15, 12, 15.25], "rotation": 90, "texture": "#1"},
				"west": {"uv": [11.75, 15, 12, 15.25], "rotation": 90, "texture": "#1"},
				"up": {"uv": [11.75, 15, 12, 15.25], "rotation": 90, "texture": "#1"},
				"down": {"uv": [11.75, 15, 12, 15.25], "rotation": 90, "texture": "#1"}
			}
		},
		{
			"name": "hexadecagon",
			"from": [11.64797, 0.45182, 7.525],
			"to": [12.01797, 1.45182, 8.475],
			"rotation": {"angle": 22.5, "axis": "z", "origin": [11.77188, 1.45182, 8.025]},
			"faces": {
				"north": {"uv": [11.75, 15, 12, 15.25], "rotation": 90, "texture": "#1"},
				"east": {"uv": [11.75, 15, 12, 15.25], "rotation": 90, "texture": "#1"},
				"south": {"uv": [11.75, 15, 12, 15.25], "rotation": 90, "texture": "#1"},
				"west": {"uv": [11.75, 15, 12, 15.25], "rotation": 90, "texture": "#1"},
				"up": {"uv": [11.75, 15, 12, 15.25], "rotation": 90, "texture": "#1"},
				"down": {"uv": [11.75, 15, 12, 15.25], "rotation": 90, "texture": "#1"}
			}
		},
		{
			"name": "hexadecagon",
			"from": [11.63852, 0.4153, 7.525],
			"to": [12.01705, 1.41684, 8.475],
			"rotation": {"angle": 45, "axis": "z", "origin": [11.76243, 1.41684, 8.025]},
			"faces": {
				"north": {"uv": [11.75, 15, 12, 15.25], "rotation": 90, "texture": "#1"},
				"east": {"uv": [11.75, 15, 12, 15.25], "rotation": 90, "texture": "#1"},
				"south": {"uv": [11.75, 15, 12, 15.25], "rotation": 90, "texture": "#1"},
				"west": {"uv": [11.75, 15, 12, 15.25], "rotation": 90, "texture": "#1"},
				"up": {"uv": [11.75, 15, 12, 15.25], "rotation": 90, "texture": "#1"},
				"down": {"uv": [11.75, 15, 12, 15.25], "rotation": 90, "texture": "#1"}
			}
		},
		{
			"name": "hexadecagon",
			"from": [11.77421, 1.26194, 7.525],
			"to": [12.77421, 1.63194, 8.475],
			"rotation": {"angle": -22.5, "axis": "z", "origin": [11.77421, 1.38585, 8.025]},
			"faces": {
				"north": {"uv": [11.75, 15, 12, 15.25], "rotation": 90, "texture": "#1"},
				"east": {"uv": [11.75, 15, 12, 15.25], "rotation": 90, "texture": "#1"},
				"south": {"uv": [11.75, 15, 12, 15.25], "rotation": 90, "texture": "#1"},
				"west": {"uv": [11.75, 15, 12, 15.25], "rotation": 90, "texture": "#1"},
				"up": {"uv": [11.75, 15, 12, 15.25], "rotation": 90, "texture": "#1"},
				"down": {"uv": [11.75, 15, 12, 15.25], "rotation": 90, "texture": "#1"}
			}
		},
		{
			"from": [2.9373, 13.03998, 7.525],
			"to": [3.9373, 16.03998, 8.475],
			"rotation": {"angle": -22.5, "axis": "z", "origin": [2.66404, 5.49922, 7.99252]},
			"faces": {
				"north": {"uv": [13, 9.5, 13.25, 9.75], "rotation": 90, "texture": "#1"},
				"east": {"uv": [13, 9.5, 13.25, 9.75], "rotation": 90, "texture": "#1"},
				"south": {"uv": [13, 9.5, 13.25, 9.75], "rotation": 90, "texture": "#1"},
				"west": {"uv": [13, 9.5, 13.25, 9.75], "rotation": 90, "texture": "#1"},
				"up": {"uv": [13, 9.5, 13.25, 9.75], "rotation": 90, "texture": "#1"},
				"down": {"uv": [13, 9.5, 13.25, 9.75], "rotation": 90, "texture": "#1"}
			}
		},
		{
			"from": [1.69819, 17.5349, 7.525],
			"to": [2.69819, 18.2849, 8.475],
			"rotation": {"angle": -45, "axis": "z", "origin": [1.42493, 9.99414, 7.99252]},
			"faces": {
				"north": {"uv": [11.75, 15, 12, 15.25], "rotation": 90, "texture": "#1"},
				"east": {"uv": [11.75, 15, 12, 15.25], "rotation": 90, "texture": "#1"},
				"south": {"uv": [11.75, 15, 12, 15.25], "rotation": 90, "texture": "#1"},
				"west": {"uv": [11.75, 15, 12, 15.25], "rotation": 90, "texture": "#1"},
				"up": {"uv": [11.75, 15, 12, 15.25], "rotation": 90, "texture": "#1"},
				"down": {"uv": [11.75, 15, 12, 15.25], "rotation": 90, "texture": "#1"}
			}
		},
		{
			"from": [7.6434, 14.84494, 7.525],
			"to": [8.1434, 15.84494, 8.475],
			"rotation": {"angle": 22.5, "axis": "z", "origin": [8.0184, 15.34494, 8]},
			"faces": {
				"north": {"uv": [11.75, 15, 12, 15.25], "rotation": 90, "texture": "#1"},
				"east": {"uv": [11.75, 15, 12, 15.25], "rotation": 90, "texture": "#1"},
				"south": {"uv": [11.75, 15, 12, 15.25], "rotation": 90, "texture": "#1"},
				"west": {"uv": [11.75, 15, 12, 15.25], "rotation": 90, "texture": "#1"},
				"up": {"uv": [11.75, 15, 12, 15.25], "rotation": 90, "texture": "#1"},
				"down": {"uv": [11.75, 15, 12, 15.25], "rotation": 90, "texture": "#1"}
			}
		},
		{
			"from": [4.95531, 9.39854, 7.525],
			"to": [6.78704, 10.39916, 8.475],
			"rotation": {"angle": 22.5, "axis": "z", "origin": [3.07016, 6.02242, 7.99252]},
			"faces": {
				"north": {"uv": [13, 9.5, 13.25, 9.75], "rotation": 90, "texture": "#1"},
				"east": {"uv": [13, 9.5, 13.25, 9.75], "rotation": 90, "texture": "#1"},
				"south": {"uv": [13, 9.5, 13.25, 9.75], "rotation": 90, "texture": "#1"},
				"west": {"uv": [13, 9.5, 13.25, 9.75], "rotation": 90, "texture": "#1"},
				"up": {"uv": [13, 9.5, 13.25, 9.75], "rotation": 90, "texture": "#1"},
				"down": {"uv": [13, 9.5, 13.25, 9.75], "rotation": 90, "texture": "#1"}
			}
		},
		{
			"from": [8.00695, 10.57011, 7.525],
			"to": [10.00695, 11.57011, 8.475],
			"rotation": {"angle": 45, "axis": "z", "origin": [6.61619, 7.19337, 7.99252]},
			"faces": {
				"north": {"uv": [13, 9.5, 13.25, 9.75], "rotation": 90, "texture": "#1"},
				"east": {"uv": [13, 9.5, 13.25, 9.75], "rotation": 90, "texture": "#1"},
				"south": {"uv": [13, 9.5, 13.25, 9.75], "rotation": 90, "texture": "#1"},
				"west": {"uv": [13, 9.5, 13.25, 9.75], "rotation": 90, "texture": "#1"},
				"up": {"uv": [13, 9.5, 13.25, 9.75], "rotation": 90, "texture": "#1"},
				"down": {"uv": [13, 9.5, 13.25, 9.75], "rotation": 90, "texture": "#1"}
			}
		},
		{
			"from": [1.20594, 9.86297, 7.525],
			"to": [3.51982, 10.87761, 8.475],
			"rotation": {"angle": 0, "axis": "z", "origin": [-3.17876, 6.48623, 7.99252]},
			"faces": {
				"north": {"uv": [13, 9.5, 13.25, 9.75], "rotation": 90, "texture": "#1"},
				"east": {"uv": [13, 9.5, 13.25, 9.75], "rotation": 90, "texture": "#1"},
				"south": {"uv": [13, 9.5, 13.25, 9.75], "rotation": 90, "texture": "#1"},
				"west": {"uv": [13, 9.5, 13.25, 9.75], "rotation": 90, "texture": "#1"},
				"up": {"uv": [13, 9.5, 13.25, 9.75], "rotation": 90, "texture": "#1"},
				"down": {"uv": [13, 9.5, 13.25, 9.75], "rotation": 90, "texture": "#1"}
			}
		},
		{
			"from": [2.42398, 7.82403, 7.525],
			"to": [3.35875, 8.83988, 8.475],
			"rotation": {"angle": 22.5, "axis": "z", "origin": [-2.83983, 4.44729, 7.99252]},
			"faces": {
				"north": {"uv": [13, 9.5, 13.25, 9.75], "rotation": 90, "texture": "#1"},
				"east": {"uv": [13, 9.5, 13.25, 9.75], "rotation": 90, "texture": "#1"},
				"south": {"uv": [13, 9.5, 13.25, 9.75], "rotation": 90, "texture": "#1"},
				"west": {"uv": [13, 9.5, 13.25, 9.75], "rotation": 90, "texture": "#1"},
				"up": {"uv": [13, 9.5, 13.25, 9.75], "rotation": 90, "texture": "#1"},
				"down": {"uv": [13, 9.5, 13.25, 9.75], "rotation": 90, "texture": "#1"}
			}
		},
		{
			"from": [3.82614, 3.57117, 7.525],
			"to": [4.82614, 7.27117, 8.475],
			"rotation": {"angle": 45, "axis": "z", "origin": [-0.37244, 3.69443, 7.99252]},
			"faces": {
				"north": {"uv": [13, 9.5, 13.25, 9.75], "rotation": 90, "texture": "#1"},
				"east": {"uv": [13, 9.5, 13.25, 9.75], "rotation": 90, "texture": "#1"},
				"south": {"uv": [13, 9.5, 13.25, 9.75], "rotation": 90, "texture": "#1"},
				"west": {"uv": [13, 9.5, 13.25, 9.75], "rotation": 90, "texture": "#1"},
				"up": {"uv": [13, 9.5, 13.25, 9.75], "rotation": 90, "texture": "#1"},
				"down": {"uv": [13, 9.5, 13.25, 9.75], "rotation": 90, "texture": "#1"}
			}
		},
		{
			"from": [2.13778, 8.60563, 7.525],
			"to": [2.82614, 8.97117, 8.475],
			"rotation": {"angle": 22.5, "axis": "z", "origin": [-0.37244, 3.69443, 7.99252]},
			"faces": {
				"north": {"uv": [13, 9.5, 13.25, 9.75], "rotation": 90, "texture": "#1"},
				"east": {"uv": [13, 9.5, 13.25, 9.75], "rotation": 90, "texture": "#1"},
				"south": {"uv": [13, 9.5, 13.25, 9.75], "rotation": 90, "texture": "#1"},
				"west": {"uv": [13, 9.5, 13.25, 9.75], "rotation": 90, "texture": "#1"},
				"up": {"uv": [13, 9.5, 13.25, 9.75], "rotation": 90, "texture": "#1"},
				"down": {"uv": [13, 9.5, 13.25, 9.75], "rotation": 90, "texture": "#1"}
			}
		},
		{
			"from": [-0.07262, 9.53012, 7.525],
			"to": [0.71574, 9.92066, 8.475],
			"rotation": {"angle": 0, "axis": "z", "origin": [-2.58284, 4.61892, 7.99252]},
			"faces": {
				"north": {"uv": [13, 9.5, 13.25, 9.75], "rotation": 90, "texture": "#1"},
				"east": {"uv": [13, 9.5, 13.25, 9.75], "rotation": 90, "texture": "#1"},
				"south": {"uv": [13, 9.5, 13.25, 9.75], "rotation": 90, "texture": "#1"},
				"west": {"uv": [13, 9.5, 13.25, 9.75], "rotation": 90, "texture": "#1"},
				"up": {"uv": [13, 9.5, 13.25, 9.75], "rotation": 90, "texture": "#1"},
				"down": {"uv": [13, 9.5, 13.25, 9.75], "rotation": 90, "texture": "#1"}
			}
		},
		{
			"from": [-1.77054, 11.25702, 7.525],
			"to": [-1.08218, 11.59756, 8.475],
			"rotation": {"angle": -22.5, "axis": "z", "origin": [-4.28076, 6.32082, 7.99252]},
			"faces": {
				"north": {"uv": [13, 9.5, 13.25, 9.75], "rotation": 90, "texture": "#1"},
				"east": {"uv": [13, 9.5, 13.25, 9.75], "rotation": 90, "texture": "#1"},
				"south": {"uv": [13, 9.5, 13.25, 9.75], "rotation": 90, "texture": "#1"},
				"west": {"uv": [13, 9.5, 13.25, 9.75], "rotation": 90, "texture": "#1"},
				"up": {"uv": [13, 9.5, 13.25, 9.75], "rotation": 90, "texture": "#1"},
				"down": {"uv": [13, 9.5, 13.25, 9.75], "rotation": 90, "texture": "#1"}
			}
		},
		{
			"from": [-2.65176, 13.44251, 7.525],
			"to": [-1.96993, 13.84502, 8.475],
			"rotation": {"angle": -45, "axis": "z", "origin": [-5.16851, 8.56828, 7.99252]},
			"faces": {
				"north": {"uv": [13, 9.5, 13.25, 9.75], "rotation": 90, "texture": "#1"},
				"east": {"uv": [13, 9.5, 13.25, 9.75], "rotation": 90, "texture": "#1"},
				"south": {"uv": [13, 9.5, 13.25, 9.75], "rotation": 90, "texture": "#1"},
				"west": {"uv": [13, 9.5, 13.25, 9.75], "rotation": 90, "texture": "#1"},
				"up": {"uv": [13, 9.5, 13.25, 9.75], "rotation": 90, "texture": "#1"},
				"down": {"uv": [13, 9.5, 13.25, 9.75], "rotation": 90, "texture": "#1"}
			}
		},
		{
			"from": [4.38452, 2.65374, 7.525],
			"to": [5.3878, 5.61104, 8.475],
			"rotation": {"angle": 22.5, "axis": "z", "origin": [0.18594, 1.427, 7.99252]},
			"faces": {
				"north": {"uv": [13, 9.5, 13.25, 9.75], "rotation": 90, "texture": "#1"},
				"east": {"uv": [13, 9.5, 13.25, 9.75], "rotation": 90, "texture": "#1"},
				"south": {"uv": [13, 9.5, 13.25, 9.75], "rotation": 90, "texture": "#1"},
				"west": {"uv": [13, 9.5, 13.25, 9.75], "rotation": 90, "texture": "#1"},
				"up": {"uv": [13, 9.5, 13.25, 9.75], "rotation": 90, "texture": "#1"},
				"down": {"uv": [13, 9.5, 13.25, 9.75], "rotation": 90, "texture": "#1"}
			}
		},
		{
			"from": [3.20774, 1.23052, 7.525],
			"to": [4.20774, 2.73052, 8.475],
			"rotation": {"angle": 0, "axis": "z", "origin": [-0.99084, -0.39622, 7.99252]},
			"faces": {
				"north": {"uv": [11.75, 15, 12, 15.25], "rotation": 90, "texture": "#1"},
				"east": {"uv": [11.75, 15, 12, 15.25], "rotation": 90, "texture": "#1"},
				"south": {"uv": [11.75, 15, 12, 15.25], "rotation": 90, "texture": "#1"},
				"west": {"uv": [11.75, 15, 12, 15.25], "rotation": 90, "texture": "#1"},
				"up": {"uv": [11.75, 15, 12, 15.25], "rotation": 90, "texture": "#1"},
				"down": {"uv": [11.75, 15, 12, 15.25], "rotation": 90, "texture": "#1"}
			}
		},
		{
			"from": [2.2394, -0.0211, 7.525],
			"to": [5.8394, 0.9789, 8.475],
			"rotation": {"angle": 22.5, "axis": "z", "origin": [1.96266, 5.17748, 7.99252]},
			"faces": {
				"north": {"uv": [11.75, 15, 12, 15.25], "rotation": 90, "texture": "#1"},
				"east": {"uv": [11.75, 15, 12, 15.25], "rotation": 90, "texture": "#1"},
				"south": {"uv": [11.75, 15, 12, 15.25], "rotation": 90, "texture": "#1"},
				"west": {"uv": [11.75, 15, 12, 15.25], "rotation": 90, "texture": "#1"},
				"up": {"uv": [11.75, 15, 12, 15.25], "rotation": 90, "texture": "#1"},
				"down": {"uv": [11.75, 15, 12, 15.25], "rotation": 90, "texture": "#1"}
			}
		},
		{
			"from": [3.19183, 4.40399, 7.525],
			"to": [4.26585, 5.24636, 8.475],
			"rotation": {"angle": -22.5, "axis": "z", "origin": [-1.00675, 3.52725, 7.99252]},
			"faces": {
				"north": {"uv": [11.75, 15, 12, 15.25], "rotation": 90, "texture": "#1"},
				"east": {"uv": [11.75, 15, 12, 15.25], "rotation": 90, "texture": "#1"},
				"south": {"uv": [11.75, 15, 12, 15.25], "rotation": 90, "texture": "#1"},
				"west": {"uv": [11.75, 15, 12, 15.25], "rotation": 90, "texture": "#1"},
				"up": {"uv": [11.75, 15, 12, 15.25], "rotation": 90, "texture": "#1"},
				"down": {"uv": [11.75, 15, 12, 15.25], "rotation": 90, "texture": "#1"}
			}
		},
		{
			"from": [3.47301, 3.09876, 7.526],
			"to": [4.52138, 4.55003, 8.474],
			"rotation": {"angle": 0, "axis": "z", "origin": [-0.57656, 2.64623, 7.99252]},
			"faces": {
				"north": {"uv": [11.75, 14.5, 12, 14.75], "rotation": 90, "texture": "#1"},
				"east": {"uv": [11.75, 14.5, 12, 14.75], "rotation": 90, "texture": "#1"},
				"south": {"uv": [11.75, 14.5, 12, 14.75], "rotation": 90, "texture": "#1"},
				"west": {"uv": [11.75, 14.5, 12, 14.75], "rotation": 90, "texture": "#1"},
				"up": {"uv": [11.75, 14.5, 12, 14.75], "rotation": 90, "texture": "#1"},
				"down": {"uv": [11.75, 14.5, 12, 14.75], "rotation": 90, "texture": "#1"}
			}
		},
		{
			"name": "hexadecagon",
			"from": [3.95992, 0.48052, 7.525],
			"to": [4.20774, 1.48052, 8.475],
			"rotation": {"angle": 0, "axis": "z", "origin": [4.00883, 1.48052, 8.025]},
			"faces": {
				"north": {"uv": [11.75, 15, 12, 15.25], "rotation": 90, "texture": "#1"},
				"east": {"uv": [11.75, 15, 12, 15.25], "rotation": 90, "texture": "#1"},
				"south": {"uv": [11.75, 15, 12, 15.25], "rotation": 90, "texture": "#1"},
				"west": {"uv": [11.75, 15, 12, 15.25], "rotation": 90, "texture": "#1"},
				"up": {"uv": [11.75, 15, 12, 15.25], "rotation": 90, "texture": "#1"},
				"down": {"uv": [11.75, 15, 12, 15.25], "rotation": 90, "texture": "#1"}
			}
		},
		{
			"name": "hexadecagon",
			"from": [3.98203, 0.45182, 7.525],
			"to": [4.35203, 1.45182, 8.475],
			"rotation": {"angle": -22.5, "axis": "z", "origin": [4.22812, 1.45182, 8.025]},
			"faces": {
				"north": {"uv": [11.75, 15, 12, 15.25], "rotation": 90, "texture": "#1"},
				"east": {"uv": [11.75, 15, 12, 15.25], "rotation": 90, "texture": "#1"},
				"south": {"uv": [11.75, 15, 12, 15.25], "rotation": 90, "texture": "#1"},
				"west": {"uv": [11.75, 15, 12, 15.25], "rotation": 90, "texture": "#1"},
				"up": {"uv": [11.75, 15, 12, 15.25], "rotation": 90, "texture": "#1"},
				"down": {"uv": [11.75, 15, 12, 15.25], "rotation": 90, "texture": "#1"}
			}
		},
		{
			"name": "hexadecagon",
			"from": [3.98295, 0.4153, 7.525],
			"to": [4.36148, 1.41684, 8.475],
			"rotation": {"angle": -45, "axis": "z", "origin": [4.23757, 1.41684, 8.025]},
			"faces": {
				"north": {"uv": [11.75, 15, 12, 15.25], "rotation": 90, "texture": "#1"},
				"east": {"uv": [11.75, 15, 12, 15.25], "rotation": 90, "texture": "#1"},
				"south": {"uv": [11.75, 15, 12, 15.25], "rotation": 90, "texture": "#1"},
				"west": {"uv": [11.75, 15, 12, 15.25], "rotation": 90, "texture": "#1"},
				"up": {"uv": [11.75, 15, 12, 15.25], "rotation": 90, "texture": "#1"},
				"down": {"uv": [11.75, 15, 12, 15.25], "rotation": 90, "texture": "#1"}
			}
		},
		{
			"name": "hexadecagon",
			"from": [3.22579, 1.26194, 7.525],
			"to": [4.22579, 1.63194, 8.475],
			"rotation": {"angle": 22.5, "axis": "z", "origin": [4.22579, 1.38585, 8.025]},
			"faces": {
				"north": {"uv": [11.75, 15, 12, 15.25], "rotation": 90, "texture": "#1"},
				"east": {"uv": [11.75, 15, 12, 15.25], "rotation": 90, "texture": "#1"},
				"south": {"uv": [11.75, 15, 12, 15.25], "rotation": 90, "texture": "#1"},
				"west": {"uv": [11.75, 15, 12, 15.25], "rotation": 90, "texture": "#1"},
				"up": {"uv": [11.75, 15, 12, 15.25], "rotation": 90, "texture": "#1"},
				"down": {"uv": [11.75, 15, 12, 15.25], "rotation": 90, "texture": "#1"}
			}
		},
		{
			"from": [7.15102, 1.7821, 7.525],
			"to": [8.84898, 2.78206, 8.475],
			"rotation": {"angle": 0, "axis": "z", "origin": [9.12572, 6.98064, 7.99252]},
			"faces": {
				"north": {"uv": [11.75, 15, 12, 15.25], "rotation": 90, "texture": "#1"},
				"east": {"uv": [11.75, 15, 12, 15.25], "rotation": 90, "texture": "#1"},
				"south": {"uv": [11.75, 15, 12, 15.25], "rotation": 90, "texture": "#1"},
				"west": {"uv": [11.75, 15, 12, 15.25], "rotation": 90, "texture": "#1"},
				"up": {"uv": [11.75, 15, 12, 15.25], "rotation": 90, "texture": "#1"},
				"down": {"uv": [11.75, 15, 12, 15.25], "rotation": 90, "texture": "#1"}
			}
		},
		{
			"from": [0, 0, 7.5],
			"to": [16, 16, 8.5],
			"faces": {
				"north": {"uv": [0, 0, 16, 16], "texture": "#1"},
				"south": {"uv": [16, 0, 0, 16], "texture": "#1"}
			}
		},
		{
			"from": [7.96205, 12.52411, 6.964],
			"to": [8.03795, 13.18411, 8.936],
			"rotation": {"angle": 0, "axis": "z", "origin": [7.79042, 12.85411, 7.8]},
			"faces": {
				"north": {"uv": [11, 5.5, 11.25, 5.75], "texture": "#1"},
				"east": {"uv": [11, 5.5, 11.25, 5.75], "texture": "#1"},
				"south": {"uv": [11, 5.5, 11.25, 5.75], "texture": "#1"},
				"west": {"uv": [11, 5.5, 11.25, 5.75], "texture": "#1"},
				"up": {"uv": [11, 5.5, 11.25, 5.75], "texture": "#1"},
				"down": {"uv": [11, 5.5, 11.25, 5.75], "texture": "#1"}
			}
		},
		{
			"from": [10.68238, 11.32739, 6.965],
			"to": [11.34038, 13.30539, 8.935],
			"rotation": {"angle": 22.5, "axis": "z", "origin": [11.52173, 6.34949, 7.78684]},
			"faces": {
				"north": {"uv": [11, 5.25, 11.25, 5.5], "texture": "#1"},
				"east": {"uv": [11, 5.25, 11.25, 5.5], "texture": "#1"},
				"south": {"uv": [11, 5.25, 11.25, 5.5], "texture": "#1"},
				"west": {"uv": [11, 5.25, 11.25, 5.5], "texture": "#1"},
				"up": {"uv": [11, 5.25, 11.25, 5.5], "texture": "#1"},
				"down": {"uv": [11, 5.25, 11.25, 5.5], "texture": "#1"}
			}
		},
		{
			"from": [11.4992, 14.29304, 6.964],
			"to": [12.1592, 14.78804, 8.936],
			"rotation": {"angle": 45, "axis": "z", "origin": [12.33955, 9.31613, 7.78684]},
			"faces": {
				"north": {"uv": [11, 5.5, 11.25, 5.75], "texture": "#1"},
				"east": {"uv": [11, 5.5, 11.25, 5.75], "texture": "#1"},
				"south": {"uv": [11, 5.5, 11.25, 5.75], "texture": "#1"},
				"west": {"uv": [11, 5.5, 11.25, 5.75], "texture": "#1"},
				"up": {"uv": [11, 5.5, 11.25, 5.75], "texture": "#1"},
				"down": {"uv": [11, 5.5, 11.25, 5.75], "texture": "#1"}
			}
		},
		{
			"from": [7.90536, 12.61766, 6.965],
			"to": [8.23536, 13.17766, 8.935],
			"rotation": {"angle": -22.5, "axis": "z", "origin": [7.98786, 12.84766, 7.8]},
			"faces": {
				"north": {"uv": [11, 5.5, 11.25, 5.75], "texture": "#1"},
				"east": {"uv": [11, 5.5, 11.25, 5.75], "texture": "#1"},
				"south": {"uv": [11, 5.5, 11.25, 5.75], "texture": "#1"},
				"west": {"uv": [11, 5.5, 11.25, 5.75], "texture": "#1"},
				"up": {"uv": [11, 5.5, 11.25, 5.75], "texture": "#1"},
				"down": {"uv": [11, 5.5, 11.25, 5.75], "texture": "#1"}
			}
		},
		{
			"from": [8.80155, 8.92404, 6.965],
			"to": [10.0085, 9.58244, 8.935],
			"rotation": {"angle": -22.5, "axis": "z", "origin": [11.25369, 6.69479, 7.78684]},
			"faces": {
				"north": {"uv": [3.75, 7, 4, 7.25], "rotation": 90, "texture": "#1"},
				"east": {"uv": [3.75, 7, 4, 7.25], "rotation": 90, "texture": "#1"},
				"south": {"uv": [3.75, 7, 4, 7.25], "rotation": 90, "texture": "#1"},
				"west": {"uv": [3.75, 7, 4, 7.25], "rotation": 90, "texture": "#1"},
				"up": {"uv": [3.75, 7, 4, 7.25], "rotation": 90, "texture": "#1"},
				"down": {"uv": [3.75, 7, 4, 7.25], "rotation": 90, "texture": "#1"}
			}
		},
		{
			"from": [6.67541, 9.69627, 6.964],
			"to": [7.99541, 10.35627, 8.936],
			"rotation": {"angle": -45, "axis": "z", "origin": [8.91332, 7.46763, 7.78684]},
			"faces": {
				"north": {"uv": [5.5, 4.5, 5.75, 4.75], "texture": "#1"},
				"east": {"uv": [5.5, 4.5, 5.75, 4.75], "texture": "#1"},
				"south": {"uv": [5.5, 4.5, 5.75, 4.75], "texture": "#1"},
				"west": {"uv": [5.5, 4.5, 5.75, 4.75], "texture": "#1"},
				"up": {"uv": [5.5, 4.5, 5.75, 4.75], "texture": "#1"},
				"down": {"uv": [5.5, 4.5, 5.75, 4.75], "texture": "#1"}
			}
		},
		{
			"from": [10.95692, 9.22956, 6.964],
			"to": [12.48408, 9.89922, 8.936],
			"rotation": {"angle": 0, "axis": "z", "origin": [15.37798, 7.00091, 7.78684]},
			"faces": {
				"north": {"uv": [3.75, 7, 4, 7.25], "rotation": 90, "texture": "#1"},
				"east": {"uv": [3.75, 7, 4, 7.25], "rotation": 90, "texture": "#1"},
				"south": {"uv": [3.75, 7, 4, 7.25], "rotation": 90, "texture": "#1"},
				"west": {"uv": [3.75, 7, 4, 7.25], "rotation": 90, "texture": "#1"},
				"up": {"uv": [3.75, 7, 4, 7.25], "rotation": 90, "texture": "#1"},
				"down": {"uv": [3.75, 7, 4, 7.25], "rotation": 90, "texture": "#1"}
			}
		},
		{
			"from": [11.06323, 7.88386, 6.964],
			"to": [11.68018, 8.55432, 8.936],
			"rotation": {"angle": -22.5, "axis": "z", "origin": [15.15429, 5.65521, 7.78684]},
			"faces": {
				"north": {"uv": [3.75, 7, 4, 7.25], "rotation": 90, "texture": "#1"},
				"east": {"uv": [3.75, 7, 4, 7.25], "rotation": 90, "texture": "#1"},
				"south": {"uv": [3.75, 7, 4, 7.25], "rotation": 90, "texture": "#1"},
				"west": {"uv": [3.75, 7, 4, 7.25], "rotation": 90, "texture": "#1"},
				"up": {"uv": [3.75, 7, 4, 7.25], "rotation": 90, "texture": "#1"},
				"down": {"uv": [3.75, 7, 4, 7.25], "rotation": 90, "texture": "#1"}
			}
		},
		{
			"from": [10.09475, 5.07697, 6.964],
			"to": [10.75475, 7.51897, 8.936],
			"rotation": {"angle": -45, "axis": "z", "origin": [13.52581, 5.15832, 7.78684]},
			"faces": {
				"north": {"uv": [3.75, 7, 4, 7.25], "rotation": 90, "texture": "#1"},
				"east": {"uv": [3.75, 7, 4, 7.25], "rotation": 90, "texture": "#1"},
				"south": {"uv": [3.75, 7, 4, 7.25], "rotation": 90, "texture": "#1"},
				"west": {"uv": [3.75, 7, 4, 7.25], "rotation": 90, "texture": "#1"},
				"up": {"uv": [3.75, 7, 4, 7.25], "rotation": 90, "texture": "#1"},
				"down": {"uv": [3.75, 7, 4, 7.25], "rotation": 90, "texture": "#1"}
			}
		},
		{
			"from": [11.41475, 8.39972, 6.964],
			"to": [11.86906, 8.64097, 8.936],
			"rotation": {"angle": -22.5, "axis": "z", "origin": [13.52581, 5.15832, 7.78684]},
			"faces": {
				"north": {"uv": [3.75, 7, 4, 7.25], "rotation": 90, "texture": "#1"},
				"east": {"uv": [3.75, 7, 4, 7.25], "rotation": 90, "texture": "#1"},
				"south": {"uv": [3.75, 7, 4, 7.25], "rotation": 90, "texture": "#1"},
				"west": {"uv": [3.75, 7, 4, 7.25], "rotation": 90, "texture": "#1"},
				"up": {"uv": [3.75, 7, 4, 7.25], "rotation": 90, "texture": "#1"},
				"down": {"uv": [3.75, 7, 4, 7.25], "rotation": 90, "texture": "#1"}
			}
		},
		{
			"from": [12.80761, 9.00988, 6.964],
			"to": [13.32793, 9.26763, 8.936],
			"rotation": {"angle": 0, "axis": "z", "origin": [14.98467, 5.76848, 7.78684]},
			"faces": {
				"north": {"uv": [3.75, 7, 4, 7.25], "rotation": 90, "texture": "#1"},
				"east": {"uv": [3.75, 7, 4, 7.25], "rotation": 90, "texture": "#1"},
				"south": {"uv": [3.75, 7, 4, 7.25], "rotation": 90, "texture": "#1"},
				"west": {"uv": [3.75, 7, 4, 7.25], "rotation": 90, "texture": "#1"},
				"up": {"uv": [3.75, 7, 4, 7.25], "rotation": 90, "texture": "#1"},
				"down": {"uv": [3.75, 7, 4, 7.25], "rotation": 90, "texture": "#1"}
			}
		},
		{
			"from": [13.99424, 10.14963, 6.964],
			"to": [14.44856, 10.37439, 8.936],
			"rotation": {"angle": 22.5, "axis": "z", "origin": [16.1053, 6.89174, 7.78684]},
			"faces": {
				"north": {"uv": [3.75, 7, 4, 7.25], "rotation": 90, "texture": "#1"},
				"east": {"uv": [3.75, 7, 4, 7.25], "rotation": 90, "texture": "#1"},
				"south": {"uv": [3.75, 7, 4, 7.25], "rotation": 90, "texture": "#1"},
				"west": {"uv": [3.75, 7, 4, 7.25], "rotation": 90, "texture": "#1"},
				"up": {"uv": [3.75, 7, 4, 7.25], "rotation": 90, "texture": "#1"},
				"down": {"uv": [3.75, 7, 4, 7.25], "rotation": 90, "texture": "#1"}
			}
		},
		{
			"from": [14.58015, 11.59206, 6.964],
			"to": [15.03016, 11.85771, 8.936],
			"rotation": {"angle": 45, "axis": "z", "origin": [16.69122, 8.37506, 7.78684]},
			"faces": {
				"north": {"uv": [3.75, 7, 4, 7.25], "rotation": 90, "texture": "#1"},
				"east": {"uv": [3.75, 7, 4, 7.25], "rotation": 90, "texture": "#1"},
				"south": {"uv": [3.75, 7, 4, 7.25], "rotation": 90, "texture": "#1"},
				"west": {"uv": [3.75, 7, 4, 7.25], "rotation": 90, "texture": "#1"},
				"up": {"uv": [3.75, 7, 4, 7.25], "rotation": 90, "texture": "#1"},
				"down": {"uv": [3.75, 7, 4, 7.25], "rotation": 90, "texture": "#1"}
			}
		},
		{
			"from": [9.72405, 4.47147, 6.964],
			"to": [10.38622, 6.42329, 8.936],
			"rotation": {"angle": -22.5, "axis": "z", "origin": [13.15728, 3.66182, 7.78684]},
			"faces": {
				"north": {"uv": [3.75, 7, 4, 7.25], "rotation": 90, "texture": "#1"},
				"east": {"uv": [3.75, 7, 4, 7.25], "rotation": 90, "texture": "#1"},
				"south": {"uv": [3.75, 7, 4, 7.25], "rotation": 90, "texture": "#1"},
				"west": {"uv": [3.75, 7, 4, 7.25], "rotation": 90, "texture": "#1"},
				"up": {"uv": [3.75, 7, 4, 7.25], "rotation": 90, "texture": "#1"},
				"down": {"uv": [3.75, 7, 4, 7.25], "rotation": 90, "texture": "#1"}
			}
		},
		{
			"from": [10.50289, 3.53214, 6.964],
			"to": [11.16289, 4.52214, 8.936],
			"rotation": {"angle": 0, "axis": "z", "origin": [13.93395, 2.4585, 7.78684]},
			"faces": {
				"north": {"uv": [3.75, 7, 4, 7.25], "rotation": 90, "texture": "#1"},
				"east": {"uv": [3.75, 7, 4, 7.25], "rotation": 90, "texture": "#1"},
				"south": {"uv": [3.75, 7, 4, 7.25], "rotation": 90, "texture": "#1"},
				"west": {"uv": [3.75, 7, 4, 7.25], "rotation": 90, "texture": "#1"},
				"up": {"uv": [3.75, 7, 4, 7.25], "rotation": 90, "texture": "#1"},
				"down": {"uv": [3.75, 7, 4, 7.25], "rotation": 90, "texture": "#1"}
			}
		},
		{
			"from": [9.426, 2.70607, 6.964],
			"to": [11.802, 3.36607, 8.936],
			"rotation": {"angle": -22.5, "axis": "z", "origin": [11.98465, 6.13713, 7.78684]},
			"faces": {
				"north": {"uv": [3.75, 7, 4, 7.25], "rotation": 90, "texture": "#1"},
				"east": {"uv": [3.75, 7, 4, 7.25], "rotation": 90, "texture": "#1"},
				"south": {"uv": [3.75, 7, 4, 7.25], "rotation": 90, "texture": "#1"},
				"west": {"uv": [3.75, 7, 4, 7.25], "rotation": 90, "texture": "#1"},
				"up": {"uv": [3.75, 7, 4, 7.25], "rotation": 90, "texture": "#1"},
				"down": {"uv": [3.75, 7, 4, 7.25], "rotation": 90, "texture": "#1"}
			}
		},
		{
			"from": [10.46454, 5.62663, 6.964],
			"to": [11.1734, 6.1826, 8.936],
			"rotation": {"angle": 22.5, "axis": "z", "origin": [13.94446, 5.04798, 7.78684]},
			"faces": {
				"north": {"uv": [3.75, 7, 4, 7.25], "rotation": 90, "texture": "#1"},
				"east": {"uv": [3.75, 7, 4, 7.25], "rotation": 90, "texture": "#1"},
				"south": {"uv": [3.75, 7, 4, 7.25], "rotation": 90, "texture": "#1"},
				"west": {"uv": [3.75, 7, 4, 7.25], "rotation": 90, "texture": "#1"},
				"up": {"uv": [3.75, 7, 4, 7.25], "rotation": 90, "texture": "#1"},
				"down": {"uv": [3.75, 7, 4, 7.25], "rotation": 90, "texture": "#1"}
			}
		},
		{
			"from": [10.29523, 4.76452, 6.964],
			"to": [10.98847, 5.72368, 8.936],
			"rotation": {"angle": 0, "axis": "z", "origin": [13.66053, 4.46651, 7.78684]},
			"faces": {
				"north": {"uv": [3.75, 7, 4, 7.25], "rotation": 90, "texture": "#1"},
				"east": {"uv": [3.75, 7, 4, 7.25], "rotation": 90, "texture": "#1"},
				"south": {"uv": [3.75, 7, 4, 7.25], "rotation": 90, "texture": "#1"},
				"west": {"uv": [3.75, 7, 4, 7.25], "rotation": 90, "texture": "#1"},
				"up": {"uv": [3.75, 7, 4, 7.25], "rotation": 90, "texture": "#1"},
				"down": {"uv": [3.75, 7, 4, 7.25], "rotation": 90, "texture": "#1"}
			}
		},
		{
			"name": "hexadecagon",
			"from": [10.50289, 3.03714, 6.964],
			"to": [10.66645, 3.69714, 8.936],
			"rotation": {"angle": 0, "axis": "z", "origin": [10.63417, 3.69714, 7.844]},
			"faces": {
				"north": {"uv": [3.75, 7, 4, 7.25], "rotation": 90, "texture": "#1"},
				"east": {"uv": [3.75, 7, 4, 7.25], "rotation": 90, "texture": "#1"},
				"south": {"uv": [3.75, 7, 4, 7.25], "rotation": 90, "texture": "#1"},
				"west": {"uv": [3.75, 7, 4, 7.25], "rotation": 90, "texture": "#1"},
				"up": {"uv": [3.75, 7, 4, 7.25], "rotation": 90, "texture": "#1"},
				"down": {"uv": [3.75, 7, 4, 7.25], "rotation": 90, "texture": "#1"}
			}
		},
		{
			"name": "hexadecagon",
			"from": [10.40766, 3.0182, 6.964],
			"to": [10.65186, 3.6782, 8.936],
			"rotation": {"angle": 22.5, "axis": "z", "origin": [10.48944, 3.6782, 7.844]},
			"faces": {
				"north": {"uv": [3.75, 7, 4, 7.25], "rotation": 90, "texture": "#1"},
				"east": {"uv": [3.75, 7, 4, 7.25], "rotation": 90, "texture": "#1"},
				"south": {"uv": [3.75, 7, 4, 7.25], "rotation": 90, "texture": "#1"},
				"west": {"uv": [3.75, 7, 4, 7.25], "rotation": 90, "texture": "#1"},
				"up": {"uv": [3.75, 7, 4, 7.25], "rotation": 90, "texture": "#1"},
				"down": {"uv": [3.75, 7, 4, 7.25], "rotation": 90, "texture": "#1"}
			}
		},
		{
			"name": "hexadecagon",
			"from": [10.40142, 2.9941, 6.964],
			"to": [10.65125, 3.65511, 8.936],
			"rotation": {"angle": 45, "axis": "z", "origin": [10.4832, 3.65511, 7.844]},
			"faces": {
				"north": {"uv": [3.75, 7, 4, 7.25], "rotation": 90, "texture": "#1"},
				"east": {"uv": [3.75, 7, 4, 7.25], "rotation": 90, "texture": "#1"},
				"south": {"uv": [3.75, 7, 4, 7.25], "rotation": 90, "texture": "#1"},
				"west": {"uv": [3.75, 7, 4, 7.25], "rotation": 90, "texture": "#1"},
				"up": {"uv": [3.75, 7, 4, 7.25], "rotation": 90, "texture": "#1"},
				"down": {"uv": [3.75, 7, 4, 7.25], "rotation": 90, "texture": "#1"}
			}
		},
		{
			"name": "hexadecagon",
			"from": [10.49098, 3.55288, 6.964],
			"to": [11.15098, 3.79708, 8.936],
			"rotation": {"angle": -22.5, "axis": "z", "origin": [10.49098, 3.63466, 7.844]},
			"faces": {
				"north": {"uv": [3.75, 7, 4, 7.25], "rotation": 90, "texture": "#1"},
				"east": {"uv": [3.75, 7, 4, 7.25], "rotation": 90, "texture": "#1"},
				"south": {"uv": [3.75, 7, 4, 7.25], "rotation": 90, "texture": "#1"},
				"west": {"uv": [3.75, 7, 4, 7.25], "rotation": 90, "texture": "#1"},
				"up": {"uv": [3.75, 7, 4, 7.25], "rotation": 90, "texture": "#1"},
				"down": {"uv": [3.75, 7, 4, 7.25], "rotation": 90, "texture": "#1"}
			}
		},
		{
			"from": [4.65862, 11.32639, 6.964],
			"to": [5.31862, 13.30639, 8.936],
			"rotation": {"angle": -22.5, "axis": "z", "origin": [4.47827, 6.34949, 7.78684]},
			"faces": {
				"north": {"uv": [11, 6, 11.25, 6.25], "texture": "#1"},
				"east": {"uv": [11, 6, 11.25, 6.25], "texture": "#1"},
				"south": {"uv": [11, 6, 11.25, 6.25], "texture": "#1"},
				"west": {"uv": [11, 6, 11.25, 6.25], "texture": "#1"},
				"up": {"uv": [11, 6, 11.25, 6.25], "texture": "#1"},
				"down": {"uv": [11, 6, 11.25, 6.25], "texture": "#1"}
			}
		},
		{
			"from": [3.8408, 14.29304, 6.965],
			"to": [4.5008, 14.78804, 8.935],
			"rotation": {"angle": -45, "axis": "z", "origin": [3.66045, 9.31613, 7.78684]},
			"faces": {
				"north": {"uv": [11, 5.75, 11.25, 6], "texture": "#1"},
				"east": {"uv": [11, 5.75, 11.25, 6], "texture": "#1"},
				"south": {"uv": [11, 5.75, 11.25, 6], "texture": "#1"},
				"west": {"uv": [11, 5.75, 11.25, 6], "texture": "#1"},
				"up": {"uv": [11, 5.75, 11.25, 6], "texture": "#1"},
				"down": {"uv": [11, 5.75, 11.25, 6], "texture": "#1"}
			}
		},
		{
			"from": [7.76464, 12.51766, 6.964],
			"to": [8.09464, 13.17766, 8.936],
			"rotation": {"angle": 22.5, "axis": "z", "origin": [8.01214, 12.84766, 7.8]},
			"faces": {
				"north": {"uv": [11, 5.5, 11.25, 5.75], "texture": "#1"},
				"east": {"uv": [11, 5.5, 11.25, 5.75], "texture": "#1"},
				"south": {"uv": [11, 5.5, 11.25, 5.75], "texture": "#1"},
				"west": {"uv": [11, 5.5, 11.25, 5.75], "texture": "#1"},
				"up": {"uv": [11, 5.5, 11.25, 5.75], "texture": "#1"},
				"down": {"uv": [11, 5.5, 11.25, 5.75], "texture": "#1"}
			}
		},
		{
			"from": [5.9905, 8.92304, 6.964],
			"to": [7.19945, 9.58344, 8.936],
			"rotation": {"angle": 22.5, "axis": "z", "origin": [4.74631, 6.69479, 7.78684]},
			"faces": {
				"north": {"uv": [11.75, 7, 12, 7.25], "rotation": 90, "texture": "#1"},
				"east": {"uv": [11.75, 7, 12, 7.25], "rotation": 90, "texture": "#1"},
				"south": {"uv": [11.75, 7, 12, 7.25], "rotation": 90, "texture": "#1"},
				"west": {"uv": [11.75, 7, 12, 7.25], "rotation": 90, "texture": "#1"},
				"up": {"uv": [11.75, 7, 12, 7.25], "rotation": 90, "texture": "#1"},
				"down": {"uv": [11.75, 7, 12, 7.25], "rotation": 90, "texture": "#1"}
			}
		},
		{
			"from": [8.00559, 9.69727, 6.965],
			"to": [9.32359, 10.35527, 8.935],
			"rotation": {"angle": 45, "axis": "z", "origin": [7.08668, 7.46763, 7.78684]},
			"faces": {
				"north": {"uv": [11.75, 7, 12, 7.25], "rotation": 90, "texture": "#1"},
				"east": {"uv": [11.75, 7, 12, 7.25], "rotation": 90, "texture": "#1"},
				"south": {"uv": [11.75, 7, 12, 7.25], "rotation": 90, "texture": "#1"},
				"west": {"uv": [11.75, 7, 12, 7.25], "rotation": 90, "texture": "#1"},
				"up": {"uv": [11.75, 7, 12, 7.25], "rotation": 90, "texture": "#1"},
				"down": {"uv": [11.75, 7, 12, 7.25], "rotation": 90, "texture": "#1"}
			}
		},
		{
			"from": [3.51692, 9.23056, 6.965],
			"to": [5.04208, 9.89822, 8.935],
			"rotation": {"angle": 0, "axis": "z", "origin": [0.62202, 7.00091, 7.78684]},
			"faces": {
				"north": {"uv": [11.75, 7, 12, 7.25], "rotation": 90, "texture": "#1"},
				"east": {"uv": [11.75, 7, 12, 7.25], "rotation": 90, "texture": "#1"},
				"south": {"uv": [11.75, 7, 12, 7.25], "rotation": 90, "texture": "#1"},
				"west": {"uv": [11.75, 7, 12, 7.25], "rotation": 90, "texture": "#1"},
				"up": {"uv": [11.75, 7, 12, 7.25], "rotation": 90, "texture": "#1"},
				"down": {"uv": [11.75, 7, 12, 7.25], "rotation": 90, "texture": "#1"}
			}
		},
		{
			"from": [4.31982, 7.88386, 6.964],
			"to": [4.93677, 8.55432, 8.936],
			"rotation": {"angle": 22.5, "axis": "z", "origin": [0.84571, 5.65521, 7.78684]},
			"faces": {
				"north": {"uv": [11.75, 7, 12, 7.25], "rotation": 90, "texture": "#1"},
				"east": {"uv": [11.75, 7, 12, 7.25], "rotation": 90, "texture": "#1"},
				"south": {"uv": [11.75, 7, 12, 7.25], "rotation": 90, "texture": "#1"},
				"west": {"uv": [11.75, 7, 12, 7.25], "rotation": 90, "texture": "#1"},
				"up": {"uv": [11.75, 7, 12, 7.25], "rotation": 90, "texture": "#1"},
				"down": {"uv": [11.75, 7, 12, 7.25], "rotation": 90, "texture": "#1"}
			}
		},
		{
			"from": [5.24525, 5.07697, 6.964],
			"to": [5.90525, 7.51897, 8.936],
			"rotation": {"angle": 45, "axis": "z", "origin": [2.47419, 5.15832, 7.78684]},
			"faces": {
				"north": {"uv": [11.75, 7, 12, 7.25], "rotation": 90, "texture": "#1"},
				"east": {"uv": [11.75, 7, 12, 7.25], "rotation": 90, "texture": "#1"},
				"south": {"uv": [11.75, 7, 12, 7.25], "rotation": 90, "texture": "#1"},
				"west": {"uv": [11.75, 7, 12, 7.25], "rotation": 90, "texture": "#1"},
				"up": {"uv": [11.75, 7, 12, 7.25], "rotation": 90, "texture": "#1"},
				"down": {"uv": [11.75, 7, 12, 7.25], "rotation": 90, "texture": "#1"}
			}
		},
		{
			"from": [4.13194, 8.40072, 6.965],
			"to": [4.58425, 8.63997, 8.935],
			"rotation": {"angle": 22.5, "axis": "z", "origin": [2.47419, 5.15832, 7.78684]},
			"faces": {
				"north": {"uv": [11.75, 7, 12, 7.25], "rotation": 90, "texture": "#1"},
				"east": {"uv": [11.75, 7, 12, 7.25], "rotation": 90, "texture": "#1"},
				"south": {"uv": [11.75, 7, 12, 7.25], "rotation": 90, "texture": "#1"},
				"west": {"uv": [11.75, 7, 12, 7.25], "rotation": 90, "texture": "#1"},
				"up": {"uv": [11.75, 7, 12, 7.25], "rotation": 90, "texture": "#1"},
				"down": {"uv": [11.75, 7, 12, 7.25], "rotation": 90, "texture": "#1"}
			}
		},
		{
			"from": [2.67307, 9.01088, 6.965],
			"to": [3.19139, 9.26663, 8.935],
			"rotation": {"angle": 0, "axis": "z", "origin": [1.01533, 5.76848, 7.78684]},
			"faces": {
				"north": {"uv": [11.75, 7, 12, 7.25], "rotation": 90, "texture": "#1"},
				"east": {"uv": [11.75, 7, 12, 7.25], "rotation": 90, "texture": "#1"},
				"south": {"uv": [11.75, 7, 12, 7.25], "rotation": 90, "texture": "#1"},
				"west": {"uv": [11.75, 7, 12, 7.25], "rotation": 90, "texture": "#1"},
				"up": {"uv": [11.75, 7, 12, 7.25], "rotation": 90, "texture": "#1"},
				"down": {"uv": [11.75, 7, 12, 7.25], "rotation": 90, "texture": "#1"}
			}
		},
		{
			"from": [1.55244, 10.15063, 6.965],
			"to": [2.00476, 10.37339, 8.935],
			"rotation": {"angle": -22.5, "axis": "z", "origin": [-0.1053, 6.89174, 7.78684]},
			"faces": {
				"north": {"uv": [11.75, 7, 12, 7.25], "rotation": 90, "texture": "#1"},
				"east": {"uv": [11.75, 7, 12, 7.25], "rotation": 90, "texture": "#1"},
				"south": {"uv": [11.75, 7, 12, 7.25], "rotation": 90, "texture": "#1"},
				"west": {"uv": [11.75, 7, 12, 7.25], "rotation": 90, "texture": "#1"},
				"up": {"uv": [11.75, 7, 12, 7.25], "rotation": 90, "texture": "#1"},
				"down": {"uv": [11.75, 7, 12, 7.25], "rotation": 90, "texture": "#1"}
			}
		},
		{
			"from": [0.97084, 11.59306, 6.965],
			"to": [1.41885, 11.85671, 8.935],
			"rotation": {"angle": -45, "axis": "z", "origin": [-0.69122, 8.37506, 7.78684]},
			"faces": {
				"north": {"uv": [11.75, 7, 12, 7.25], "rotation": 90, "texture": "#1"},
				"east": {"uv": [11.75, 7, 12, 7.25], "rotation": 90, "texture": "#1"},
				"south": {"uv": [11.75, 7, 12, 7.25], "rotation": 90, "texture": "#1"},
				"west": {"uv": [11.75, 7, 12, 7.25], "rotation": 90, "texture": "#1"},
				"up": {"uv": [11.75, 7, 12, 7.25], "rotation": 90, "texture": "#1"},
				"down": {"uv": [11.75, 7, 12, 7.25], "rotation": 90, "texture": "#1"}
			}
		},
		{
			"from": [5.61478, 4.47247, 6.965],
			"to": [6.27495, 6.42229, 8.935],
			"rotation": {"angle": 22.5, "axis": "z", "origin": [2.84272, 3.66182, 7.78684]},
			"faces": {
				"north": {"uv": [11.25, 8, 13.25, 8.25], "rotation": 90, "texture": "#1"},
				"east": {"uv": [11.25, 8, 13.25, 8.25], "rotation": 90, "texture": "#1"},
				"south": {"uv": [11.25, 8, 13.25, 8.25], "rotation": 90, "texture": "#1"},
				"west": {"uv": [11.25, 8, 13.25, 8.25], "rotation": 90, "texture": "#1"},
				"up": {"uv": [11.75, 7, 12, 7.25], "rotation": 90, "texture": "#1"},
				"down": {"uv": [11.75, 7, 12, 7.25], "rotation": 90, "texture": "#1"}
			}
		},
		{
			"from": [4.83711, 3.53214, 6.964],
			"to": [5.49711, 4.52214, 8.936],
			"rotation": {"angle": 0, "axis": "z", "origin": [2.06605, 2.4585, 7.78684]},
			"faces": {
				"north": {"uv": [11.75, 10.5, 12, 10.75], "rotation": 90, "texture": "#1"},
				"east": {"uv": [11.75, 10.5, 12, 10.75], "rotation": 90, "texture": "#1"},
				"south": {"uv": [11.75, 10.5, 12, 10.75], "rotation": 90, "texture": "#1"},
				"west": {"uv": [11.75, 10.5, 12, 10.75], "rotation": 90, "texture": "#1"},
				"up": {"uv": [11.75, 10.5, 12, 10.75], "rotation": 90, "texture": "#1"},
				"down": {"uv": [11.75, 10.5, 12, 10.75], "rotation": 90, "texture": "#1"}
			}
		},
		{
			"from": [4.198, 2.70607, 6.964],
			"to": [6.574, 3.36607, 8.936],
			"rotation": {"angle": 22.5, "axis": "z", "origin": [4.01535, 6.13713, 7.78684]},
			"faces": {
				"north": {"uv": [11.75, 10.5, 12, 10.75], "rotation": 90, "texture": "#1"},
				"east": {"uv": [11.75, 10.5, 12, 10.75], "rotation": 90, "texture": "#1"},
				"south": {"uv": [11.75, 10.5, 12, 10.75], "rotation": 90, "texture": "#1"},
				"west": {"uv": [11.75, 10.5, 12, 10.75], "rotation": 90, "texture": "#1"},
				"up": {"uv": [11.75, 10.5, 12, 10.75], "rotation": 90, "texture": "#1"},
				"down": {"uv": [11.75, 10.5, 12, 10.75], "rotation": 90, "texture": "#1"}
			}
		},
		{
			"from": [4.8266, 5.62663, 6.964],
			"to": [5.53546, 6.1826, 8.936],
			"rotation": {"angle": -22.5, "axis": "z", "origin": [2.05554, 5.04798, 7.78684]},
			"faces": {
				"north": {"uv": [11.75, 10.5, 12, 10.75], "rotation": 90, "texture": "#1"},
				"east": {"uv": [11.75, 10.5, 12, 10.75], "rotation": 90, "texture": "#1"},
				"south": {"uv": [11.75, 10.5, 12, 10.75], "rotation": 90, "texture": "#1"},
				"west": {"uv": [11.75, 10.5, 12, 10.75], "rotation": 90, "texture": "#1"},
				"up": {"uv": [11.75, 10.5, 12, 10.75], "rotation": 90, "texture": "#1"},
				"down": {"uv": [11.75, 10.5, 12, 10.75], "rotation": 90, "texture": "#1"}
			}
		},
		{
			"from": [5.01153, 4.76452, 6.964],
			"to": [5.70477, 5.72368, 8.936],
			"rotation": {"angle": 0, "axis": "z", "origin": [2.33947, 4.46651, 7.78684]},
			"faces": {
				"north": {"uv": [13.25, 8, 13.75, 8.25], "rotation": 90, "texture": "#1"},
				"east": {"uv": [13.25, 8, 13.75, 8.25], "rotation": 90, "texture": "#1"},
				"south": {"uv": [13.25, 8, 13.75, 8.25], "rotation": 90, "texture": "#1"},
				"west": {"uv": [13.25, 8, 13.75, 8.25], "rotation": 90, "texture": "#1"},
				"up": {"uv": [11.75, 10.5, 12, 10.75], "rotation": 90, "texture": "#1"},
				"down": {"uv": [11.75, 10.5, 12, 10.75], "rotation": 90, "texture": "#1"}
			}
		},
		{
			"name": "hexadecagon",
			"from": [5.33355, 3.03714, 6.964],
			"to": [5.49711, 3.69714, 8.936],
			"rotation": {"angle": 0, "axis": "z", "origin": [5.36583, 3.69714, 7.844]},
			"faces": {
				"north": {"uv": [11.75, 10.5, 12, 10.75], "rotation": 90, "texture": "#1"},
				"east": {"uv": [11.75, 10.5, 12, 10.75], "rotation": 90, "texture": "#1"},
				"south": {"uv": [11.75, 10.5, 12, 10.75], "rotation": 90, "texture": "#1"},
				"west": {"uv": [11.75, 10.5, 12, 10.75], "rotation": 90, "texture": "#1"},
				"up": {"uv": [11.75, 10.5, 12, 10.75], "rotation": 90, "texture": "#1"},
				"down": {"uv": [11.75, 10.5, 12, 10.75], "rotation": 90, "texture": "#1"}
			}
		},
		{
			"name": "hexadecagon",
			"from": [5.34814, 3.0182, 6.964],
			"to": [5.59234, 3.6782, 8.936],
			"rotation": {"angle": -22.5, "axis": "z", "origin": [5.51056, 3.6782, 7.844]},
			"faces": {
				"north": {"uv": [11.75, 10.5, 12, 10.75], "rotation": 90, "texture": "#1"},
				"east": {"uv": [11.75, 10.5, 12, 10.75], "rotation": 90, "texture": "#1"},
				"south": {"uv": [11.75, 10.5, 12, 10.75], "rotation": 90, "texture": "#1"},
				"west": {"uv": [11.75, 10.5, 12, 10.75], "rotation": 90, "texture": "#1"},
				"up": {"uv": [11.75, 10.5, 12, 10.75], "rotation": 90, "texture": "#1"},
				"down": {"uv": [11.75, 10.5, 12, 10.75], "rotation": 90, "texture": "#1"}
			}
		},
		{
			"name": "hexadecagon",
			"from": [5.34875, 2.9941, 6.964],
			"to": [5.59858, 3.65511, 8.936],
			"rotation": {"angle": -45, "axis": "z", "origin": [5.5168, 3.65511, 7.844]},
			"faces": {
				"north": {"uv": [11.75, 10.5, 12, 10.75], "rotation": 90, "texture": "#1"},
				"east": {"uv": [11.75, 10.5, 12, 10.75], "rotation": 90, "texture": "#1"},
				"south": {"uv": [11.75, 10.5, 12, 10.75], "rotation": 90, "texture": "#1"},
				"west": {"uv": [11.75, 10.5, 12, 10.75], "rotation": 90, "texture": "#1"},
				"up": {"uv": [11.75, 10.5, 12, 10.75], "rotation": 90, "texture": "#1"},
				"down": {"uv": [11.75, 10.5, 12, 10.75], "rotation": 90, "texture": "#1"}
			}
		},
		{
			"name": "hexadecagon",
			"from": [4.84902, 3.55288, 6.964],
			"to": [5.50902, 3.79708, 8.936],
			"rotation": {"angle": 22.5, "axis": "z", "origin": [5.50902, 3.63466, 7.844]},
			"faces": {
				"north": {"uv": [11.75, 10.5, 12, 10.75], "rotation": 90, "texture": "#1"},
				"east": {"uv": [11.75, 10.5, 12, 10.75], "rotation": 90, "texture": "#1"},
				"south": {"uv": [11.75, 10.5, 12, 10.75], "rotation": 90, "texture": "#1"},
				"west": {"uv": [11.75, 10.5, 12, 10.75], "rotation": 90, "texture": "#1"},
				"up": {"uv": [11.75, 10.5, 12, 10.75], "rotation": 90, "texture": "#1"},
				"down": {"uv": [11.75, 10.5, 12, 10.75], "rotation": 90, "texture": "#1"}
			}
		},
		{
			"from": [7.43968, 3.89619, 6.964],
			"to": [8.56032, 4.55616, 8.936],
			"rotation": {"angle": 0, "axis": "z", "origin": [8.74297, 7.32722, 7.78684]},
			"faces": {
				"north": {"uv": [11.75, 10.5, 12, 10.75], "rotation": 90, "texture": "#1"},
				"east": {"uv": [11.75, 10.5, 12, 10.75], "rotation": 90, "texture": "#1"},
				"south": {"uv": [11.75, 11.5, 12, 11.75], "rotation": 90, "texture": "#1"},
				"west": {"uv": [11.75, 10.5, 12, 10.75], "rotation": 90, "texture": "#1"},
				"up": {"uv": [11.75, 10.5, 12, 10.75], "rotation": 90, "texture": "#1"},
				"down": {"uv": [11.75, 10.5, 12, 10.75], "rotation": 90, "texture": "#1"}
			}
		},
		{
			"from": [0, 0, 6.92],
			"to": [16, 16, 8.98],
			"rotation": {"angle": 0, "axis": "y", "origin": [8, 8, 7.8]},
			"faces": {
				"north": {"uv": [0, 0, 16, 16], "texture": "#2"},
				"south": {"uv": [16, 0, 0, 16], "texture": "#0"}
			}
		}
	],
	"display": {
		"thirdperson_righthand": {
			"translation": [0, 3, 1],
			"scale": [0.55, 0.55, 0.55]
		},
		"thirdperson_lefthand": {
			"translation": [0, 3, 1],
			"scale": [0.55, 0.55, 0.55]
		},
		"firstperson_righthand": {
			"rotation": [0, -90, 25],
			"translation": [1.13, 3.2, 1.13],
			"scale": [0.68, 0.68, 0.68]
		},
		"firstperson_lefthand": {
			"rotation": [0, -90, 25],
			"translation": [1.13, 3.2, 1.13],
			"scale": [0.68, 0.68, 0.68]
		},
		"ground": {
			"translation": [0, 2, 0],
			"scale": [0.5, 0.5, 0.5]
		},
		"head": {
			"translation": [0, 13, 0]
		},
		"fixed": {
			"rotation": [0, 180, 0]
		}
	},
	"groups": [
		{
			"name": "group",
			"origin": [8, 8, 8],
			"children": [0, 1, 2, 3, 4, 5, 6, 7, 8, 9, 10, 11, 12, 13, 14, 15, 16, 17, 18, 19, 20, 21, 22, 23, 24, 25, 26, 27, 28, 29, 30, 31, 32, 33, 34, 35, 36, 37, 38, 39, 40, 41, 42, 43, 44]
		},
		{
			"name": "group",
			"origin": [8, 8, 8],
			"children": [45, 46, 47, 48, 49, 50, 51, 52, 53, 54, 55, 56, 57, 58, 59, 60, 61, 62, 63, 64, 65, 66, 67, 68, 69, 70, 71, 72, 73, 74, 75, 76, 77, 78, 79, 80, 81, 82, 83, 84, 85, 86, 87, 88, 89]
		}
	]
}