{
	"credit": "Made with Blockbench",
	"textures": {
		"0": "decorations/board/dk/golden_statue",
		"particle": "decorations/board/dk/golden_statue"
	},
	"elements": [
		{
			"from": [14.7875, 3.25, 1.5875],
			"to": [16.6625, 5.125, 3.4625],
			"rotation": {"angle": 45, "axis": "x", "origin": [11.475, 4, 2.7125]},
			"faces": {
				"north": {"uv": [11.5, 10, 13.75, 12.5], "rotation": 90, "texture": "#0"},
				"east": {"uv": [11.5, 10, 13.75, 12.5], "rotation": 90, "texture": "#0"},
				"south": {"uv": [11.5, 10, 13.75, 12.5], "rotation": 270, "texture": "#0"},
				"west": {"uv": [11.5, 10, 13.75, 12.5], "rotation": 270, "texture": "#0"},
				"up": {"uv": [11.5, 10, 13.75, 12.5], "rotation": 270, "texture": "#0"},
				"down": {"uv": [11.5, 10, 13.75, 12.5], "rotation": 90, "texture": "#0"}
			}
		},
		{
			"from": [14.75, 2.5, 6.125],
			"to": [16.625, 4.375, 8],
			"rotation": {"angle": 45, "axis": "x", "origin": [11.4375, 3.25, 7.25]},
			"faces": {
				"north": {"uv": [11.5, 10, 13.75, 12.5], "rotation": 90, "texture": "#0"},
				"east": {"uv": [11.5, 10, 13.75, 12.5], "rotation": 90, "texture": "#0"},
				"south": {"uv": [11.5, 10, 13.75, 12.5], "rotation": 270, "texture": "#0"},
				"west": {"uv": [11.5, 10, 13.75, 12.5], "rotation": 270, "texture": "#0"},
				"up": {"uv": [11.5, 10, 13.75, 12.5], "rotation": 270, "texture": "#0"},
				"down": {"uv": [11.5, 10, 13.75, 12.5], "rotation": 90, "texture": "#0"}
			}
		},
		{
			"from": [14.5375, 3.375, 10.7375],
			"to": [16.4125, 5.25, 12.6125],
			"rotation": {"angle": 45, "axis": "x", "origin": [11.225, 4.125, 11.8625]},
			"faces": {
				"north": {"uv": [11.5, 10, 13.75, 12.5], "rotation": 90, "texture": "#0"},
				"east": {"uv": [11.5, 10, 13.75, 12.5], "rotation": 90, "texture": "#0"},
				"south": {"uv": [11.5, 10, 13.75, 12.5], "rotation": 270, "texture": "#0"},
				"west": {"uv": [11.5, 10, 13.75, 12.5], "rotation": 270, "texture": "#0"},
				"up": {"uv": [11.5, 10, 13.75, 12.5], "rotation": 270, "texture": "#0"},
				"down": {"uv": [11.5, 10, 13.75, 12.5], "rotation": 90, "texture": "#0"}
			}
		},
		{
			"from": [7.7875, 2.75, 1.0875],
			"to": [15.1625, 5.625, 3.9625],
			"rotation": {"angle": 45, "axis": "x", "origin": [11.475, 4, 2.7125]},
			"faces": {
				"north": {"uv": [11, 6.5, 14.75, 14], "rotation": 90, "texture": "#0"},
				"east": {"uv": [11.5, 10, 13.75, 12.5], "rotation": 90, "texture": "#0"},
				"south": {"uv": [11.5, 10, 13.75, 12.5], "rotation": 270, "texture": "#0"},
				"west": {"uv": [11.5, 10, 13.75, 12.5], "rotation": 270, "texture": "#0"},
				"up": {"uv": [0.5, 6.5, 2.75, 13], "rotation": 270, "texture": "#0"},
				"down": {"uv": [11.5, 10, 13.75, 12.5], "rotation": 90, "texture": "#0"}
			}
		},
		{
			"from": [7.75, 2, 5.625],
			"to": [15.125, 4.875, 8.5],
			"rotation": {"angle": 45, "axis": "x", "origin": [11.4375, 3.25, 7.25]},
			"faces": {
				"north": {"uv": [11, 6.5, 14.75, 14], "rotation": 90, "texture": "#0"},
				"east": {"uv": [11.5, 10, 13.75, 12.5], "rotation": 90, "texture": "#0"},
				"south": {"uv": [11.5, 10, 13.75, 12.5], "rotation": 270, "texture": "#0"},
				"west": {"uv": [11.5, 10, 13.75, 12.5], "rotation": 270, "texture": "#0"},
				"up": {"uv": [0.5, 6.5, 2.75, 13], "rotation": 270, "texture": "#0"},
				"down": {"uv": [11.5, 10, 13.75, 12.5], "rotation": 90, "texture": "#0"}
			}
		},
		{
			"from": [7.5375, 2.875, 10.2375],
			"to": [14.9125, 5.75, 13.1125],
			"rotation": {"angle": 45, "axis": "x", "origin": [11.225, 4.125, 11.8625]},
			"faces": {
				"north": {"uv": [11, 6.5, 14.75, 14], "rotation": 90, "texture": "#0"},
				"east": {"uv": [11.5, 10, 13.75, 12.5], "rotation": 90, "texture": "#0"},
				"south": {"uv": [11.5, 10, 13.75, 12.5], "rotation": 270, "texture": "#0"},
				"west": {"uv": [11.5, 10, 13.75, 12.5], "rotation": 270, "texture": "#0"},
				"up": {"uv": [0.5, 6.5, 2.75, 13], "rotation": 270, "texture": "#0"},
				"down": {"uv": [11.5, 10, 13.75, 12.5], "rotation": 90, "texture": "#0"}
			}
		},
		{
			"from": [4.5, 3.2125, 10.2375],
			"to": [7.75, 10.5875, 13.4875],
			"rotation": {"angle": 45, "axis": "z", "origin": [6.375, 6.4625, 12.1125]},
			"faces": {
				"north": {"uv": [11.5, 10, 13.75, 12.5], "texture": "#0"},
				"east": {"uv": [2, 4.5, 5.75, 9.5], "texture": "#0"},
				"south": {"uv": [11.5, 10, 13.75, 12.5], "texture": "#0"},
				"west": {"uv": [11.5, 10, 13.75, 12.5], "texture": "#0"},
				"up": {"uv": [11.5, 10, 13.75, 12.5], "texture": "#0"},
				"down": {"uv": [11.5, 10, 13.75, 12.5], "texture": "#0"}
			}
		},
		{
			"from": [4.875, 2.9625, 1.0875],
			"to": [8.125, 10.3375, 4.3375],
			"rotation": {"angle": 45, "axis": "z", "origin": [6.75, 6.2125, 2.9625]},
			"faces": {
				"north": {"uv": [11.5, 10, 13.75, 12.5], "texture": "#0"},
				"east": {"uv": [2, 4.5, 5.75, 9.5], "texture": "#0"},
				"south": {"uv": [11.5, 10, 13.75, 12.5], "texture": "#0"},
				"west": {"uv": [11.5, 10, 13.75, 12.5], "texture": "#0"},
				"up": {"uv": [11.5, 10, 13.75, 12.5], "texture": "#0"},
				"down": {"uv": [11.5, 10, 13.75, 12.5], "texture": "#0"}
			}
		},
		{
			"from": [3.375, 2.5, 5.625],
			"to": [6.625, 10.375, 8.875],
			"rotation": {"angle": 45, "axis": "z", "origin": [6.5, 7.25, 8.25]},
			"faces": {
				"north": {"uv": [11.5, 10, 13.75, 12.5], "texture": "#0"},
				"east": {"uv": [2, 4.5, 5.75, 9.5], "texture": "#0"},
				"south": {"uv": [11.5, 10, 13.75, 12.5], "texture": "#0"},
				"west": {"uv": [11.5, 10, 13.75, 12.5], "texture": "#0"},
				"up": {"uv": [11.5, 10, 13.75, 12.5], "texture": "#0"},
				"down": {"uv": [11.5, 10, 13.75, 12.5], "texture": "#0"}
			}
		},
		{
			"from": [2, 7.25, 5.875],
			"to": [4.925, 13.95, 8.625],
			"faces": {
				"north": {"uv": [11.5, 10, 13.75, 12.5], "texture": "#0"},
				"east": {"uv": [11.5, 10, 13.75, 12.5], "texture": "#0"},
				"south": {"uv": [11.5, 10, 13.75, 12.5], "texture": "#0"},
				"west": {"uv": [11.5, 10, 13.75, 12.5], "texture": "#0"},
				"up": {"uv": [11.5, 10, 13.75, 12.5], "texture": "#0"},
				"down": {"uv": [11.5, 10, 13.75, 12.5], "texture": "#0"}
			}
		},
		{
			"from": [2.125, 7.4625, 9.6125],
			"to": [4.875, 14.1625, 12.3625],
			"rotation": {"angle": -22.5, "axis": "x", "origin": [3.5, 10.7125, 10.9875]},
			"faces": {
				"north": {"uv": [11.5, 10, 13.75, 12.5], "texture": "#0"},
				"east": {"uv": [11.5, 10, 13.75, 12.5], "texture": "#0"},
				"south": {"uv": [11.5, 10, 13.75, 12.5], "texture": "#0"},
				"west": {"uv": [11.5, 10, 13.75, 12.5], "texture": "#0"},
				"up": {"uv": [11.5, 10, 13.75, 12.5], "texture": "#0"},
				"down": {"uv": [11.5, 10, 13.75, 12.5], "texture": "#0"}
			}
		},
		{
			"from": [2.125, 7.3375, 2.2125],
			"to": [4.875, 14.0375, 4.9625],
			"rotation": {"angle": 22.5, "axis": "x", "origin": [3.5, 10.5875, 3.5875]},
			"faces": {
				"north": {"uv": [11.5, 10, 13.75, 12.5], "texture": "#0"},
				"east": {"uv": [11.5, 10, 13.75, 12.5], "texture": "#0"},
				"south": {"uv": [11.5, 10, 13.75, 12.5], "texture": "#0"},
				"west": {"uv": [11.5, 10, 13.75, 12.5], "texture": "#0"},
				"up": {"uv": [11.5, 10, 13.75, 12.5], "texture": "#0"},
				"down": {"uv": [11.5, 10, 13.75, 12.5], "texture": "#0"}
			}
		},
		{
			"name": "roll_3",
			"from": [1.7105, 14.32, 1.7475],
			"to": [5.3705, 15.845, 12.4225],
			"rotation": {"angle": -45, "axis": "z", "origin": [3.5405, 15.0825, 2.3575]},
			"faces": {
				"north": {"uv": [15, 8, 15.55, 8.5], "rotation": 90, "texture": "#0"},
				"east": {"uv": [12.5, 4, 15.55, 15], "rotation": 90, "texture": "#0"},
				"south": {"uv": [15, 8, 15.55, 8.5], "rotation": 270, "texture": "#0"},
				"west": {"uv": [12.5, 4, 15.55, 15], "rotation": 270, "texture": "#0"},
				"up": {"uv": [12.5, 4, 15.55, 15], "rotation": 270, "texture": "#0"},
				"down": {"uv": [12.5, 4, 15.55, 15], "rotation": 90, "texture": "#0"}
			}
		},
		{
			"name": "roll_2",
			"from": [2.778, 13.2525, 1.7475],
			"to": [4.303, 16.9125, 12.4225],
			"rotation": {"angle": -45, "axis": "z", "origin": [3.5405, 15.0825, 2.3575]},
			"faces": {
				"north": {"uv": [15, 8, 15.55, 8.5], "texture": "#0"},
				"east": {"uv": [12.5, 4, 15.55, 15], "texture": "#0"},
				"south": {"uv": [15, 8, 15.55, 8.5], "texture": "#0"},
				"west": {"uv": [12.5, 4, 15.55, 15], "texture": "#0"},
				"up": {"uv": [12.5, 4, 15.55, 15], "texture": "#0"},
				"down": {"uv": [12.5, 4, 15.55, 15], "texture": "#0"}
			}
		},
		{
			"name": "roll_1",
			"from": [1.7105, 14.32, 1.7475],
			"to": [5.3705, 15.845, 12.4225],
			"faces": {
				"north": {"uv": [15, 8, 15.55, 8.5], "rotation": 90, "texture": "#0"},
				"east": {"uv": [12.5, 4, 15.55, 15], "rotation": 90, "texture": "#0"},
				"south": {"uv": [15, 8, 15.55, 8.5], "rotation": 270, "texture": "#0"},
				"west": {"uv": [12.5, 4, 15.55, 15], "rotation": 270, "texture": "#0"},
				"up": {"uv": [12.5, 4, 15.55, 15], "rotation": 270, "texture": "#0"},
				"down": {"uv": [12.5, 4, 15.55, 15], "rotation": 90, "texture": "#0"}
			}
		},
		{
			"name": "roll_0",
			"from": [2.778, 13.2525, 1.7475],
			"to": [4.303, 16.9125, 12.4225],
			"faces": {
				"north": {"uv": [15, 8, 15.55, 8.5], "texture": "#0"},
				"east": {"uv": [12.5, 4, 15.55, 15], "texture": "#0"},
				"south": {"uv": [15, 8, 15.55, 8.5], "texture": "#0"},
				"west": {"uv": [12.5, 4, 15.55, 15], "texture": "#0"},
				"up": {"uv": [12.5, 4, 15.55, 15], "texture": "#0"},
				"down": {"uv": [12.5, 4, 15.55, 15], "texture": "#0"}
			}
		}
	],
	"display": {
		"thirdperson_righthand": {
			"scale": [0.375, 0.375, 0.375],
			"rotation": [75, 45, 0],
			"translation": [0, 2.5, 0]
		},
		"thirdperson_lefthand": {
			"scale": [0.375, 0.375, 0.375],
			"rotation": [75, 45, 0],
			"translation": [0, 2.5, 0]
		},
		"firstperson_righthand": {
			"scale": [0.375, 0.375, 0.375],
			"rotation": [12, 45, 0],
			"translation": [0, 1.5, 0]
		},
		"firstperson_lefthand": {
			"scale": [0.375, 0.375, 0.375],
			"rotation": [12, 45, 0],
			"translation": [0, 1.5, 0]
		},
		"head": {
			"scale": [2.425, 2.425, 2.425],
			"translation": [0, -10.5, 5],
			"rotation": [22, 0, 0]
		},
		"ground": {
			"scale": [0.425, 0.425, 0.425],
			"rotation": [0, 0, 0],
			"translation": [0, 3, 0]
		},
		"gui": {
			"scale": [0.675, 0.675, 0.675],
			"rotation": [20, 225, 0],
			"translation": [0.5, 0, 0]
		}
	}
}