{
    "textures": {
        "0": "decorations/board/dk/wall"
	},
	"display": {
		"head": {
			"scale": [ 6, 6, 6 ],
			"translation": [ 0, -16, 0 ],
			"rotation": [ 0, 0, 0 ]
			}
		},
    "elements": [
        {
            "name": "Cube",
            "from": [ 0.0, 0.0, 6.0 ], 
            "to": [ 16.0, 20.0, 10.0 ], 
            "faces": {
                "north": { "texture": "#0", "uv": [ 0.0, 0.0, 16.0, 16.0 ] },
                "east": { "texture": "#0", "uv": [ 0.0, 0.0, 4.0, 16.0 ] },
                "south": { "texture": "#0", "uv": [ 0.0, 0.0, 16.0, 16.0 ] },
                "west": { "texture": "#0", "uv": [ 0.0, 0.0, 4.0, 16.0 ] },
                "up": { "texture": "#0", "uv": [ 0.0, 0.0, 4.0, 16.0 ], "rotation": 90  },
                "down": { "texture": "#0", "uv": [ 0.0, 0.0, 4.0, 16.0 ], "rotation": 90  }
            }
		}
	]
}