{
	"credit": "Made with Blockbench by dragonmaster95",
	"textures": {
		"0": "minigames/mb/violin_model",
		"particle": "minigames/mb/violin_model"
	},
	"elements": [
		{
			"name": "Add texture later",
			"from": [2, 0, 6.99],
			"to": [14.02, 12.9, 9.01],
			"faces": {
				"north": {"uv": [0.016, 0.016, 0.984, 0.984], "texture": "#missing"},
				"south": {"uv": [0.016, 0.016, 0.984, 0.984], "texture": "#missing"}
			}
		},
		{
			"name": "hexadecagon",
			"from": [10.37692, 0.28067, 7],
			"to": [11.67282, 2.67261, 9],
			"rotation": {"angle": 22.5, "axis": "z", "origin": [11.54979, 2.67261, 7.50018]},
			"faces": {
				"north": {"uv": [0.016, 4, 0.984, 4.968], "texture": "#0"},
				"south": {"uv": [0.016, 0.016, 0.984, 0.984], "texture": "#0"},
				"west": {"uv": [0.016, 0.016, 0.984, 0.984], "texture": "#0"},
				"up": {"uv": [0.016, 0.016, 0.984, 0.984], "texture": "#0"},
				"down": {"uv": [0.016, 0.016, 0.984, 0.984], "texture": "#0"}
			}
		},
		{
			"name": "hexadecagon",
			"from": [10.74877, 0.03298, 7],
			"to": [12.0853, 2.48046, 9],
			"rotation": {"angle": 45, "axis": "z", "origin": [11.08818, 2.48046, 7.50065]},
			"faces": {
				"north": {"uv": [0.016, 4, 0.984, 4.968], "texture": "#0"},
				"east": {"uv": [0.016, 0.016, 0.984, 0.984], "texture": "#0"},
				"south": {"uv": [0.016, 0.016, 0.984, 0.984], "texture": "#0"},
				"west": {"uv": [0.016, 0.016, 0.984, 0.984], "texture": "#0"},
				"up": {"uv": [0.016, 0.016, 0.984, 0.984], "texture": "#0"},
				"down": {"uv": [0.016, 0.016, 0.984, 0.984], "texture": "#0"}
			}
		},
		{
			"name": "hexadecagon",
			"from": [1.93303, 2.76603, 7],
			"to": [14.06697, 4.13397, 9],
			"faces": {
				"north": {"uv": [0.016, 4, 0.984, 4.968], "texture": "#0"},
				"east": {"uv": [0.016, 0.016, 0.984, 0.984], "texture": "#0"},
				"south": {"uv": [0.016, 0.016, 0.984, 0.984], "texture": "#0"},
				"west": {"uv": [0.016, 0.016, 0.984, 0.984], "texture": "#0"},
				"up": {"uv": [0.016, 0.016, 0.984, 0.984], "texture": "#0"},
				"down": {"uv": [0.016, 0.016, 0.984, 0.984], "texture": "#0"}
			}
		},
		{
			"name": "hexadecagon",
			"from": [10.91164, 4.54661, 7],
			"to": [12.26164, 6.13791, 9],
			"rotation": {"angle": -22.5, "axis": "z", "origin": [10.41164, 4.24226, 7.50107]},
			"faces": {
				"north": {"uv": [0.016, 4, 0.984, 4.968], "texture": "#0"},
				"east": {"uv": [0.016, 0.016, 0.984, 0.984], "texture": "#0"},
				"south": {"uv": [0.016, 0.016, 0.984, 0.984], "texture": "#0"},
				"west": {"uv": [0.016, 0.016, 0.984, 0.984], "texture": "#0"},
				"up": {"uv": [0.016, 0.016, 0.984, 0.984], "texture": "#0"},
				"down": {"uv": [0.016, 0.016, 0.984, 0.984], "texture": "#0"}
			}
		},
		{
			"name": "hexadecagon",
			"from": [10.58714, 5.70478, 7],
			"to": [11.18714, 7.29608, 9],
			"rotation": {"angle": -45, "axis": "z", "origin": [9.58714, 5.40043, 7.50453]},
			"faces": {
				"north": {"uv": [0.016, 4, 0.984, 4.968], "texture": "#0"},
				"east": {"uv": [0.016, 0.016, 0.984, 0.984], "texture": "#0"},
				"south": {"uv": [0.016, 0.016, 0.984, 0.984], "texture": "#0"},
				"west": {"uv": [0.016, 0.016, 0.984, 0.984], "texture": "#0"},
				"up": {"uv": [0.016, 0.016, 0.984, 0.984], "texture": "#0"},
				"down": {"uv": [0.016, 0.016, 0.984, 0.984], "texture": "#0"}
			}
		},
		{
			"name": "hexadecagon",
			"from": [10.3349, 6.48124, 7],
			"to": [11.4349, 7.07254, 9],
			"rotation": {"angle": 45, "axis": "z", "origin": [9.5849, 8.37689, 7.50561]},
			"faces": {
				"north": {"uv": [0.016, 4, 0.984, 4.968], "texture": "#0"},
				"east": {"uv": [0.016, 0.984, 0.984, 0.016], "texture": "#0"},
				"south": {"uv": [0.016, 0.984, 0.984, 0.016], "texture": "#0"},
				"west": {"uv": [0.016, 0.984, 0.984, 0.016], "texture": "#0"},
				"up": {"uv": [0.016, 0.984, 0.984, 0.016], "texture": "#0"},
				"down": {"uv": [0.016, 0.984, 0.984, 0.016], "texture": "#0"}
			}
		},
		{
			"name": "hexadecagon",
			"from": [11.50258, 10.0917, 7],
			"to": [12.62968, 11.83307, 9],
			"rotation": {"angle": 22.5, "axis": "z", "origin": [10.50258, 9.13742, 7.50145]},
			"faces": {
				"north": {"uv": [0.016, 4, 0.984, 4.968], "texture": "#0"},
				"east": {"uv": [0.016, 0.984, 0.984, 0.016], "texture": "#0"},
				"south": {"uv": [0.016, 0.984, 0.984, 0.016], "texture": "#0"},
				"west": {"uv": [0.016, 0.984, 0.984, 0.016], "texture": "#0"},
				"up": {"uv": [0.016, 0.984, 0.984, 0.016], "texture": "#0"},
				"down": {"uv": [0.016, 0.984, 0.984, 0.016], "texture": "#0"}
			}
		},
		{
			"name": "hexadecagon",
			"from": [9.2712, 10.42115, 7],
			"to": [10.51256, 12.04825, 9],
			"rotation": {"angle": -22.5, "axis": "z", "origin": [11.96685, 9.92115, 7.49938]},
			"faces": {
				"north": {"uv": [0.016, 4, 0.984, 4.968], "texture": "#0"},
				"east": {"uv": [0.016, 0.984, 0.984, 0.016], "rotation": 90, "texture": "#0"},
				"south": {"uv": [0.016, 0.984, 0.984, 0.016], "rotation": 90, "texture": "#0"},
				"west": {"uv": [0.016, 0.984, 0.984, 0.016], "rotation": 90, "texture": "#0"},
				"up": {"uv": [0.016, 0.984, 0.984, 0.016], "rotation": 90, "texture": "#0"},
				"down": {"uv": [0.016, 0.984, 0.984, 0.016], "rotation": 90, "texture": "#0"}
			}
		},
		{
			"name": "hexadecagon",
			"from": [5.7096, 11.29095, 7],
			"to": [10.28973, 12.91792, 9],
			"faces": {
				"north": {"uv": [0.016, 4, 0.984, 4.968], "texture": "#0"},
				"east": {"uv": [0.016, 0.984, 0.984, 0.016], "rotation": 90, "texture": "#0"},
				"south": {"uv": [0.016, 0.984, 0.984, 0.016], "rotation": 90, "texture": "#0"},
				"west": {"uv": [0.016, 0.984, 0.984, 0.016], "rotation": 90, "texture": "#0"},
				"up": {"uv": [0.016, 0.984, 0.984, 0.016], "rotation": 90, "texture": "#0"},
				"down": {"uv": [0.016, 0.984, 0.984, 0.016], "rotation": 90, "texture": "#0"}
			}
		},
		{
			"name": "hexadecagon",
			"from": [5.19909, 7.84884, 7],
			"to": [13.06797, 10.40196, 9],
			"rotation": {"angle": 22.5, "axis": "z", "origin": [11.46797, 6.99449, 7.49586]},
			"faces": {
				"north": {"uv": [0.016, 4, 0.984, 4.968], "texture": "#0"},
				"east": {"uv": [0.016, 0.984, 0.984, 0.016], "texture": "#0"},
				"south": {"uv": [0.016, 0.984, 0.984, 0.016], "texture": "#0"},
				"west": {"uv": [0.016, 0.984, 0.984, 0.016], "texture": "#0"},
				"up": {"uv": [0.016, 0.984, 0.984, 0.016], "texture": "#0"},
				"down": {"uv": [0.016, 0.984, 0.984, 0.016], "texture": "#0"}
			}
		},
		{
			"name": "hexadecagon",
			"from": [4.32718, 0.28067, 7],
			"to": [5.62308, 2.67261, 9],
			"rotation": {"angle": -22.5, "axis": "z", "origin": [4.45021, 2.67261, 7.50018]},
			"faces": {
				"north": {"uv": [0.016, 4, 0.984, 4.968], "texture": "#0"},
				"east": {"uv": [0.984, 0.016, 0.016, 0.984], "texture": "#0"},
				"south": {"uv": [0.984, 0.016, 0.016, 0.984], "texture": "#0"},
				"up": {"uv": [0.984, 0.016, 0.016, 0.984], "texture": "#0"},
				"down": {"uv": [0.984, 0.016, 0.016, 0.984], "texture": "#0"}
			}
		},
		{
			"name": "hexadecagon",
			"from": [3.9147, 0.03298, 7],
			"to": [5.25123, 2.48046, 9],
			"rotation": {"angle": -45, "axis": "z", "origin": [4.91182, 2.48046, 7.50065]},
			"faces": {
				"north": {"uv": [0.016, 4, 0.984, 4.968], "texture": "#0"},
				"east": {"uv": [0.984, 0.016, 0.016, 0.984], "texture": "#0"},
				"south": {"uv": [0.984, 0.016, 0.016, 0.984], "texture": "#0"},
				"west": {"uv": [0.984, 0.016, 0.016, 0.984], "texture": "#0"},
				"up": {"uv": [0.984, 0.016, 0.016, 0.984], "texture": "#0"},
				"down": {"uv": [0.984, 0.016, 0.016, 0.984], "texture": "#0"}
			}
		},
		{
			"name": "hexadecagon",
			"from": [2.10906, 2.34544, 7],
			"to": [12.32026, 3.7646, 9],
			"rotation": {"angle": 22.5, "axis": "z", "origin": [4.53113, 2.82283, 7.50105]},
			"faces": {
				"north": {"uv": [0.016, 4, 0.984, 4.968], "texture": "#0"},
				"east": {"uv": [0.984, 0.016, 0.016, 0.984], "texture": "#0"},
				"south": {"uv": [0.984, 0.016, 0.016, 0.984], "texture": "#0"},
				"west": {"uv": [0.984, 0.016, 0.016, 0.984], "texture": "#0"},
				"up": {"uv": [0.984, 0.016, 0.016, 0.984], "texture": "#0"},
				"down": {"uv": [0.984, 0.016, 0.016, 0.984], "texture": "#0"}
			}
		},
		{
			"name": "hexadecagon",
			"from": [2.21037, 2.47174, 7],
			"to": [4, 4.04565, 9],
			"rotation": {"angle": -22.5, "axis": "z", "origin": [6.25, 4, 7.5]},
			"faces": {
				"north": {"uv": [0.016, 4, 0.984, 4.968], "texture": "#0"},
				"east": {"uv": [0.984, 0.016, 0.016, 0.984], "texture": "#0"},
				"south": {"uv": [0.984, 0.016, 0.016, 0.984], "texture": "#0"},
				"west": {"uv": [0.984, 0.016, 0.016, 0.984], "texture": "#0"},
				"up": {"uv": [0.984, 0.016, 0.016, 0.984], "texture": "#0"},
				"down": {"uv": [0.984, 0.016, 0.016, 0.984], "texture": "#0"}
			}
		},
		{
			"name": "hexadecagon",
			"from": [3.73836, 4.54661, 7],
			"to": [5.08836, 6.13791, 9],
			"rotation": {"angle": 22.5, "axis": "z", "origin": [5.58836, 4.24226, 7.50107]},
			"faces": {
				"north": {"uv": [0.016, 4, 0.984, 4.968], "texture": "#0"},
				"east": {"uv": [0.984, 0.016, 0.016, 0.984], "texture": "#0"},
				"south": {"uv": [0.984, 0.016, 0.016, 0.984], "texture": "#0"},
				"west": {"uv": [0.984, 0.016, 0.016, 0.984], "texture": "#0"},
				"up": {"uv": [0.984, 0.016, 0.016, 0.984], "texture": "#0"},
				"down": {"uv": [0.984, 0.016, 0.016, 0.984], "texture": "#0"}
			}
		},
		{
			"name": "hexadecagon",
			"from": [4.81286, 5.70478, 7],
			"to": [5.41286, 7.29608, 9],
			"rotation": {"angle": 45, "axis": "z", "origin": [6.41286, 5.40043, 7.50453]},
			"faces": {
				"north": {"uv": [0.016, 4, 0.984, 4.968], "texture": "#0"},
				"east": {"uv": [0.984, 0.016, 0.016, 0.984], "texture": "#0"},
				"south": {"uv": [0.984, 0.016, 0.016, 0.984], "texture": "#0"},
				"west": {"uv": [0.984, 0.016, 0.016, 0.984], "texture": "#0"},
				"up": {"uv": [0.984, 0.016, 0.016, 0.984], "texture": "#0"},
				"down": {"uv": [0.984, 0.016, 0.016, 0.984], "texture": "#0"}
			}
		},
		{
			"name": "hexadecagon",
			"from": [4.5651, 6.48124, 7],
			"to": [5.6651, 7.07254, 9],
			"rotation": {"angle": -45, "axis": "z", "origin": [6.4151, 8.37689, 7.50561]},
			"faces": {
				"north": {"uv": [0.016, 4, 0.984, 4.968], "texture": "#0"},
				"east": {"uv": [0.984, 0.984, 0.016, 0.016], "texture": "#0"},
				"south": {"uv": [0.984, 0.984, 0.016, 0.016], "texture": "#0"},
				"west": {"uv": [0.984, 0.984, 0.016, 0.016], "texture": "#0"},
				"up": {"uv": [0.984, 0.984, 0.016, 0.016], "texture": "#0"},
				"down": {"uv": [0.984, 0.984, 0.016, 0.016], "texture": "#0"}
			}
		},
		{
			"name": "hexadecagon",
			"from": [3.37032, 10.0917, 7],
			"to": [4.49742, 11.83307, 9],
			"rotation": {"angle": -22.5, "axis": "z", "origin": [5.49742, 9.13742, 7.50145]},
			"faces": {
				"north": {"uv": [0.016, 4, 0.984, 4.968], "texture": "#0"},
				"east": {"uv": [0.984, 0.984, 0.016, 0.016], "texture": "#0"},
				"south": {"uv": [0.984, 0.984, 0.016, 0.016], "texture": "#0"},
				"west": {"uv": [0.984, 0.984, 0.016, 0.016], "texture": "#0"},
				"up": {"uv": [0.984, 0.984, 0.016, 0.016], "texture": "#0"},
				"down": {"uv": [0.984, 0.984, 0.016, 0.016], "texture": "#0"}
			}
		},
		{
			"name": "hexadecagon",
			"from": [5.48744, 10.42115, 7],
			"to": [6.7288, 12.04825, 9],
			"rotation": {"angle": 22.5, "axis": "z", "origin": [4.03315, 9.92115, 7.49938]},
			"faces": {
				"north": {"uv": [0.016, 4, 0.984, 4.968], "texture": "#0"},
				"south": {"uv": [0.016, 0.016, 0.984, 0.984], "rotation": 90, "texture": "#0"},
				"west": {"uv": [0.016, 0.016, 0.984, 0.984], "rotation": 90, "texture": "#0"},
				"up": {"uv": [0.016, 0.016, 0.984, 0.984], "rotation": 90, "texture": "#0"},
				"down": {"uv": [0.016, 0.016, 0.984, 0.984], "rotation": 90, "texture": "#0"}
			}
		},
		{
			"name": "hexadecagon",
			"from": [2.93203, 7.84884, 7],
			"to": [10.80091, 10.40196, 9],
			"rotation": {"angle": -22.5, "axis": "z", "origin": [4.53203, 6.99449, 7.49586]},
			"faces": {
				"north": {"uv": [0.016, 4, 0.984, 4.968], "texture": "#0"},
				"east": {"uv": [0.984, 0.984, 0.016, 0.016], "texture": "#0"},
				"south": {"uv": [0.984, 0.984, 0.016, 0.016], "texture": "#0"},
				"west": {"uv": [0.984, 0.984, 0.016, 0.016], "texture": "#0"},
				"up": {"uv": [0.984, 0.984, 0.016, 0.016], "texture": "#0"},
				"down": {"uv": [0.984, 0.984, 0.016, 0.016], "texture": "#0"}
			}
		},
		{
			"name": "hexadecagon",
			"from": [3.67974, 2.34544, 7],
			"to": [13.89094, 3.7646, 9],
			"rotation": {"angle": -22.5, "axis": "z", "origin": [11.46887, 2.82283, 7.50105]},
			"faces": {
				"north": {"uv": [0.016, 4, 0.984, 4.968], "texture": "#0"},
				"east": {"uv": [0.016, 0.016, 0.984, 0.984], "texture": "#0"},
				"south": {"uv": [0.016, 0.016, 0.984, 0.984], "texture": "#0"},
				"west": {"uv": [0.016, 0.016, 0.984, 0.984], "texture": "#0"},
				"up": {"uv": [0.016, 0.016, 0.984, 0.984], "texture": "#0"},
				"down": {"uv": [0.016, 0.016, 0.984, 0.984], "texture": "#0"}
			}
		},
		{
			"name": "hexadecagon",
			"from": [12, 2.47174, 7],
			"to": [13.78963, 4.04565, 9],
			"rotation": {"angle": 22.5, "axis": "z", "origin": [9.75, 4, 7.5]},
			"faces": {
				"north": {"uv": [0.016, 4, 0.984, 4.968], "texture": "#0"},
				"east": {"uv": [0.016, 0.016, 0.984, 0.984], "texture": "#0"},
				"south": {"uv": [0.016, 0.016, 0.984, 0.984], "texture": "#0"},
				"west": {"uv": [0.016, 0.016, 0.984, 0.984], "texture": "#0"},
				"up": {"uv": [0.016, 0.016, 0.984, 0.984], "texture": "#0"},
				"down": {"uv": [0.016, 0.016, 0.984, 0.984], "texture": "#0"}
			}
		},
		{
			"name": "hexadecagon",
			"from": [4.61844, 0.01391, 7],
			"to": [11.40124, 11.64282, 9],
			"faces": {
				"north": {"uv": [0.016, 4, 0.984, 4.968], "texture": "#0"},
				"east": {"uv": [0.016, 0.984, 0.984, 0.016], "rotation": 90, "texture": "#0"},
				"south": {"uv": [0.016, 0.984, 0.984, 0.016], "rotation": 90, "texture": "#0"},
				"west": {"uv": [0.016, 0.984, 0.984, 0.016], "rotation": 90, "texture": "#0"},
				"up": {"uv": [0.016, 0.984, 0.984, 0.016], "rotation": 90, "texture": "#0"},
				"down": {"uv": [0.016, 0.984, 0.984, 0.016], "rotation": 90, "texture": "#0"}
			}
		},
		{
			"name": "hexadecagon",
			"from": [3.89742, 9.61391, 7],
			"to": [12.10258, 10.83307, 9],
			"faces": {
				"north": {"uv": [0.016, 4, 0.984, 4.968], "texture": "#0"},
				"east": {"uv": [0.016, 0.984, 0.984, 0.016], "rotation": 90, "texture": "#0"},
				"south": {"uv": [0.016, 0.984, 0.984, 0.016], "rotation": 90, "texture": "#0"},
				"west": {"uv": [0.016, 0.984, 0.984, 0.016], "rotation": 90, "texture": "#0"}
			}
		},
		{
			"from": [7.5, 0, 6.75],
			"to": [8.5, 22, 6.9],
			"faces": {
				"north": {"uv": [0.016, 0.016, 0.984, 0.984], "texture": "#missing"},
				"east": {"uv": [0.016, 0.016, 0.984, 0.984], "texture": "#missing"},
				"south": {"uv": [0.016, 0.016, 0.984, 0.984], "texture": "#missing"},
				"west": {"uv": [0.016, 0.016, 0.984, 0.984], "texture": "#missing"},
				"up": {"uv": [0.016, 0.016, 0.984, 0.984], "texture": "#missing"},
				"down": {"uv": [0.016, 0.016, 0.984, 0.984], "texture": "#missing"}
			}
		},
		{
			"from": [7.5, 13, 7],
			"to": [8.5, 21, 7.5],
			"faces": {
				"north": {"uv": [2.016, 0.016, 2.984, 0.984], "texture": "#0"},
				"east": {"uv": [2.016, 0.016, 2.984, 0.984], "texture": "#0"},
				"south": {"uv": [2.016, 0.016, 2.984, 0.984], "texture": "#0"},
				"west": {"uv": [2.016, 0.016, 2.984, 0.984], "texture": "#0"},
				"down": {"uv": [2.016, 0.016, 2.984, 0.984], "texture": "#0"}
			}
		},
		{
			"from": [7.5, 21, 7],
			"to": [8.5, 22, 8],
			"faces": {
				"north": {"uv": [0.016, 0.016, 0.984, 0.984], "texture": "#0"},
				"east": {"uv": [0.016, 0.016, 0.984, 0.984], "texture": "#0"},
				"south": {"uv": [0.016, 0.016, 0.984, 0.984], "texture": "#0"},
				"west": {"uv": [0.016, 0.016, 0.984, 0.984], "texture": "#0"},
				"down": {"uv": [0.016, 0.016, 0.984, 0.984], "texture": "#0"}
			}
		},
		{
			"from": [7.5, 18.3253, 9.4487],
			"to": [8.5, 19.3253, 10.4487],
			"rotation": {"angle": 22.5, "axis": "x", "origin": [16.00807, 26.3253, 17.4487]},
			"faces": {
				"north": {"uv": [0.016, 0.016, 0.984, 0.984], "texture": "#0"},
				"east": {"uv": [0.016, 0.016, 0.984, 0.984], "texture": "#0"},
				"south": {"uv": [0.016, 0.016, 0.984, 0.984], "texture": "#0"},
				"west": {"uv": [0.016, 0.016, 0.984, 0.984], "texture": "#0"},
				"up": {"uv": [0.016, 0.016, 0.984, 0.984], "texture": "#0"},
				"down": {"uv": [0.016, 0.016, 0.984, 0.984], "texture": "#0"}
			}
		},
		{
			"from": [7.50812, 14.91745, 10.68663],
			"to": [8.50812, 15.91745, 11.68663],
			"rotation": {"angle": 45, "axis": "x", "origin": [16.01618, 22.91745, 18.68663]},
			"faces": {
				"north": {"uv": [0.016, 0.016, 0.984, 0.984], "texture": "#0"},
				"east": {"uv": [0.016, 0.016, 0.984, 0.984], "texture": "#0"},
				"south": {"uv": [0.016, 0.016, 0.984, 0.984], "texture": "#0"},
				"west": {"uv": [0.016, 0.016, 0.984, 0.984], "texture": "#0"},
				"up": {"uv": [0.016, 0.016, 0.984, 0.984], "texture": "#0"},
				"down": {"uv": [0.016, 0.016, 0.984, 0.984], "texture": "#0"}
			}
		},
		{
			"name": "hexadecagon",
			"from": [7.50821, 23.8255, 6.59433],
			"to": [8.50821, 24.38246, 9.39433],
			"rotation": {"angle": -45, "axis": "x", "origin": [8.00821, 24.10398, 7.99433]},
			"faces": {
				"north": {"uv": [0.016, 0.016, 0.984, 0.984], "texture": "#0"},
				"east": {"uv": [0.016, 0.016, 0.984, 0.984], "texture": "#0"},
				"south": {"uv": [0.016, 0.016, 0.984, 0.984], "texture": "#0"},
				"west": {"uv": [0.016, 0.016, 0.984, 0.984], "texture": "#0"}
			}
		},
		{
			"name": "hexadecagon",
			"from": [7.50821, 23.8255, 6.59433],
			"to": [8.50821, 24.38246, 9.39433],
			"rotation": {"angle": -22.5, "axis": "x", "origin": [8.00821, 24.10398, 7.99433]},
			"faces": {
				"north": {"uv": [0.016, 0.016, 0.984, 0.984], "texture": "#0"},
				"east": {"uv": [0.016, 0.016, 0.984, 0.984], "texture": "#0"},
				"south": {"uv": [0.016, 0.016, 0.984, 0.984], "texture": "#0"},
				"west": {"uv": [0.016, 0.016, 0.984, 0.984], "texture": "#0"}
			}
		},
		{
			"name": "hexadecagon",
			"from": [7.50821, 23.8255, 6.59433],
			"to": [8.50821, 24.38246, 9.39433],
			"faces": {
				"north": {"uv": [0.016, 0.016, 0.984, 0.984], "texture": "#0"},
				"east": {"uv": [0.016, 0.016, 0.984, 0.984], "texture": "#0"},
				"south": {"uv": [0.016, 0.016, 0.984, 0.984], "texture": "#0"},
				"west": {"uv": [0.016, 0.016, 0.984, 0.984], "texture": "#0"}
			}
		},
		{
			"name": "hexadecagon",
			"from": [7.50821, 23.8255, 6.59433],
			"to": [8.50821, 24.38246, 9.39433],
			"rotation": {"angle": 22.5, "axis": "x", "origin": [8.00821, 24.10398, 7.99433]},
			"faces": {
				"north": {"uv": [0.016, 0.016, 0.984, 0.984], "texture": "#0"},
				"east": {"uv": [0.016, 0.016, 0.984, 0.984], "texture": "#0"},
				"south": {"uv": [0.016, 0.016, 0.984, 0.984], "texture": "#0"},
				"west": {"uv": [0.016, 0.016, 0.984, 0.984], "texture": "#0"}
			}
		},
		{
			"name": "hexadecagon",
			"from": [7.50821, 23.8255, 6.59433],
			"to": [8.50821, 24.38246, 9.39433],
			"rotation": {"angle": 45, "axis": "x", "origin": [8.00821, 24.10398, 7.99433]},
			"faces": {
				"north": {"uv": [0.016, 0.016, 0.984, 0.984], "texture": "#0"},
				"east": {"uv": [0.016, 0.016, 0.984, 0.984], "texture": "#0"},
				"south": {"uv": [0.016, 0.016, 0.984, 0.984], "texture": "#0"},
				"west": {"uv": [0.016, 0.016, 0.984, 0.984], "texture": "#0"}
			}
		},
		{
			"name": "hexadecagon",
			"from": [7.50821, 22.70398, 7.71586],
			"to": [8.50821, 25.50398, 8.27281],
			"rotation": {"angle": -22.5, "axis": "x", "origin": [8.00821, 24.10398, 7.99433]},
			"faces": {
				"east": {"uv": [0.016, 0.016, 0.984, 0.984], "texture": "#0"},
				"west": {"uv": [0.016, 0.016, 0.984, 0.984], "texture": "#0"},
				"up": {"uv": [0.016, 0.016, 0.984, 0.984], "texture": "#0"},
				"down": {"uv": [0.016, 0.016, 0.984, 0.984], "texture": "#0"}
			}
		},
		{
			"name": "hexadecagon",
			"from": [7.50821, 22.70398, 7.71586],
			"to": [8.50821, 25.50398, 8.27281],
			"faces": {
				"east": {"uv": [0.016, 0.016, 0.984, 0.984], "texture": "#0"},
				"west": {"uv": [0.016, 0.016, 0.984, 0.984], "texture": "#0"},
				"up": {"uv": [0.016, 0.016, 0.984, 0.984], "texture": "#0"},
				"down": {"uv": [0.016, 0.016, 0.984, 0.984], "texture": "#0"}
			}
		},
		{
			"name": "hexadecagon",
			"from": [7.50821, 22.70398, 7.71586],
			"to": [8.50821, 25.50398, 8.27281],
			"rotation": {"angle": 22.5, "axis": "x", "origin": [8.00821, 24.10398, 7.99433]},
			"faces": {
				"east": {"uv": [0.016, 0.016, 0.984, 0.984], "texture": "#0"},
				"west": {"uv": [0.016, 0.016, 0.984, 0.984], "texture": "#0"},
				"up": {"uv": [0.016, 0.016, 0.984, 0.984], "texture": "#0"},
				"down": {"uv": [0.016, 0.016, 0.984, 0.984], "texture": "#0"}
			}
		},
		{
			"from": [7.49994, 18.61669, 9.25955],
			"to": [8.49994, 19.86669, 9.40955],
			"rotation": {"angle": 22.5, "axis": "x", "origin": [15.49994, 26.61669, 16.50955]},
			"faces": {
				"north": {"uv": [0.016, 0.016, 0.984, 0.984], "texture": "#missing"},
				"east": {"uv": [0.016, 0.016, 0.984, 0.984], "texture": "#missing"},
				"south": {"uv": [0.016, 0.016, 0.984, 0.984], "texture": "#missing"},
				"west": {"uv": [0.016, 0.016, 0.984, 0.984], "texture": "#missing"},
				"up": {"uv": [0.016, 0.016, 0.984, 0.984], "texture": "#missing"},
				"down": {"uv": [0.016, 0.016, 0.984, 0.984], "texture": "#missing"}
			}
		},
		{
			"from": [6.75, 22, 7.35],
			"to": [9.25, 22.25, 7.6],
			"faces": {
				"north": {"uv": [1.016, 0.016, 1.984, 0.984], "texture": "#0"},
				"south": {"uv": [1.016, 0.016, 1.984, 0.984], "texture": "#0"},
				"up": {"uv": [1.016, 0.016, 1.984, 0.984], "texture": "#0"},
				"down": {"uv": [1.016, 0.016, 1.984, 0.984], "texture": "#0"}
			}
		},
		{
			"from": [6.75, 21.25, 7.25],
			"to": [9.25, 21.5, 7.5],
			"faces": {
				"north": {"uv": [1.016, 0.016, 1.984, 0.984], "texture": "#0"},
				"south": {"uv": [1.016, 0.016, 1.984, 0.984], "texture": "#0"},
				"up": {"uv": [1.016, 0.016, 1.984, 0.984], "texture": "#0"},
				"down": {"uv": [1.016, 0.016, 1.984, 0.984], "texture": "#0"}
			}
		},
		{
			"from": [9, 21.875, 7.275],
			"to": [9.5, 22.375, 7.65],
			"faces": {
				"north": {"uv": [4.016, 0.016, 4.984, 0.984], "texture": "#0"},
				"east": {"uv": [4.016, 0.016, 4.984, 0.984], "texture": "#0"},
				"south": {"uv": [4.016, 0.016, 4.984, 0.984], "texture": "#0"},
				"west": {"uv": [4.016, 0.016, 4.984, 0.984], "texture": "#0"},
				"up": {"uv": [4.016, 0.016, 4.984, 0.984], "texture": "#0"},
				"down": {"uv": [4.016, 0.016, 4.984, 0.984], "texture": "#0"}
			}
		},
		{
			"from": [9, 21.125, 7.175],
			"to": [9.5, 21.625, 7.55],
			"faces": {
				"north": {"uv": [4.016, 0.016, 4.984, 0.984], "texture": "#0"},
				"east": {"uv": [4.016, 0.016, 4.984, 0.984], "texture": "#0"},
				"south": {"uv": [4.016, 0.016, 4.984, 0.984], "texture": "#0"},
				"west": {"uv": [4.016, 0.016, 4.984, 0.984], "texture": "#0"},
				"up": {"uv": [4.016, 0.016, 4.984, 0.984], "texture": "#0"},
				"down": {"uv": [4.016, 0.016, 4.984, 0.984], "texture": "#0"}
			}
		},
		{
			"from": [6.5, 21.125, 7.2],
			"to": [7, 21.625, 7.55],
			"faces": {
				"north": {"uv": [4.016, 0.016, 4.984, 0.984], "texture": "#0"},
				"east": {"uv": [4.016, 0.016, 4.984, 0.984], "texture": "#0"},
				"south": {"uv": [4.016, 0.016, 4.984, 0.984], "texture": "#0"},
				"west": {"uv": [4.016, 0.016, 4.984, 0.984], "texture": "#0"},
				"up": {"uv": [4.016, 0.016, 4.984, 0.984], "texture": "#0"},
				"down": {"uv": [4.016, 0.016, 4.984, 0.984], "texture": "#0"}
			}
		},
		{
			"from": [6.5, 21.875, 7.3],
			"to": [7, 22.375, 7.65],
			"faces": {
				"north": {"uv": [4.016, 0.016, 4.984, 0.984], "texture": "#0"},
				"east": {"uv": [4.016, 0.016, 4.984, 0.984], "texture": "#0"},
				"south": {"uv": [4.016, 0.016, 4.984, 0.984], "texture": "#0"},
				"west": {"uv": [4.016, 0.016, 4.984, 0.984], "texture": "#0"},
				"up": {"uv": [4.016, 0.016, 4.984, 0.984], "texture": "#0"},
				"down": {"uv": [4.016, 0.016, 4.984, 0.984], "texture": "#0"}
			}
		}
	],
	"groups": [
		{
			"name": "body",
			"children": [0, 1, 2, 3, 4, 5, 6, 7, 8, 9, 10, 11, 12, 13, 14, 15, 16, 17, 18, 19, 20, 21, 22, 23, 24]
		}, 25, 26, 27, 28, 29,
		{
			"name": "hexadecagon",
			"children": [30, 31, 32, 33, 34, 35, 36, 37]
		}, 38, 39, 40, 41, 42, 43, 44]
}