{
    "__comment": "Model generated using MrCrayfish's Model Creator (http://mrcrayfish.com/modelcreator/)",
    "textures": {
        "0": "block/sponge",
        "1": "block/star_wire_op_ns",
        "2": "block/star_wire_op_"
    },
    "elements": [
        {
            "name": "Cube",
            "from": [ 0.0, 0.0, 0.0 ], 
            "to": [ 16.0, 16.0, 16.0 ], 
            "faces": {
                "north": { "texture": "#0", "uv": [ 0.0, 0.0, 16.0, 16.0 ] },
                "east": { "texture": "#0", "uv": [ 0.0, 0.0, 16.0, 16.0 ] },
                "south": { "texture": "#0", "uv": [ 0.0, 0.0, 16.0, 16.0 ] },
                "west": { "texture": "#0", "uv": [ 0.0, 0.0, 16.0, 16.0 ] },
                "up": { "texture": "#0", "uv": [ 0.0, 0.0, 16.0, 16.0 ] },
                "down": { "texture": "#0", "uv": [ 0.0, 0.0, 16.0, 16.0 ] }
            }
        },
        {
            "name": "Cube",
            "from": [ 4.0, -0.2, 0.0 ], 
            "to": [ 7.0, -0.19, 6.0 ], 
            "faces": {
                "down": { "texture": "#2", "uv": [ 4.0, 10.0, 7.0, 16.0 ] }
            }
        },
        {
            "name": "Cube",
            "from": [ 5.0, -0.2, 5.0 ], 
            "to": [ 8.0, -0.19, 8.0 ], 
            "faces": {
                "down": { "texture": "#2", "uv": [ 5.0, 8.0, 8.0, 11.0 ] }
            }
        },
        {
            "name": "Cube",
            "from": [ 6.0, -0.2, 7.0 ], 
            "to": [ 9.0, -0.19, 9.0 ], 
            "faces": {
                "down": { "texture": "#2", "uv": [ 6.0, 7.0, 9.0, 9.0 ] }
            }
        },
        {
            "name": "Cube",
            "from": [ 10.0, -0.2, 9.0 ], 
            "to": [ 16.0, -0.19, 12.0 ], 
            "faces": {
                "down": { "texture": "#2", "uv": [ 10.0, 4.0, 16.0, 7.0 ] }
            }
        },
        {
            "name": "Cube",
            "from": [ 8.0, -0.2, 8.0 ], 
            "to": [ 11.0, -0.19, 11.0 ], 
            "faces": {
                "down": { "texture": "#2", "uv": [ 8.0, 5.0, 11.0, 8.0 ] }
            }
        },
        {
            "name": "Cube",
            "from": [ 7.0, -0.2, 9.0 ], 
            "to": [ 8.0, -0.19, 10.0 ], 
            "faces": {
                "down": { "texture": "#2", "uv": [ 7.0, 6.0, 8.0, 7.0 ] }
            }
        },
        {
            "name": "Cube",
            "from": [ 9.0, -0.2, 0.0 ], 
            "to": [ 12.0, -0.19, 3.0 ], 
            "faces": {
                "down": { "texture": "#2", "uv": [ 9.0, 13.0, 12.0, 16.0 ] }
            }
        },
        {
            "name": "Cube",
            "from": [ 10.0, -0.2, 3.0 ], 
            "to": [ 13.0, -0.19, 5.0 ], 
            "faces": {
                "down": { "texture": "#2", "uv": [ 10.0, 11.0, 13.0, 13.0 ] }
            }
        },
        {
            "name": "Cube",
            "from": [ 11.0, -0.2, 5.0 ], 
            "to": [ 13.0, -0.19, 6.0 ], 
            "faces": {
                "down": { "texture": "#2", "uv": [ 11.0, 10.0, 13.0, 11.0 ] }
            }
        },
        {
            "name": "Cube",
            "from": [ 13.0, -0.2, 4.0 ], 
            "to": [ 16.0, -0.19, 7.0 ], 
            "faces": {
                "down": { "texture": "#2", "uv": [ 13.0, 9.0, 16.0, 12.0 ] }
            }
        }
    ]
}