{
	"credit": "Made with Blockbench, a free, modern block model editor by JannisX11",
	"textures": {"3": "minigames/pp3/bike"},
	"elements": [
		{
			"name": "vv",
			"from": [6.492034809523808, 12.230750732142392, 12.989263002441419],
			"to": [9.492034809523808, 12.730750732142392, 13.694263002441419],
			"faces": {
				"north": {"uv": [15.6, 2.6, 15.9, 2.9], "texture": "#3"},
				"east": {"uv": [15.6, 2.6, 15.9, 2.9], "texture": "#3"},
				"south": {"uv": [15.6, 2.6, 15.9, 2.9], "texture": "#3"},
				"west": {"uv": [15.6, 2.6, 15.9, 2.9], "texture": "#3"},
				"up": {"uv": [15.6, 2.6, 15.9, 2.9], "texture": "#3"},
				"down": {"uv": [15.6, 2.6, 15.9, 2.9], "texture": "#3"}
			}
		},
		{
			"name": "vv",
			"from": [6.492034809523809, 11.419968681344749, 18.49699089560858],
			"to": [7.242034809523809, 14.419968681344749, 18.99699089560858],
			"faces": {
				"north": {"uv": [15.6, 2.6, 15.9, 2.9], "texture": "#3"},
				"east": {"uv": [15.6, 2.6, 15.9, 2.9], "texture": "#3"},
				"south": {"uv": [15.6, 2.6, 15.9, 2.9], "texture": "#3"},
				"west": {"uv": [15.6, 2.6, 15.9, 2.9], "texture": "#3"}
			},
			"rotation": {
				"origin": [12.492034809523808, 27.41996868134475, 11.49699089560858],
				"axis": "x",
				"angle": 22.5
			}
		},
		{
			"name": "vv",
			"from": [8.742034809523808, 5.775388053959674, 8.808211410542238],
			"to": [9.492034809523808, 8.775388053959674, 9.308211410542238],
			"faces": {
				"north": {"uv": [15.6, 2.6, 15.9, 2.9], "texture": "#3"},
				"east": {"uv": [15.6, 2.6, 15.9, 2.9], "texture": "#3"},
				"south": {"uv": [15.6, 2.6, 15.9, 2.9], "texture": "#3"},
				"west": {"uv": [15.6, 2.6, 15.9, 2.9], "texture": "#3"}
			},
			"rotation": {
				"origin": [14.492034809523808, 21.775388053959674, 1.5582114105422384],
				"axis": "x",
				"angle": -22.5
			}
		},
		{
			"name": "vv",
			"from": [6.492034809523808, 9.459112134608532, 11.841212705346148],
			"to": [9.492034809523808, 9.959112134608532, 14.841212705346148],
			"faces": {
				"north": {"uv": [15.6, 2.6, 15.9, 2.9], "texture": "#3"},
				"east": {"uv": [15.6, 2.6, 15.9, 2.9], "texture": "#3"},
				"south": {"uv": [15.6, 2.6, 15.9, 2.9], "texture": "#3"},
				"west": {"uv": [15.6, 2.6, 15.9, 2.9], "texture": "#3"},
				"up": {"uv": [15.6, 2.6, 15.9, 2.9], "texture": "#3"}
			}
		},
		{
			"name": "vv",
			"from": [6.492034809523809, 5.775388053959674, 8.808211410542238],
			"to": [7.242034809523809, 8.775388053959674, 9.308211410542238],
			"faces": {
				"north": {"uv": [15.6, 2.6, 15.9, 2.9], "texture": "#3"},
				"east": {"uv": [15.6, 2.6, 15.9, 2.9], "texture": "#3"},
				"south": {"uv": [15.6, 2.6, 15.9, 2.9], "texture": "#3"},
				"west": {"uv": [15.6, 2.6, 15.9, 2.9], "texture": "#3"}
			},
			"rotation": {
				"origin": [12.492034809523808, 21.775388053959674, 1.5582114105422384],
				"axis": "x",
				"angle": -22.5
			}
		},
		{
			"name": "vv",
			"from": [8.742034809523808, 11.419968681344749, 18.49699089560858],
			"to": [9.492034809523808, 14.419968681344749, 18.99699089560858],
			"faces": {
				"north": {"uv": [15.6, 2.6, 15.9, 2.9], "texture": "#3"},
				"east": {"uv": [15.6, 2.6, 15.9, 2.9], "texture": "#3"},
				"south": {"uv": [15.6, 2.6, 15.9, 2.9], "texture": "#3"},
				"west": {"uv": [15.6, 2.6, 15.9, 2.9], "texture": "#3"}
			},
			"rotation": {
				"origin": [14.492034809523808, 27.41996868134475, 11.49699089560858],
				"axis": "x",
				"angle": 22.5
			}
		},
		{
			"name": "vv",
			"from": [6.492034809523809, 9.959112134608532, 5.841212705346148],
			"to": [7.242034809523809, 12.959112134608532, 6.341212705346148],
			"faces": {
				"north": {"uv": [15.6, 2.6, 15.9, 2.9], "texture": "#3"},
				"east": {"uv": [15.6, 2.6, 15.9, 2.9], "texture": "#3"},
				"south": {"uv": [15.6, 2.6, 15.9, 2.9], "texture": "#3"},
				"west": {"uv": [15.6, 2.6, 15.9, 2.9], "texture": "#3"}
			},
			"rotation": {
				"origin": [12.492034809523808, 9.959112134608532, 6.341212705346148],
				"axis": "x",
				"angle": -22.5
			}
		},
		{
			"name": "vv",
			"from": [8.742034809523808, 11.419968681344749, 9.99699089560858],
			"to": [9.492034809523808, 14.419968681344749, 10.49699089560858],
			"faces": {
				"north": {"uv": [15.6, 2.6, 15.9, 2.9], "texture": "#3"},
				"east": {"uv": [15.6, 2.6, 15.9, 2.9], "texture": "#3"},
				"south": {"uv": [15.6, 2.6, 15.9, 2.9], "texture": "#3"},
				"west": {"uv": [15.6, 2.6, 15.9, 2.9], "texture": "#3"}
			},
			"rotation": {
				"origin": [14.492034809523808, 27.41996868134475, 2.9969908956085796],
				"axis": "x",
				"angle": 22.5
			}
		},
		{
			"name": "vv",
			"from": [6.492034809523809, 11.419968681344749, 9.99699089560858],
			"to": [7.242034809523809, 14.419968681344749, 10.49699089560858],
			"faces": {
				"north": {"uv": [15.6, 2.6, 15.9, 2.9], "texture": "#3"},
				"east": {"uv": [15.6, 2.6, 15.9, 2.9], "texture": "#3"},
				"south": {"uv": [15.6, 2.6, 15.9, 2.9], "texture": "#3"},
				"west": {"uv": [15.6, 2.6, 15.9, 2.9], "texture": "#3"}
			},
			"rotation": {
				"origin": [12.492034809523808, 27.41996868134475, 2.9969908956085796],
				"axis": "x",
				"angle": 22.5
			}
		},
		{
			"name": "vv",
			"from": [6.492034809523808, 9.459112134608532, 3.3412127053461482],
			"to": [9.492034809523808, 9.959112134608532, 6.341212705346148],
			"faces": {
				"north": {"uv": [15.6, 2.6, 15.9, 2.9], "texture": "#3"},
				"east": {"uv": [15.6, 2.6, 15.9, 2.9], "texture": "#3"},
				"south": {"uv": [15.6, 2.6, 15.9, 2.9], "texture": "#3"},
				"west": {"uv": [15.6, 2.6, 15.9, 2.9], "texture": "#3"},
				"up": {"uv": [15.6, 2.6, 15.9, 2.9], "texture": "#3"}
			}
		},
		{
			"name": "vv",
			"from": [6.492034809523808, 12.230750732142392, 4.489263002441419],
			"to": [9.492034809523808, 12.730750732142392, 5.194263002441419],
			"faces": {
				"north": {"uv": [15.6, 2.6, 15.9, 2.9], "texture": "#3"},
				"east": {"uv": [15.6, 2.6, 15.9, 2.9], "texture": "#3"},
				"south": {"uv": [15.6, 2.6, 15.9, 2.9], "texture": "#3"},
				"west": {"uv": [15.6, 2.6, 15.9, 2.9], "texture": "#3"},
				"up": {"uv": [15.6, 2.6, 15.9, 2.9], "texture": "#3"},
				"down": {"uv": [15.6, 2.6, 15.9, 2.9], "texture": "#3"}
			},
			"rotation": {
				"origin": [7.992034809523808, 12.480750732142392, 9.091763002441418],
				"axis": "y",
				"angle": 0
			}
		},
		{
			"name": "vv",
			"from": [8.742034809523808, 9.959112134608532, 5.841212705346148],
			"to": [9.492034809523808, 12.959112134608532, 6.341212705346148],
			"faces": {
				"north": {"uv": [15.6, 2.6, 15.9, 2.9], "texture": "#3"},
				"east": {"uv": [15.6, 2.6, 15.9, 2.9], "texture": "#3"},
				"south": {"uv": [15.6, 2.6, 15.9, 2.9], "texture": "#3"},
				"west": {"uv": [15.6, 2.6, 15.9, 2.9], "texture": "#3"}
			},
			"rotation": {
				"origin": [12.492034809523808, 9.959112134608532, 6.341212705346148],
				"axis": "x",
				"angle": -22.5
			}
		},
		{
			"name": "cube",
			"from": [7.115234809523809, 2.114312134608534, 5.158812705346152],
			"to": [7.36099480952381, 5.571912134608532, 5.466012705346147],
			"faces": {
				"north": {"uv": [15.6, 2.1, 15.9, 2.4], "texture": "#3"},
				"east": {"uv": [15.6, 2.1, 15.9, 2.4], "texture": "#3"},
				"south": {"uv": [15.6, 2.1, 15.9, 2.4], "texture": "#3"},
				"west": {"uv": [15.6, 2.1, 15.9, 2.4], "texture": "#3"},
				"up": {"uv": [15.6, 2.1, 15.9, 2.4], "texture": "#3"}
			},
			"rotation": {
				"origin": [12.95203480952381, 8.872712134608532, 31.578012705346147],
				"axis": "x",
				"angle": 22.5
			}
		},
		{
			"name": "cube",
			"from": [8.712674809523811, 2.114312134608534, 5.158812705346152],
			"to": [8.958434809523812, 5.571912134608532, 5.466012705346147],
			"faces": {
				"north": {"uv": [15.6, 2.1, 15.9, 2.4], "texture": "#3"},
				"east": {"uv": [15.6, 2.1, 15.9, 2.4], "texture": "#3"},
				"south": {"uv": [15.6, 2.1, 15.9, 2.4], "texture": "#3"},
				"west": {"uv": [15.6, 2.1, 15.9, 2.4], "texture": "#3"},
				"up": {"uv": [15.6, 2.1, 15.9, 2.4], "texture": "#3"}
			},
			"rotation": {
				"origin": [12.952034809523813, 8.872712134608532, 31.578012705346147],
				"axis": "x",
				"angle": 22.5
			}
		},
		{
			"name": "cube",
			"from": [7.7827228095238095, 4.597032134608533, 3.9858527053461597],
			"to": [8.132722809523809, 5.437032134608534, 4.29305270534616],
			"faces": {
				"north": {"uv": [15.6, 2.1, 15.9, 2.4], "texture": "#3"},
				"east": {"uv": [15.6, 2.1, 15.9, 2.4], "texture": "#3"},
				"south": {"uv": [15.6, 2.1, 15.9, 2.4], "texture": "#3"},
				"west": {"uv": [15.6, 2.1, 15.9, 2.4], "texture": "#3"},
				"up": {"uv": [15.6, 2.1, 15.9, 2.4], "texture": "#3"}
			},
			"rotation": {
				"origin": [13.336034809523811, 5.438152134608533, 33.57273270534615],
				"axis": "x",
				"angle": 22.5
			}
		},
		{
			"name": "cube",
			"from": [7.610994809523809, 4.859112134608532, 5.558812705346149],
			"to": [8.462674809523808, 5.4191121346085325, 8.238812705346149],
			"faces": {
				"north": {"uv": [10.3, 3.1, 12.4, 7.9], "texture": "#3"},
				"east": {
					"uv": [10.299999999999999, 6.9, 15.9, 3.1000000000000005],
					"texture": "#3",
					"rotation": 180
				},
				"west": {"uv": [10.3, 3.1, 15.9, 6.9], "texture": "#3"},
				"up": {"uv": [10.3, 3.1, 15.9, 7.4], "texture": "#3", "rotation": 90},
				"down": {"uv": [10.3, 4.1, 15.9, 6.4], "texture": "#3", "rotation": 270}
			},
			"rotation": {
				"origin": [12.95203480952381, 9.472712134608532, 31.828012705346147],
				"axis": "x",
				"angle": 22.5
			}
		},
		{
			"name": "cube",
			"from": [7.360994809523809, 5.464712134608535, 5.158812705346152],
			"to": [8.712674809523808, 5.771912134608532, 5.466012705346152],
			"faces": {
				"north": {"uv": [15.6, 2.1, 15.9, 2.4], "texture": "#3"},
				"east": {"uv": [15.6, 2.1, 15.9, 2.4], "texture": "#3"},
				"south": {"uv": [15.6, 2.1, 15.9, 2.4], "texture": "#3"},
				"west": {"uv": [15.6, 2.1, 15.9, 2.4], "texture": "#3"},
				"up": {"uv": [15.6, 2.1, 15.9, 2.4], "texture": "#3"}
			},
			"rotation": {
				"origin": [12.95203480952381, 8.872712134608532, 31.578012705346147],
				"axis": "x",
				"angle": 22.5
			}
		},
		{
			"name": "cube",
			"from": [7.611034809523809, -0.8127391184067356, 8.95621270534615],
			"to": [8.462734809523809, -0.005539118406739263, 10.74621270534615],
			"faces": {
				"north": {"uv": [10.3, 3.1, 12.4, 7.9], "texture": "#3"},
				"east": {"uv": [10.8, 4.85, 11.4, 7.8999999999999995], "texture": "#3"},
				"west": {"uv": [10.8, 4.85, 11.4, 7.8999999999999995], "texture": "#3"},
				"down": {"uv": [10.5, 7.5, 12.35, 7.8], "texture": "#3", "rotation": 270}
			},
			"rotation": {
				"origin": [12.95203480952381, 7.945260881593262, 25.837071419767796],
				"axis": "x",
				"angle": 45
			}
		},
		{
			"name": "cube",
			"from": [7.612034809523809, -0.31273911840673563, 7.581212705346148],
			"to": [8.45203480952381, -0.005539118406739263, 8.981212705346149],
			"faces": {
				"north": {"uv": [10.3, 3.1, 12.4, 7.9], "texture": "#3"},
				"east": {"uv": [12.65625, 3.85, 15.95, 6.4], "texture": "#3", "rotation": 180},
				"west": {"uv": [12.65625, 3.85, 15.95, 6.4], "texture": "#3"},
				"up": {"uv": [10.3, 3.1, 15.9, 7.4], "texture": "#3", "rotation": 90},
				"down": {"uv": [10.3, 3.1, 15.9, 7.4], "texture": "#3", "rotation": 270}
			},
			"rotation": {
				"origin": [12.95203480952381, 7.945260881593262, 25.837071419767796],
				"axis": "x",
				"angle": 45
			}
		},
		{
			"name": "cube",
			"from": [7.612034809523809, -0.8118878653914692, 7.081212705346148],
			"to": [8.45203480952381, -0.2546878653914728, 8.981212705346149],
			"faces": {
				"north": {"uv": [10.3, 3.1, 12.4, 7.9], "texture": "#3"},
				"east": {"uv": [11.5, 7.4, 15.95, 3.85], "texture": "#3", "rotation": 180},
				"west": {"uv": [11.5, 3.85, 15.95, 7.4], "texture": "#3"},
				"down": {"uv": [11.5, 3.85, 15.95, 7.4], "texture": "#3", "rotation": 270}
			},
			"rotation": {
				"origin": [12.95203480952381, 7.94526088159326, 25.837071419767796],
				"axis": "x",
				"angle": 45
			}
		},
		{
			"name": "cube",
			"from": [7.612034809523809, 4.009112134608532, 8.238812705346149],
			"to": [8.45203480952381, 5.416312134608528, 9.88881270534615],
			"faces": {
				"north": {"uv": [10.3, 3.1, 12.4, 7.9], "texture": "#3"},
				"east": {"uv": [10.8, 3.1, 11.4, 6.9], "texture": "#3"},
				"south": {"uv": [10.8, 3.85, 11.4, 6.9], "texture": "#3"},
				"west": {"uv": [10.8, 3.1, 11.4, 6.9], "texture": "#3"},
				"up": {"uv": [11, 3.1000000000000005, 11.6, 7.4], "texture": "#3", "rotation": 90}
			},
			"rotation": {
				"origin": [12.95203480952381, 9.472712134608532, 31.828012705346147],
				"axis": "x",
				"angle": 22.5
			}
		},
		{
			"name": "cube",
			"from": [7.360994809523809, 4.509112134608531, 5.258812705346148],
			"to": [8.712674809523808, 5.519112134608532, 5.508812705346148],
			"faces": {
				"north": {"uv": [10.3, 3.1, 12.4, 7.9], "texture": "#3"},
				"south": {"uv": [10.3, 3.1, 12.4, 7.9], "texture": "#3"},
				"down": {"uv": [10.8, 6.85, 11.4, 7.8999999999999995], "texture": "#3"}
			},
			"rotation": {
				"origin": [12.95203480952381, 9.072712134608533, 31.578012705346147],
				"axis": "x",
				"angle": 22.5
			}
		},
		{
			"name": "cube",
			"from": [7.242034809523808, 12.209112134608532, 9.091212705346148],
			"to": [8.742034809523808, 12.959112134608532, 9.341212705346148],
			"faces": {
				"north": {"uv": [15.6, 2.1, 15.9, 2.4], "texture": "#3"},
				"east": {"uv": [15.6, 2.1, 15.9, 2.4], "texture": "#3"},
				"south": {"uv": [15.6, 2.1, 15.9, 2.4], "texture": "#3"},
				"west": {"uv": [15.6, 2.1, 15.9, 2.4], "texture": "#3"},
				"up": {"uv": [15.6, 2.1, 15.9, 2.4], "texture": "#3"},
				"down": {"uv": [15.6, 2.1, 15.9, 2.4], "texture": "#3"}
			}
		},
		{
			"name": "cube",
			"from": [7.242034809523808, 26.26241299350764, 10.518882235009837],
			"to": [8.742034809523808, 26.79241299350764, 11.048882235009838],
			"faces": {
				"north": {"uv": [15.6, 2.1, 15.9, 2.4], "texture": "#3"},
				"east": {"uv": [15.6, 2.1, 15.9, 2.4], "texture": "#3"},
				"south": {"uv": [15.6, 2.1, 15.9, 2.4], "texture": "#3"},
				"west": {"uv": [15.6, 2.1, 15.9, 2.4], "texture": "#3"},
				"up": {"uv": [15.6, 2.1, 15.9, 2.4], "texture": "#3"},
				"down": {"uv": [15.6, 2.1, 15.9, 2.4], "texture": "#3"}
			},
			"rotation": {
				"origin": [11.992034809523808, 17.51241299350764, 26.768882235009837],
				"axis": "x",
				"angle": -45
			}
		},
		{
			"name": "cube",
			"from": [7.242034809523808, 26.26241299350764, 10.768882235009837],
			"to": [8.742034809523808, 26.79241299350764, 11.298882235009838],
			"faces": {
				"north": {"uv": [15.6, 2.1, 15.9, 2.4], "texture": "#3"},
				"east": {"uv": [15.6, 2.1, 15.9, 2.4], "texture": "#3"},
				"south": {"uv": [15.6, 2.1, 15.9, 2.4], "texture": "#3"},
				"west": {"uv": [15.6, 2.1, 15.9, 2.4], "texture": "#3"},
				"up": {"uv": [15.6, 2.1, 15.9, 2.4], "texture": "#3"},
				"down": {"uv": [15.6, 2.1, 15.9, 2.4], "texture": "#3"}
			},
			"rotation": {
				"origin": [11.992034809523808, 17.51241299350764, 27.018882235009837],
				"axis": "x",
				"angle": -45
			}
		},
		{
			"name": "cube",
			"from": [7.612034809523809, 12.307390528203989, 9.24929458396284],
			"to": [7.712034809523809, 12.407390528203988, 13.54929458396284],
			"faces": {
				"east": {"uv": [11, 6.9, 11.6, 7.9], "texture": "#3"},
				"south": {"uv": [11, 3.9000000000000004, 11.6, 7.9], "texture": "#3"},
				"west": {"uv": [11, 6.9, 11.6, 7.9], "texture": "#3"},
				"up": {"uv": [10.8, 4.1, 11.4, 5.9], "texture": "#3"},
				"down": {"uv": [10.5, 7.5, 12.35, 7.8], "texture": "#3", "rotation": 270}
			},
			"rotation": {
				"origin": [12.95203480952381, 18.328990528203988, 31.494094583962838],
				"axis": "x",
				"angle": 0
			}
		},
		{
			"name": "cube",
			"from": [7.612034809523809, 5.316312134608529, 9.88881270534615],
			"to": [7.712034809523809, 5.416312134608528, 13.53881270534615],
			"faces": {
				"north": {"uv": [10.3, 3.1, 12.4, 7.9], "texture": "#3"},
				"east": {"uv": [10.8, 4.1, 11.4, 5.9], "texture": "#3"},
				"south": {"uv": [10.8, 3.1, 11.4, 6.9], "texture": "#3"},
				"west": {"uv": [10.8, 3.1, 11.4, 3.38], "texture": "#3"},
				"up": {"uv": [11, 6.900000000000001, 11.6, 7.4], "texture": "#3", "rotation": 90},
				"down": {"uv": [11, 3.3, 11.6, 7.4], "texture": "#3", "rotation": 270}
			},
			"rotation": {
				"origin": [12.95203480952381, 9.472712134608532, 31.828012705346147],
				"axis": "x",
				"angle": 22.5
			}
		},
		{
			"name": "cube",
			"from": [8.35203480952381, 12.307390528203989, 9.24929458396284],
			"to": [8.45203480952381, 12.407390528203988, 13.54929458396284],
			"faces": {
				"east": {"uv": [11, 6.9, 11.6, 7.9], "texture": "#3"},
				"south": {"uv": [11, 3.9000000000000004, 11.6, 7.9], "texture": "#3"},
				"west": {"uv": [11, 6.9, 11.6, 7.9], "texture": "#3"},
				"up": {"uv": [10.8, 4.1, 11.4, 5.9], "texture": "#3"},
				"down": {"uv": [10.5, 7.5, 12.35, 7.8], "texture": "#3", "rotation": 270}
			},
			"rotation": {
				"origin": [12.992034809523812, 18.328990528203988, 31.494094583962838],
				"axis": "x",
				"angle": 0
			}
		},
		{
			"name": "cube",
			"from": [8.35203480952381, 5.316312134608529, 9.88881270534615],
			"to": [8.45203480952381, 5.416312134608528, 13.53881270534615],
			"faces": {
				"north": {"uv": [10.3, 3.1, 12.4, 7.9], "texture": "#3"},
				"east": {"uv": [10.8, 3.1, 11.4, 3.38], "texture": "#3"},
				"south": {"uv": [10.8, 3.1, 11.4, 6.9], "texture": "#3"},
				"west": {"uv": [10.8, 4.1, 11.4, 5.9], "texture": "#3"},
				"up": {
					"uv": [11, 3.1000000000000005, 11.6, 3.6000000000000005],
					"texture": "#3",
					"rotation": 90
				},
				"down": {"uv": [10.8, 4.1, 11.4, 5.9], "texture": "#3"}
			},
			"rotation": {
				"origin": [12.992034809523812, 9.472712134608532, 31.828012705346147],
				"axis": "x",
				"angle": 22.5
			}
		},
		{
			"name": "cube",
			"from": [5.63534680952381, 3.9343053118728193, 3.9320463484929125],
			"to": [6.097346809523808, 4.319305311872817, 4.239246348492912],
			"faces": {
				"north": {"uv": [15.6, 2.1, 15.9, 2.4], "texture": "#3"},
				"east": {"uv": [15.6, 2.1, 15.9, 2.4], "texture": "#3"},
				"south": {"uv": [15.6, 2.1, 15.9, 2.4], "texture": "#3"},
				"west": {"uv": [15.6, 2.1, 15.9, 2.4], "texture": "#3"},
				"up": {"uv": [15.6, 2.1, 15.9, 2.4], "texture": "#3"},
				"down": {"uv": [15.6, 2.1, 15.9, 2.4], "texture": "#3"}
			},
			"rotation": {
				"origin": [12.943990009523809, 4.572537311872818, 37.2176143484929],
				"axis": "x",
				"angle": 22.5
			}
		},
		{
			"name": "cube",
			"from": [5.943346809523809, 4.088305311872819, 3.9320463484929125],
			"to": [6.559346809523808, 4.473305311872817, 4.239246348492912],
			"faces": {
				"north": {"uv": [15.6, 2.1, 15.9, 2.4], "texture": "#3"},
				"east": {"uv": [15.6, 2.1, 15.9, 2.4], "texture": "#3"},
				"south": {"uv": [15.6, 2.1, 15.9, 2.4], "texture": "#3"},
				"west": {"uv": [15.6, 2.1, 15.9, 2.4], "texture": "#3"},
				"up": {"uv": [15.6, 2.1, 15.9, 2.4], "texture": "#3"},
				"down": {"uv": [15.6, 2.1, 15.9, 2.4], "texture": "#3"}
			},
			"rotation": {
				"origin": [12.943990009523809, 4.572537311872818, 37.2176143484929],
				"axis": "x",
				"angle": 22.5
			}
		},
		{
			"name": "cube",
			"from": [6.25134680952381, 4.242305311872819, 3.9320463484929125],
			"to": [7.02134680952381, 4.627305311872817, 4.239246348492912],
			"faces": {
				"north": {"uv": [15.6, 2.1, 15.9, 2.4], "texture": "#3"},
				"east": {"uv": [15.6, 2.1, 15.9, 2.4], "texture": "#3"},
				"south": {"uv": [15.6, 2.1, 15.9, 2.4], "texture": "#3"},
				"west": {"uv": [15.6, 2.1, 15.9, 2.4], "texture": "#3"},
				"up": {"uv": [15.6, 2.1, 15.9, 2.4], "texture": "#3"},
				"down": {"uv": [15.6, 2.1, 15.9, 2.4], "texture": "#3"}
			},
			"rotation": {
				"origin": [12.943990009523809, 4.572537311872818, 37.2176143484929],
				"axis": "x",
				"angle": 22.5
			}
		},
		{
			"name": "cube",
			"from": [7.02134680952381, 4.011305311872821, 3.9320463484929125],
			"to": [7.406346809523811, 4.473305311872817, 4.239246348492912],
			"faces": {
				"north": {"uv": [15.6, 2.1, 15.9, 2.4], "texture": "#3"},
				"east": {"uv": [15.6, 2.1, 15.9, 2.4], "texture": "#3"},
				"south": {"uv": [15.6, 2.1, 15.9, 2.4], "texture": "#3"},
				"west": {"uv": [15.6, 2.1, 15.9, 2.4], "texture": "#3"},
				"up": {"uv": [15.6, 2.1, 15.9, 2.4], "texture": "#3"},
				"down": {"uv": [15.6, 2.1, 15.9, 2.4], "texture": "#3"}
			},
			"rotation": {
				"origin": [12.943990009523809, 4.572537311872818, 37.2176143484929],
				"axis": "x",
				"angle": 22.5
			}
		},
		{
			"name": "cube",
			"from": [7.406346809523811, 3.626305311872823, 3.9320463484929125],
			"to": [7.791346809523809, 4.242305311872819, 4.239246348492912],
			"faces": {
				"north": {"uv": [15.6, 2.1, 15.9, 2.4], "texture": "#3"},
				"east": {"uv": [15.6, 2.1, 15.9, 2.4], "texture": "#3"},
				"south": {"uv": [15.6, 2.1, 15.9, 2.4], "texture": "#3"},
				"west": {"uv": [15.6, 2.1, 15.9, 2.4], "texture": "#3"},
				"up": {"uv": [15.6, 2.1, 15.9, 2.4], "texture": "#3"},
				"down": {"uv": [15.6, 2.1, 15.9, 2.4], "texture": "#3"}
			},
			"rotation": {
				"origin": [9.987190009523808, 4.572537311872818, 37.2176143484929],
				"axis": "x",
				"angle": 22.5
			}
		},
		{
			"name": "cube",
			"from": [9.826722809523812, 3.9343053118728193, 3.9320463484929125],
			"to": [10.288722809523811, 4.319305311872817, 4.239246348492912],
			"faces": {
				"north": {"uv": [15.9, 2.1, 15.6, 2.4], "texture": "#3"},
				"east": {"uv": [15.9, 2.1, 15.6, 2.4], "texture": "#3"},
				"south": {"uv": [15.9, 2.1, 15.6, 2.4], "texture": "#3"},
				"west": {"uv": [15.9, 2.1, 15.6, 2.4], "texture": "#3"},
				"up": {"uv": [15.9, 2.1, 15.6, 2.4], "texture": "#3"},
				"down": {"uv": [15.9, 2.1, 15.6, 2.4], "texture": "#3"}
			},
			"rotation": {
				"origin": [11.040079609523811, 4.572537311872818, 37.2176143484929],
				"axis": "x",
				"angle": 22.5
			}
		},
		{
			"name": "cube",
			"from": [9.36472280952381, 4.088305311872819, 3.9320463484929125],
			"to": [9.98072280952381, 4.473305311872817, 4.239246348492912],
			"faces": {
				"north": {"uv": [15.9, 2.1, 15.6, 2.4], "texture": "#3"},
				"east": {"uv": [15.9, 2.1, 15.6, 2.4], "texture": "#3"},
				"south": {"uv": [15.9, 2.1, 15.6, 2.4], "texture": "#3"},
				"west": {"uv": [15.9, 2.1, 15.6, 2.4], "texture": "#3"},
				"up": {"uv": [15.9, 2.1, 15.6, 2.4], "texture": "#3"},
				"down": {"uv": [15.9, 2.1, 15.6, 2.4], "texture": "#3"}
			},
			"rotation": {
				"origin": [11.040079609523808, 4.572537311872818, 37.2176143484929],
				"axis": "x",
				"angle": 22.5
			}
		},
		{
			"name": "cube",
			"from": [8.902722809523809, 4.242305311872819, 3.9320463484929125],
			"to": [9.67272280952381, 4.627305311872817, 4.239246348492912],
			"faces": {
				"north": {"uv": [15.9, 2.1, 15.6, 2.4], "texture": "#3"},
				"east": {"uv": [15.9, 2.1, 15.6, 2.4], "texture": "#3"},
				"south": {"uv": [15.9, 2.1, 15.6, 2.4], "texture": "#3"},
				"west": {"uv": [15.9, 2.1, 15.6, 2.4], "texture": "#3"},
				"up": {"uv": [15.9, 2.1, 15.6, 2.4], "texture": "#3"},
				"down": {"uv": [15.9, 2.1, 15.6, 2.4], "texture": "#3"}
			},
			"rotation": {
				"origin": [11.04007960952381, 4.572537311872818, 37.2176143484929],
				"axis": "x",
				"angle": 22.5
			}
		},
		{
			"name": "cube",
			"from": [8.51772280952381, 4.011305311872821, 3.9320463484929125],
			"to": [8.902722809523809, 4.473305311872817, 4.239246348492912],
			"faces": {
				"north": {"uv": [15.9, 2.1, 15.6, 2.4], "texture": "#3"},
				"east": {"uv": [15.9, 2.1, 15.6, 2.4], "texture": "#3"},
				"south": {"uv": [15.9, 2.1, 15.6, 2.4], "texture": "#3"},
				"west": {"uv": [15.9, 2.1, 15.6, 2.4], "texture": "#3"},
				"up": {"uv": [15.9, 2.1, 15.6, 2.4], "texture": "#3"},
				"down": {"uv": [15.9, 2.1, 15.6, 2.4], "texture": "#3"}
			},
			"rotation": {
				"origin": [11.04007960952381, 4.572537311872818, 37.2176143484929],
				"axis": "x",
				"angle": 22.5
			}
		},
		{
			"name": "cube",
			"from": [8.132722809523809, 3.626305311872823, 3.9320463484929125],
			"to": [8.51772280952381, 4.242305311872819, 4.239246348492912],
			"faces": {
				"north": {"uv": [15.9, 2.1, 15.6, 2.4], "texture": "#3"},
				"east": {"uv": [15.9, 2.1, 15.6, 2.4], "texture": "#3"},
				"south": {"uv": [15.9, 2.1, 15.6, 2.4], "texture": "#3"},
				"west": {"uv": [15.9, 2.1, 15.6, 2.4], "texture": "#3"},
				"up": {"uv": [15.9, 2.1, 15.6, 2.4], "texture": "#3"},
				"down": {"uv": [15.9, 2.1, 15.6, 2.4], "texture": "#3"}
			},
			"rotation": {
				"origin": [13.996879609523813, 4.572537311872818, 37.2176143484929],
				"axis": "x",
				"angle": 22.5
			}
		},
		{
			"name": "cube",
			"from": [7.93203480952381, 5.409112134608533, 9.488812705346149],
			"to": [8.13203480952381, 6.059112134608533, 9.68881270534615],
			"faces": {
				"north": {"uv": [10.8, 3.1, 11.4, 6.9], "texture": "#3"},
				"east": {"uv": [10.8, 3.1, 11.4, 6.9], "texture": "#3"},
				"south": {"uv": [10.8, 3.1, 11.4, 6.9], "texture": "#3"},
				"west": {"uv": [10.8, 3.1, 11.4, 6.9], "texture": "#3"}
			},
			"rotation": {
				"origin": [12.952034809523811, 9.472712134608532, 31.828012705346147],
				"axis": "x",
				"angle": 22.5
			}
		},
		{
			"name": "cube",
			"from": [7.68203480952381, 14.409112134608531, 8.988812705346149],
			"to": [8.38203480952381, 15.159112134608531, 10.68881270534615],
			"faces": {
				"east": {
					"uv": [0.09999999999999964, 3.1, 10.200000000000001, 13.200000000000001],
					"texture": "#3"
				},
				"south": {"uv": [15.6, 2.1, 15.9, 2.4], "texture": "#3"},
				"west": {
					"uv": [0.09999999999999964, 3.1, 10.200000000000001, 13.200000000000001],
					"texture": "#3",
					"rotation": 90
				},
				"up": {"uv": [15.6, 2.1, 15.9, 2.4], "texture": "#3", "rotation": 90}
			},
			"rotation": {
				"origin": [12.952034809523811, 9.472712134608532, 31.828012705346147],
				"axis": "x",
				"angle": 0
			}
		},
		{
			"name": "cube",
			"from": [7.68203480952381, 6.717839488733856, 5.296189067147269],
			"to": [8.38203480952381, 6.7678394887338555, 7.136189067147269],
			"faces": {
				"north": {"uv": [15.6, 2.1, 15.9, 2.4], "texture": "#3", "rotation": 90},
				"east": {"uv": [15.6, 2.1, 15.9, 2.4], "texture": "#3", "rotation": 90},
				"south": {"uv": [15.6, 2.1, 15.9, 2.4], "texture": "#3", "rotation": 90},
				"west": {"uv": [15.6, 2.1, 15.9, 2.4], "texture": "#3", "rotation": 90},
				"up": {"uv": [15.6, 2.1, 15.9, 2.4], "texture": "#3", "rotation": 90},
				"down": {"uv": [15.6, 2.1, 15.9, 2.4], "texture": "#3", "rotation": 90}
			},
			"rotation": {
				"origin": [12.952034809523811, 1.681439488733857, 28.235389067147267],
				"axis": "x",
				"angle": 22.5
			}
		}
	],
	"display": {
		"thirdperson_righthand": {
			"scale": [3.2, 3.2, 3.2],
			"translation": [-6.5, 1.9, -3.75],
			"rotation": [90, 0, 0]
		},
		"head": {"scale": [1, 1, 1]},
		"firstperson_lefthand": {"scale": [1, 1, 1]},
		"thirdperson_lefthand": {"scale": [1, 1, 1]}
	}
}