{
	"credit": "Made with Blockbench, a free, modern block model editor by JannisX11",
	"textures": {"1": "minigames/pp3/metal_purple"},
	"elements": [
		{
			"name": "black cog",
			"from": [6.685775, 11.898619999999998, 4.586562499999998],
			"to": [9.284525000000002, 17.962369999999996, 11.413437499999997],
			"faces": {
				"west": {"uv": [0, 0, 16, 6], "texture": "#1"},
				"up": {"uv": [0, 15, 0, 16], "texture": "#1"}
			},
			"rotation": {"origin": [7.552025, 8.000494999999999, 5.7828125], "axis": "y", "angle": 0}
		},
		{
			"name": "black cog",
			"from": [6.703100000000001, 1.780820000000003, 1.3641125000000036],
			"to": [9.301849999999998, 12.563900000000004, 7.4278625000000025],
			"faces": {
				"north": {"uv": [0, 0, 0, 1], "texture": "#1", "rotation": 180},
				"west": {"uv": [0, 9.25, 15, 16], "texture": "#1", "rotation": 90}
			},
			"rotation": {"origin": [7.552025, 8.000494999999999, 12.3828125], "axis": "x", "angle": -22.5}
		},
		{
			"name": "black cog",
			"from": [6.685775, -1.961380000000002, 4.586562499999998],
			"to": [9.284525000000002, 4.102369999999997, 11.413437499999997],
			"faces": {
				"west": {"uv": [0, 10, 16, 16], "texture": "#1"},
				"down": {"uv": [0, 0, 0, 1], "texture": "#1"}
			},
			"rotation": {"origin": [7.552025, 8.000494999999999, 5.7828125], "axis": "y", "angle": 0}
		},
		{
			"name": "black cog",
			"from": [6.703100000000001, 3.4353574999999985, 8.572137500000006],
			"to": [9.301849999999998, 14.2184375, 14.635887500000003],
			"faces": {
				"south": {"uv": [0, 0, 0, 1], "texture": "#1", "rotation": 180},
				"west": {"uv": [1, 0, 16, 7], "texture": "#1", "rotation": 90}
			},
			"rotation": {
				"origin": [7.552025, 8.000494999999999, 3.617187500000009],
				"axis": "x",
				"angle": -22.5
			}
		},
		{
			"name": "black cog",
			"from": [6.720424999999999, 3.4353574999999985, 1.3641125000000036],
			"to": [9.319174999999998, 14.2184375, 7.4278625000000025],
			"faces": {
				"north": {"uv": [0, 0, 0, 1], "texture": "#1", "rotation": 180},
				"west": {"uv": [2.5, 7.25, 13, 16], "texture": "#1", "rotation": 90}
			},
			"rotation": {"origin": [7.552025, 8.000494999999999, 12.3828125], "axis": "x", "angle": 22.5}
		},
		{
			"name": "black cog",
			"from": [6.720424999999999, 1.780820000000003, 8.572137500000006],
			"to": [9.319174999999998, 12.563900000000004, 14.635887500000003],
			"faces": {
				"south": {"uv": [0, 0, 0, 1], "texture": "#1", "rotation": 180},
				"west": {"uv": [3, 0, 13.5, 9.25], "texture": "#1", "rotation": 90}
			},
			"rotation": {
				"origin": [7.552025, 8.000494999999999, 3.617187500000009],
				"axis": "x",
				"angle": 22.5
			}
		},
		{
			"name": "black cog",
			"from": [6.685775, 4.102369999999995, 6.319062500000001],
			"to": [9.284525000000002, 11.898619999999998, 9.680937499999999],
			"faces": {"west": {"uv": [2.25, 5.25, 13.75, 10.5], "texture": "#1"}},
			"rotation": {"origin": [7.552025, 8.000494999999999, 5.7828125], "axis": "y", "angle": 0}
		}
	],
	"display": {
		"thirdperson_righthand": {
			"scale": [3.5, 3.5, 3.5],
			"translation": [0, 0, 16],
			"rotation": [90, 0, 0]
		},
		"head": {"scale": [4, 2.5, 4], "translation": [0, -6.75, 0], "rotation": [0, -180, 0]}
	}
}