{
	"credit": "Made with Blockbench, a free, modern block model editor by JannisX11",
	"textures": {"0": "minigames/pp3/lightbulb", "particle": "minigames/pp3/lightbulb"},
	"elements": [
		{
			"name": "cube",
			"from": [6, -2, 6],
			"to": [10, 0, 10],
			"faces": {
				"north": {"uv": [6, 16, 10, 16], "texture": "#0"},
				"east": {"uv": [10, 16, 6, 16], "texture": "#0"},
				"south": {"uv": [6, 16, 10, 16], "texture": "#0"},
				"west": {"uv": [6, 16, 10, 16], "texture": "#0"},
				"down": {"uv": [6, 16, 10, 16], "texture": "#0"}
			},
			"rotation": {"origin": [8, 8, 8], "axis": "y", "angle": 0}
		},
		{
			"name": "cube",
			"from": [4, 13, 6],
			"to": [5, 14, 10],
			"faces": {
				"north": {"uv": [11, 2, 12, 3], "texture": "#0"},
				"south": {"uv": [4, 2, 5, 3], "texture": "#0"},
				"west": {"uv": [6, 2, 10, 3], "texture": "#0"},
				"up": {"uv": [6, 2, 10, 3], "texture": "#0"}
			},
			"rotation": {"origin": [8, 8, 8], "axis": "y", "angle": 0}
		},
		{
			"name": "cube",
			"from": [6, 13, 11],
			"to": [10, 14, 12],
			"faces": {
				"east": {"uv": [5, 3, 4, 2], "texture": "#0"},
				"south": {"uv": [6, 2, 10, 3], "texture": "#0"},
				"west": {"uv": [11, 2, 12, 3], "texture": "#0"},
				"up": {"uv": [6, 2, 10, 3], "texture": "#0"}
			},
			"rotation": {"origin": [8, 8, 8], "axis": "y", "angle": 0}
		},
		{
			"name": "cube",
			"from": [11, 13, 6],
			"to": [12, 14, 10],
			"faces": {
				"north": {"uv": [4, 2, 5, 3], "texture": "#0"},
				"east": {"uv": [10, 3, 6, 2], "texture": "#0"},
				"south": {"uv": [11, 2, 12, 3], "texture": "#0"},
				"up": {"uv": [6, 2, 10, 3], "texture": "#0"}
			},
			"rotation": {"origin": [8, 8, 8], "axis": "y", "angle": 0}
		},
		{
			"name": "cube",
			"from": [6, 13, 4],
			"to": [10, 14, 5],
			"faces": {
				"north": {"uv": [6, 2, 10, 3], "texture": "#0"},
				"east": {"uv": [12, 3, 11, 2], "texture": "#0"},
				"west": {"uv": [4, 2, 5, 3], "texture": "#0"},
				"up": {"uv": [6, 2, 10, 3], "texture": "#0"}
			},
			"rotation": {"origin": [8, 8, 8], "axis": "y", "angle": 0}
		},
		{
			"name": "cube",
			"from": [6, 14, 5],
			"to": [10, 15, 6],
			"faces": {
				"north": {"uv": [6, 1, 10, 2], "texture": "#0"},
				"east": {"uv": [11, 2, 10, 1], "texture": "#0"},
				"west": {"uv": [5, 1, 6, 2], "texture": "#0"},
				"up": {"uv": [6, 1, 10, 2], "texture": "#0"}
			},
			"rotation": {"origin": [8, 8, 8], "axis": "y", "angle": 0}
		},
		{
			"name": "cube",
			"from": [6, 14, 10],
			"to": [10, 15, 11],
			"faces": {
				"east": {"uv": [6, 2, 5, 1], "texture": "#0"},
				"south": {"uv": [6, 1, 10, 2], "texture": "#0"},
				"west": {"uv": [10, 1, 11, 2], "texture": "#0"},
				"up": {"uv": [6, 1, 10, 2], "texture": "#0"}
			},
			"rotation": {"origin": [8, 8, 8], "axis": "y", "angle": 0}
		},
		{
			"name": "cube",
			"from": [10, 14, 6],
			"to": [11, 15, 10],
			"faces": {
				"north": {"uv": [5, 1, 6, 2], "texture": "#0"},
				"east": {"uv": [10, 2, 6, 1], "texture": "#0"},
				"south": {"uv": [10, 1, 11, 2], "texture": "#0"},
				"up": {"uv": [6, 1, 10, 2], "texture": "#0"}
			},
			"rotation": {"origin": [8, 8, 8], "axis": "y", "angle": 0}
		},
		{
			"name": "cube",
			"from": [5, 14, 6],
			"to": [6, 15, 10],
			"faces": {
				"north": {"uv": [10, 1, 11, 2], "texture": "#0"},
				"south": {"uv": [5, 1, 6, 2], "texture": "#0"},
				"west": {"uv": [6, 1, 10, 2], "texture": "#0"},
				"up": {"uv": [6, 1, 10, 2], "texture": "#0"}
			},
			"rotation": {"origin": [8, 8, 8], "axis": "y", "angle": 0}
		},
		{
			"name": "cube",
			"from": [5, 13, 5],
			"to": [6, 14, 6],
			"faces": {
				"north": {"uv": [10, 2, 11, 3], "texture": "#0"},
				"west": {"uv": [5, 2, 6, 3], "texture": "#0"},
				"up": {"uv": [6, 2, 10, 3], "texture": "#0"}
			},
			"rotation": {"origin": [8, 8, 8], "axis": "y", "angle": 0}
		},
		{
			"name": "cube",
			"from": [10, 13, 5],
			"to": [11, 14, 6],
			"faces": {
				"north": {"uv": [5, 2, 6, 3], "texture": "#0"},
				"east": {"uv": [11, 3, 10, 2], "texture": "#0"},
				"up": {"uv": [6, 2, 10, 3], "texture": "#0"}
			},
			"rotation": {"origin": [8, 8, 8], "axis": "y", "angle": 0}
		},
		{
			"name": "cube",
			"from": [10, 13, 10],
			"to": [11, 14, 11],
			"faces": {
				"east": {"uv": [6, 3, 5, 2], "texture": "#0"},
				"south": {"uv": [10, 2, 11, 3], "texture": "#0"},
				"up": {"uv": [6, 2, 10, 3], "texture": "#0"}
			},
			"rotation": {"origin": [8, 8, 8], "axis": "y", "angle": 0}
		},
		{
			"name": "cube",
			"from": [5, 13, 10],
			"to": [6, 14, 11],
			"faces": {
				"south": {"uv": [5, 2, 6, 3], "texture": "#0"},
				"west": {"uv": [10, 2, 11, 3], "texture": "#0"},
				"up": {"uv": [6, 2, 10, 3], "texture": "#0"}
			},
			"rotation": {"origin": [8, 8, 8], "axis": "y", "angle": 0}
		},
		{
			"name": "cube",
			"from": [6, 5, 13],
			"to": [10, 6, 14],
			"faces": {
				"east": {"uv": [6, 10, 10, 11], "texture": "#0"},
				"south": {"uv": [6, 10, 10, 11], "texture": "#0"},
				"west": {"uv": [6, 10, 10, 11], "texture": "#0"},
				"down": {"uv": [6, 10, 10, 11], "texture": "#0"}
			},
			"rotation": {"origin": [8, 8, 8], "axis": "y", "angle": 0}
		},
		{
			"name": "cube",
			"from": [4, 12, 10],
			"to": [5, 13, 12],
			"faces": {
				"south": {"uv": [4, 3, 5, 4], "texture": "#0"},
				"west": {"uv": [10, 3, 12, 4], "texture": "#0"},
				"up": {"uv": [10, 3, 11, 4], "texture": "#0"}
			},
			"rotation": {"origin": [8, 8, 8], "axis": "y", "angle": 0}
		},
		{
			"name": "cube",
			"from": [11, 12, 10],
			"to": [12, 13, 12],
			"faces": {
				"east": {"uv": [6, 4, 4, 3], "texture": "#0"},
				"south": {"uv": [11, 3, 12, 4], "texture": "#0"},
				"up": {"uv": [10, 3, 11, 4], "texture": "#0"}
			},
			"rotation": {"origin": [8, 8, 8], "axis": "y", "angle": 0}
		},
		{
			"name": "cube",
			"from": [11, 12, 4],
			"to": [12, 13, 6],
			"faces": {
				"north": {"uv": [4, 3, 5, 4], "texture": "#0"},
				"east": {"uv": [12, 4, 10, 3], "texture": "#0"},
				"up": {"uv": [10, 3, 11, 4], "texture": "#0"}
			},
			"rotation": {"origin": [8, 8, 8], "axis": "y", "angle": 0}
		},
		{
			"name": "cube",
			"from": [4, 12, 4],
			"to": [5, 13, 6],
			"faces": {
				"north": {"uv": [11, 3, 12, 4], "texture": "#0"},
				"west": {"uv": [4, 3, 6, 4], "texture": "#0"},
				"up": {"uv": [10, 3, 11, 4], "texture": "#0"}
			},
			"rotation": {"origin": [8, 8, 8], "axis": "y", "angle": 0}
		},
		{
			"name": "cube",
			"from": [6, 12, 3],
			"to": [10, 13, 4],
			"faces": {
				"north": {"uv": [6, 3, 10, 4], "texture": "#0"},
				"east": {"uv": [13, 4, 12, 3], "texture": "#0"},
				"west": {"uv": [3, 3, 4, 4], "texture": "#0"},
				"up": {"uv": [10, 4, 6, 3], "texture": "#0"}
			},
			"rotation": {"origin": [8, 8, 8], "axis": "y", "angle": 0}
		},
		{
			"name": "cube",
			"from": [6, 12, 12],
			"to": [10, 13, 13],
			"faces": {
				"east": {"uv": [4, 4, 3, 3], "texture": "#0"},
				"south": {"uv": [6, 3, 10, 4], "texture": "#0"},
				"west": {"uv": [12, 3, 13, 4], "texture": "#0"},
				"up": {"uv": [6, 12, 10, 13], "texture": "#0", "rotation": 180}
			},
			"rotation": {"origin": [8, 8, 8], "axis": "y", "angle": 0}
		},
		{
			"name": "cube",
			"from": [12, 12, 6],
			"to": [13, 13, 10],
			"faces": {
				"north": {"uv": [3, 3, 4, 4], "texture": "#0"},
				"east": {"uv": [10, 4, 6, 3], "texture": "#0"},
				"south": {"uv": [12, 3, 13, 4], "texture": "#0"},
				"up": {"uv": [10, 4, 6, 3], "texture": "#0"}
			},
			"rotation": {"origin": [8, 8, 8], "axis": "y", "angle": 0}
		},
		{
			"name": "cube",
			"from": [3, 12, 6],
			"to": [4, 13, 10],
			"faces": {
				"north": {"uv": [12, 3, 13, 4], "texture": "#0"},
				"south": {"uv": [3, 3, 4, 4], "texture": "#0"},
				"west": {"uv": [6, 3, 10, 4], "texture": "#0"},
				"up": {"uv": [10, 4, 6, 3], "texture": "#0"}
			},
			"rotation": {"origin": [8, 8, 8], "axis": "y", "angle": 0}
		},
		{
			"name": "cube",
			"from": [5, 12, 4],
			"to": [6, 13, 5],
			"faces": {
				"north": {"uv": [10, 3, 11, 4], "texture": "#0"},
				"up": {"uv": [10, 3, 11, 4], "texture": "#0"}
			},
			"rotation": {"origin": [8, 8, 8], "axis": "y", "angle": 0}
		},
		{
			"name": "cube",
			"from": [10, 12, 4],
			"to": [11, 13, 5],
			"faces": {
				"north": {"uv": [5, 3, 6, 4], "texture": "#0"},
				"up": {"uv": [10, 3, 11, 4], "texture": "#0"}
			},
			"rotation": {"origin": [8, 8, 8], "axis": "y", "angle": 0}
		},
		{
			"name": "cube",
			"from": [10, 12, 11],
			"to": [11, 13, 12],
			"faces": {
				"south": {"uv": [10, 3, 11, 4], "texture": "#0"},
				"up": {"uv": [10, 3, 11, 4], "texture": "#0"}
			},
			"rotation": {"origin": [8, 8, 8], "axis": "y", "angle": 0}
		},
		{
			"name": "cube",
			"from": [5, 12, 11],
			"to": [6, 13, 12],
			"faces": {
				"south": {"uv": [5, 3, 6, 4], "texture": "#0"},
				"up": {"uv": [10, 3, 11, 4], "texture": "#0"}
			},
			"rotation": {"origin": [8, 8, 8], "axis": "y", "angle": 0}
		},
		{
			"name": "cube",
			"from": [3, 10, 10],
			"to": [13, 11, 12],
			"faces": {
				"east": {"uv": [6, 6, 4, 5], "texture": "#0", "rotation": 90},
				"west": {"uv": [10, 5, 12, 6], "texture": "#0"}
			},
			"rotation": {"origin": [8, 8, 8], "axis": "y", "angle": 0}
		},
		{
			"name": "cube",
			"from": [10, 10, 3],
			"to": [12, 11, 13],
			"faces": {
				"north": {"uv": [4, 5, 6, 6], "texture": "#0"},
				"south": {"uv": [10, 5, 12, 6], "texture": "#0", "rotation": 90}
			},
			"rotation": {"origin": [8, 8, 8], "axis": "y", "angle": 0}
		},
		{
			"name": "cube",
			"from": [4, 10, 3],
			"to": [6, 11, 13],
			"faces": {
				"north": {"uv": [10, 5, 12, 6], "texture": "#0"},
				"south": {"uv": [4, 5, 6, 6], "texture": "#0", "rotation": 90}
			},
			"rotation": {"origin": [8, 8, 8], "axis": "y", "angle": 0}
		},
		{
			"name": "cube",
			"from": [3, 11, 6],
			"to": [13, 12, 10],
			"faces": {
				"east": {"uv": [10, 5, 6, 4], "texture": "#0"},
				"west": {"uv": [6, 4, 10, 5], "texture": "#0", "rotation": 90}
			},
			"rotation": {"origin": [8, 8, 8], "axis": "y", "angle": 0}
		},
		{
			"name": "cube",
			"from": [10, 11, 12],
			"to": [12, 12, 13],
			"faces": {
				"east": {"uv": [4, 5, 3, 4], "texture": "#0"},
				"south": {"uv": [10, 4, 12, 5], "texture": "#0"},
				"up": {"uv": [10, 4, 12, 5], "texture": "#0"}
			},
			"rotation": {"origin": [8, 8, 8], "axis": "y", "angle": 0}
		},
		{
			"name": "cube",
			"from": [6, 11, 3],
			"to": [10, 12, 13],
			"faces": {
				"north": {"uv": [6, 4, 10, 5], "texture": "#0", "rotation": 90},
				"south": {"uv": [6, 4, 10, 5], "texture": "#0"}
			},
			"rotation": {"origin": [8, 8, 8], "axis": "y", "angle": 0}
		},
		{
			"name": "cube",
			"from": [3, 5, 4],
			"to": [13, 6, 6],
			"faces": {
				"east": {"uv": [12, 11, 10, 10], "texture": "#0", "rotation": 90},
				"west": {"uv": [4, 10, 6, 11], "texture": "#0"}
			},
			"rotation": {"origin": [8, 8, 8], "axis": "y", "angle": 0}
		},
		{
			"name": "cube",
			"from": [2, 6, 6],
			"to": [14, 10, 10],
			"faces": {
				"east": {"uv": [10, 10, 6, 6], "texture": "#0", "rotation": 90},
				"west": {"uv": [6, 6, 10, 10], "texture": "#0"}
			},
			"rotation": {"origin": [8, 8, 8], "axis": "y", "angle": 0}
		},
		{
			"name": "cube",
			"from": [5, 6, 13],
			"to": [6, 10, 14],
			"faces": {
				"south": {"uv": [5, 6, 6, 10], "texture": "#0", "rotation": 90},
				"west": {"uv": [5, 6, 6, 10], "texture": "#0", "rotation": 90},
				"up": {"uv": [5, 6, 6, 7], "texture": "#0", "rotation": 90},
				"down": {"uv": [5, 9, 6, 10], "texture": "#0", "rotation": 90}
			},
			"rotation": {"origin": [8, 8, 8], "axis": "x", "angle": 0}
		},
		{
			"name": "cube",
			"from": [13, 10, 6],
			"to": [14, 11, 10],
			"faces": {
				"north": {"uv": [6, 6, 5, 5], "texture": "#0", "rotation": 180},
				"east": {"uv": [10, 6, 6, 5], "texture": "#0", "rotation": 180},
				"south": {"uv": [10, 6, 9, 5], "texture": "#0", "rotation": 180},
				"up": {"uv": [10, 6, 6, 5], "texture": "#0", "rotation": 180}
			},
			"rotation": {"origin": [8, 8, 8], "axis": "y", "angle": 0}
		},
		{
			"name": "cube",
			"from": [5, 6, 2],
			"to": [6, 10, 3],
			"faces": {
				"north": {"uv": [10, 6, 11, 10], "texture": "#0", "rotation": 270},
				"west": {"uv": [10, 6, 11, 10], "texture": "#0", "rotation": 270},
				"up": {"uv": [11, 7, 10, 6], "texture": "#0", "rotation": 270},
				"down": {"uv": [10, 9, 11, 10], "texture": "#0", "rotation": 270}
			},
			"rotation": {"origin": [8, 8, 8], "axis": "x", "angle": 0}
		},
		{
			"name": "cube",
			"from": [2, 6, 10],
			"to": [3, 10, 11],
			"faces": {
				"south": {"uv": [10, 6, 11, 10], "texture": "#0", "rotation": 270},
				"west": {"uv": [10, 6, 11, 10], "texture": "#0", "rotation": 270},
				"up": {"uv": [11, 7, 10, 6], "texture": "#0", "rotation": 270},
				"down": {"uv": [10, 9, 11, 10], "texture": "#0", "rotation": 270}
			},
			"rotation": {"origin": [8, 8, 8], "axis": "z", "angle": 0}
		},
		{
			"name": "cube",
			"from": [2, 10, 6],
			"to": [3, 11, 10],
			"faces": {
				"north": {"uv": [6, 6, 5, 5], "texture": "#0", "rotation": 180},
				"south": {"uv": [10, 6, 9, 5], "texture": "#0", "rotation": 180},
				"west": {"uv": [6, 5, 10, 6], "texture": "#0", "rotation": 180},
				"up": {"uv": [10, 6, 6, 5], "texture": "#0", "rotation": 180}
			},
			"rotation": {"origin": [8, 8, 8], "axis": "y", "angle": 0}
		},
		{
			"name": "cube",
			"from": [2, 6, 5],
			"to": [3, 10, 6],
			"faces": {
				"north": {"uv": [5, 6, 6, 10], "texture": "#0", "rotation": 90},
				"west": {"uv": [5, 6, 6, 10], "texture": "#0", "rotation": 90},
				"up": {"uv": [5, 6, 6, 7], "texture": "#0", "rotation": 90},
				"down": {"uv": [5, 9, 6, 10], "texture": "#0", "rotation": 90}
			},
			"rotation": {"origin": [8, 8, 8], "axis": "z", "angle": 0}
		},
		{
			"name": "cube",
			"from": [2, 5, 6],
			"to": [3, 6, 10],
			"faces": {
				"north": {"uv": [6, 10, 10, 11], "texture": "#0"},
				"south": {"uv": [6, 10, 10, 11], "texture": "#0"},
				"west": {"uv": [6, 10, 10, 11], "texture": "#0"},
				"down": {"uv": [6, 10, 10, 11], "texture": "#0"}
			},
			"rotation": {"origin": [8, 8, 8], "axis": "y", "angle": 0}
		},
		{
			"name": "cube",
			"from": [6, 6, 2],
			"to": [10, 10, 14],
			"faces": {
				"north": {"uv": [6, 6, 10, 10], "texture": "#0"},
				"south": {"uv": [6, 6, 10, 10], "texture": "#0", "rotation": 90}
			},
			"rotation": {"origin": [8, 8, 8], "axis": "y", "angle": 0}
		},
		{
			"name": "cube",
			"from": [6, 5, 2],
			"to": [10, 6, 3],
			"faces": {
				"north": {"uv": [6, 10, 10, 11], "texture": "#0"},
				"east": {"uv": [6, 10, 10, 11], "texture": "#0"},
				"west": {"uv": [6, 10, 10, 11], "texture": "#0"},
				"down": {"uv": [6, 10, 10, 11], "texture": "#0"}
			},
			"rotation": {"origin": [8, 8, 8], "axis": "y", "angle": 0}
		},
		{
			"name": "cube",
			"from": [10, 6, 2],
			"to": [11, 10, 3],
			"faces": {
				"north": {"uv": [5, 6, 6, 10], "texture": "#0", "rotation": 90},
				"east": {"uv": [5, 6, 6, 10], "texture": "#0", "rotation": 90},
				"up": {"uv": [5, 6, 6, 7], "texture": "#0", "rotation": 90},
				"down": {"uv": [5, 9, 6, 10], "texture": "#0", "rotation": 90}
			},
			"rotation": {"origin": [8, 8, 8], "axis": "x", "angle": 0}
		},
		{
			"name": "cube",
			"from": [6, 10, 2],
			"to": [10, 11, 3],
			"faces": {
				"north": {"uv": [6, 5, 10, 6], "texture": "#0", "rotation": 180},
				"east": {"uv": [6, 6, 5, 5], "texture": "#0", "rotation": 180},
				"west": {"uv": [10, 6, 9, 5], "texture": "#0", "rotation": 180},
				"up": {"uv": [10, 6, 6, 5], "texture": "#0", "rotation": 180}
			},
			"rotation": {"origin": [8, 8, 8], "axis": "y", "angle": 0}
		},
		{
			"name": "cube",
			"from": [10, 6, 13],
			"to": [11, 10, 14],
			"faces": {
				"east": {"uv": [10, 6, 11, 10], "texture": "#0", "rotation": 270},
				"south": {"uv": [10, 6, 11, 10], "texture": "#0", "rotation": 270},
				"up": {"uv": [11, 7, 10, 6], "texture": "#0", "rotation": 270},
				"down": {"uv": [10, 9, 11, 10], "texture": "#0", "rotation": 270}
			},
			"rotation": {"origin": [8, 8, 8], "axis": "x", "angle": 0}
		},
		{
			"name": "cube",
			"from": [13, 6, 5],
			"to": [14, 10, 6],
			"faces": {
				"north": {"uv": [10, 6, 11, 10], "texture": "#0", "rotation": 270},
				"east": {"uv": [11, 10, 10, 6], "texture": "#0", "rotation": 270},
				"up": {"uv": [11, 7, 10, 6], "texture": "#0", "rotation": 270},
				"down": {"uv": [10, 9, 11, 10], "texture": "#0", "rotation": 270}
			},
			"rotation": {"origin": [8, 8, 8], "axis": "z", "angle": 0}
		},
		{
			"name": "cube",
			"from": [13, 5, 6],
			"to": [14, 6, 10],
			"faces": {
				"north": {"uv": [6, 10, 10, 11], "texture": "#0"},
				"east": {"uv": [10, 11, 6, 10], "texture": "#0"},
				"south": {"uv": [6, 10, 10, 11], "texture": "#0"},
				"down": {"uv": [6, 10, 10, 11], "texture": "#0"}
			},
			"rotation": {"origin": [8, 8, 8], "axis": "y", "angle": 0}
		},
		{
			"name": "cube",
			"from": [13, 6, 10],
			"to": [14, 10, 11],
			"faces": {
				"east": {"uv": [6, 10, 5, 6], "texture": "#0", "rotation": 90},
				"south": {"uv": [5, 6, 6, 10], "texture": "#0", "rotation": 90},
				"up": {"uv": [5, 6, 6, 7], "texture": "#0", "rotation": 90},
				"down": {"uv": [5, 9, 6, 10], "texture": "#0", "rotation": 90}
			},
			"rotation": {"origin": [8, 8, 8], "axis": "z", "angle": 0}
		},
		{
			"name": "cube",
			"from": [6, 10, 13],
			"to": [10, 11, 14],
			"faces": {
				"east": {"uv": [6, 6, 5, 5], "texture": "#0", "rotation": 180},
				"south": {"uv": [6, 5, 10, 6], "texture": "#0", "rotation": 180},
				"west": {"uv": [10, 6, 9, 5], "texture": "#0", "rotation": 180},
				"up": {"uv": [10, 6, 6, 5], "texture": "#0", "rotation": 180}
			},
			"rotation": {"origin": [8, 8, 8], "axis": "y", "angle": 0}
		},
		{
			"name": "cube",
			"from": [3, 11, 10],
			"to": [4, 12, 12],
			"faces": {
				"south": {"uv": [3, 4, 4, 5], "texture": "#0"},
				"west": {"uv": [10, 4, 12, 5], "texture": "#0"},
				"up": {"uv": [10, 4, 12, 5], "texture": "#0"}
			},
			"rotation": {"origin": [8, 8, 8], "axis": "y", "angle": 0}
		},
		{
			"name": "cube",
			"from": [4, 11, 12],
			"to": [6, 12, 13],
			"faces": {
				"south": {"uv": [4, 4, 6, 5], "texture": "#0"},
				"west": {"uv": [12, 4, 13, 5], "texture": "#0"},
				"up": {"uv": [10, 4, 12, 5], "texture": "#0"}
			},
			"rotation": {"origin": [8, 8, 8], "axis": "y", "angle": 0}
		},
		{
			"name": "cube",
			"from": [3, 11, 4],
			"to": [4, 12, 6],
			"faces": {
				"north": {"uv": [12, 4, 13, 5], "texture": "#0"},
				"west": {"uv": [4, 4, 6, 5], "texture": "#0"},
				"up": {"uv": [3, 4, 4, 6], "texture": "#0", "rotation": 90}
			},
			"rotation": {"origin": [8, 8, 8], "axis": "y", "angle": 0}
		},
		{
			"name": "cube",
			"from": [4, 11, 3],
			"to": [6, 12, 4],
			"faces": {
				"north": {"uv": [10, 4, 12, 5], "texture": "#0"},
				"west": {"uv": [3, 4, 4, 5], "texture": "#0"},
				"up": {"uv": [4, 3, 6, 4], "texture": "#0"}
			},
			"rotation": {"origin": [8, 8, 8], "axis": "y", "angle": 0}
		},
		{
			"name": "cube",
			"from": [10, 11, 3],
			"to": [12, 12, 4],
			"faces": {
				"north": {"uv": [4, 4, 6, 5], "texture": "#0"},
				"east": {"uv": [13, 5, 12, 4], "texture": "#0"},
				"up": {"uv": [10, 4, 12, 5], "texture": "#0"}
			},
			"rotation": {"origin": [8, 8, 8], "axis": "y", "angle": 0}
		},
		{
			"name": "cube",
			"from": [12, 11, 4],
			"to": [13, 12, 6],
			"faces": {
				"north": {"uv": [3, 4, 4, 5], "texture": "#0"},
				"east": {"uv": [12, 5, 10, 4], "texture": "#0"},
				"up": {"uv": [10, 4, 12, 5], "texture": "#0"}
			},
			"rotation": {"origin": [8, 8, 8], "axis": "y", "angle": 0}
		},
		{
			"name": "cube",
			"from": [12, 11, 10],
			"to": [13, 12, 12],
			"faces": {
				"east": {"uv": [6, 5, 4, 4], "texture": "#0"},
				"south": {"uv": [12, 4, 13, 5], "texture": "#0"},
				"up": {"uv": [10, 4, 12, 5], "texture": "#0"}
			},
			"rotation": {"origin": [8, 8, 8], "axis": "y", "angle": 0}
		},
		{
			"name": "cube",
			"from": [12, 5, 3],
			"to": [13, 11, 4],
			"faces": {
				"north": {"uv": [3, 5, 4, 11], "texture": "#0", "rotation": 90},
				"east": {"uv": [13, 11, 12, 5], "texture": "#0"},
				"up": {"uv": [12, 3, 13, 4], "texture": "#0", "rotation": 90},
				"down": {"uv": [12, 12, 13, 13], "texture": "#0", "rotation": 270}
			},
			"rotation": {"origin": [8, 8, 8], "axis": "y", "angle": 0}
		},
		{
			"name": "cube",
			"from": [12, 5, 12],
			"to": [13, 11, 13],
			"faces": {
				"east": {"uv": [4, 11, 3, 5], "texture": "#0", "rotation": 90},
				"south": {"uv": [12, 5, 13, 11], "texture": "#0"},
				"up": {"uv": [12, 12, 13, 13], "texture": "#0", "rotation": 90},
				"down": {"uv": [12, 3, 13, 4], "texture": "#0", "rotation": 180}
			},
			"rotation": {"origin": [8, 8, 8], "axis": "y", "angle": 0}
		},
		{
			"name": "cube",
			"from": [3, 5, 3],
			"to": [4, 11, 4],
			"faces": {
				"north": {"uv": [12, 5, 13, 11], "texture": "#0"},
				"west": {"uv": [3, 5, 4, 11], "texture": "#0", "rotation": 90},
				"up": {"uv": [3, 3, 4, 4], "texture": "#0", "rotation": 90},
				"down": {"uv": [3, 12, 4, 13], "texture": "#0"}
			},
			"rotation": {"origin": [8, 8, 8], "axis": "y", "angle": 0}
		},
		{
			"name": "cube",
			"from": [3, 5, 12],
			"to": [4, 11, 13],
			"faces": {
				"south": {"uv": [3, 5, 4, 11], "texture": "#0", "rotation": 90},
				"west": {"uv": [12, 5, 13, 11], "texture": "#0"},
				"up": {"uv": [3, 12, 4, 13], "texture": "#0", "rotation": 90},
				"down": {"uv": [3, 3, 4, 4], "texture": "#0", "rotation": 90}
			},
			"rotation": {"origin": [8, 8, 8], "axis": "y", "angle": 0}
		},
		{
			"name": "cube",
			"from": [3, 6, 11],
			"to": [13, 10, 12],
			"faces": {
				"east": {"uv": [5, 10, 4, 6], "texture": "#0", "rotation": 90},
				"west": {"uv": [11, 6, 12, 10], "texture": "#0"}
			},
			"rotation": {"origin": [8, 8, 8], "axis": "y", "angle": 0}
		},
		{
			"name": "cube",
			"from": [11, 6, 3],
			"to": [12, 10, 13],
			"faces": {
				"north": {"uv": [4, 6, 5, 10], "texture": "#0"},
				"south": {"uv": [11, 6, 12, 10], "texture": "#0", "rotation": 90}
			},
			"rotation": {"origin": [8, 8, 8], "axis": "y", "angle": 0}
		},
		{
			"name": "cube",
			"from": [3, 6, 4],
			"to": [13, 10, 5],
			"faces": {
				"east": {"uv": [12, 10, 11, 6], "texture": "#0", "rotation": 90},
				"west": {"uv": [4, 6, 5, 10], "texture": "#0"}
			},
			"rotation": {"origin": [8, 8, 8], "axis": "y", "angle": 0}
		},
		{
			"name": "cube",
			"from": [4, 6, 3],
			"to": [5, 10, 13],
			"faces": {
				"north": {"uv": [11, 6, 12, 10], "texture": "#0"},
				"south": {"uv": [4, 6, 5, 10], "texture": "#0", "rotation": 90}
			},
			"rotation": {"origin": [8, 8, 8], "axis": "y", "angle": 0}
		},
		{
			"name": "cube",
			"from": [3, 5, 10],
			"to": [13, 6, 12],
			"faces": {
				"east": {"uv": [6, 11, 4, 10], "texture": "#0", "rotation": 90},
				"west": {"uv": [10, 10, 12, 11], "texture": "#0"}
			},
			"rotation": {"origin": [8, 8, 8], "axis": "y", "angle": 0}
		},
		{
			"name": "cube",
			"from": [4, 5, 3],
			"to": [6, 6, 13],
			"faces": {
				"north": {"uv": [10, 10, 12, 11], "texture": "#0"},
				"south": {"uv": [4, 10, 6, 11], "texture": "#0", "rotation": 90}
			},
			"rotation": {"origin": [8, 8, 8], "axis": "y", "angle": 0}
		},
		{
			"name": "cube",
			"from": [10, 5, 3],
			"to": [12, 6, 13],
			"faces": {
				"north": {"uv": [4, 10, 6, 11], "texture": "#0"},
				"south": {"uv": [10, 10, 12, 11], "texture": "#0", "rotation": 90}
			},
			"rotation": {"origin": [8, 8, 8], "axis": "y", "angle": 0}
		},
		{
			"name": "cube",
			"from": [3, 10, 4],
			"to": [13, 11, 6],
			"faces": {
				"east": {"uv": [12, 6, 10, 5], "texture": "#0", "rotation": 90},
				"west": {"uv": [4, 5, 6, 6], "texture": "#0"}
			},
			"rotation": {"origin": [8, 8, 8], "axis": "y", "angle": 0}
		},
		{
			"name": "cube",
			"from": [6, 14, 6],
			"to": [10, 15, 10],
			"faces": {"up": {"uv": [5.5, 0, 9.5, 1], "texture": "#0"}},
			"rotation": {"origin": [8, 8, 8], "axis": "y", "angle": 0}
		},
		{
			"name": "cube",
			"from": [5, 2, 10],
			"to": [6, 3, 11],
			"faces": {
				"south": {"uv": [5, 13, 6, 14], "texture": "#0"},
				"west": {"uv": [10, 13, 11, 14], "texture": "#0"},
				"down": {"uv": [5, 14, 4, 13], "texture": "#0"}
			},
			"rotation": {"origin": [8, 8, 8], "axis": "y", "angle": 0}
		},
		{
			"name": "cube",
			"from": [10, 2, 10],
			"to": [11, 3, 11],
			"faces": {
				"east": {"uv": [6, 14, 5, 13], "texture": "#0"},
				"south": {"uv": [10, 13, 11, 14], "texture": "#0"},
				"down": {"uv": [5, 14, 4, 13], "texture": "#0"}
			},
			"rotation": {"origin": [8, 8, 8], "axis": "y", "angle": 0}
		},
		{
			"name": "cube",
			"from": [10, 2, 5],
			"to": [11, 3, 6],
			"faces": {
				"north": {"uv": [6, 13, 10, 14], "texture": "#0"},
				"east": {"uv": [11, 14, 10, 13], "texture": "#0"},
				"down": {"uv": [5, 14, 4, 13], "texture": "#0"}
			},
			"rotation": {"origin": [8, 8, 8], "axis": "y", "angle": 0}
		},
		{
			"name": "cube",
			"from": [5, 2, 5],
			"to": [6, 3, 6],
			"faces": {
				"north": {"uv": [10, 13, 11, 14], "texture": "#0"},
				"west": {"uv": [5, 13, 6, 14], "texture": "#0"},
				"down": {"uv": [5, 14, 4, 13], "texture": "#0"}
			},
			"rotation": {"origin": [8, 8, 8], "axis": "y", "angle": 0}
		},
		{
			"name": "cube",
			"from": [6, 2, 4],
			"to": [10, 3, 5],
			"faces": {
				"north": {"uv": [6, 13, 10, 14], "texture": "#0"},
				"east": {"uv": [12, 14, 11, 13], "texture": "#0"},
				"west": {"uv": [4, 13, 5, 14], "texture": "#0"},
				"down": {"uv": [5, 14, 4, 13], "texture": "#0"}
			},
			"rotation": {"origin": [8, 8, 8], "axis": "y", "angle": 0}
		},
		{
			"name": "cube",
			"from": [6, 2, 11],
			"to": [10, 3, 12],
			"faces": {
				"east": {"uv": [5, 14, 4, 13], "texture": "#0"},
				"south": {"uv": [6, 13, 10, 14], "texture": "#0"},
				"west": {"uv": [11, 13, 12, 14], "texture": "#0"},
				"down": {"uv": [5, 14, 4, 13], "texture": "#0"}
			},
			"rotation": {"origin": [8, 8, 8], "axis": "y", "angle": 0}
		},
		{
			"name": "cube",
			"from": [11, 2, 6],
			"to": [12, 3, 10],
			"faces": {
				"north": {"uv": [4, 13, 5, 14], "texture": "#0"},
				"east": {"uv": [6, 13, 10, 14], "texture": "#0"},
				"south": {"uv": [11, 13, 12, 14], "texture": "#0"},
				"down": {"uv": [5, 14, 4, 13], "texture": "#0"}
			},
			"rotation": {"origin": [8, 8, 8], "axis": "y", "angle": 0}
		},
		{
			"name": "cube",
			"from": [4, 2, 6],
			"to": [5, 3, 10],
			"faces": {
				"north": {"uv": [11, 13, 12, 14], "texture": "#0"},
				"south": {"uv": [4, 13, 5, 14], "texture": "#0"},
				"west": {"uv": [6, 13, 10, 14], "texture": "#0"},
				"down": {"uv": [5, 14, 4, 13], "texture": "#0"}
			},
			"rotation": {"origin": [8, 8, 8], "axis": "y", "angle": 0}
		},
		{
			"name": "cube",
			"from": [6, 0, 5],
			"to": [10, 2, 6],
			"faces": {
				"north": {"uv": [6, 14, 10, 16], "texture": "#0"},
				"east": {"uv": [11, 16, 10, 14], "texture": "#0"},
				"west": {"uv": [5, 14, 6, 16], "texture": "#0"},
				"down": {"uv": [6, 14, 10, 16], "texture": "#0"}
			},
			"rotation": {"origin": [8, 8, 8], "axis": "y", "angle": 0}
		},
		{
			"name": "cube",
			"from": [6, 0, 10],
			"to": [10, 2, 11],
			"faces": {
				"east": {"uv": [6, 16, 5, 14], "texture": "#0"},
				"south": {"uv": [6, 14, 10, 16], "texture": "#0"},
				"west": {"uv": [10, 14, 11, 16], "texture": "#0"},
				"down": {"uv": [6, 14, 10, 16], "texture": "#0"}
			},
			"rotation": {"origin": [8, 8, 8], "axis": "y", "angle": 0}
		},
		{
			"name": "cube",
			"from": [10, 0, 6],
			"to": [11, 2, 10],
			"faces": {
				"north": {"uv": [5, 14, 6, 16], "texture": "#0"},
				"east": {"uv": [10, 16, 6, 14], "texture": "#0"},
				"south": {"uv": [10, 14, 11, 16], "texture": "#0"},
				"down": {"uv": [10, 16, 6, 14], "texture": "#0"}
			},
			"rotation": {"origin": [8, 8, 8], "axis": "y", "angle": 0}
		},
		{
			"name": "cube",
			"from": [5, 0, 6],
			"to": [6, 2, 10],
			"faces": {
				"north": {"uv": [10, 14, 11, 16], "texture": "#0"},
				"south": {"uv": [5, 14, 6, 16], "texture": "#0"},
				"west": {"uv": [6, 14, 10, 16], "texture": "#0"},
				"down": {"uv": [6, 14, 10, 16], "texture": "#0"}
			},
			"rotation": {"origin": [8, 8, 8], "axis": "y", "angle": 0}
		},
		{
			"name": "cube",
			"from": [4, 3, 10],
			"to": [5, 4, 12],
			"faces": {
				"south": {"uv": [4, 12, 5, 13], "texture": "#0"},
				"west": {"uv": [10, 12, 12, 13], "texture": "#0"},
				"down": {"uv": [10, 12, 12, 13], "texture": "#0"}
			},
			"rotation": {"origin": [8, 8, 8], "axis": "y", "angle": 0}
		},
		{
			"name": "cube",
			"from": [5, 3, 11],
			"to": [6, 4, 12],
			"faces": {
				"south": {"uv": [5, 12, 6, 13], "texture": "#0"},
				"down": {"uv": [5, 12, 6, 13], "texture": "#0"}
			},
			"rotation": {"origin": [8, 8, 8], "axis": "y", "angle": 0}
		},
		{
			"name": "cube",
			"from": [10, 3, 11],
			"to": [11, 4, 12],
			"faces": {
				"south": {"uv": [10, 12, 11, 13], "texture": "#0"},
				"down": {"uv": [4, 12, 5, 13], "texture": "#0"}
			},
			"rotation": {"origin": [8, 8, 8], "axis": "y", "angle": 0}
		},
		{
			"name": "cube",
			"from": [11, 3, 10],
			"to": [12, 4, 12],
			"faces": {
				"east": {"uv": [6, 13, 4, 12], "texture": "#0"},
				"south": {"uv": [11, 12, 12, 13], "texture": "#0"},
				"down": {"uv": [4, 12, 5, 13], "texture": "#0"}
			},
			"rotation": {"origin": [8, 8, 8], "axis": "y", "angle": 0}
		},
		{
			"name": "cube",
			"from": [11, 3, 4],
			"to": [12, 4, 6],
			"faces": {
				"north": {"uv": [4, 12, 5, 13], "texture": "#0"},
				"east": {"uv": [12, 13, 10, 12], "texture": "#0"},
				"down": {"uv": [4, 12, 5, 13], "texture": "#0"}
			},
			"rotation": {"origin": [8, 8, 8], "axis": "y", "angle": 0}
		},
		{
			"name": "cube",
			"from": [10, 3, 4],
			"to": [11, 4, 5],
			"faces": {
				"north": {"uv": [5, 12, 6, 13], "texture": "#0"},
				"down": {"uv": [4, 12, 5, 13], "texture": "#0"}
			},
			"rotation": {"origin": [8, 8, 8], "axis": "y", "angle": 0}
		},
		{
			"name": "cube",
			"from": [5, 3, 4],
			"to": [6, 4, 5],
			"faces": {
				"north": {"uv": [10, 12, 11, 13], "texture": "#0"},
				"down": {"uv": [5, 12, 6, 13], "texture": "#0"}
			},
			"rotation": {"origin": [8, 8, 8], "axis": "y", "angle": 0}
		},
		{
			"name": "cube",
			"from": [4, 3, 4],
			"to": [5, 4, 6],
			"faces": {
				"north": {"uv": [11, 12, 12, 13], "texture": "#0"},
				"west": {"uv": [4, 12, 6, 13], "texture": "#0"},
				"down": {"uv": [10, 12, 12, 13], "texture": "#0"}
			},
			"rotation": {"origin": [8, 8, 8], "axis": "y", "angle": 0}
		},
		{
			"name": "cube",
			"from": [6, 3, 3],
			"to": [10, 4, 4],
			"faces": {
				"north": {"uv": [6, 12, 10, 13], "texture": "#0"},
				"east": {"uv": [13, 13, 12, 12], "texture": "#0"},
				"west": {"uv": [3, 12, 4, 13], "texture": "#0"},
				"down": {"uv": [6, 12, 10, 13], "texture": "#0"}
			},
			"rotation": {"origin": [8, 8, 8], "axis": "y", "angle": 0}
		},
		{
			"name": "cube",
			"from": [6, 3, 12],
			"to": [10, 4, 13],
			"faces": {
				"east": {"uv": [4, 13, 3, 12], "texture": "#0"},
				"south": {"uv": [6, 12, 10, 13], "texture": "#0"},
				"west": {"uv": [12, 12, 13, 13], "texture": "#0"},
				"down": {"uv": [6, 12, 10, 13], "texture": "#0"}
			},
			"rotation": {"origin": [8, 8, 8], "axis": "y", "angle": 0}
		},
		{
			"name": "cube",
			"from": [12, 3, 6],
			"to": [13, 4, 10],
			"faces": {
				"north": {"uv": [3, 12, 4, 13], "texture": "#0"},
				"east": {"uv": [10, 13, 6, 12], "texture": "#0"},
				"south": {"uv": [12, 12, 13, 13], "texture": "#0"},
				"down": {"uv": [4, 12, 5, 13], "texture": "#0"}
			},
			"rotation": {"origin": [8, 8, 8], "axis": "y", "angle": 0}
		},
		{
			"name": "cube",
			"from": [3, 3, 6],
			"to": [4, 4, 10],
			"faces": {
				"north": {"uv": [12, 12, 13, 13], "texture": "#0"},
				"south": {"uv": [3, 12, 4, 13], "texture": "#0"},
				"west": {"uv": [6, 12, 10, 13], "texture": "#0"},
				"down": {"uv": [6, 12, 10, 13], "texture": "#0"}
			},
			"rotation": {"origin": [8, 8, 8], "axis": "y", "angle": 0}
		},
		{
			"name": "cube",
			"from": [3, 4, 6],
			"to": [13, 5, 10],
			"faces": {
				"east": {"uv": [10, 12, 6, 11], "texture": "#0"},
				"west": {"uv": [6, 11, 10, 12], "texture": "#0", "rotation": 90}
			},
			"rotation": {"origin": [8, 8, 8], "axis": "y", "angle": 0}
		},
		{
			"name": "cube",
			"from": [6, 4, 3],
			"to": [10, 5, 13],
			"faces": {
				"north": {"uv": [6, 11, 10, 12], "texture": "#0", "rotation": 90},
				"south": {"uv": [6, 11, 10, 12], "texture": "#0"}
			},
			"rotation": {"origin": [8, 8, 8], "axis": "y", "angle": 0}
		},
		{
			"name": "cube",
			"from": [12, 4, 10],
			"to": [13, 5, 12],
			"faces": {
				"east": {"uv": [6, 12, 4, 11], "texture": "#0"},
				"south": {"uv": [12, 11, 13, 12], "texture": "#0"},
				"down": {"uv": [3, 11, 4, 12], "texture": "#0"}
			},
			"rotation": {"origin": [8, 8, 8], "axis": "y", "angle": 0}
		},
		{
			"name": "cube",
			"from": [3, 4, 4],
			"to": [4, 5, 6],
			"faces": {
				"north": {"uv": [12, 11, 13, 12], "texture": "#0"},
				"west": {"uv": [4, 11, 6, 12], "texture": "#0"},
				"down": {"uv": [12, 11, 13, 12], "texture": "#0"}
			},
			"rotation": {"origin": [8, 8, 8], "axis": "y", "angle": 0}
		},
		{
			"name": "cube",
			"from": [4, 4, 12],
			"to": [6, 5, 13],
			"faces": {
				"south": {"uv": [4, 11, 6, 12], "texture": "#0"},
				"west": {"uv": [12, 11, 13, 12], "texture": "#0"},
				"down": {"uv": [3, 11, 4, 12], "texture": "#0"}
			},
			"rotation": {"origin": [8, 8, 8], "axis": "y", "angle": 0}
		},
		{
			"name": "cube",
			"from": [10, 4, 3],
			"to": [12, 5, 4],
			"faces": {
				"north": {"uv": [4, 11, 6, 12], "texture": "#0"},
				"east": {"uv": [13, 12, 12, 11], "texture": "#0"},
				"down": {"uv": [3, 11, 4, 12], "texture": "#0"}
			},
			"rotation": {"origin": [8, 8, 8], "axis": "y", "angle": 0}
		},
		{
			"name": "cube",
			"from": [4, 4, 3],
			"to": [6, 5, 4],
			"faces": {
				"north": {"uv": [10, 11, 12, 12], "texture": "#0"},
				"west": {"uv": [3, 11, 4, 12], "texture": "#0"},
				"down": {"uv": [3, 11, 4, 12], "texture": "#0"}
			},
			"rotation": {"origin": [8, 8, 8], "axis": "y", "angle": 0}
		},
		{
			"name": "cube",
			"from": [12, 4, 4],
			"to": [13, 5, 6],
			"faces": {
				"north": {"uv": [3, 11, 4, 12], "texture": "#0"},
				"east": {"uv": [12, 12, 10, 11], "texture": "#0"},
				"down": {"uv": [3, 11, 4, 12], "texture": "#0"}
			},
			"rotation": {"origin": [8, 8, 8], "axis": "y", "angle": 0}
		},
		{
			"name": "cube",
			"from": [10, 4, 12],
			"to": [12, 5, 13],
			"faces": {
				"east": {"uv": [4, 12, 3, 11], "texture": "#0"},
				"south": {"uv": [10, 11, 12, 12], "texture": "#0"},
				"down": {"uv": [3, 11, 4, 12], "texture": "#0"}
			},
			"rotation": {"origin": [8, 8, 8], "axis": "y", "angle": 0}
		},
		{
			"name": "cube",
			"from": [3, 4, 10],
			"to": [4, 5, 12],
			"faces": {
				"south": {"uv": [3, 11, 4, 12], "texture": "#0"},
				"west": {"uv": [10, 11, 12, 12], "texture": "#0"},
				"down": {"uv": [3, 11, 4, 12], "texture": "#0"}
			},
			"rotation": {"origin": [8, 8, 8], "axis": "y", "angle": 0}
		}
	],
	"display": {
		"head": {"scale": [3.2, 3.2, 3.2], "translation": [0, -11.5, 0]},
		"thirdperson_righthand": {
			"scale": [0.55, 0.55, 0.55],
			"rotation": [0, 0, 0],
			"translation": [0, 3, 1]
		},
		"thirdperson_lefthand": {
			"scale": [0.55, 0.55, 0.55],
			"rotation": [0, 0, 0],
			"translation": [0, 3, 1]
		},
		"firstperson_righthand": {
			"scale": [0.68, 0.68, 0.68],
			"rotation": [0, -90, 25],
			"translation": [1.13, 3.2, 0]
		},
		"firstperson_lefthand": {
			"scale": [0.68, 0.68, 0.68],
			"rotation": [0, -90, 25],
			"translation": [1.13, 3.2, 0]
		},
		"ground": {"scale": [0.5, 0.5, 0.5], "rotation": [0, 0, 0], "translation": [0, 2, 0]},
		"fixed": {"scale": [1, 1, 1], "rotation": [0, 180, 0], "translation": [0, 0, 0]},
		"gui": {"scale": [0.625, 0.625, 0.625], "rotation": [30, 225, 0], "translation": [0, 0, 0]}
	}
}