{
	"credit": "Made with Blockbench, a free, modern block model editor by JannisX11",
	"textures": {"3": "minigames/pp3/bike"},
	"elements": [
		{
			"name": "cube",
			"from": [6.26, 7.887499999999998, 7.842499999999999],
			"to": [9.559999999999999, 8.112499999999999, 8.067499999999999],
			"faces": {
				"north": {"uv": [15.6, 2.1, 15.9, 2.4], "texture": "#3"},
				"east": {"uv": [15.6, 2.1, 15.9, 2.4], "texture": "#3"},
				"south": {"uv": [15.6, 2.1, 15.9, 2.4], "texture": "#3"},
				"west": {"uv": [15.6, 2.1, 15.9, 2.4], "texture": "#3"},
				"up": {"uv": [15.6, 2.1, 15.9, 2.4], "texture": "#3"},
				"down": {"uv": [15.6, 2.1, 15.9, 2.4], "texture": "#3"}
			}
		},
		{
			"name": "cube",
			"from": [9.559999999999999, 7.887499999999998, 7.842499999999999],
			"to": [9.785, 8.112499999999999, 9.342500000000001],
			"faces": {
				"north": {"uv": [15.6, 2.1, 15.9, 2.4], "texture": "#3"},
				"east": {"uv": [15.6, 2.1, 15.9, 2.4], "texture": "#3"},
				"south": {"uv": [15.6, 2.1, 15.9, 2.4], "texture": "#3"},
				"west": {"uv": [15.6, 2.1, 15.9, 2.4], "texture": "#3"},
				"up": {"uv": [15.6, 2.1, 15.9, 2.4], "texture": "#3"},
				"down": {"uv": [15.6, 2.1, 15.9, 2.4], "texture": "#3"}
			}
		},
		{
			"name": "cube",
			"from": [6.26, 7.887499999999998, 6.5675],
			"to": [6.485, 8.112499999999999, 8.067499999999999],
			"faces": {
				"north": {"uv": [15.6, 2.1, 15.9, 2.4], "texture": "#3"},
				"east": {"uv": [15.6, 2.1, 15.9, 2.4], "texture": "#3"},
				"south": {"uv": [15.6, 2.1, 15.9, 2.4], "texture": "#3"},
				"west": {"uv": [15.6, 2.1, 15.9, 2.4], "texture": "#3"},
				"up": {"uv": [15.6, 2.1, 15.9, 2.4], "texture": "#3"},
				"down": {"uv": [15.6, 2.1, 15.9, 2.4], "texture": "#3"}
			}
		},
		{
			"name": "cube",
			"from": [5.135, 7.887499999999998, 5.8175],
			"to": [6.485, 8.112499999999999, 6.7925],
			"faces": {
				"north": {"uv": [15.6, 2.1, 15.9, 2.4], "texture": "#3"},
				"east": {"uv": [15.6, 2.1, 15.9, 2.4], "texture": "#3"},
				"south": {"uv": [15.6, 2.1, 15.9, 2.4], "texture": "#3"},
				"west": {"uv": [15.6, 2.1, 15.9, 2.4], "texture": "#3"},
				"up": {"uv": [15.6, 2.1, 15.9, 2.4], "texture": "#3"},
				"down": {"uv": [15.6, 2.1, 15.9, 2.4], "texture": "#3"}
			}
		},
		{
			"name": "cube",
			"from": [9.559999999999999, 7.887499999999998, 9.3425],
			"to": [10.91, 8.112499999999999, 10.317499999999999],
			"faces": {
				"north": {"uv": [15.6, 2.1, 15.9, 2.4], "texture": "#3"},
				"east": {"uv": [15.6, 2.1, 15.9, 2.4], "texture": "#3"},
				"south": {"uv": [15.6, 2.1, 15.9, 2.4], "texture": "#3"},
				"west": {"uv": [15.6, 2.1, 15.9, 2.4], "texture": "#3"},
				"up": {"uv": [15.6, 2.1, 15.9, 2.4], "texture": "#3"},
				"down": {"uv": [15.6, 2.1, 15.9, 2.4], "texture": "#3"}
			}
		}
	],
	"display": {
		"thirdperson_righthand": {
			"scale": [3.5, 3.5, 3.5],
			"translation": [0, 0, 16],
			"rotation": [90, 0, 0]
		},
		"head": {"scale": [3.25, 3.25, 3.25], "rotation": [0, 0, 0], "translation": [0, -6.25, 0]}
	}
}