{
	"credit": "Made with Blockbench, a free, modern block model editor by JannisX11",
	"textures": {"3": "minigames/pp3/bike"},
	"elements": [
		{
			"name": "cube",
			"from": [7.3784000000000045, 7.291132253658536, 4.7744000000000115],
			"to": [8.621600000000004, 8.573999453658537, 5.696000000000011],
			"faces": {
				"north": {"uv": [15.1, 2.1, 15.4, 2.4], "texture": "#3"},
				"east": {"uv": [15.1, 2.1, 15.4, 2.4], "texture": "#3"},
				"south": {"uv": [15.1, 2.1, 15.4, 2.4], "texture": "#3"},
				"west": {"uv": [15.1, 2.1, 15.4, 2.4], "texture": "#3"},
				"up": {"uv": [15.1, 2.1, 15.4, 2.4], "texture": "#3"},
				"down": {"uv": [15.1, 2.1, 15.4, 2.4], "texture": "#3"}
			},
			"rotation": {
				"origin": [8.000000000000005, 7.932565853658538, 8.000000000000014],
				"axis": "y",
				"angle": 0
			}
		},
		{
			"name": "cube",
			"from": [7.3784000000000045, 7.291132253658536, 4.7744000000000115],
			"to": [8.621600000000004, 8.573999453658537, 5.696000000000011],
			"faces": {
				"north": {"uv": [15.1, 2.1, 15.4, 2.4], "texture": "#3"},
				"east": {"uv": [15.1, 2.1, 15.4, 2.4], "texture": "#3"},
				"south": {"uv": [15.1, 2.1, 15.4, 2.4], "texture": "#3"},
				"west": {"uv": [15.1, 2.1, 15.4, 2.4], "texture": "#3"},
				"up": {"uv": [15.1, 2.1, 15.4, 2.4], "texture": "#3"},
				"down": {"uv": [15.1, 2.1, 15.4, 2.4], "texture": "#3"}
			},
			"rotation": {
				"origin": [8.000000000000005, 7.932565853658538, 8.000000000000014],
				"axis": "x",
				"angle": 22.5
			}
		},
		{
			"name": "cube",
			"from": [7.3784000000000045, 7.291132253658536, 4.7744000000000115],
			"to": [8.621600000000004, 8.573999453658537, 5.696000000000011],
			"faces": {
				"north": {"uv": [15.1, 2.1, 15.4, 2.4], "texture": "#3"},
				"east": {"uv": [15.1, 2.1, 15.4, 2.4], "texture": "#3"},
				"south": {"uv": [15.1, 2.1, 15.4, 2.4], "texture": "#3"},
				"west": {"uv": [15.1, 2.1, 15.4, 2.4], "texture": "#3"},
				"up": {"uv": [15.1, 2.1, 15.4, 2.4], "texture": "#3"},
				"down": {"uv": [15.1, 2.1, 15.4, 2.4], "texture": "#3"}
			},
			"rotation": {
				"origin": [8.000000000000005, 7.932565853658538, 8.000000000000014],
				"axis": "x",
				"angle": 45
			}
		},
		{
			"name": "cube",
			"from": [7.3784000000000045, 10.236565853658536, 7.358566400000007],
			"to": [8.621600000000004, 11.158165853658536, 8.64143360000001],
			"faces": {
				"north": {"uv": [15.1, 2.1, 15.4, 2.4], "texture": "#3", "rotation": 180},
				"east": {"uv": [15.1, 2.1, 15.4, 2.4], "texture": "#3", "rotation": 270},
				"south": {"uv": [15.1, 2.1, 15.4, 2.4], "texture": "#3"},
				"west": {"uv": [15.1, 2.1, 15.4, 2.4], "texture": "#3", "rotation": 90},
				"up": {"uv": [15.1, 2.1, 15.4, 2.4], "texture": "#3", "rotation": 180},
				"down": {"uv": [15.1, 2.1, 15.4, 2.4], "texture": "#3"}
			},
			"rotation": {
				"origin": [8.000000000000005, 7.932565853658537, 8.000000000000014],
				"axis": "x",
				"angle": -22.5
			}
		},
		{
			"name": "cube",
			"from": [7.3784000000000045, 10.236565853658536, 7.358566400000007],
			"to": [8.621600000000004, 11.158165853658536, 8.64143360000001],
			"faces": {
				"north": {"uv": [15.1, 2.1, 15.4, 2.4], "texture": "#3", "rotation": 180},
				"east": {"uv": [15.1, 2.1, 15.4, 2.4], "texture": "#3", "rotation": 270},
				"south": {"uv": [15.1, 2.1, 15.4, 2.4], "texture": "#3"},
				"west": {"uv": [15.1, 2.1, 15.4, 2.4], "texture": "#3", "rotation": 90},
				"up": {"uv": [15.1, 2.1, 15.4, 2.4], "texture": "#3", "rotation": 180},
				"down": {"uv": [15.1, 2.1, 15.4, 2.4], "texture": "#3"}
			},
			"rotation": {
				"origin": [8.000000000000005, 7.932565853658537, 8.000000000000014],
				"axis": "x",
				"angle": 0
			}
		},
		{
			"name": "cube",
			"from": [7.3784000000000045, 10.236565853658536, 7.358566400000007],
			"to": [8.621600000000004, 11.158165853658536, 8.64143360000001],
			"faces": {
				"north": {"uv": [15.1, 2.1, 15.4, 2.4], "texture": "#3", "rotation": 180},
				"east": {"uv": [15.1, 2.1, 15.4, 2.4], "texture": "#3", "rotation": 270},
				"south": {"uv": [15.1, 2.1, 15.4, 2.4], "texture": "#3"},
				"west": {"uv": [15.1, 2.1, 15.4, 2.4], "texture": "#3", "rotation": 90},
				"up": {"uv": [15.1, 2.1, 15.4, 2.4], "texture": "#3", "rotation": 180},
				"down": {"uv": [15.1, 2.1, 15.4, 2.4], "texture": "#3"}
			},
			"rotation": {
				"origin": [8.000000000000005, 7.932565853658537, 8.000000000000014],
				"axis": "x",
				"angle": 22.5
			}
		},
		{
			"name": "cube",
			"from": [7.3784000000000045, 10.236565853658536, 7.358566400000007],
			"to": [8.621600000000004, 11.158165853658536, 8.64143360000001],
			"faces": {
				"north": {"uv": [15.1, 2.1, 15.4, 2.4], "texture": "#3", "rotation": 180},
				"east": {"uv": [15.1, 2.1, 15.4, 2.4], "texture": "#3", "rotation": 270},
				"south": {"uv": [15.1, 2.1, 15.4, 2.4], "texture": "#3"},
				"west": {"uv": [15.1, 2.1, 15.4, 2.4], "texture": "#3", "rotation": 90},
				"up": {"uv": [15.1, 2.1, 15.4, 2.4], "texture": "#3", "rotation": 180},
				"down": {"uv": [15.1, 2.1, 15.4, 2.4], "texture": "#3"}
			},
			"rotation": {
				"origin": [8.000000000000005, 7.932565853658537, 8.000000000000014],
				"axis": "x",
				"angle": 45
			}
		},
		{
			"name": "cube",
			"from": [7.3784000000000045, 7.291132253658536, 10.30400000000001],
			"to": [8.621600000000004, 8.573999453658537, 11.22560000000001],
			"faces": {
				"north": {"uv": [15.1, 2.1, 15.4, 2.4], "texture": "#3", "rotation": 180},
				"east": {"uv": [15.1, 2.1, 15.4, 2.4], "texture": "#3", "rotation": 180},
				"south": {"uv": [15.1, 2.1, 15.4, 2.4], "texture": "#3", "rotation": 180},
				"west": {"uv": [15.1, 2.1, 15.4, 2.4], "texture": "#3", "rotation": 180},
				"up": {"uv": [15.1, 2.1, 15.4, 2.4], "texture": "#3"},
				"down": {"uv": [15.1, 2.1, 15.4, 2.4], "texture": "#3"}
			},
			"rotation": {
				"origin": [8.000000000000005, 7.932565853658538, 8.000000000000014],
				"axis": "x",
				"angle": -22.5
			}
		},
		{
			"name": "cube",
			"from": [7.3784000000000045, 7.291132253658536, 10.30400000000001],
			"to": [8.621600000000004, 8.573999453658537, 11.22560000000001],
			"faces": {
				"north": {"uv": [15.1, 2.1, 15.4, 2.4], "texture": "#3", "rotation": 180},
				"east": {"uv": [15.1, 2.1, 15.4, 2.4], "texture": "#3", "rotation": 180},
				"south": {"uv": [15.1, 2.1, 15.4, 2.4], "texture": "#3", "rotation": 180},
				"west": {"uv": [15.1, 2.1, 15.4, 2.4], "texture": "#3", "rotation": 180},
				"up": {"uv": [15.1, 2.1, 15.4, 2.4], "texture": "#3"},
				"down": {"uv": [15.1, 2.1, 15.4, 2.4], "texture": "#3"}
			},
			"rotation": {
				"origin": [8.000000000000005, 7.932565853658538, 8.000000000000014],
				"axis": "x",
				"angle": 0
			}
		},
		{
			"name": "cube",
			"from": [7.3784000000000045, 7.291132253658536, 10.30400000000001],
			"to": [8.621600000000004, 8.573999453658537, 11.22560000000001],
			"faces": {
				"north": {"uv": [15.1, 2.1, 15.4, 2.4], "texture": "#3", "rotation": 180},
				"east": {"uv": [15.1, 2.1, 15.4, 2.4], "texture": "#3", "rotation": 180},
				"south": {"uv": [15.1, 2.1, 15.4, 2.4], "texture": "#3", "rotation": 180},
				"west": {"uv": [15.1, 2.1, 15.4, 2.4], "texture": "#3", "rotation": 180},
				"up": {"uv": [15.1, 2.1, 15.4, 2.4], "texture": "#3"},
				"down": {"uv": [15.1, 2.1, 15.4, 2.4], "texture": "#3"}
			},
			"rotation": {
				"origin": [8.000000000000005, 7.932565853658538, 8.000000000000014],
				"axis": "x",
				"angle": 22.5
			}
		},
		{
			"name": "cube",
			"from": [7.3784000000000045, 7.291132253658536, 10.30400000000001],
			"to": [8.621600000000004, 8.573999453658537, 11.22560000000001],
			"faces": {
				"north": {"uv": [15.1, 2.1, 15.4, 2.4], "texture": "#3", "rotation": 180},
				"east": {"uv": [15.1, 2.1, 15.4, 2.4], "texture": "#3", "rotation": 180},
				"south": {"uv": [15.1, 2.1, 15.4, 2.4], "texture": "#3", "rotation": 180},
				"west": {"uv": [15.1, 2.1, 15.4, 2.4], "texture": "#3", "rotation": 180},
				"up": {"uv": [15.1, 2.1, 15.4, 2.4], "texture": "#3"},
				"down": {"uv": [15.1, 2.1, 15.4, 2.4], "texture": "#3"}
			},
			"rotation": {
				"origin": [8.000000000000005, 7.932565853658538, 8.000000000000014],
				"axis": "x",
				"angle": 45
			}
		},
		{
			"name": "cube",
			"from": [7.3784000000000045, 4.706965853658538, 7.358566400000007],
			"to": [8.621600000000004, 5.628565853658536, 8.64143360000001],
			"faces": {
				"north": {"uv": [15.1, 2.1, 15.4, 2.4], "texture": "#3", "rotation": 180},
				"east": {"uv": [15.1, 2.1, 15.4, 2.4], "texture": "#3", "rotation": 90},
				"south": {"uv": [15.1, 2.1, 15.4, 2.4], "texture": "#3"},
				"west": {"uv": [15.1, 2.1, 15.4, 2.4], "texture": "#3", "rotation": 270},
				"up": {"uv": [15.1, 2.1, 15.4, 2.4], "texture": "#3"},
				"down": {"uv": [15.1, 2.1, 15.4, 2.4], "texture": "#3", "rotation": 180}
			},
			"rotation": {
				"origin": [8.000000000000005, 7.932565853658538, 8.000000000000014],
				"axis": "x",
				"angle": -22.5
			}
		},
		{
			"name": "cube",
			"from": [7.3784000000000045, 4.706965853658538, 7.358566400000007],
			"to": [8.621600000000004, 5.628565853658536, 8.64143360000001],
			"faces": {
				"north": {"uv": [15.1, 2.1, 15.4, 2.4], "texture": "#3", "rotation": 180},
				"east": {"uv": [15.1, 2.1, 15.4, 2.4], "texture": "#3", "rotation": 90},
				"south": {"uv": [15.1, 2.1, 15.4, 2.4], "texture": "#3"},
				"west": {"uv": [15.1, 2.1, 15.4, 2.4], "texture": "#3", "rotation": 270},
				"up": {"uv": [15.1, 2.1, 15.4, 2.4], "texture": "#3"},
				"down": {"uv": [15.1, 2.1, 15.4, 2.4], "texture": "#3", "rotation": 180}
			},
			"rotation": {
				"origin": [8.000000000000005, 7.932565853658538, 8.000000000000014],
				"axis": "x",
				"angle": 0
			}
		},
		{
			"name": "cube",
			"from": [7.3784000000000045, 4.706965853658538, 7.358566400000007],
			"to": [8.621600000000004, 5.628565853658536, 8.64143360000001],
			"faces": {
				"north": {"uv": [15.1, 2.1, 15.4, 2.4], "texture": "#3", "rotation": 180},
				"east": {"uv": [15.1, 2.1, 15.4, 2.4], "texture": "#3", "rotation": 90},
				"south": {"uv": [15.1, 2.1, 15.4, 2.4], "texture": "#3"},
				"west": {"uv": [15.1, 2.1, 15.4, 2.4], "texture": "#3", "rotation": 270},
				"up": {"uv": [15.1, 2.1, 15.4, 2.4], "texture": "#3"},
				"down": {"uv": [15.1, 2.1, 15.4, 2.4], "texture": "#3", "rotation": 180}
			},
			"rotation": {
				"origin": [8.000000000000005, 7.932565853658538, 8.000000000000014],
				"axis": "x",
				"angle": 22.5
			}
		},
		{
			"name": "cube",
			"from": [7.3784000000000045, 4.706965853658538, 7.358566400000007],
			"to": [8.621600000000004, 5.628565853658536, 8.64143360000001],
			"faces": {
				"north": {"uv": [15.1, 2.1, 15.4, 2.4], "texture": "#3", "rotation": 180},
				"east": {"uv": [15.1, 2.1, 15.4, 2.4], "texture": "#3", "rotation": 90},
				"south": {"uv": [15.1, 2.1, 15.4, 2.4], "texture": "#3"},
				"west": {"uv": [15.1, 2.1, 15.4, 2.4], "texture": "#3", "rotation": 270},
				"up": {"uv": [15.1, 2.1, 15.4, 2.4], "texture": "#3"},
				"down": {"uv": [15.1, 2.1, 15.4, 2.4], "texture": "#3", "rotation": 180}
			},
			"rotation": {
				"origin": [8.000000000000005, 7.932565853658538, 8.000000000000014],
				"axis": "x",
				"angle": 45
			}
		},
		{
			"name": "cube",
			"from": [7.3784000000000045, 7.291132253658536, 4.7744000000000115],
			"to": [8.621600000000004, 8.573999453658537, 5.696000000000011],
			"faces": {
				"north": {"uv": [15.1, 2.1, 15.4, 2.4], "texture": "#3"},
				"east": {"uv": [15.1, 2.1, 15.4, 2.4], "texture": "#3"},
				"south": {"uv": [15.1, 2.1, 15.4, 2.4], "texture": "#3"},
				"west": {"uv": [15.1, 2.1, 15.4, 2.4], "texture": "#3"},
				"up": {"uv": [15.1, 2.1, 15.4, 2.4], "texture": "#3"},
				"down": {"uv": [15.1, 2.1, 15.4, 2.4], "texture": "#3"}
			},
			"rotation": {
				"origin": [8.000000000000005, 7.932565853658538, 8.000000000000014],
				"axis": "x",
				"angle": -22.5
			}
		},
		{
			"name": "cube",
			"from": [7.539200000000001, 7.419418973658536, 5.696000000000011],
			"to": [8.460800000000003, 8.445712733658535, 6.156800000000014],
			"faces": {
				"east": {"uv": [0.09999999999999964, 2.6, 3.8999999999999995, 2.9], "texture": "#3"},
				"south": {"uv": [0.09999999999999964, 2.6, 3.8999999999999995, 2.9], "texture": "#3"},
				"west": {"uv": [0.09999999999999964, 2.6, 3.8999999999999995, 2.9], "texture": "#3"}
			},
			"rotation": {
				"origin": [8.000000000000004, 7.932565853658538, 8.000000000000014],
				"axis": "y",
				"angle": 0
			}
		},
		{
			"name": "cube",
			"from": [7.539200000000001, 7.419418973658536, 5.696000000000011],
			"to": [8.460800000000003, 8.445712733658535, 6.156800000000014],
			"faces": {
				"east": {"uv": [0.09999999999999964, 2.6, 3.8999999999999995, 2.9], "texture": "#3"},
				"south": {"uv": [0.09999999999999964, 2.6, 3.8999999999999995, 2.9], "texture": "#3"},
				"west": {"uv": [0.09999999999999964, 2.6, 3.8999999999999995, 2.9], "texture": "#3"}
			},
			"rotation": {
				"origin": [8.000000000000004, 7.932565853658538, 8.000000000000014],
				"axis": "x",
				"angle": 22.5
			}
		},
		{
			"name": "cube",
			"from": [7.539200000000001, 7.419418973658536, 5.696000000000011],
			"to": [8.460800000000003, 8.445712733658535, 6.156800000000014],
			"faces": {
				"east": {"uv": [0.09999999999999964, 2.6, 3.8999999999999995, 2.9], "texture": "#3"},
				"south": {"uv": [0.09999999999999964, 2.6, 3.8999999999999995, 2.9], "texture": "#3"},
				"west": {"uv": [0.09999999999999964, 2.6, 3.8999999999999995, 2.9], "texture": "#3"}
			},
			"rotation": {
				"origin": [8.000000000000004, 7.932565853658538, 8.000000000000014],
				"axis": "x",
				"angle": 45
			}
		},
		{
			"name": "cube",
			"from": [7.539200000000001, 9.775765853658537, 7.486853120000007],
			"to": [8.460800000000003, 10.236565853658536, 8.513146880000008],
			"faces": {
				"east": {
					"uv": [0.09999999999999964, 2.6, 3.8999999999999995, 2.9],
					"texture": "#3",
					"rotation": 270
				},
				"west": {
					"uv": [0.09999999999999964, 2.6, 3.8999999999999995, 2.9],
					"texture": "#3",
					"rotation": 90
				},
				"down": {"uv": [0.09999999999999964, 2.6, 3.8999999999999995, 2.9], "texture": "#3"}
			},
			"rotation": {
				"origin": [8.000000000000004, 7.932565853658537, 8.000000000000014],
				"axis": "x",
				"angle": -22.5
			}
		},
		{
			"name": "cube",
			"from": [7.539200000000001, 9.775765853658537, 7.486853120000007],
			"to": [8.460800000000003, 10.236565853658536, 8.513146880000008],
			"faces": {
				"east": {
					"uv": [0.09999999999999964, 2.6, 3.8999999999999995, 2.9],
					"texture": "#3",
					"rotation": 270
				},
				"west": {
					"uv": [0.09999999999999964, 2.6, 3.8999999999999995, 2.9],
					"texture": "#3",
					"rotation": 90
				},
				"down": {"uv": [0.09999999999999964, 2.6, 3.8999999999999995, 2.9], "texture": "#3"}
			},
			"rotation": {
				"origin": [8.000000000000004, 7.932565853658537, 8.000000000000014],
				"axis": "x",
				"angle": 0
			}
		},
		{
			"name": "cube",
			"from": [7.539200000000001, 9.775765853658537, 7.486853120000007],
			"to": [8.460800000000003, 10.236565853658536, 8.513146880000008],
			"faces": {
				"east": {
					"uv": [0.09999999999999964, 2.6, 3.8999999999999995, 2.9],
					"texture": "#3",
					"rotation": 270
				},
				"west": {
					"uv": [0.09999999999999964, 2.6, 3.8999999999999995, 2.9],
					"texture": "#3",
					"rotation": 90
				},
				"down": {"uv": [0.09999999999999964, 2.6, 3.8999999999999995, 2.9], "texture": "#3"}
			},
			"rotation": {
				"origin": [8.000000000000004, 7.932565853658537, 8.000000000000014],
				"axis": "x",
				"angle": 22.5
			}
		},
		{
			"name": "cube",
			"from": [7.539200000000001, 9.775765853658537, 7.486853120000007],
			"to": [8.460800000000003, 10.236565853658536, 8.513146880000008],
			"faces": {
				"east": {
					"uv": [0.09999999999999964, 2.6, 3.8999999999999995, 2.9],
					"texture": "#3",
					"rotation": 270
				},
				"west": {
					"uv": [0.09999999999999964, 2.6, 3.8999999999999995, 2.9],
					"texture": "#3",
					"rotation": 90
				},
				"down": {"uv": [0.09999999999999964, 2.6, 3.8999999999999995, 2.9], "texture": "#3"}
			},
			"rotation": {
				"origin": [8.000000000000004, 7.932565853658537, 8.000000000000014],
				"axis": "x",
				"angle": 45
			}
		},
		{
			"name": "cube",
			"from": [7.539200000000001, 7.419418973658536, 9.843200000000014],
			"to": [8.460800000000003, 8.44571273365854, 10.30400000000001],
			"faces": {
				"north": {
					"uv": [0.09999999999999964, 2.6, 3.8999999999999995, 2.9],
					"texture": "#3",
					"rotation": 180
				},
				"east": {
					"uv": [0.09999999999999964, 2.6, 3.8999999999999995, 2.9],
					"texture": "#3",
					"rotation": 180
				},
				"west": {
					"uv": [0.09999999999999964, 2.6, 3.8999999999999995, 2.9],
					"texture": "#3",
					"rotation": 180
				}
			},
			"rotation": {
				"origin": [8.000000000000004, 7.932565853658538, 8.000000000000014],
				"axis": "x",
				"angle": -22.5
			}
		},
		{
			"name": "cube",
			"from": [7.539200000000001, 7.419418973658536, 9.843200000000014],
			"to": [8.460800000000003, 8.44571273365854, 10.30400000000001],
			"faces": {
				"north": {
					"uv": [0.09999999999999964, 2.6, 3.8999999999999995, 2.9],
					"texture": "#3",
					"rotation": 180
				},
				"east": {
					"uv": [0.09999999999999964, 2.6, 3.8999999999999995, 2.9],
					"texture": "#3",
					"rotation": 180
				},
				"west": {
					"uv": [0.09999999999999964, 2.6, 3.8999999999999995, 2.9],
					"texture": "#3",
					"rotation": 180
				}
			},
			"rotation": {
				"origin": [8.000000000000004, 7.932565853658538, 8.000000000000014],
				"axis": "x",
				"angle": 0
			}
		},
		{
			"name": "cube",
			"from": [7.539200000000001, 7.419418973658536, 9.843200000000014],
			"to": [8.460800000000003, 8.44571273365854, 10.30400000000001],
			"faces": {
				"north": {
					"uv": [0.09999999999999964, 2.6, 3.8999999999999995, 2.9],
					"texture": "#3",
					"rotation": 180
				},
				"east": {
					"uv": [0.09999999999999964, 2.6, 3.8999999999999995, 2.9],
					"texture": "#3",
					"rotation": 180
				},
				"west": {
					"uv": [0.09999999999999964, 2.6, 3.8999999999999995, 2.9],
					"texture": "#3",
					"rotation": 180
				}
			},
			"rotation": {
				"origin": [8.000000000000004, 7.932565853658538, 8.000000000000014],
				"axis": "x",
				"angle": 22.5
			}
		},
		{
			"name": "cube",
			"from": [7.539200000000001, 7.419418973658536, 9.843200000000014],
			"to": [8.460800000000003, 8.44571273365854, 10.30400000000001],
			"faces": {
				"north": {
					"uv": [0.09999999999999964, 2.6, 3.8999999999999995, 2.9],
					"texture": "#3",
					"rotation": 180
				},
				"east": {
					"uv": [0.09999999999999964, 2.6, 3.8999999999999995, 2.9],
					"texture": "#3",
					"rotation": 180
				},
				"west": {
					"uv": [0.09999999999999964, 2.6, 3.8999999999999995, 2.9],
					"texture": "#3",
					"rotation": 180
				}
			},
			"rotation": {
				"origin": [8.000000000000004, 7.932565853658538, 8.000000000000014],
				"axis": "x",
				"angle": 45
			}
		},
		{
			"name": "cube",
			"from": [7.539200000000001, 5.628565853658536, 7.486853120000013],
			"to": [8.460800000000003, 6.089365853658537, 8.513146880000015],
			"faces": {
				"east": {
					"uv": [0.09999999999999964, 2.6, 3.8999999999999995, 2.9],
					"texture": "#3",
					"rotation": 90
				},
				"west": {
					"uv": [0.09999999999999964, 2.6, 3.8999999999999995, 2.9],
					"texture": "#3",
					"rotation": 270
				},
				"up": {"uv": [0.09999999999999964, 2.6, 3.8999999999999995, 2.9], "texture": "#3"}
			},
			"rotation": {
				"origin": [8.000000000000004, 7.932565853658538, 8.000000000000014],
				"axis": "x",
				"angle": -22.5
			}
		},
		{
			"name": "cube",
			"from": [7.539200000000001, 5.628565853658536, 7.486853120000013],
			"to": [8.460800000000003, 6.089365853658537, 8.513146880000015],
			"faces": {
				"east": {
					"uv": [0.09999999999999964, 2.6, 3.8999999999999995, 2.9],
					"texture": "#3",
					"rotation": 90
				},
				"west": {
					"uv": [0.09999999999999964, 2.6, 3.8999999999999995, 2.9],
					"texture": "#3",
					"rotation": 270
				},
				"up": {"uv": [0.09999999999999964, 2.6, 3.8999999999999995, 2.9], "texture": "#3"}
			},
			"rotation": {
				"origin": [8.000000000000004, 7.932565853658538, 8.000000000000014],
				"axis": "x",
				"angle": 0
			}
		},
		{
			"name": "cube",
			"from": [7.539200000000001, 5.628565853658536, 7.486853120000013],
			"to": [8.460800000000003, 6.089365853658537, 8.513146880000015],
			"faces": {
				"east": {
					"uv": [0.09999999999999964, 2.6, 3.8999999999999995, 2.9],
					"texture": "#3",
					"rotation": 90
				},
				"west": {
					"uv": [0.09999999999999964, 2.6, 3.8999999999999995, 2.9],
					"texture": "#3",
					"rotation": 270
				},
				"up": {"uv": [0.09999999999999964, 2.6, 3.8999999999999995, 2.9], "texture": "#3"}
			},
			"rotation": {
				"origin": [8.000000000000004, 7.932565853658538, 8.000000000000014],
				"axis": "x",
				"angle": 22.5
			}
		},
		{
			"name": "cube",
			"from": [7.539200000000001, 5.628565853658536, 7.486853120000013],
			"to": [8.460800000000003, 6.089365853658537, 8.513146880000015],
			"faces": {
				"east": {
					"uv": [0.09999999999999964, 2.6, 3.8999999999999995, 2.9],
					"texture": "#3",
					"rotation": 90
				},
				"west": {
					"uv": [0.09999999999999964, 2.6, 3.8999999999999995, 2.9],
					"texture": "#3",
					"rotation": 270
				},
				"up": {"uv": [0.09999999999999964, 2.6, 3.8999999999999995, 2.9], "texture": "#3"}
			},
			"rotation": {
				"origin": [8.000000000000004, 7.932565853658538, 8.000000000000014],
				"axis": "x",
				"angle": 45
			}
		},
		{
			"name": "cube",
			"from": [7.539200000000001, 7.419418973658534, 5.696000000000011],
			"to": [8.460800000000003, 8.445712733658539, 6.156800000000014],
			"faces": {
				"east": {"uv": [0.09999999999999964, 2.6, 3.8999999999999995, 2.9], "texture": "#3"},
				"south": {"uv": [0.09999999999999964, 2.6, 3.8999999999999995, 2.9], "texture": "#3"},
				"west": {"uv": [0.09999999999999964, 2.6, 3.8999999999999995, 2.9], "texture": "#3"}
			},
			"rotation": {
				"origin": [8.000000000000004, 7.932565853658538, 8.000000000000014],
				"axis": "x",
				"angle": -22.5
			}
		},
		{
			"name": "cube",
			"from": [7.539200000000001, 7.521532253658535, 8.000000000000014],
			"to": [8.460800000000003, 8.34359945365854, 9.843200000000014],
			"faces": {
				"east": {"uv": [3.6999999999999993, 2.6, 15.299999999999999, 2.9], "texture": "#3"},
				"west": {
					"uv": [3.6999999999999993, 2.6, 15.299999999999999, 2.9],
					"texture": "#3",
					"rotation": 180
				},
				"up": {
					"uv": [3.6999999999999993, 2.6, 15.299999999999999, 2.9],
					"texture": "#3",
					"rotation": 270
				},
				"down": {
					"uv": [3.6999999999999993, 2.6, 15.299999999999999, 2.9],
					"texture": "#3",
					"rotation": 90
				}
			},
			"rotation": {
				"origin": [8.000000000000004, 7.932565853658537, 8.000000000000014],
				"axis": "x",
				"angle": 22.5
			}
		},
		{
			"name": "cube",
			"from": [7.539200000000001, 7.932565853658536, 7.588966400000014],
			"to": [8.460800000000003, 9.775765853658537, 8.411033600000017],
			"faces": {
				"north": {
					"uv": [3.6999999999999993, 2.6, 15.299999999999999, 2.9],
					"texture": "#3",
					"rotation": 90
				},
				"east": {
					"uv": [3.6999999999999993, 2.6, 15.299999999999999, 2.9],
					"texture": "#3",
					"rotation": 90
				},
				"south": {
					"uv": [3.6999999999999993, 2.6, 15.299999999999999, 2.9],
					"texture": "#3",
					"rotation": 90
				},
				"west": {
					"uv": [3.6999999999999993, 2.6, 15.299999999999999, 2.9],
					"texture": "#3",
					"rotation": 90
				}
			},
			"rotation": {
				"origin": [8.000000000000004, 7.932565853658536, 8.000000000000014],
				"axis": "x",
				"angle": 0
			}
		},
		{
			"name": "cube",
			"from": [7.539200000000001, 7.521532253658535, 6.156800000000014],
			"to": [8.460800000000003, 8.34359945365854, 8.000000000000014],
			"faces": {
				"east": {
					"uv": [3.6999999999999993, 2.6, 15.299999999999999, 2.9],
					"texture": "#3",
					"rotation": 180
				},
				"west": {"uv": [3.6999999999999993, 2.6, 15.299999999999999, 2.9], "texture": "#3"},
				"up": {
					"uv": [3.6999999999999993, 2.6, 15.299999999999999, 2.9],
					"texture": "#3",
					"rotation": 90
				},
				"down": {
					"uv": [3.6999999999999993, 2.6, 15.299999999999999, 2.9],
					"texture": "#3",
					"rotation": 270
				}
			},
			"rotation": {
				"origin": [8.000000000000004, 7.932565853658537, 8.000000000000014],
				"axis": "x",
				"angle": -22.5
			}
		},
		{
			"name": "cube",
			"from": [7.548416000000004, 7.932565853658534, 6.156800000000014],
			"to": [8.451584000000004, 8.301205853658535, 8.000000000000014],
			"faces": {
				"east": {
					"uv": [3.6999999999999993, 2.6, 15.299999999999999, 2.9],
					"texture": "#3",
					"rotation": 180
				},
				"west": {"uv": [3.6999999999999993, 2.6, 15.299999999999999, 2.9], "texture": "#3"},
				"down": {
					"uv": [3.6999999999999993, 2.6, 15.299999999999999, 2.9],
					"texture": "#3",
					"rotation": 270
				}
			},
			"rotation": {
				"origin": [8.009216000000004, 7.932565853658534, 8.000000000000014],
				"axis": "x",
				"angle": -45
			}
		},
		{
			"name": "cube",
			"from": [7.548416000000004, 7.932565853658537, 8.000000000000014],
			"to": [8.451584000000004, 8.301205853658535, 9.843200000000014],
			"faces": {
				"east": {"uv": [3.6999999999999993, 2.6, 15.299999999999999, 2.9], "texture": "#3"},
				"west": {
					"uv": [3.6999999999999993, 2.6, 15.299999999999999, 2.9],
					"texture": "#3",
					"rotation": 180
				},
				"down": {
					"uv": [3.6999999999999993, 2.6, 15.299999999999999, 2.9],
					"texture": "#3",
					"rotation": 90
				}
			},
			"rotation": {
				"origin": [8.009216000000004, 7.932565853658537, 8.000000000000014],
				"axis": "x",
				"angle": 45
			}
		},
		{
			"name": "cube",
			"from": [7.548416000000004, 7.932565853658536, 7.631360000000012],
			"to": [8.451584000000004, 9.775765853658537, 8.000000000000014],
			"faces": {
				"east": {
					"uv": [3.6999999999999993, 2.6, 15.299999999999999, 2.9],
					"texture": "#3",
					"rotation": 90
				},
				"south": {
					"uv": [3.6999999999999993, 2.6, 15.299999999999999, 2.9],
					"texture": "#3",
					"rotation": 90
				},
				"west": {
					"uv": [3.6999999999999993, 2.6, 15.299999999999999, 2.9],
					"texture": "#3",
					"rotation": 90
				}
			},
			"rotation": {
				"origin": [8.009216000000004, 7.932565853658536, 8.000000000000014],
				"axis": "x",
				"angle": 22.5
			}
		},
		{
			"name": "cube",
			"from": [7.548416000000004, 7.932565853658536, 8.000000000000014],
			"to": [8.451584000000004, 9.775765853658537, 8.36864000000001],
			"faces": {
				"north": {
					"uv": [3.6999999999999993, 2.6, 15.299999999999999, 2.9],
					"texture": "#3",
					"rotation": 90
				},
				"east": {
					"uv": [3.6999999999999993, 2.6, 15.299999999999999, 2.9],
					"texture": "#3",
					"rotation": 90
				},
				"west": {
					"uv": [3.6999999999999993, 2.6, 15.299999999999999, 2.9],
					"texture": "#3",
					"rotation": 90
				}
			},
			"rotation": {
				"origin": [8.009216000000004, 7.932565853658536, 8.000000000000014],
				"axis": "x",
				"angle": -22.5
			}
		},
		{
			"name": "cube",
			"from": [7.548416000000004, 7.563925853658537, 8.000000000000014],
			"to": [8.451584000000004, 7.932565853658536, 9.843200000000014],
			"faces": {
				"east": {"uv": [3.6999999999999993, 2.6, 15.299999999999999, 2.9], "texture": "#3"},
				"west": {
					"uv": [3.6999999999999993, 2.6, 15.299999999999999, 2.9],
					"texture": "#3",
					"rotation": 180
				},
				"up": {
					"uv": [3.6999999999999993, 2.6, 15.299999999999999, 2.9],
					"texture": "#3",
					"rotation": 270
				}
			},
			"rotation": {
				"origin": [8.009216000000004, 7.932565853658536, 8.000000000000014],
				"axis": "x",
				"angle": 0
			}
		},
		{
			"name": "cube",
			"from": [7.548416000000004, 7.563925853658537, 6.156800000000014],
			"to": [8.451584000000004, 7.932565853658536, 8.000000000000014],
			"faces": {
				"east": {
					"uv": [3.6999999999999993, 2.6, 15.299999999999999, 2.9],
					"texture": "#3",
					"rotation": 180
				},
				"west": {"uv": [3.6999999999999993, 2.6, 15.299999999999999, 2.9], "texture": "#3"},
				"up": {
					"uv": [3.6999999999999993, 2.6, 15.299999999999999, 2.9],
					"texture": "#3",
					"rotation": 90
				}
			},
			"rotation": {
				"origin": [8.009216000000004, 7.932565853658536, 8.000000000000014],
				"axis": "x",
				"angle": 0
			}
		}
	],
	"display": {
		"thirdperson_righthand": {
			"scale": [3.5, 3.5, 3.5],
			"translation": [0, 0, 16],
			"rotation": [90, 0, 0]
		},
		"head": {"scale": [3.25, 3.25, 3.25], "translation": [0, -6.2, 0]}
	}
}