{
	"credit": "Made with Blockbench by dragonmaster95",
	"parent": "decoration/village/bank/coin_box",
	"textures": {
		"0": "decorations/village/bank/coin_boxes"
	},
	"elements": [
		{
			"name": "Face",
			"from": [4.5, 1, 4.5],
			"to": [11.5, 5, 11.5],
			"faces": {
				"north": {"uv": [12.75, 4.25, 13.468, 7.218], "texture": "#0"},
				"east": {"uv": [12.75, 4.25, 13.468, 7.218], "texture": "#0"},
				"south": {"uv": [9, 4.25, 13.468, 7.218], "texture": "#0"},
				"west": {"uv": [12.75, 4.25, 13.468, 7.218], "texture": "#0"}
			}
		},
		{
			"name": "Bottom",
			"from": [2, 0, 5],
			"to": [14, 1, 11],
			"faces": {
				"east": {"uv": [14, 4, 14.934, 4.934], "texture": "#0"},
				"west": {"uv": [14, 4, 14.934, 4.934], "texture": "#0"},
				"up": {"uv": [14, 4, 14.934, 4.934], "texture": "#0"},
				"down": {"uv": [14, 4, 14.934, 4.934], "texture": "#0"}
			}
		},
		{
			"name": "Bottom",
			"from": [3.61, 0, 7.066],
			"to": [10.11, 1, 13.066],
			"rotation": {"angle": -22.5, "axis": "y", "origin": [8, 8, 8]},
			"faces": {
				"north": {"uv": [12.5, 8.5, 12.968, 8.968], "texture": "#0"},
				"south": {"uv": [14, 4, 14.934, 4.934], "texture": "#0"},
				"up": {"uv": [14, 4, 14.934, 4.934], "texture": "#0"},
				"down": {"uv": [14, 4, 14.934, 4.934], "texture": "#0"}
			}
		},
		{
			"name": "Bottom",
			"from": [5.9, 0, 7.08],
			"to": [12.4, 1, 13.08],
			"rotation": {"angle": 22.5, "axis": "y", "origin": [8, 8, 8]},
			"faces": {
				"north": {"uv": [12.5, 8.5, 12.968, 8.968], "texture": "#0"},
				"south": {"uv": [14, 4, 14.934, 4.934], "texture": "#0"},
				"up": {"uv": [14, 4, 14.934, 4.934], "texture": "#0"},
				"down": {"uv": [14, 4, 14.934, 4.934], "texture": "#0"}
			}
		},
		{
			"name": "Bottom",
			"from": [3.6, 0, 2.95],
			"to": [10.1, 1, 8.95],
			"rotation": {"angle": 22.5, "axis": "y", "origin": [8, 8, 8]},
			"faces": {
				"north": {"uv": [14, 4, 14.934, 4.934], "texture": "#0"},
				"south": {"uv": [12.5, 8.5, 12.968, 8.968], "texture": "#0"},
				"up": {"uv": [14, 4, 14.934, 4.934], "texture": "#0"},
				"down": {"uv": [14, 4, 14.934, 4.934], "texture": "#0"}
			}
		},
		{
			"name": "Bottom",
			"from": [5.9, 0, 2.95],
			"to": [12.4, 1, 8.95],
			"rotation": {"angle": -22.5, "axis": "y", "origin": [8, 8, 8]},
			"faces": {
				"north": {"uv": [14, 4, 14.934, 4.934], "texture": "#0"},
				"south": {"uv": [12.5, 8.5, 12.968, 8.968], "texture": "#0"},
				"up": {"uv": [14, 4, 14.934, 4.934], "texture": "#0"},
				"down": {"uv": [14, 4, 14.934, 4.934], "texture": "#0"}
			}
		},
		{
			"name": "Hat",
			"from": [4.5, 5, 3.5],
			"to": [11.5, 10, 12.5],
			"faces": {
				"north": {"uv": [15, 4, 15.934, 4.934], "texture": "#0"},
				"east": {"uv": [15, 4, 15.934, 4.934], "texture": "#0"},
				"south": {"uv": [15, 4, 15.934, 4.934], "texture": "#0"},
				"west": {"uv": [15, 4, 15.934, 4.934], "texture": "#0"},
				"up": {"uv": [15, 4, 15.934, 4.934], "texture": "#0"},
				"down": {"uv": [15, 4, 15.934, 4.934], "texture": "#0"}
			}
		},
		{
			"name": "Hat",
			"from": [3.5, 5, 4.5],
			"to": [12.5, 10, 11.5],
			"faces": {
				"north": {"uv": [15, 4, 15.934, 4.934], "texture": "#0"},
				"east": {"uv": [15, 4, 15.934, 4.934], "texture": "#0"},
				"south": {"uv": [15, 4, 15.934, 4.934], "texture": "#0"},
				"west": {"uv": [15, 4, 15.934, 4.934], "texture": "#0"},
				"up": {"uv": [15, 4, 15.934, 4.934], "texture": "#0"},
				"down": {"uv": [15, 4, 15.934, 4.934], "texture": "#0"}
			}
		},
		{
			"name": "Hat",
			"from": [4.5, 5, 4.5],
			"to": [11.5, 11, 11.5],
			"faces": {
				"north": {"uv": [15, 4, 15.934, 4.934], "texture": "#0"},
				"east": {"uv": [15, 4, 15.934, 4.934], "texture": "#0"},
				"south": {"uv": [15, 4, 15.934, 4.934], "texture": "#0"},
				"west": {"uv": [15, 4, 15.934, 4.934], "texture": "#0"},
				"up": {"uv": [15, 4, 15.934, 4.934], "texture": "#0"}
			}
		},
		{
			"name": "Gold",
			"from": [7.5, 9, 12.5],
			"to": [8.5, 10, 13.5],
			"faces": {
				"south": {"uv": [0.032, 2.032, 1.968, 3.968], "texture": "#0"},
				"up": {"uv": [0.032, 2.032, 1.968, 3.968], "texture": "#0"},
				"down": {"uv": [0.032, 2.032, 1.968, 3.968], "texture": "#0"}
			}
		},
		{
			"name": "Ruby",
			"from": [6.6, 6.25, 13.1],
			"to": [9.6, 9.25, 13.2],
			"faces": {
				"south": {"uv": [2, 0, 3.936, 1.936], "texture": "#0"}
			}
		},
		{
			"name": "Gold",
			"from": [7.5, 5.5, 12.5],
			"to": [8.5, 6.5, 13.5],
			"faces": {
				"south": {"uv": [0.032, 2.032, 1.968, 3.968], "texture": "#0"},
				"up": {"uv": [0.032, 2.032, 1.968, 3.968], "texture": "#0"},
				"down": {"uv": [0.032, 2.032, 1.968, 3.968], "texture": "#0"}
			}
		},
		{
			"name": "Gold 45",
			"from": [6.59, 5.88, 12.499],
			"to": [8.59, 6.59, 13.499],
			"rotation": {"angle": 45, "axis": "z", "origin": [8, 8, 8]},
			"faces": {
				"south": {"uv": [0.032, 2.032, 1.968, 3.968], "texture": "#0"},
				"up": {"uv": [0.032, 2.032, 1.968, 3.968], "texture": "#0"},
				"down": {"uv": [0.032, 2.032, 1.968, 3.968], "texture": "#0"}
			}
		},
		{
			"name": "Gold 45",
			"from": [7.06, 9.06, 12.499],
			"to": [9.06, 9.77, 13.499],
			"rotation": {"angle": 45, "axis": "z", "origin": [8, 8, 8]},
			"faces": {
				"south": {"uv": [0.032, 2.032, 1.968, 3.968], "texture": "#0"},
				"up": {"uv": [0.032, 2.032, 1.968, 3.968], "texture": "#0"},
				"down": {"uv": [0.032, 2.032, 1.968, 3.968], "texture": "#0"}
			}
		},
		{
			"name": "Gold-45",
			"from": [7.41, 5.88, 12.499],
			"to": [9.41, 6.59, 13.499],
			"rotation": {"angle": -45, "axis": "z", "origin": [8, 8, 8]},
			"faces": {
				"south": {"uv": [0.032, 2.032, 1.968, 3.968], "texture": "#0"},
				"up": {"uv": [0.032, 2.032, 1.968, 3.968], "texture": "#0"},
				"down": {"uv": [0.032, 2.032, 1.968, 3.968], "texture": "#0"}
			}
		},
		{
			"name": "Gold-45",
			"from": [6.94, 9.06, 12.499],
			"to": [8.94, 9.77, 13.499],
			"rotation": {"angle": -45, "axis": "z", "origin": [8, 8, 8]},
			"faces": {
				"south": {"uv": [0.032, 2.032, 1.968, 3.968], "texture": "#0"},
				"up": {"uv": [0.032, 2.032, 1.968, 3.968], "texture": "#0"},
				"down": {"uv": [0.032, 2.032, 1.968, 3.968], "texture": "#0"}
			}
		},
		{
			"name": "GoldBig",
			"from": [9, 6.85, 12.5],
			"to": [10.8, 8.65, 13.5],
			"rotation": {"angle": 45, "axis": "z", "origin": [10, 8, 8]},
			"faces": {
				"east": {"uv": [0.032, 2.032, 1.968, 3.968], "texture": "#0"},
				"south": {"uv": [0.032, 2.032, 1.968, 3.968], "texture": "#0"},
				"west": {"uv": [0.032, 2.032, 1.968, 3.968], "texture": "#0"},
				"up": {"uv": [0.032, 2.032, 1.968, 3.968], "texture": "#0"},
				"down": {"uv": [0.032, 2.032, 1.968, 3.968], "texture": "#0"}
			}
		},
		{
			"name": "GoldBig",
			"from": [6, 9.85, 12.5],
			"to": [7.8, 11.65, 13.5],
			"rotation": {"angle": 45, "axis": "z", "origin": [10, 8, 8]},
			"faces": {
				"east": {"uv": [0.032, 2.032, 1.968, 3.968], "texture": "#0"},
				"south": {"uv": [0.032, 2.032, 1.968, 3.968], "texture": "#0"},
				"west": {"uv": [0.032, 2.032, 1.968, 3.968], "texture": "#0"},
				"up": {"uv": [0.032, 2.032, 1.968, 3.968], "texture": "#0"},
				"down": {"uv": [0.032, 2.032, 1.968, 3.968], "texture": "#0"}
			}
		},
		{
			"name": "GoldY",
			"from": [7.1, 6.3, 11.5],
			"to": [8.1, 9.3, 12.5],
			"rotation": {"angle": 45, "axis": "y", "origin": [10, 8, 8]},
			"faces": {
				"east": {"uv": [0.032, 2.032, 1.968, 3.968], "texture": "#0"},
				"south": {"uv": [0.032, 2.032, 1.968, 3.968], "texture": "#0"},
				"west": {"uv": [0.032, 2.032, 1.968, 3.968], "texture": "#0"},
				"up": {"uv": [0.032, 2.032, 1.968, 3.968], "texture": "#0"},
				"down": {"uv": [0.032, 2.032, 1.968, 3.968], "texture": "#0"}
			}
		},
		{
			"name": "GoldY",
			"from": [9.1, 6.3, 11.5],
			"to": [10.1, 9.3, 12.5],
			"rotation": {"angle": 45, "axis": "y", "origin": [10, 8, 8]},
			"faces": {
				"east": {"uv": [0.032, 2.032, 1.968, 3.968], "texture": "#0"},
				"south": {"uv": [0.032, 2.032, 1.968, 3.968], "texture": "#0"},
				"west": {"uv": [0.032, 2.032, 1.968, 3.968], "texture": "#0"},
				"up": {"uv": [0.032, 2.032, 1.968, 3.968], "texture": "#0"},
				"down": {"uv": [0.032, 2.032, 1.968, 3.968], "texture": "#0"}
			}
		},
		{
			"name": "GoldY",
			"from": [7.6, 8.8, 11.501],
			"to": [9.6, 9.8, 12.501],
			"rotation": {"angle": 45, "axis": "y", "origin": [10, 8, 8]},
			"faces": {
				"east": {"uv": [0.032, 2.032, 1.968, 3.968], "texture": "#0"},
				"south": {"uv": [0.032, 2.032, 1.968, 3.968], "texture": "#0"},
				"west": {"uv": [0.032, 2.032, 1.968, 3.968], "texture": "#0"},
				"up": {"uv": [0.032, 2.032, 1.968, 3.968], "texture": "#0"},
				"down": {"uv": [0.032, 2.032, 1.968, 3.968], "texture": "#0"}
			}
		},
		{
			"name": "GoldY",
			"from": [7.6, 5.8, 11.501],
			"to": [9.6, 6.8, 12.501],
			"rotation": {"angle": 45, "axis": "y", "origin": [10, 8, 8]},
			"faces": {
				"east": {"uv": [0.032, 2.032, 1.968, 3.968], "texture": "#0"},
				"south": {"uv": [0.032, 2.032, 1.968, 3.968], "texture": "#0"},
				"west": {"uv": [0.032, 2.032, 1.968, 3.968], "texture": "#0"},
				"up": {"uv": [0.032, 2.032, 1.968, 3.968], "texture": "#0"},
				"down": {"uv": [0.032, 2.032, 1.968, 3.968], "texture": "#0"}
			}
		},
		{
			"name": "GoldY2",
			"from": [5.9, 6.3, 11.5],
			"to": [6.9, 9.3, 12.5],
			"rotation": {"angle": -45, "axis": "y", "origin": [6, 8, 8]},
			"faces": {
				"east": {"uv": [0.032, 2.032, 1.968, 3.968], "texture": "#0"},
				"south": {"uv": [0.032, 2.032, 1.968, 3.968], "texture": "#0"},
				"west": {"uv": [0.032, 2.032, 1.968, 3.968], "texture": "#0"},
				"up": {"uv": [0.032, 2.032, 1.968, 3.968], "texture": "#0"},
				"down": {"uv": [0.032, 2.032, 1.968, 3.968], "texture": "#0"}
			}
		},
		{
			"name": "GoldY2",
			"from": [7.9, 6.3, 11.5],
			"to": [8.9, 9.3, 12.5],
			"rotation": {"angle": -45, "axis": "y", "origin": [6, 8, 8]},
			"faces": {
				"east": {"uv": [0.032, 2.032, 1.968, 3.968], "texture": "#0"},
				"south": {"uv": [0.032, 2.032, 1.968, 3.968], "texture": "#0"},
				"west": {"uv": [0.032, 2.032, 1.968, 3.968], "texture": "#0"},
				"up": {"uv": [0.032, 2.032, 1.968, 3.968], "texture": "#0"},
				"down": {"uv": [0.032, 2.032, 1.968, 3.968], "texture": "#0"}
			}
		},
		{
			"name": "GoldY2",
			"from": [6.4, 8.8, 11.501],
			"to": [8.4, 9.8, 12.501],
			"rotation": {"angle": -45, "axis": "y", "origin": [6, 8, 8]},
			"faces": {
				"east": {"uv": [0.032, 2.032, 1.968, 3.968], "texture": "#0"},
				"south": {"uv": [0.032, 2.032, 1.968, 3.968], "texture": "#0"},
				"west": {"uv": [0.032, 2.032, 1.968, 3.968], "texture": "#0"},
				"up": {"uv": [0.032, 2.032, 1.968, 3.968], "texture": "#0"},
				"down": {"uv": [0.032, 2.032, 1.968, 3.968], "texture": "#0"}
			}
		},
		{
			"name": "GoldY2",
			"from": [6.4, 5.8, 11.501],
			"to": [8.4, 6.8, 12.501],
			"rotation": {"angle": -45, "axis": "y", "origin": [6, 8, 8]},
			"faces": {
				"east": {"uv": [0.032, 2.032, 1.968, 3.968], "texture": "#0"},
				"south": {"uv": [0.032, 2.032, 1.968, 3.968], "texture": "#0"},
				"west": {"uv": [0.032, 2.032, 1.968, 3.968], "texture": "#0"},
				"up": {"uv": [0.032, 2.032, 1.968, 3.968], "texture": "#0"},
				"down": {"uv": [0.032, 2.032, 1.968, 3.968], "texture": "#0"}
			}
		},
		{
			"name": "Emerald2",
			"from": [7.5, 6.75, 13.6],
			"to": [8.5, 8.85, 13.7],
			"rotation": {"angle": -45, "axis": "y", "origin": [8, 8, 8]},
			"faces": {
				"south": {"uv": [0.032, 0.032, 1.967, 1.967], "texture": "#0"}
			}
		},
		{
			"name": "Emerald",
			"from": [7.5, 6.75, 13.6],
			"to": [8.5, 8.85, 13.7],
			"rotation": {"angle": 45, "axis": "y", "origin": [8, 8, 8]},
			"faces": {
				"south": {"uv": [0.032, 0.032, 1.967, 1.967], "texture": "#0"}
			}
		}
	]
}