{
	"credit": "Made with Blockbench by dragonmaster95",
	"textures": {
		"0": "decorations/village/bank/coin_boxes"
	},
	"elements": [
		{
			"name": "Face",
			"from": [4.5, 1, 4.5],
			"to": [11.5, 5, 11.5],
			"faces": {
				"north": {"uv": [0, 4.25, 0.686, 7.186], "texture": "#0"},
				"east": {"uv": [0, 4.25, 0.686, 7.186], "texture": "#0"},
				"south": {"uv": [4.5, 4.25, 8.936, 7.186], "texture": "#0"},
				"west": {"uv": [0, 4.25, 0.686, 7.186], "texture": "#0"}
			}
		},
		{
			"name": "Bottom",
			"from": [2, 0, 5],
			"to": [14, 1, 11],
			"faces": {
				"east": {"uv": [14.032, 4.032, 14.968, 4.968], "texture": "#0"},
				"west": {"uv": [14.032, 4.032, 14.968, 4.968], "texture": "#0"},
				"up": {"uv": [14.032, 4.032, 14.968, 4.968], "texture": "#0"},
				"down": {"uv": [14.032, 4.032, 14.968, 4.968], "texture": "#0"}
			}
		},
		{
			"name": "Bottom",
			"from": [3.61, 0, 7.066],
			"to": [10.11, 1, 13.066],
			"rotation": {"angle": -22.5, "axis": "y", "origin": [8, 8, 8]},
			"faces": {
				"north": {"uv": [12.032, 8.032, 12.968, 8.968], "texture": "#0"},
				"south": {"uv": [14.032, 4.032, 14.968, 4.968], "texture": "#0"},
				"up": {"uv": [14.032, 4.032, 14.968, 4.968], "texture": "#0"},
				"down": {"uv": [14.032, 4.032, 14.968, 4.968], "texture": "#0"}
			}
		},
		{
			"name": "Bottom",
			"from": [5.9, 0, 7.08],
			"to": [12.4, 1, 13.08],
			"rotation": {"angle": 22.5, "axis": "y", "origin": [8, 8, 8]},
			"faces": {
				"north": {"uv": [12.032, 8.032, 12.968, 8.968], "texture": "#0"},
				"south": {"uv": [14.032, 4.032, 14.968, 4.968], "texture": "#0"},
				"up": {"uv": [14.032, 4.032, 14.968, 4.968], "texture": "#0"},
				"down": {"uv": [14.032, 4.032, 14.968, 4.968], "texture": "#0"}
			}
		},
		{
			"name": "Bottom",
			"from": [3.6, 0, 2.95],
			"to": [10.1, 1, 8.95],
			"rotation": {"angle": 22.5, "axis": "y", "origin": [8, 8, 8]},
			"faces": {
				"north": {"uv": [14.032, 4.032, 14.968, 4.968], "texture": "#0"},
				"south": {"uv": [12.032, 8.032, 12.968, 8.968], "texture": "#0"},
				"up": {"uv": [14.032, 4.032, 14.968, 4.968], "texture": "#0"},
				"down": {"uv": [14.032, 4.032, 14.968, 4.968], "texture": "#0"}
			}
		},
		{
			"name": "Bottom",
			"from": [5.9, 0, 2.95],
			"to": [12.4, 1, 8.95],
			"rotation": {"angle": -22.5, "axis": "y", "origin": [8, 8, 8]},
			"faces": {
				"north": {"uv": [14.032, 4.032, 14.968, 4.968], "texture": "#0"},
				"south": {"uv": [12.032, 8.032, 12.968, 8.968], "texture": "#0"},
				"up": {"uv": [14.032, 4.032, 14.968, 4.968], "texture": "#0"},
				"down": {"uv": [14.032, 4.032, 14.968, 4.968], "texture": "#0"}
			}
		},
		{
			"name": "Hat",
			"from": [4.5, 5, 3.5],
			"to": [11.5, 10, 12.5],
			"faces": {
				"north": {"uv": [4.25, 0.25, 4.936, 3.186], "texture": "#0"},
				"east": {"uv": [4.25, 0.25, 4.936, 3.186], "texture": "#0"},
				"south": {"uv": [4, 0, 9.686, 4.186], "texture": "#0"},
				"west": {"uv": [4.25, 0.25, 4.936, 3.186], "texture": "#0"},
				"up": {"uv": [4.25, 0.25, 4.936, 3.186], "texture": "#0"},
				"down": {"uv": [4.25, 0.25, 4.936, 3.186], "texture": "#0"}
			}
		},
		{
			"name": "Hat",
			"from": [3.5, 5, 4.5],
			"to": [12.5, 10, 11.5],
			"faces": {
				"north": {"uv": [4.25, 0.25, 4.936, 3.186], "texture": "#0"},
				"east": {"uv": [4.25, 0.25, 4.936, 3.186], "texture": "#0"},
				"south": {"uv": [4.25, 0.25, 4.936, 3.186], "texture": "#0"},
				"west": {"uv": [4.25, 0.25, 4.936, 3.186], "texture": "#0"},
				"up": {"uv": [4.25, 0.25, 4.936, 3.186], "texture": "#0"},
				"down": {"uv": [4.25, 0.25, 4.936, 3.186], "texture": "#0"}
			}
		},
		{
			"name": "Hat",
			"from": [4.5, 5, 4.5],
			"to": [11.5, 11, 11.5],
			"faces": {
				"north": {"uv": [4.25, 0.25, 4.936, 3.186], "texture": "#0"},
				"east": {"uv": [4.25, 0.25, 4.936, 3.186], "texture": "#0"},
				"south": {"uv": [4.25, 0.25, 4.936, 3.186], "texture": "#0"},
				"west": {"uv": [4.25, 0.25, 4.936, 3.186], "texture": "#0"},
				"up": {"uv": [4.25, 0.25, 4.936, 3.186], "texture": "#0"}
			}
		}
	],
	"display": {
		"head": {
			"rotation": [0, 180, 0],
			"translation": [0, -8, 0],
			"scale": [1.5, 1.5, 1.5]
		}
	}
}