{
	"credit": "Made with Blockbench by dragonmaster95",
	"parent": "decoration/village/bank/coin_box",
	"textures": {
		"0": "decorations/village/bank/coin_boxes_using"
	},
	"elements": [
		{
			"name": "Bottom",
			"from": [2, 0, 2.75],
			"to": [14, 1, 13.25],
			"faces": {
				"east": {"uv": [0.5, 7.5, 0.682, 15.933], "rotation": 90, "texture": "#0"},
				"west": {"uv": [0.5, 7.5, 0.682, 15.933], "rotation": 90, "texture": "#0"},
				"up": {"uv": [0.25, 7.5, 9.682, 15.933], "texture": "#0"}
			}
		},
		{
			"name": "Face",
			"from": [4.5, 1, 4.5],
			"to": [11.5, 5, 11.5],
			"faces": {
				"east": {"uv": [12.75, 4.25, 13.468, 7.218], "texture": "#0"},
				"south": {"uv": [0, 4.25, 4.468, 7.218], "texture": "#0"},
				"west": {"uv": [12.75, 4.25, 13.468, 7.218], "texture": "#0"}
			}
		},
		{
			"name": "Hat",
			"from": [4.5, 5, 11.5],
			"to": [11.5, 10, 12.5],
			"faces": {
				"east": {"uv": [10.75, 0, 11, 0.25], "texture": "#0"},
				"south": {"uv": [10.75, 0, 15.932, 3.433], "texture": "#0"},
				"west": {"uv": [10.75, 0, 11, 0.25], "texture": "#0"},
				"up": {"uv": [10.75, 0, 11, 0.25], "texture": "#0"},
				"down": {"uv": [10.75, 0, 11, 0.25], "texture": "#0"}
			}
		},
		{
			"name": "Hat",
			"from": [3.5, 5, 4.5],
			"to": [4.5, 10, 11.5],
			"faces": {
				"south": {"uv": [10.75, 0, 11, 0.25], "texture": "#0"},
				"west": {"uv": [10.75, 0, 11, 0.25], "texture": "#0"},
				"up": {"uv": [10.75, 0, 11, 0.25], "texture": "#0"},
				"down": {"uv": [10.75, 0, 11, 0.25], "texture": "#0"}
			}
		},
		{
			"name": "Hat",
			"from": [4.5, 10, 4.5],
			"to": [11.5, 11, 11.5],
			"faces": {
				"east": {"uv": [10.75, 0, 11, 0.25], "texture": "#0"},
				"south": {"uv": [10.75, 0, 11, 0.25], "texture": "#0"},
				"west": {"uv": [10.75, 0, 11, 0.25], "texture": "#0"},
				"up": {"uv": [10.75, 0, 11, 0.25], "texture": "#0"}
			}
		},
		{
			"name": "Hat",
			"from": [11.5, 5, 4.5],
			"to": [12.5, 10, 11.5],
			"faces": {
				"east": {"uv": [10.75, 0, 11, 0.25], "texture": "#0"},
				"south": {"uv": [10.75, 0, 11, 0.25], "texture": "#0"},
				"up": {"uv": [10.75, 0, 11, 0.25], "texture": "#0"},
				"down": {"uv": [10.75, 0, 11, 0.25], "texture": "#0"}
			}
		},
		{
			"name": "Bottom",
			"from": [3.61, 0, 12.816],
			"to": [10.11, 1, 13.066],
			"rotation": {"angle": -22.5, "axis": "y", "origin": [8, 8, 8]},
			"faces": {
				"north": {"uv": [12.5, 8.5, 12.968, 8.968], "texture": "#0"},
				"south": {"uv": [14, 4, 14.934, 4.934], "texture": "#0"},
				"up": {"uv": [14, 4, 14.934, 4.934], "texture": "#0"}
			}
		},
		{
			"name": "Bottom",
			"from": [5.9, 0, 12.83],
			"to": [12.4, 1, 13.08],
			"rotation": {"angle": 22.5, "axis": "y", "origin": [8, 8, 8]},
			"faces": {
				"north": {"uv": [12.5, 8.5, 12.968, 8.968], "texture": "#0"},
				"south": {"uv": [14, 4, 14.934, 4.934], "texture": "#0"},
				"up": {"uv": [14, 4, 14.934, 4.934], "texture": "#0"}
			}
		},
		{
			"name": "Bottom",
			"from": [3.6, 0, 2.95],
			"to": [10.1, 1, 3.2],
			"rotation": {"angle": 22.5, "axis": "y", "origin": [8, 8, 8]},
			"faces": {
				"south": {"uv": [12.5, 8.5, 12.968, 8.968], "texture": "#0"},
				"up": {"uv": [14, 4, 14.934, 4.934], "texture": "#0"}
			}
		},
		{
			"name": "Bottom",
			"from": [5.9, 0, 2.95],
			"to": [12.4, 1, 3.2],
			"rotation": {"angle": -22.5, "axis": "y", "origin": [8, 8, 8]},
			"faces": {
				"south": {"uv": [12.5, 8.5, 12.968, 8.968], "texture": "#0"},
				"up": {"uv": [14, 4, 14.934, 4.934], "texture": "#0"}
			}
		}
	]
}