{
    "__comment": "Model generated using MrCrayfish's Model Creator (http://mrcrayfish.com/modelcreator/)",
    "parent": "block/block",
	"ambientocclusion": false,
    "textures": {
        "0": "decorations/village/bank/safe_door",
        "1": "decorations/village/bank/safe_door_inside"
    },
	"display": {
		"gui": {
			"scale":[ 0.3, 0.3, 0.3 ]
			},
		"firstperson_righthand": {
			"scale":[ 0.2, 0.2, 0.2 ]
			},
		"head": {
			"rotation":[ 0, 180, 0 ],
			"scale":[ 1.6, 1.6, 1.6 ],
			"translation": [ 32.0, -5.0, 0.0 ]
			},
		"thirdperson_righthand": {
			"scale":[ 0.2, 0.2, 0.2 ]
			},
		"ground": {	
			"scale":[ 0.3, 0.3, 0.3 ]
			}
	},
    "elements": [
        {
            "name": "up",
            "from": [ -11.5, -11.5, 5 ], 
            "to": [ 27.5, 27.5, 11.0 ], 
            "faces": {
                "north": { "texture": "#1", "uv": [ 0.0, 0.0, 16.0, 16.0 ] },
                "east": { "texture": "#0", "uv": [ 15.01, 0.0, 15.99, 15.99 ] },
                "south": { "texture": "#0", "uv": [ 0.0, 0.0, 16.0, 16.0 ] },
                "west": { "texture": "#0", "uv": [ 0.0, 0.0, 0.99, 15.99 ] },
                "up": { "texture": "#0", "uv": [ 0.0, 0.0, 15.99, 0.5 ] },
                "down": { "texture": "#0", "uv": [ 0.0, 15.01, 15.99, 15.99 ] }
            }
		}
	]
}