{
	"credit": "Made with Blockbench by dragonmaster95",
	"parent": "decoration/village/bank/static_dice_minus",
	"textures": {
		"particle": "decorations/village/bank/static_dice_slow_event"
	},
	"elements": [
		{
			"from": [0, 0, 0],
			"to": [16, 16, 16],
			"faces": {
				"north": {"uv": [0, 8, 8, 16], "texture": "#particle"},
				"east": {"uv": [0, 0, 8, 8], "texture": "#particle"},
				"west": {"uv": [8, 0, 16, 8], "texture": "#particle"},
				"up": {"uv": [0, 0, 8, 8], "rotation": 180, "texture": "#particle"}
			}
		}
	]
}